unit_id,scenario,cost
symmetric-0001,symmetric,57.786
symmetric-0002,symmetric,26.5947
symmetric-0003,symmetric,66.3384
symmetric-0004,symmetric,33.175
symmetric-0005,symmetric,20.7217
symmetric-0006,symmetric,45.6116
symmetric-0007,symmetric,39.5271
symmetric-0008,symmetric,59.1549
symmetric-0009,symmetric,52.7484
symmetric-0010,symmetric,45.5903
symmetric-0011,symmetric,49.8598
symmetric-0012,symmetric,25.2859
symmetric-0013,symmetric,50.6696
symmetric-0014,symmetric,42.6401
symmetric-0015,symmetric,40.7881
symmetric-0016,symmetric,50.9434
symmetric-0017,symmetric,28.8819
symmetric-0018,symmetric,46.8572
symmetric-0019,symmetric,42.3154
symmetric-0020,symmetric,32.7859
symmetric-0021,symmetric,29.888
symmetric-0022,symmetric,42.421
symmetric-0023,symmetric,52.0032
symmetric-0024,symmetric,40.835
symmetric-0025,symmetric,40.4585
symmetric-0026,symmetric,43.4058
symmetric-0027,symmetric,26.069
symmetric-0028,symmetric,38.5065
symmetric-0029,symmetric,66.2876
symmetric-0030,symmetric,34.8251
symmetric-0031,symmetric,26.3437
symmetric-0032,symmetric,27.697
symmetric-0033,symmetric,26.3524
symmetric-0034,symmetric,21.5523
symmetric-0035,symmetric,35.4685
symmetric-0036,symmetric,27.8046
symmetric-0037,symmetric,28.1227
symmetric-0038,symmetric,42.8986
symmetric-0039,symmetric,32.3972
symmetric-0040,symmetric,41.2689
symmetric-0041,symmetric,42.5185
symmetric-0042,symmetric,45.2389
symmetric-0043,symmetric,45.3029
symmetric-0044,symmetric,42.5518
symmetric-0045,symmetric,43.5428
symmetric-0046,symmetric,41.0233
symmetric-0047,symmetric,29.4093
symmetric-0048,symmetric,32.3415
symmetric-0049,symmetric,55.2853
symmetric-0050,symmetric,32.9186
symmetric-0051,symmetric,46.468
symmetric-0052,symmetric,41.3691
symmetric-0053,symmetric,47.6296
symmetric-0054,symmetric,25.6896
symmetric-0055,symmetric,61.5591
symmetric-0056,symmetric,33.5619
symmetric-0057,symmetric,47.5286
symmetric-0058,symmetric,41.3486
symmetric-0059,symmetric,25.1918
symmetric-0060,symmetric,61.8051
symmetric-0061,symmetric,36.2565
symmetric-0062,symmetric,36.9076
symmetric-0063,symmetric,44.9147
symmetric-0064,symmetric,33.578
symmetric-0065,symmetric,43.5021
symmetric-0066,symmetric,48.7124
symmetric-0067,symmetric,34.3454
symmetric-0068,symmetric,43.4403
symmetric-0069,symmetric,45.841
symmetric-0070,symmetric,36.724
symmetric-0071,symmetric,43.1856
symmetric-0072,symmetric,39.6344
symmetric-0073,symmetric,56.3731
symmetric-0074,symmetric,36.7093
symmetric-0075,symmetric,33.2713
symmetric-0076,symmetric,47.6565
symmetric-0077,symmetric,54.7951
symmetric-0078,symmetric,23.0945
symmetric-0079,symmetric,62.5816
symmetric-0080,symmetric,23.8463
symmetric-0081,symmetric,45.9803
symmetric-0082,symmetric,51.6728
symmetric-0083,symmetric,40.8699
symmetric-0084,symmetric,48.5809
symmetric-0085,symmetric,50.2272
symmetric-0086,symmetric,42.4613
symmetric-0087,symmetric,43.8752
symmetric-0088,symmetric,47.2314
symmetric-0089,symmetric,39.547
symmetric-0090,symmetric,41.5599
symmetric-0091,symmetric,43.9079
symmetric-0092,symmetric,35.7138
symmetric-0093,symmetric,41.0341
symmetric-0094,symmetric,26.0168
symmetric-0095,symmetric,50.7474
symmetric-0096,symmetric,32.4328
symmetric-0097,symmetric,46.6535
symmetric-0098,symmetric,47.3025
symmetric-0099,symmetric,26.9958
symmetric-0100,symmetric,20.3376
symmetric-0101,symmetric,41.5777
symmetric-0102,symmetric,50.9125
symmetric-0103,symmetric,31.1151
symmetric-0104,symmetric,41.5071
symmetric-0105,symmetric,50.3832
symmetric-0106,symmetric,42.1497
symmetric-0107,symmetric,40.9439
symmetric-0108,symmetric,30.5196
symmetric-0109,symmetric,43.4578
symmetric-0110,symmetric,32.6767
symmetric-0111,symmetric,66.2218
symmetric-0112,symmetric,49.9806
symmetric-0113,symmetric,43.7251
symmetric-0114,symmetric,30.2401
symmetric-0115,symmetric,38.9206
symmetric-0116,symmetric,42.3034
symmetric-0117,symmetric,34.0806
symmetric-0118,symmetric,44.7377
symmetric-0119,symmetric,25.8718
symmetric-0120,symmetric,48.6444
symmetric-0121,symmetric,33.1839
symmetric-0122,symmetric,48.124
symmetric-0123,symmetric,37.0579
symmetric-0124,symmetric,48.7505
symmetric-0125,symmetric,46.1993
symmetric-0126,symmetric,18.4693
symmetric-0127,symmetric,50.7758
symmetric-0128,symmetric,36.6199
symmetric-0129,symmetric,44.0506
symmetric-0130,symmetric,38.7688
symmetric-0131,symmetric,46.4092
symmetric-0132,symmetric,41.7837
symmetric-0133,symmetric,53.5022
symmetric-0134,symmetric,35.1133
symmetric-0135,symmetric,58.1826
symmetric-0136,symmetric,38.8102
symmetric-0137,symmetric,61.3071
symmetric-0138,symmetric,25.263
symmetric-0139,symmetric,51.3331
symmetric-0140,symmetric,27.6508
symmetric-0141,symmetric,33.4007
symmetric-0142,symmetric,58.2096
symmetric-0143,symmetric,45.2819
symmetric-0144,symmetric,37.7973
symmetric-0145,symmetric,32.0681
symmetric-0146,symmetric,47.4721
symmetric-0147,symmetric,55.7422
symmetric-0148,symmetric,27.3948
symmetric-0149,symmetric,41.7399
symmetric-0150,symmetric,52.5342
symmetric-0151,symmetric,47.8027
symmetric-0152,symmetric,52.7693
symmetric-0153,symmetric,32.3925
symmetric-0154,symmetric,47.6999
symmetric-0155,symmetric,31.5505
symmetric-0156,symmetric,41.1329
symmetric-0157,symmetric,43.1328
symmetric-0158,symmetric,46.4276
symmetric-0159,symmetric,41.546
symmetric-0160,symmetric,35.3339
symmetric-0161,symmetric,49.656
symmetric-0162,symmetric,47.5939
symmetric-0163,symmetric,54.3573
symmetric-0164,symmetric,21.8518
symmetric-0165,symmetric,54.1357
symmetric-0166,symmetric,41.7458
symmetric-0167,symmetric,54.7537
symmetric-0168,symmetric,38.9783
symmetric-0169,symmetric,38.5058
symmetric-0170,symmetric,30.0701
symmetric-0171,symmetric,43.54
symmetric-0172,symmetric,43.365
symmetric-0173,symmetric,39.9584
symmetric-0174,symmetric,43.3876
symmetric-0175,symmetric,53.9658
symmetric-0176,symmetric,49.1499
symmetric-0177,symmetric,51.1424
symmetric-0178,symmetric,42.7483
symmetric-0179,symmetric,42.0474
symmetric-0180,symmetric,30.6139
symmetric-0181,symmetric,44.3152
symmetric-0182,symmetric,37.357
symmetric-0183,symmetric,19.803
symmetric-0184,symmetric,44.1966
symmetric-0185,symmetric,39.4135
symmetric-0186,symmetric,39.1019
symmetric-0187,symmetric,46.842
symmetric-0188,symmetric,32.246
symmetric-0189,symmetric,34.0075
symmetric-0190,symmetric,21.5562
symmetric-0191,symmetric,34.264
symmetric-0192,symmetric,32.8653
symmetric-0193,symmetric,33.3941
symmetric-0194,symmetric,36.4712
symmetric-0195,symmetric,52.8477
symmetric-0196,symmetric,50.3703
symmetric-0197,symmetric,43.658
symmetric-0198,symmetric,45.5381
symmetric-0199,symmetric,30.6599
symmetric-0200,symmetric,22.1756
symmetric-0201,symmetric,49.9123
symmetric-0202,symmetric,48.4877
symmetric-0203,symmetric,35.0411
symmetric-0204,symmetric,64.5822
symmetric-0205,symmetric,48.645
symmetric-0206,symmetric,46.2652
symmetric-0207,symmetric,53.5259
symmetric-0208,symmetric,37.9112
symmetric-0209,symmetric,37.4307
symmetric-0210,symmetric,48.2527
symmetric-0211,symmetric,29.111
symmetric-0212,symmetric,26.6712
symmetric-0213,symmetric,45.1823
symmetric-0214,symmetric,31.0661
symmetric-0215,symmetric,39.4024
symmetric-0216,symmetric,38.5431
symmetric-0217,symmetric,54.7806
symmetric-0218,symmetric,34.1147
symmetric-0219,symmetric,28.8602
symmetric-0220,symmetric,33.4578
symmetric-0221,symmetric,27.7334
symmetric-0222,symmetric,38.4877
symmetric-0223,symmetric,32.38
symmetric-0224,symmetric,47.329
symmetric-0225,symmetric,45.8468
symmetric-0226,symmetric,36.5343
symmetric-0227,symmetric,26.8273
symmetric-0228,symmetric,66.1196
symmetric-0229,symmetric,38.1288
symmetric-0230,symmetric,23.9645
symmetric-0231,symmetric,37.0394
symmetric-0232,symmetric,52.7725
symmetric-0233,symmetric,39.9821
symmetric-0234,symmetric,27.7276
symmetric-0235,symmetric,34.9695
symmetric-0236,symmetric,38.1985
symmetric-0237,symmetric,46.9274
symmetric-0238,symmetric,42.5926
symmetric-0239,symmetric,11.9265
symmetric-0240,symmetric,56.7132
symmetric-0241,symmetric,44.7155
symmetric-0242,symmetric,17.695
symmetric-0243,symmetric,38.6193
symmetric-0244,symmetric,22.7188
symmetric-0245,symmetric,38.5507
symmetric-0246,symmetric,55.975
symmetric-0247,symmetric,36.5517
symmetric-0248,symmetric,55.8021
symmetric-0249,symmetric,41.7331
symmetric-0250,symmetric,31.4408
symmetric-0251,symmetric,40.2802
symmetric-0252,symmetric,48.9113
symmetric-0253,symmetric,26.7927
symmetric-0254,symmetric,39.709
symmetric-0255,symmetric,37.5956
symmetric-0256,symmetric,38.8469
symmetric-0257,symmetric,46.8558
symmetric-0258,symmetric,40.689
symmetric-0259,symmetric,44.2365
symmetric-0260,symmetric,50.9941
symmetric-0261,symmetric,20.9968
symmetric-0262,symmetric,46.751
symmetric-0263,symmetric,27.9284
symmetric-0264,symmetric,47.6394
symmetric-0265,symmetric,40.8945
symmetric-0266,symmetric,44.5398
symmetric-0267,symmetric,29.4944
symmetric-0268,symmetric,45.9526
symmetric-0269,symmetric,37.4518
symmetric-0270,symmetric,53.7295
symmetric-0271,symmetric,43.5885
symmetric-0272,symmetric,45.6119
symmetric-0273,symmetric,38.7771
symmetric-0274,symmetric,45.7523
symmetric-0275,symmetric,50.2689
symmetric-0276,symmetric,37.3205
symmetric-0277,symmetric,29.1056
symmetric-0278,symmetric,47.0105
symmetric-0279,symmetric,30.8459
symmetric-0280,symmetric,47.492
symmetric-0281,symmetric,53.7919
symmetric-0282,symmetric,52.9621
symmetric-0283,symmetric,39.6462
symmetric-0284,symmetric,48.3976
symmetric-0285,symmetric,40.4449
symmetric-0286,symmetric,36.6419
symmetric-0287,symmetric,31.2504
symmetric-0288,symmetric,38.5238
symmetric-0289,symmetric,44.1256
symmetric-0290,symmetric,37.6957
symmetric-0291,symmetric,35.4986
symmetric-0292,symmetric,23.2655
symmetric-0293,symmetric,48.4667
symmetric-0294,symmetric,31.9997
symmetric-0295,symmetric,45.2446
symmetric-0296,symmetric,33.1286
symmetric-0297,symmetric,37.0689
symmetric-0298,symmetric,51.3199
symmetric-0299,symmetric,53.1554
symmetric-0300,symmetric,28.9551
symmetric-0301,symmetric,47.8891
symmetric-0302,symmetric,40.8523
symmetric-0303,symmetric,45.709
symmetric-0304,symmetric,31.5883
symmetric-0305,symmetric,45.8123
symmetric-0306,symmetric,23.9998
symmetric-0307,symmetric,62.6731
symmetric-0308,symmetric,41.1728
symmetric-0309,symmetric,48.9577
symmetric-0310,symmetric,45.6413
symmetric-0311,symmetric,45.5302
symmetric-0312,symmetric,28.3806
symmetric-0313,symmetric,27.2652
symmetric-0314,symmetric,49.285
symmetric-0315,symmetric,33.983
symmetric-0316,symmetric,64.8216
symmetric-0317,symmetric,46.5344
symmetric-0318,symmetric,36.537
symmetric-0319,symmetric,45.0896
symmetric-0320,symmetric,45.9374
symmetric-0321,symmetric,41.7288
symmetric-0322,symmetric,39.8415
symmetric-0323,symmetric,42.3071
symmetric-0324,symmetric,43.0578
symmetric-0325,symmetric,44.7687
symmetric-0326,symmetric,40.6683
symmetric-0327,symmetric,47.1877
symmetric-0328,symmetric,55.7615
symmetric-0329,symmetric,36.7868
symmetric-0330,symmetric,27.0721
symmetric-0331,symmetric,33.9756
symmetric-0332,symmetric,60.3513
symmetric-0333,symmetric,48.1302
symmetric-0334,symmetric,33.2728
symmetric-0335,symmetric,51.9429
symmetric-0336,symmetric,41.6972
symmetric-0337,symmetric,26.8141
symmetric-0338,symmetric,50.0156
symmetric-0339,symmetric,47.7884
symmetric-0340,symmetric,25.0154
symmetric-0341,symmetric,51.7854
symmetric-0342,symmetric,39.33
symmetric-0343,symmetric,33.3081
symmetric-0344,symmetric,49.0085
symmetric-0345,symmetric,43.4729
symmetric-0346,symmetric,19.1475
symmetric-0347,symmetric,47.855
symmetric-0348,symmetric,36.4162
symmetric-0349,symmetric,39.8566
symmetric-0350,symmetric,28.4872
symmetric-0351,symmetric,36.5755
symmetric-0352,symmetric,49.6008
symmetric-0353,symmetric,45.7543
symmetric-0354,symmetric,25.7685
symmetric-0355,symmetric,26.6231
symmetric-0356,symmetric,33.9965
symmetric-0357,symmetric,29.4313
symmetric-0358,symmetric,40.8215
symmetric-0359,symmetric,46.9123
symmetric-0360,symmetric,37.8245
symmetric-0361,symmetric,33.9752
symmetric-0362,symmetric,45.7366
symmetric-0363,symmetric,32.4612
symmetric-0364,symmetric,40.0273
symmetric-0365,symmetric,42.0895
symmetric-0366,symmetric,44.4446
symmetric-0367,symmetric,40.6195
symmetric-0368,symmetric,62.1464
symmetric-0369,symmetric,38.3642
symmetric-0370,symmetric,37.0847
symmetric-0371,symmetric,30.2251
symmetric-0372,symmetric,39.3274
symmetric-0373,symmetric,34.6028
symmetric-0374,symmetric,49.7949
symmetric-0375,symmetric,26.5805
symmetric-0376,symmetric,36.2124
symmetric-0377,symmetric,23.9058
symmetric-0378,symmetric,32.6258
symmetric-0379,symmetric,49.7348
symmetric-0380,symmetric,48.1653
symmetric-0381,symmetric,45.1786
symmetric-0382,symmetric,37.5257
symmetric-0383,symmetric,34.5972
symmetric-0384,symmetric,34.3498
symmetric-0385,symmetric,45.3884
symmetric-0386,symmetric,53.1537
symmetric-0387,symmetric,28.5382
symmetric-0388,symmetric,32.8502
symmetric-0389,symmetric,37.4673
symmetric-0390,symmetric,43.6132
symmetric-0391,symmetric,53.1174
symmetric-0392,symmetric,49.3141
symmetric-0393,symmetric,36.7338
symmetric-0394,symmetric,26.2006
symmetric-0395,symmetric,55.1624
symmetric-0396,symmetric,44.7529
symmetric-0397,symmetric,34.5753
symmetric-0398,symmetric,36.9659
symmetric-0399,symmetric,22.7991
symmetric-0400,symmetric,37.8847
symmetric-0401,symmetric,44.3121
symmetric-0402,symmetric,50.9718
symmetric-0403,symmetric,36.5406
symmetric-0404,symmetric,50.3513
symmetric-0405,symmetric,42.3643
symmetric-0406,symmetric,51.8779
symmetric-0407,symmetric,41.8025
symmetric-0408,symmetric,21.3878
symmetric-0409,symmetric,23.4028
symmetric-0410,symmetric,41.4778
symmetric-0411,symmetric,43.8186
symmetric-0412,symmetric,32.9102
symmetric-0413,symmetric,45.118
symmetric-0414,symmetric,46.7735
symmetric-0415,symmetric,34.8901
symmetric-0416,symmetric,40.5397
symmetric-0417,symmetric,48.2805
symmetric-0418,symmetric,44.5128
symmetric-0419,symmetric,59.4545
symmetric-0420,symmetric,36.3095
symmetric-0421,symmetric,68.1732
symmetric-0422,symmetric,45.8494
symmetric-0423,symmetric,30.4525
symmetric-0424,symmetric,37.9114
symmetric-0425,symmetric,30.8313
symmetric-0426,symmetric,34.9809
symmetric-0427,symmetric,34.0987
symmetric-0428,symmetric,36.6902
symmetric-0429,symmetric,46.4079
symmetric-0430,symmetric,49.399
symmetric-0431,symmetric,41.8483
symmetric-0432,symmetric,37.2713
symmetric-0433,symmetric,34.3939
symmetric-0434,symmetric,40.8442
symmetric-0435,symmetric,28.2549
symmetric-0436,symmetric,48.7012
symmetric-0437,symmetric,29.4738
symmetric-0438,symmetric,21.6244
symmetric-0439,symmetric,47.8412
symmetric-0440,symmetric,28.3271
symmetric-0441,symmetric,47.1719
symmetric-0442,symmetric,59.5967
symmetric-0443,symmetric,23.3226
symmetric-0444,symmetric,34.4736
symmetric-0445,symmetric,40.6371
symmetric-0446,symmetric,36.8616
symmetric-0447,symmetric,46.1259
symmetric-0448,symmetric,53.2105
symmetric-0449,symmetric,42.6833
symmetric-0450,symmetric,59.7235
symmetric-0451,symmetric,36.1091
symmetric-0452,symmetric,49.5368
symmetric-0453,symmetric,30.6664
symmetric-0454,symmetric,19.384
symmetric-0455,symmetric,48.3274
symmetric-0456,symmetric,57.0273
symmetric-0457,symmetric,47.334
symmetric-0458,symmetric,38.3172
symmetric-0459,symmetric,60.5529
symmetric-0460,symmetric,40.4719
symmetric-0461,symmetric,55.2167
symmetric-0462,symmetric,44.0009
symmetric-0463,symmetric,35.4743
symmetric-0464,symmetric,43.4455
symmetric-0465,symmetric,43.9266
symmetric-0466,symmetric,54.1525
symmetric-0467,symmetric,49.4964
symmetric-0468,symmetric,27.9363
symmetric-0469,symmetric,35.3957
symmetric-0470,symmetric,37.9107
symmetric-0471,symmetric,40.2931
symmetric-0472,symmetric,62.2688
symmetric-0473,symmetric,49.7476
symmetric-0474,symmetric,43.088
symmetric-0475,symmetric,38.3262
symmetric-0476,symmetric,60.7833
symmetric-0477,symmetric,38.2718
symmetric-0478,symmetric,52.0092
symmetric-0479,symmetric,49.7873
symmetric-0480,symmetric,26.7937
symmetric-0481,symmetric,31.4891
symmetric-0482,symmetric,38.4113
symmetric-0483,symmetric,41.7144
symmetric-0484,symmetric,42.1532
symmetric-0485,symmetric,35.9849
symmetric-0486,symmetric,33.4506
symmetric-0487,symmetric,30.5022
symmetric-0488,symmetric,54.5767
symmetric-0489,symmetric,28.663
symmetric-0490,symmetric,30.0384
symmetric-0491,symmetric,42.4318
symmetric-0492,symmetric,34.6352
symmetric-0493,symmetric,46.6535
symmetric-0494,symmetric,35.3913
symmetric-0495,symmetric,45.0319
symmetric-0496,symmetric,47.4428
symmetric-0497,symmetric,40.2007
symmetric-0498,symmetric,38.1211
symmetric-0499,symmetric,42.806
symmetric-0500,symmetric,49.3967
symmetric-0501,symmetric,50.4761
symmetric-0502,symmetric,56.0137
symmetric-0503,symmetric,28.0669
symmetric-0504,symmetric,32.8113
symmetric-0505,symmetric,36.2887
symmetric-0506,symmetric,53.3621
symmetric-0507,symmetric,45.9984
symmetric-0508,symmetric,22.3319
symmetric-0509,symmetric,39.708
symmetric-0510,symmetric,44.8272
symmetric-0511,symmetric,50.8777
symmetric-0512,symmetric,37.4058
symmetric-0513,symmetric,35.8787
symmetric-0514,symmetric,48.9973
symmetric-0515,symmetric,32.5245
symmetric-0516,symmetric,48.3391
symmetric-0517,symmetric,41.3805
symmetric-0518,symmetric,62.2073
symmetric-0519,symmetric,22.2458
symmetric-0520,symmetric,37.6713
symmetric-0521,symmetric,38.4801
symmetric-0522,symmetric,41.9091
symmetric-0523,symmetric,41.1425
symmetric-0524,symmetric,50.1759
symmetric-0525,symmetric,39.2037
symmetric-0526,symmetric,36.0707
symmetric-0527,symmetric,45.2585
symmetric-0528,symmetric,42.0936
symmetric-0529,symmetric,50.5646
symmetric-0530,symmetric,34.6761
symmetric-0531,symmetric,34.3775
symmetric-0532,symmetric,47.0895
symmetric-0533,symmetric,28.322
symmetric-0534,symmetric,41.2958
symmetric-0535,symmetric,51.0419
symmetric-0536,symmetric,53.7621
symmetric-0537,symmetric,33.6848
symmetric-0538,symmetric,51.8513
symmetric-0539,symmetric,33.9262
symmetric-0540,symmetric,23.8774
symmetric-0541,symmetric,64.0457
symmetric-0542,symmetric,50.5124
symmetric-0543,symmetric,43.4987
symmetric-0544,symmetric,52.1472
symmetric-0545,symmetric,39.6893
symmetric-0546,symmetric,37.4049
symmetric-0547,symmetric,23.313
symmetric-0548,symmetric,45.3597
symmetric-0549,symmetric,47.7532
symmetric-0550,symmetric,44.1014
symmetric-0551,symmetric,34.3206
symmetric-0552,symmetric,17.6481
symmetric-0553,symmetric,42.0944
symmetric-0554,symmetric,34.8373
symmetric-0555,symmetric,28.439
symmetric-0556,symmetric,36.9146
symmetric-0557,symmetric,48.4965
symmetric-0558,symmetric,49.0573
symmetric-0559,symmetric,48.0207
symmetric-0560,symmetric,46.8109
symmetric-0561,symmetric,47.6526
symmetric-0562,symmetric,48.6811
symmetric-0563,symmetric,24.1438
symmetric-0564,symmetric,59.2758
symmetric-0565,symmetric,34.3824
symmetric-0566,symmetric,29.9475
symmetric-0567,symmetric,21.7112
symmetric-0568,symmetric,40.3543
symmetric-0569,symmetric,30.3882
symmetric-0570,symmetric,44.2628
symmetric-0571,symmetric,43.2904
symmetric-0572,symmetric,40.1393
symmetric-0573,symmetric,36.3162
symmetric-0574,symmetric,29.915
symmetric-0575,symmetric,37.8244
symmetric-0576,symmetric,41.0252
symmetric-0577,symmetric,49.6817
symmetric-0578,symmetric,48.1318
symmetric-0579,symmetric,54.5954
symmetric-0580,symmetric,29.199
symmetric-0581,symmetric,34.4648
symmetric-0582,symmetric,45.6629
symmetric-0583,symmetric,60.8784
symmetric-0584,symmetric,34.5942
symmetric-0585,symmetric,44.0801
symmetric-0586,symmetric,39.1984
symmetric-0587,symmetric,25.2903
symmetric-0588,symmetric,57.8073
symmetric-0589,symmetric,36.1145
symmetric-0590,symmetric,19.2158
symmetric-0591,symmetric,46.3594
symmetric-0592,symmetric,44.9715
symmetric-0593,symmetric,45.0472
symmetric-0594,symmetric,44.3283
symmetric-0595,symmetric,43.6819
symmetric-0596,symmetric,46.1735
symmetric-0597,symmetric,43.5489
symmetric-0598,symmetric,33.3852
symmetric-0599,symmetric,59.3668
symmetric-0600,symmetric,26.3836
symmetric-0601,symmetric,48.6245
symmetric-0602,symmetric,52.2871
symmetric-0603,symmetric,36.5793
symmetric-0604,symmetric,51.2645
symmetric-0605,symmetric,42.963
symmetric-0606,symmetric,22.7442
symmetric-0607,symmetric,54.5192
symmetric-0608,symmetric,33.199
symmetric-0609,symmetric,35.6772
symmetric-0610,symmetric,36.2187
symmetric-0611,symmetric,48.8712
symmetric-0612,symmetric,26.0359
symmetric-0613,symmetric,48.8082
symmetric-0614,symmetric,46.3121
symmetric-0615,symmetric,37.7768
symmetric-0616,symmetric,41.609
symmetric-0617,symmetric,59.0206
symmetric-0618,symmetric,41.7702
symmetric-0619,symmetric,42.6211
symmetric-0620,symmetric,50.2252
symmetric-0621,symmetric,43.1944
symmetric-0622,symmetric,33.3276
symmetric-0623,symmetric,23.2256
symmetric-0624,symmetric,23.888
symmetric-0625,symmetric,33.3479
symmetric-0626,symmetric,61.4578
symmetric-0627,symmetric,41.991
symmetric-0628,symmetric,38.384
symmetric-0629,symmetric,32.3471
symmetric-0630,symmetric,39.9467
symmetric-0631,symmetric,38.4771
symmetric-0632,symmetric,26.94
symmetric-0633,symmetric,45.5071
symmetric-0634,symmetric,34.954
symmetric-0635,symmetric,34.2886
symmetric-0636,symmetric,46.5062
symmetric-0637,symmetric,41.208
symmetric-0638,symmetric,31.0308
symmetric-0639,symmetric,37.2094
symmetric-0640,symmetric,51.3745
symmetric-0641,symmetric,42.7713
symmetric-0642,symmetric,43.6437
symmetric-0643,symmetric,46.3763
symmetric-0644,symmetric,30.5488
symmetric-0645,symmetric,26.2744
symmetric-0646,symmetric,48.3731
symmetric-0647,symmetric,15.2004
symmetric-0648,symmetric,39.4205
symmetric-0649,symmetric,43.8864
symmetric-0650,symmetric,42.7633
symmetric-0651,symmetric,33.5203
symmetric-0652,symmetric,19.2718
symmetric-0653,symmetric,40.6742
symmetric-0654,symmetric,54.7755
symmetric-0655,symmetric,51.3683
symmetric-0656,symmetric,43.0787
symmetric-0657,symmetric,49.1975
symmetric-0658,symmetric,35.1613
symmetric-0659,symmetric,39.5059
symmetric-0660,symmetric,48.8575
symmetric-0661,symmetric,40.5255
symmetric-0662,symmetric,46.7886
symmetric-0663,symmetric,32.067
symmetric-0664,symmetric,43.3321
symmetric-0665,symmetric,42.7203
symmetric-0666,symmetric,17.8017
symmetric-0667,symmetric,46.1606
symmetric-0668,symmetric,41.5622
symmetric-0669,symmetric,50.746
symmetric-0670,symmetric,42.3367
symmetric-0671,symmetric,48.8179
symmetric-0672,symmetric,36.3243
symmetric-0673,symmetric,37.8008
symmetric-0674,symmetric,35.3416
symmetric-0675,symmetric,33.6382
symmetric-0676,symmetric,32.694
symmetric-0677,symmetric,50.5698
symmetric-0678,symmetric,49.7691
symmetric-0679,symmetric,48.4351
symmetric-0680,symmetric,44.3013
symmetric-0681,symmetric,55.3219
symmetric-0682,symmetric,39.869
symmetric-0683,symmetric,29.8929
symmetric-0684,symmetric,52.246
symmetric-0685,symmetric,33.954
symmetric-0686,symmetric,21.6482
symmetric-0687,symmetric,36.6139
symmetric-0688,symmetric,50.4102
symmetric-0689,symmetric,29.5021
symmetric-0690,symmetric,52.5713
symmetric-0691,symmetric,35.5332
symmetric-0692,symmetric,27.1386
symmetric-0693,symmetric,44.0037
symmetric-0694,symmetric,47.6223
symmetric-0695,symmetric,35.0865
symmetric-0696,symmetric,44.6432
symmetric-0697,symmetric,17.5465
symmetric-0698,symmetric,43.7532
symmetric-0699,symmetric,42.0483
symmetric-0700,symmetric,19.6709
symmetric-0701,symmetric,45.1432
symmetric-0702,symmetric,19.7721
symmetric-0703,symmetric,38.695
symmetric-0704,symmetric,58.3916
symmetric-0705,symmetric,40.5845
symmetric-0706,symmetric,30.0422
symmetric-0707,symmetric,43.2236
symmetric-0708,symmetric,25.1391
symmetric-0709,symmetric,34.6132
symmetric-0710,symmetric,50.3653
symmetric-0711,symmetric,44.1713
symmetric-0712,symmetric,17.4186
symmetric-0713,symmetric,34.6899
symmetric-0714,symmetric,39.9047
symmetric-0715,symmetric,22.8627
symmetric-0716,symmetric,38.5067
symmetric-0717,symmetric,33.9077
symmetric-0718,symmetric,33.5773
symmetric-0719,symmetric,54.8855
symmetric-0720,symmetric,42.9881
symmetric-0721,symmetric,42.975
symmetric-0722,symmetric,26.7285
symmetric-0723,symmetric,50.1927
symmetric-0724,symmetric,34.7745
symmetric-0725,symmetric,33.8482
symmetric-0726,symmetric,55.5621
symmetric-0727,symmetric,41.0816
symmetric-0728,symmetric,35.3793
symmetric-0729,symmetric,38.9289
symmetric-0730,symmetric,27.1611
symmetric-0731,symmetric,26.4414
symmetric-0732,symmetric,50.4832
symmetric-0733,symmetric,29.5357
symmetric-0734,symmetric,42.1978
symmetric-0735,symmetric,47.448
symmetric-0736,symmetric,45.9917
symmetric-0737,symmetric,39.9929
symmetric-0738,symmetric,49.6181
symmetric-0739,symmetric,48.9394
symmetric-0740,symmetric,53.4885
symmetric-0741,symmetric,34.8362
symmetric-0742,symmetric,36.8518
symmetric-0743,symmetric,27.7615
symmetric-0744,symmetric,36.6626
symmetric-0745,symmetric,26.8128
symmetric-0746,symmetric,61.2693
symmetric-0747,symmetric,42.6628
symmetric-0748,symmetric,31.1724
symmetric-0749,symmetric,21.285
symmetric-0750,symmetric,34.9044
symmetric-0751,symmetric,12.9564
symmetric-0752,symmetric,38.2267
symmetric-0753,symmetric,29.011
symmetric-0754,symmetric,36.3358
symmetric-0755,symmetric,49.6832
symmetric-0756,symmetric,40.9994
symmetric-0757,symmetric,42.8849
symmetric-0758,symmetric,32.3468
symmetric-0759,symmetric,36.0201
symmetric-0760,symmetric,59.4303
symmetric-0761,symmetric,31.4056
symmetric-0762,symmetric,49.7844
symmetric-0763,symmetric,30.2419
symmetric-0764,symmetric,34.4975
symmetric-0765,symmetric,48.6374
symmetric-0766,symmetric,33.3977
symmetric-0767,symmetric,33.7236
symmetric-0768,symmetric,28.7478
symmetric-0769,symmetric,47.9786
symmetric-0770,symmetric,56.1796
symmetric-0771,symmetric,40.7041
symmetric-0772,symmetric,40.6527
symmetric-0773,symmetric,40.0182
symmetric-0774,symmetric,37.2633
symmetric-0775,symmetric,47.8254
symmetric-0776,symmetric,44.2403
symmetric-0777,symmetric,45.1248
symmetric-0778,symmetric,27.2544
symmetric-0779,symmetric,34.4839
symmetric-0780,symmetric,42.6037
symmetric-0781,symmetric,34.0554
symmetric-0782,symmetric,40.2194
symmetric-0783,symmetric,48.4614
symmetric-0784,symmetric,44.4743
symmetric-0785,symmetric,32.8023
symmetric-0786,symmetric,38.4892
symmetric-0787,symmetric,46.7643
symmetric-0788,symmetric,24.6803
symmetric-0789,symmetric,37.8109
symmetric-0790,symmetric,38.8352
symmetric-0791,symmetric,38.7594
symmetric-0792,symmetric,22.9483
symmetric-0793,symmetric,46.6397
symmetric-0794,symmetric,40.004
symmetric-0795,symmetric,30.1461
symmetric-0796,symmetric,40.4451
symmetric-0797,symmetric,61.7916
symmetric-0798,symmetric,43.1424
symmetric-0799,symmetric,53.9469
symmetric-0800,symmetric,66.2225
symmetric-0801,symmetric,32.2236
symmetric-0802,symmetric,39.1127
symmetric-0803,symmetric,35.7077
symmetric-0804,symmetric,41.1342
symmetric-0805,symmetric,36.7486
symmetric-0806,symmetric,42.8742
symmetric-0807,symmetric,37.6654
symmetric-0808,symmetric,37.794
symmetric-0809,symmetric,44.7767
symmetric-0810,symmetric,23.4864
symmetric-0811,symmetric,36.6682
symmetric-0812,symmetric,42.7095
symmetric-0813,symmetric,46.4729
symmetric-0814,symmetric,47.8175
symmetric-0815,symmetric,33.817
symmetric-0816,symmetric,44.032
symmetric-0817,symmetric,40.9465
symmetric-0818,symmetric,42.9923
symmetric-0819,symmetric,41.1922
symmetric-0820,symmetric,45.4235
symmetric-0821,symmetric,45.9446
symmetric-0822,symmetric,48.0789
symmetric-0823,symmetric,45.2911
symmetric-0824,symmetric,42.9234
symmetric-0825,symmetric,29.6091
symmetric-0826,symmetric,42.7781
symmetric-0827,symmetric,44.3736
symmetric-0828,symmetric,38.6886
symmetric-0829,symmetric,28.5955
symmetric-0830,symmetric,60.4409
symmetric-0831,symmetric,53.1906
symmetric-0832,symmetric,48.8972
symmetric-0833,symmetric,53.3923
symmetric-0834,symmetric,58.9432
symmetric-0835,symmetric,53.7656
symmetric-0836,symmetric,35.3997
symmetric-0837,symmetric,33.6181
symmetric-0838,symmetric,28.2475
symmetric-0839,symmetric,25.3036
symmetric-0840,symmetric,51.7033
symmetric-0841,symmetric,36.8243
symmetric-0842,symmetric,50.8297
symmetric-0843,symmetric,42.789
symmetric-0844,symmetric,44.5138
symmetric-0845,symmetric,49.2699
symmetric-0846,symmetric,38.0808
symmetric-0847,symmetric,40.7715
symmetric-0848,symmetric,48.7795
symmetric-0849,symmetric,37.6149
symmetric-0850,symmetric,37.9222
symmetric-0851,symmetric,36.5156
symmetric-0852,symmetric,32.5211
symmetric-0853,symmetric,41.4649
symmetric-0854,symmetric,49.75
symmetric-0855,symmetric,34.4171
symmetric-0856,symmetric,45.1299
symmetric-0857,symmetric,52.5581
symmetric-0858,symmetric,47.1971
symmetric-0859,symmetric,35.9847
symmetric-0860,symmetric,38.0949
symmetric-0861,symmetric,20.7006
symmetric-0862,symmetric,60.8136
symmetric-0863,symmetric,38.0159
symmetric-0864,symmetric,45.0066
symmetric-0865,symmetric,41.1642
symmetric-0866,symmetric,44.5052
symmetric-0867,symmetric,43.9382
symmetric-0868,symmetric,33.3998
symmetric-0869,symmetric,14.6352
symmetric-0870,symmetric,18.4512
symmetric-0871,symmetric,53.4137
symmetric-0872,symmetric,28.5026
symmetric-0873,symmetric,48.9438
symmetric-0874,symmetric,48.2113
symmetric-0875,symmetric,38.2692
symmetric-0876,symmetric,48.9048
symmetric-0877,symmetric,34.9316
symmetric-0878,symmetric,26.1757
symmetric-0879,symmetric,37.2308
symmetric-0880,symmetric,29.0131
symmetric-0881,symmetric,39.695
symmetric-0882,symmetric,48.6617
symmetric-0883,symmetric,29.003
symmetric-0884,symmetric,52.6901
symmetric-0885,symmetric,36.8046
symmetric-0886,symmetric,33.7761
symmetric-0887,symmetric,28.7719
symmetric-0888,symmetric,45.1842
symmetric-0889,symmetric,41.325
symmetric-0890,symmetric,54.2266
symmetric-0891,symmetric,42.3737
symmetric-0892,symmetric,36.5345
symmetric-0893,symmetric,5.9421
symmetric-0894,symmetric,20.4854
symmetric-0895,symmetric,39.0008
symmetric-0896,symmetric,42.1827
symmetric-0897,symmetric,33.9047
symmetric-0898,symmetric,57.4517
symmetric-0899,symmetric,45.1882
symmetric-0900,symmetric,31.0524
symmetric-0901,symmetric,39.9723
symmetric-0902,symmetric,24.7648
symmetric-0903,symmetric,48.3001
symmetric-0904,symmetric,40.0937
symmetric-0905,symmetric,35.9784
symmetric-0906,symmetric,34.9917
symmetric-0907,symmetric,22.3422
symmetric-0908,symmetric,50.8777
symmetric-0909,symmetric,39.9669
symmetric-0910,symmetric,41.1718
symmetric-0911,symmetric,44.8179
symmetric-0912,symmetric,57.5733
symmetric-0913,symmetric,18.6451
symmetric-0914,symmetric,46.68
symmetric-0915,symmetric,36.0639
symmetric-0916,symmetric,24.9472
symmetric-0917,symmetric,41.6126
symmetric-0918,symmetric,56.5048
symmetric-0919,symmetric,32.009
symmetric-0920,symmetric,37.8172
symmetric-0921,symmetric,45.1149
symmetric-0922,symmetric,22.6881
symmetric-0923,symmetric,34.6415
symmetric-0924,symmetric,45.3859
symmetric-0925,symmetric,30.4761
symmetric-0926,symmetric,42.2605
symmetric-0927,symmetric,36.8914
symmetric-0928,symmetric,31.5489
symmetric-0929,symmetric,58.0011
symmetric-0930,symmetric,40.43
symmetric-0931,symmetric,47.6131
symmetric-0932,symmetric,44.0336
symmetric-0933,symmetric,54.9515
symmetric-0934,symmetric,45.3475
symmetric-0935,symmetric,27.6725
symmetric-0936,symmetric,48.5834
symmetric-0937,symmetric,38.2073
symmetric-0938,symmetric,29.0238
symmetric-0939,symmetric,36.195
symmetric-0940,symmetric,44.7555
symmetric-0941,symmetric,41.599
symmetric-0942,symmetric,51.8374
symmetric-0943,symmetric,25.1245
symmetric-0944,symmetric,36.3719
symmetric-0945,symmetric,40.3685
symmetric-0946,symmetric,39.0495
symmetric-0947,symmetric,33.1802
symmetric-0948,symmetric,42.2619
symmetric-0949,symmetric,41.9922
symmetric-0950,symmetric,44.7766
symmetric-0951,symmetric,45.5573
symmetric-0952,symmetric,63.0093
symmetric-0953,symmetric,30.7135
symmetric-0954,symmetric,40.1163
symmetric-0955,symmetric,53.1698
symmetric-0956,symmetric,45.7586
symmetric-0957,symmetric,41.4649
symmetric-0958,symmetric,17.9827
symmetric-0959,symmetric,34.3237
symmetric-0960,symmetric,17.8892
symmetric-0961,symmetric,28.3912
symmetric-0962,symmetric,41.6142
symmetric-0963,symmetric,59.2081
symmetric-0964,symmetric,38.8742
symmetric-0965,symmetric,33.8945
symmetric-0966,symmetric,50.164
symmetric-0967,symmetric,47.1278
symmetric-0968,symmetric,51.3723
symmetric-0969,symmetric,42.0111
symmetric-0970,symmetric,23.1598
symmetric-0971,symmetric,42.3455
symmetric-0972,symmetric,54.9395
symmetric-0973,symmetric,35.1104
symmetric-0974,symmetric,46.8154
symmetric-0975,symmetric,43.5143
symmetric-0976,symmetric,32.4448
symmetric-0977,symmetric,40.4998
symmetric-0978,symmetric,31.2977
symmetric-0979,symmetric,26.4845
symmetric-0980,symmetric,43.2502
symmetric-0981,symmetric,49.7929
symmetric-0982,symmetric,52.0664
symmetric-0983,symmetric,39.2298
symmetric-0984,symmetric,24.7638
symmetric-0985,symmetric,47.9238
symmetric-0986,symmetric,51.0172
symmetric-0987,symmetric,46.9627
symmetric-0988,symmetric,41.5158
symmetric-0989,symmetric,57.6278
symmetric-0990,symmetric,50.4979
symmetric-0991,symmetric,43.1323
symmetric-0992,symmetric,37.0306
symmetric-0993,symmetric,47.0527
symmetric-0994,symmetric,45.0538
symmetric-0995,symmetric,49.7109
symmetric-0996,symmetric,48.8098
symmetric-0997,symmetric,48.8875
symmetric-0998,symmetric,27.7594
symmetric-0999,symmetric,34.5685
symmetric-1000,symmetric,36.239
symmetric-1001,symmetric,53.2113
symmetric-1002,symmetric,34.1945
symmetric-1003,symmetric,35.1267
symmetric-1004,symmetric,49.9092
symmetric-1005,symmetric,44.4751
symmetric-1006,symmetric,46.9066
symmetric-1007,symmetric,42.9201
symmetric-1008,symmetric,32.0673
symmetric-1009,symmetric,34.1418
symmetric-1010,symmetric,39.0131
symmetric-1011,symmetric,45.7829
symmetric-1012,symmetric,52.3664
symmetric-1013,symmetric,51.6389
symmetric-1014,symmetric,46.0078
symmetric-1015,symmetric,35.0419
symmetric-1016,symmetric,42.4024
symmetric-1017,symmetric,59.8499
symmetric-1018,symmetric,44.1033
symmetric-1019,symmetric,46.5869
symmetric-1020,symmetric,34.646
symmetric-1021,symmetric,22.7949
symmetric-1022,symmetric,28.1842
symmetric-1023,symmetric,34.324
symmetric-1024,symmetric,53.905
symmetric-1025,symmetric,41.6431
symmetric-1026,symmetric,40.9803
symmetric-1027,symmetric,43.5479
symmetric-1028,symmetric,58.0771
symmetric-1029,symmetric,22.6942
symmetric-1030,symmetric,37.9239
symmetric-1031,symmetric,40.9108
symmetric-1032,symmetric,43.31
symmetric-1033,symmetric,32.3268
symmetric-1034,symmetric,30.5156
symmetric-1035,symmetric,39.6854
symmetric-1036,symmetric,49.8318
symmetric-1037,symmetric,41.819
symmetric-1038,symmetric,48.881
symmetric-1039,symmetric,45.9607
symmetric-1040,symmetric,52.4867
symmetric-1041,symmetric,61.1687
symmetric-1042,symmetric,44.2043
symmetric-1043,symmetric,38.7619
symmetric-1044,symmetric,42.8153
symmetric-1045,symmetric,39.9487
symmetric-1046,symmetric,46.267
symmetric-1047,symmetric,53.479
symmetric-1048,symmetric,48.5774
symmetric-1049,symmetric,40.1949
symmetric-1050,symmetric,40.1737
symmetric-1051,symmetric,37.1098
symmetric-1052,symmetric,51.2845
symmetric-1053,symmetric,51.3944
symmetric-1054,symmetric,19.7002
symmetric-1055,symmetric,26.3878
symmetric-1056,symmetric,32.4959
symmetric-1057,symmetric,48.091
symmetric-1058,symmetric,37.9484
symmetric-1059,symmetric,26.6746
symmetric-1060,symmetric,24.7938
symmetric-1061,symmetric,56.0809
symmetric-1062,symmetric,31.6333
symmetric-1063,symmetric,41.5956
symmetric-1064,symmetric,26.3913
symmetric-1065,symmetric,43.8814
symmetric-1066,symmetric,48.8308
symmetric-1067,symmetric,41.0599
symmetric-1068,symmetric,33.3883
symmetric-1069,symmetric,35.5851
symmetric-1070,symmetric,39.6962
symmetric-1071,symmetric,40.0155
symmetric-1072,symmetric,42.109
symmetric-1073,symmetric,30.5231
symmetric-1074,symmetric,33.6351
symmetric-1075,symmetric,29.2362
symmetric-1076,symmetric,21.8286
symmetric-1077,symmetric,50.169
symmetric-1078,symmetric,35.6432
symmetric-1079,symmetric,38.6657
symmetric-1080,symmetric,45.0705
symmetric-1081,symmetric,61.079
symmetric-1082,symmetric,20.6823
symmetric-1083,symmetric,33.0323
symmetric-1084,symmetric,22.7097
symmetric-1085,symmetric,38.2535
symmetric-1086,symmetric,52.2234
symmetric-1087,symmetric,45.4493
symmetric-1088,symmetric,36.6833
symmetric-1089,symmetric,43.1286
symmetric-1090,symmetric,41.6157
symmetric-1091,symmetric,35.37
symmetric-1092,symmetric,18.69
symmetric-1093,symmetric,48.6864
symmetric-1094,symmetric,32.2294
symmetric-1095,symmetric,44.7636
symmetric-1096,symmetric,37.2662
symmetric-1097,symmetric,29.7077
symmetric-1098,symmetric,40.0127
symmetric-1099,symmetric,31.354
symmetric-1100,symmetric,31.9517
symmetric-1101,symmetric,43.2838
symmetric-1102,symmetric,41.5099
symmetric-1103,symmetric,40.9668
symmetric-1104,symmetric,43.7975
symmetric-1105,symmetric,35.0005
symmetric-1106,symmetric,23.3566
symmetric-1107,symmetric,31.6439
symmetric-1108,symmetric,46.9266
symmetric-1109,symmetric,48.0608
symmetric-1110,symmetric,46.8715
symmetric-1111,symmetric,37.8104
symmetric-1112,symmetric,43.9854
symmetric-1113,symmetric,31.5913
symmetric-1114,symmetric,24.5949
symmetric-1115,symmetric,43.2135
symmetric-1116,symmetric,41.582
symmetric-1117,symmetric,36.3481
symmetric-1118,symmetric,42.4394
symmetric-1119,symmetric,54.0899
symmetric-1120,symmetric,38.4382
symmetric-1121,symmetric,56.8228
symmetric-1122,symmetric,33.6155
symmetric-1123,symmetric,29.1124
symmetric-1124,symmetric,35.1891
symmetric-1125,symmetric,31.9512
symmetric-1126,symmetric,42.6525
symmetric-1127,symmetric,49.9667
symmetric-1128,symmetric,46.6024
symmetric-1129,symmetric,37.6791
symmetric-1130,symmetric,41.5046
symmetric-1131,symmetric,38.0389
symmetric-1132,symmetric,33.1586
symmetric-1133,symmetric,25.6966
symmetric-1134,symmetric,47.811
symmetric-1135,symmetric,54.1942
symmetric-1136,symmetric,33.0581
symmetric-1137,symmetric,26.9832
symmetric-1138,symmetric,20.8596
symmetric-1139,symmetric,50.8058
symmetric-1140,symmetric,40.3078
symmetric-1141,symmetric,51.172
symmetric-1142,symmetric,27.8137
symmetric-1143,symmetric,39.7959
symmetric-1144,symmetric,51.0434
symmetric-1145,symmetric,44.5621
symmetric-1146,symmetric,38.9819
symmetric-1147,symmetric,27.2152
symmetric-1148,symmetric,42.7423
symmetric-1149,symmetric,38.269
symmetric-1150,symmetric,49.2548
symmetric-1151,symmetric,53.2819
symmetric-1152,symmetric,31.0362
symmetric-1153,symmetric,32.4391
symmetric-1154,symmetric,37.6599
symmetric-1155,symmetric,47.9717
symmetric-1156,symmetric,32.4338
symmetric-1157,symmetric,28.7568
symmetric-1158,symmetric,42.1969
symmetric-1159,symmetric,47.1114
symmetric-1160,symmetric,38.1255
symmetric-1161,symmetric,47.8005
symmetric-1162,symmetric,53.8811
symmetric-1163,symmetric,43.3285
symmetric-1164,symmetric,32.7117
symmetric-1165,symmetric,56.8336
symmetric-1166,symmetric,28.9424
symmetric-1167,symmetric,48.2364
symmetric-1168,symmetric,17.4345
symmetric-1169,symmetric,16.2137
symmetric-1170,symmetric,43.8027
symmetric-1171,symmetric,39.0061
symmetric-1172,symmetric,54.2412
symmetric-1173,symmetric,23.2002
symmetric-1174,symmetric,41.02
symmetric-1175,symmetric,31.8641
symmetric-1176,symmetric,53.2387
symmetric-1177,symmetric,43.0782
symmetric-1178,symmetric,37.6338
symmetric-1179,symmetric,44.815
symmetric-1180,symmetric,45.8727
symmetric-1181,symmetric,44.7053
symmetric-1182,symmetric,42.0868
symmetric-1183,symmetric,41.4718
symmetric-1184,symmetric,57.73
symmetric-1185,symmetric,38.5599
symmetric-1186,symmetric,49.9957
symmetric-1187,symmetric,41.654
symmetric-1188,symmetric,37.5509
symmetric-1189,symmetric,62.0787
symmetric-1190,symmetric,29.6891
symmetric-1191,symmetric,36.6727
symmetric-1192,symmetric,26.0549
symmetric-1193,symmetric,45.173
symmetric-1194,symmetric,23.0823
symmetric-1195,symmetric,41.4236
symmetric-1196,symmetric,23.1787
symmetric-1197,symmetric,45.8229
symmetric-1198,symmetric,42.3868
symmetric-1199,symmetric,33.7746
symmetric-1200,symmetric,32.224
symmetric-1201,symmetric,49.4966
symmetric-1202,symmetric,35.338
symmetric-1203,symmetric,54.5034
symmetric-1204,symmetric,34.0586
symmetric-1205,symmetric,44.4369
symmetric-1206,symmetric,29.5149
symmetric-1207,symmetric,24.9992
symmetric-1208,symmetric,41.2716
symmetric-1209,symmetric,36.1845
symmetric-1210,symmetric,47.0622
symmetric-1211,symmetric,35.9089
symmetric-1212,symmetric,44.7742
symmetric-1213,symmetric,31.834
symmetric-1214,symmetric,24.3353
symmetric-1215,symmetric,39.2995
symmetric-1216,symmetric,31.4573
symmetric-1217,symmetric,35.3064
symmetric-1218,symmetric,45.154
symmetric-1219,symmetric,39.1747
symmetric-1220,symmetric,34.8726
symmetric-1221,symmetric,29.5053
symmetric-1222,symmetric,43.2762
symmetric-1223,symmetric,24.5246
symmetric-1224,symmetric,45.2321
symmetric-1225,symmetric,36.1194
symmetric-1226,symmetric,55.9317
symmetric-1227,symmetric,49.6764
symmetric-1228,symmetric,52.4033
symmetric-1229,symmetric,43.8528
symmetric-1230,symmetric,45.5867
symmetric-1231,symmetric,48.9263
symmetric-1232,symmetric,42.787
symmetric-1233,symmetric,43.6311
symmetric-1234,symmetric,39.7458
symmetric-1235,symmetric,33.2542
symmetric-1236,symmetric,40.8168
symmetric-1237,symmetric,33.7494
symmetric-1238,symmetric,39.5232
symmetric-1239,symmetric,16.8803
symmetric-1240,symmetric,32.3752
symmetric-1241,symmetric,54.6335
symmetric-1242,symmetric,29.1979
symmetric-1243,symmetric,51.1909
symmetric-1244,symmetric,47.8256
symmetric-1245,symmetric,51.797
symmetric-1246,symmetric,47.0287
symmetric-1247,symmetric,42.596
symmetric-1248,symmetric,49.7122
symmetric-1249,symmetric,41.5213
symmetric-1250,symmetric,50.9447
symmetric-1251,symmetric,38.476
symmetric-1252,symmetric,37.5468
symmetric-1253,symmetric,38.9569
symmetric-1254,symmetric,41.7315
symmetric-1255,symmetric,38.1667
symmetric-1256,symmetric,47.6512
symmetric-1257,symmetric,38.5258
symmetric-1258,symmetric,45.1908
symmetric-1259,symmetric,50.9085
symmetric-1260,symmetric,40.2111
symmetric-1261,symmetric,58.8715
symmetric-1262,symmetric,38.977
symmetric-1263,symmetric,36.5707
symmetric-1264,symmetric,57.6561
symmetric-1265,symmetric,36.7606
symmetric-1266,symmetric,40.5123
symmetric-1267,symmetric,50.1442
symmetric-1268,symmetric,52.7384
symmetric-1269,symmetric,41.5842
symmetric-1270,symmetric,42.8793
symmetric-1271,symmetric,40.4548
symmetric-1272,symmetric,43.6491
symmetric-1273,symmetric,42.7199
symmetric-1274,symmetric,35.2635
symmetric-1275,symmetric,58.3163
symmetric-1276,symmetric,32.2286
symmetric-1277,symmetric,49.1049
symmetric-1278,symmetric,27.9923
symmetric-1279,symmetric,38.6356
symmetric-1280,symmetric,47.7629
symmetric-1281,symmetric,43.8071
symmetric-1282,symmetric,38.0944
symmetric-1283,symmetric,42.6194
symmetric-1284,symmetric,36.3284
symmetric-1285,symmetric,39.2062
symmetric-1286,symmetric,49.1822
symmetric-1287,symmetric,33.2134
symmetric-1288,symmetric,42.0341
symmetric-1289,symmetric,26.7965
symmetric-1290,symmetric,34.6316
symmetric-1291,symmetric,60.1809
symmetric-1292,symmetric,45.8726
symmetric-1293,symmetric,52.2764
symmetric-1294,symmetric,17.4273
symmetric-1295,symmetric,36.3333
symmetric-1296,symmetric,33.3361
symmetric-1297,symmetric,38.8281
symmetric-1298,symmetric,42.9566
symmetric-1299,symmetric,49.9111
symmetric-1300,symmetric,36.3815
symmetric-1301,symmetric,29.2854
symmetric-1302,symmetric,36.3163
symmetric-1303,symmetric,37.4305
symmetric-1304,symmetric,36.7797
symmetric-1305,symmetric,44.5493
symmetric-1306,symmetric,40.5091
symmetric-1307,symmetric,22.9908
symmetric-1308,symmetric,10.8846
symmetric-1309,symmetric,39.3792
symmetric-1310,symmetric,55.5109
symmetric-1311,symmetric,44.1672
symmetric-1312,symmetric,56.186
symmetric-1313,symmetric,48.8512
symmetric-1314,symmetric,41.4406
symmetric-1315,symmetric,50.8863
symmetric-1316,symmetric,33.725
symmetric-1317,symmetric,26.71
symmetric-1318,symmetric,35.2679
symmetric-1319,symmetric,38.7033
symmetric-1320,symmetric,37.9052
symmetric-1321,symmetric,42.5956
symmetric-1322,symmetric,31.5774
symmetric-1323,symmetric,34.1508
symmetric-1324,symmetric,34.6205
symmetric-1325,symmetric,46.6523
symmetric-1326,symmetric,45.7063
symmetric-1327,symmetric,55.511
symmetric-1328,symmetric,40.048
symmetric-1329,symmetric,52.5551
symmetric-1330,symmetric,25.0824
symmetric-1331,symmetric,42.4611
symmetric-1332,symmetric,48.2204
symmetric-1333,symmetric,28.9768
symmetric-1334,symmetric,46.2712
symmetric-1335,symmetric,44.8408
symmetric-1336,symmetric,35.8322
symmetric-1337,symmetric,32.4562
symmetric-1338,symmetric,49.9121
symmetric-1339,symmetric,38.6125
symmetric-1340,symmetric,47.855
symmetric-1341,symmetric,41.3841
symmetric-1342,symmetric,32.7513
symmetric-1343,symmetric,41.7798
symmetric-1344,symmetric,28.3572
symmetric-1345,symmetric,41.6853
symmetric-1346,symmetric,33.0298
symmetric-1347,symmetric,52.1091
symmetric-1348,symmetric,38.8324
symmetric-1349,symmetric,40.9425
symmetric-1350,symmetric,42.4035
symmetric-1351,symmetric,32.0067
symmetric-1352,symmetric,29.1197
symmetric-1353,symmetric,40.383
symmetric-1354,symmetric,43.1617
symmetric-1355,symmetric,36.2829
symmetric-1356,symmetric,26.0813
symmetric-1357,symmetric,53.3945
symmetric-1358,symmetric,29.2529
symmetric-1359,symmetric,29.7509
symmetric-1360,symmetric,71.7202
symmetric-1361,symmetric,50.3002
symmetric-1362,symmetric,28.4963
symmetric-1363,symmetric,49.9163
symmetric-1364,symmetric,40.3651
symmetric-1365,symmetric,43.5431
symmetric-1366,symmetric,37.7793
symmetric-1367,symmetric,24.3109
symmetric-1368,symmetric,45.2627
symmetric-1369,symmetric,29.4025
symmetric-1370,symmetric,34.8535
symmetric-1371,symmetric,22.7749
symmetric-1372,symmetric,31.3572
symmetric-1373,symmetric,36.7986
symmetric-1374,symmetric,26.4737
symmetric-1375,symmetric,42.2307
symmetric-1376,symmetric,36.1046
symmetric-1377,symmetric,41.3039
symmetric-1378,symmetric,58.8573
symmetric-1379,symmetric,38.4436
symmetric-1380,symmetric,41.6177
symmetric-1381,symmetric,48.1259
symmetric-1382,symmetric,37.3058
symmetric-1383,symmetric,23.6279
symmetric-1384,symmetric,41.8852
symmetric-1385,symmetric,49.7872
symmetric-1386,symmetric,45.9474
symmetric-1387,symmetric,41.5953
symmetric-1388,symmetric,47.1783
symmetric-1389,symmetric,25.5654
symmetric-1390,symmetric,30.629
symmetric-1391,symmetric,60.3749
symmetric-1392,symmetric,15.7791
symmetric-1393,symmetric,38.5604
symmetric-1394,symmetric,25.4821
symmetric-1395,symmetric,67.1419
symmetric-1396,symmetric,38.2809
symmetric-1397,symmetric,52.8352
symmetric-1398,symmetric,40.7492
symmetric-1399,symmetric,38.5393
symmetric-1400,symmetric,46.6165
symmetric-1401,symmetric,32.7598
symmetric-1402,symmetric,39.9974
symmetric-1403,symmetric,55.2886
symmetric-1404,symmetric,48.1632
symmetric-1405,symmetric,46.5514
symmetric-1406,symmetric,57.1608
symmetric-1407,symmetric,41.0506
symmetric-1408,symmetric,35.8808
symmetric-1409,symmetric,30.1974
symmetric-1410,symmetric,49.3862
symmetric-1411,symmetric,34.1936
symmetric-1412,symmetric,34.7948
symmetric-1413,symmetric,43.9779
symmetric-1414,symmetric,62.0288
symmetric-1415,symmetric,30.7007
symmetric-1416,symmetric,45.8671
symmetric-1417,symmetric,64.0023
symmetric-1418,symmetric,48.4229
symmetric-1419,symmetric,32.9484
symmetric-1420,symmetric,54.7387
symmetric-1421,symmetric,30.5319
symmetric-1422,symmetric,40.6361
symmetric-1423,symmetric,34.968
symmetric-1424,symmetric,36.599
symmetric-1425,symmetric,37.0073
symmetric-1426,symmetric,41.1405
symmetric-1427,symmetric,51.4839
symmetric-1428,symmetric,38.4878
symmetric-1429,symmetric,41.9701
symmetric-1430,symmetric,43.2125
symmetric-1431,symmetric,46.8065
symmetric-1432,symmetric,34.5675
symmetric-1433,symmetric,35.6799
symmetric-1434,symmetric,49.5885
symmetric-1435,symmetric,47.4613
symmetric-1436,symmetric,34.0807
symmetric-1437,symmetric,42.0613
symmetric-1438,symmetric,51.3926
symmetric-1439,symmetric,48.066
symmetric-1440,symmetric,24.4558
symmetric-1441,symmetric,20.0392
symmetric-1442,symmetric,40.2196
symmetric-1443,symmetric,37.0684
symmetric-1444,symmetric,57.0059
symmetric-1445,symmetric,32.8309
symmetric-1446,symmetric,25.6094
symmetric-1447,symmetric,25.8451
symmetric-1448,symmetric,46.4225
symmetric-1449,symmetric,40.3268
symmetric-1450,symmetric,62.2713
symmetric-1451,symmetric,23.5189
symmetric-1452,symmetric,25.2626
symmetric-1453,symmetric,17.2178
symmetric-1454,symmetric,46.0867
symmetric-1455,symmetric,48.7112
symmetric-1456,symmetric,20.3249
symmetric-1457,symmetric,46.4228
symmetric-1458,symmetric,32.1009
symmetric-1459,symmetric,38.5628
symmetric-1460,symmetric,59.3114
symmetric-1461,symmetric,48.4506
symmetric-1462,symmetric,43.034
symmetric-1463,symmetric,38.33
symmetric-1464,symmetric,42.4312
symmetric-1465,symmetric,35.537
symmetric-1466,symmetric,24.0227
symmetric-1467,symmetric,45.2902
symmetric-1468,symmetric,35.0482
symmetric-1469,symmetric,57.3175
symmetric-1470,symmetric,35.8411
symmetric-1471,symmetric,39.7941
symmetric-1472,symmetric,32.8213
symmetric-1473,symmetric,45.6014
symmetric-1474,symmetric,56.324
symmetric-1475,symmetric,25.0973
symmetric-1476,symmetric,53.3292
symmetric-1477,symmetric,51.8085
symmetric-1478,symmetric,40.2695
symmetric-1479,symmetric,56.788
symmetric-1480,symmetric,31.0175
symmetric-1481,symmetric,37.6843
symmetric-1482,symmetric,37.3177
symmetric-1483,symmetric,37.7836
symmetric-1484,symmetric,34.5653
symmetric-1485,symmetric,58.1948
symmetric-1486,symmetric,42.4417
symmetric-1487,symmetric,47.3525
symmetric-1488,symmetric,17.9163
symmetric-1489,symmetric,58.5929
symmetric-1490,symmetric,25.3533
symmetric-1491,symmetric,26.3131
symmetric-1492,symmetric,40.5565
symmetric-1493,symmetric,31.1509
symmetric-1494,symmetric,44.1478
symmetric-1495,symmetric,41.5735
symmetric-1496,symmetric,36.5245
symmetric-1497,symmetric,38.9834
symmetric-1498,symmetric,32.0439
symmetric-1499,symmetric,57.5308
symmetric-1500,symmetric,54.4392
symmetric-1501,symmetric,23.7663
symmetric-1502,symmetric,46.7284
symmetric-1503,symmetric,37.6225
symmetric-1504,symmetric,35.6074
symmetric-1505,symmetric,28.1354
symmetric-1506,symmetric,51.9749
symmetric-1507,symmetric,32.3959
symmetric-1508,symmetric,46.0298
symmetric-1509,symmetric,28.4814
symmetric-1510,symmetric,27.9493
symmetric-1511,symmetric,31.5769
symmetric-1512,symmetric,47.8083
symmetric-1513,symmetric,46.6841
symmetric-1514,symmetric,34.5983
symmetric-1515,symmetric,49.1452
symmetric-1516,symmetric,35.7846
symmetric-1517,symmetric,42.8911
symmetric-1518,symmetric,16.7411
symmetric-1519,symmetric,31.7581
symmetric-1520,symmetric,32.8112
symmetric-1521,symmetric,45.1022
symmetric-1522,symmetric,32.6734
symmetric-1523,symmetric,35.8842
symmetric-1524,symmetric,35.8564
symmetric-1525,symmetric,46.0194
symmetric-1526,symmetric,52.7868
symmetric-1527,symmetric,56.0746
symmetric-1528,symmetric,53.0055
symmetric-1529,symmetric,24.0485
symmetric-1530,symmetric,26.0571
symmetric-1531,symmetric,40.7531
symmetric-1532,symmetric,37.3249
symmetric-1533,symmetric,42.9009
symmetric-1534,symmetric,32.8292
symmetric-1535,symmetric,51.0368
symmetric-1536,symmetric,34.9229
symmetric-1537,symmetric,55.6885
symmetric-1538,symmetric,30.9063
symmetric-1539,symmetric,39.8905
symmetric-1540,symmetric,32.3088
symmetric-1541,symmetric,47.372
symmetric-1542,symmetric,47.2788
symmetric-1543,symmetric,24.9983
symmetric-1544,symmetric,52.1541
symmetric-1545,symmetric,45.3662
symmetric-1546,symmetric,43.8131
symmetric-1547,symmetric,27.4751
symmetric-1548,symmetric,36.6866
symmetric-1549,symmetric,41.7687
symmetric-1550,symmetric,31.8418
symmetric-1551,symmetric,29.441
symmetric-1552,symmetric,23.6363
symmetric-1553,symmetric,42.7483
symmetric-1554,symmetric,53.9353
symmetric-1555,symmetric,31.8341
symmetric-1556,symmetric,31.2211
symmetric-1557,symmetric,37.0074
symmetric-1558,symmetric,53.8804
symmetric-1559,symmetric,52.7354
symmetric-1560,symmetric,33.8042
symmetric-1561,symmetric,46.8739
symmetric-1562,symmetric,48.135
symmetric-1563,symmetric,32.7652
symmetric-1564,symmetric,25.4145
symmetric-1565,symmetric,49.877
symmetric-1566,symmetric,35.4761
symmetric-1567,symmetric,34.8212
symmetric-1568,symmetric,56.7001
symmetric-1569,symmetric,64.0133
symmetric-1570,symmetric,44.5444
symmetric-1571,symmetric,30.44
symmetric-1572,symmetric,48.9346
symmetric-1573,symmetric,31.0506
symmetric-1574,symmetric,33.2555
symmetric-1575,symmetric,31.6158
symmetric-1576,symmetric,40.2036
symmetric-1577,symmetric,50.2885
symmetric-1578,symmetric,48.6485
symmetric-1579,symmetric,28.8739
symmetric-1580,symmetric,52.2078
symmetric-1581,symmetric,42.5765
symmetric-1582,symmetric,37.6172
symmetric-1583,symmetric,47.2849
symmetric-1584,symmetric,28.0245
symmetric-1585,symmetric,39.4987
symmetric-1586,symmetric,50.5447
symmetric-1587,symmetric,31.3937
symmetric-1588,symmetric,31.3399
symmetric-1589,symmetric,45.9653
symmetric-1590,symmetric,54.355
symmetric-1591,symmetric,55.3615
symmetric-1592,symmetric,31.9708
symmetric-1593,symmetric,34.7899
symmetric-1594,symmetric,22.2409
symmetric-1595,symmetric,59.5296
symmetric-1596,symmetric,46.4835
symmetric-1597,symmetric,53.2045
symmetric-1598,symmetric,32.8212
symmetric-1599,symmetric,20.3902
symmetric-1600,symmetric,41.0412
symmetric-1601,symmetric,43.8504
symmetric-1602,symmetric,26.9468
symmetric-1603,symmetric,41.0789
symmetric-1604,symmetric,50.0784
symmetric-1605,symmetric,45.4711
symmetric-1606,symmetric,21.0523
symmetric-1607,symmetric,25.2472
symmetric-1608,symmetric,42.3536
symmetric-1609,symmetric,46.49
symmetric-1610,symmetric,38.6693
symmetric-1611,symmetric,52.2202
symmetric-1612,symmetric,29.9489
symmetric-1613,symmetric,34.1881
symmetric-1614,symmetric,27.0179
symmetric-1615,symmetric,25.5407
symmetric-1616,symmetric,31.1346
symmetric-1617,symmetric,29.903
symmetric-1618,symmetric,43.7085
symmetric-1619,symmetric,25.7184
symmetric-1620,symmetric,60.3843
symmetric-1621,symmetric,43.7572
symmetric-1622,symmetric,37.0217
symmetric-1623,symmetric,22.0327
symmetric-1624,symmetric,23.9239
symmetric-1625,symmetric,47.7041
symmetric-1626,symmetric,51.7197
symmetric-1627,symmetric,52.8355
symmetric-1628,symmetric,14.1772
symmetric-1629,symmetric,40.722
symmetric-1630,symmetric,46.4151
symmetric-1631,symmetric,34.3681
symmetric-1632,symmetric,40.0807
symmetric-1633,symmetric,34.4058
symmetric-1634,symmetric,45.6387
symmetric-1635,symmetric,25.0913
symmetric-1636,symmetric,17.8765
symmetric-1637,symmetric,30.7907
symmetric-1638,symmetric,20.963
symmetric-1639,symmetric,43.1912
symmetric-1640,symmetric,37.2564
symmetric-1641,symmetric,42.4289
symmetric-1642,symmetric,49.1982
symmetric-1643,symmetric,38.8091
symmetric-1644,symmetric,24.8216
symmetric-1645,symmetric,35.1612
symmetric-1646,symmetric,47.2192
symmetric-1647,symmetric,31.2285
symmetric-1648,symmetric,30.5086
symmetric-1649,symmetric,49.7792
symmetric-1650,symmetric,18.0352
symmetric-1651,symmetric,31.9858
symmetric-1652,symmetric,39.2433
symmetric-1653,symmetric,35.6914
symmetric-1654,symmetric,37.4654
symmetric-1655,symmetric,37.9976
symmetric-1656,symmetric,28.9693
symmetric-1657,symmetric,36.0943
symmetric-1658,symmetric,23.611
symmetric-1659,symmetric,50.1595
symmetric-1660,symmetric,33.2392
symmetric-1661,symmetric,41.5642
symmetric-1662,symmetric,30.6002
symmetric-1663,symmetric,31.0562
symmetric-1664,symmetric,46.1488
symmetric-1665,symmetric,14.0132
symmetric-1666,symmetric,48.2886
symmetric-1667,symmetric,62.3268
symmetric-1668,symmetric,44.4863
symmetric-1669,symmetric,41.2785
symmetric-1670,symmetric,36.0656
symmetric-1671,symmetric,40.7649
symmetric-1672,symmetric,49.9466
symmetric-1673,symmetric,51.2946
symmetric-1674,symmetric,27.1611
symmetric-1675,symmetric,33.8607
symmetric-1676,symmetric,38.1143
symmetric-1677,symmetric,44.2227
symmetric-1678,symmetric,33.819
symmetric-1679,symmetric,28.9173
symmetric-1680,symmetric,45.1311
symmetric-1681,symmetric,38.0762
symmetric-1682,symmetric,35.0202
symmetric-1683,symmetric,43.1766
symmetric-1684,symmetric,48.6542
symmetric-1685,symmetric,27.7389
symmetric-1686,symmetric,37.8853
symmetric-1687,symmetric,24.8754
symmetric-1688,symmetric,33.0986
symmetric-1689,symmetric,52.796
symmetric-1690,symmetric,52.0945
symmetric-1691,symmetric,23.9425
symmetric-1692,symmetric,37.4594
symmetric-1693,symmetric,28.0238
symmetric-1694,symmetric,23.6022
symmetric-1695,symmetric,30.0031
symmetric-1696,symmetric,40.0859
symmetric-1697,symmetric,32.5063
symmetric-1698,symmetric,35.1756
symmetric-1699,symmetric,43.5451
symmetric-1700,symmetric,48.2945
symmetric-1701,symmetric,30.3433
symmetric-1702,symmetric,36.2131
symmetric-1703,symmetric,33.5619
symmetric-1704,symmetric,51.9245
symmetric-1705,symmetric,47.7691
symmetric-1706,symmetric,35.4279
symmetric-1707,symmetric,39.2018
symmetric-1708,symmetric,40.5245
symmetric-1709,symmetric,53.2862
symmetric-1710,symmetric,40.877
symmetric-1711,symmetric,46.4652
symmetric-1712,symmetric,34.1851
symmetric-1713,symmetric,40.2374
symmetric-1714,symmetric,61.8019
symmetric-1715,symmetric,41.7842
symmetric-1716,symmetric,47.535
symmetric-1717,symmetric,45.8995
symmetric-1718,symmetric,62.8116
symmetric-1719,symmetric,39.8244
symmetric-1720,symmetric,44.5453
symmetric-1721,symmetric,37.3688
symmetric-1722,symmetric,44.4888
symmetric-1723,symmetric,38.9579
symmetric-1724,symmetric,33.5971
symmetric-1725,symmetric,34.5673
symmetric-1726,symmetric,38.641
symmetric-1727,symmetric,44.5293
symmetric-1728,symmetric,40.0006
symmetric-1729,symmetric,36.5612
symmetric-1730,symmetric,50.6663
symmetric-1731,symmetric,41.638
symmetric-1732,symmetric,44.3725
symmetric-1733,symmetric,58.7273
symmetric-1734,symmetric,32.7571
symmetric-1735,symmetric,54.2205
symmetric-1736,symmetric,38.8388
symmetric-1737,symmetric,42.9307
symmetric-1738,symmetric,47.248
symmetric-1739,symmetric,33.4509
symmetric-1740,symmetric,51.7252
symmetric-1741,symmetric,44.7877
symmetric-1742,symmetric,32.0609
symmetric-1743,symmetric,43.5356
symmetric-1744,symmetric,30.5628
symmetric-1745,symmetric,28.124
symmetric-1746,symmetric,26.324
symmetric-1747,symmetric,20.5266
symmetric-1748,symmetric,43.0105
symmetric-1749,symmetric,33.3339
symmetric-1750,symmetric,64.4136
symmetric-1751,symmetric,48.2183
symmetric-1752,symmetric,36.532
symmetric-1753,symmetric,38.35
symmetric-1754,symmetric,43.8211
symmetric-1755,symmetric,38.4245
symmetric-1756,symmetric,45.8403
symmetric-1757,symmetric,22.8242
symmetric-1758,symmetric,41.0184
symmetric-1759,symmetric,72.457
symmetric-1760,symmetric,25.0147
symmetric-1761,symmetric,30.796
symmetric-1762,symmetric,30.3551
symmetric-1763,symmetric,34.8038
symmetric-1764,symmetric,40.4827
symmetric-1765,symmetric,35.1161
symmetric-1766,symmetric,46.5614
symmetric-1767,symmetric,38.0527
symmetric-1768,symmetric,22.1403
symmetric-1769,symmetric,39.3183
symmetric-1770,symmetric,43.4741
symmetric-1771,symmetric,38.6211
symmetric-1772,symmetric,47.3849
symmetric-1773,symmetric,25.3254
symmetric-1774,symmetric,48.242
symmetric-1775,symmetric,36.1911
symmetric-1776,symmetric,42.3917
symmetric-1777,symmetric,29.5579
symmetric-1778,symmetric,45.2253
symmetric-1779,symmetric,42.5523
symmetric-1780,symmetric,34.5159
symmetric-1781,symmetric,15.3103
symmetric-1782,symmetric,30.4596
symmetric-1783,symmetric,48.4192
symmetric-1784,symmetric,52.8667
symmetric-1785,symmetric,39.3239
symmetric-1786,symmetric,24.7469
symmetric-1787,symmetric,35.0668
symmetric-1788,symmetric,36.8763
symmetric-1789,symmetric,50.0342
symmetric-1790,symmetric,39.4404
symmetric-1791,symmetric,66.3623
symmetric-1792,symmetric,25.2255
symmetric-1793,symmetric,45.3505
symmetric-1794,symmetric,56.8219
symmetric-1795,symmetric,48.3528
symmetric-1796,symmetric,37.3524
symmetric-1797,symmetric,21.2403
symmetric-1798,symmetric,38.9266
symmetric-1799,symmetric,39.3524
symmetric-1800,symmetric,45.6141
symmetric-1801,symmetric,22.8676
symmetric-1802,symmetric,39.7679
symmetric-1803,symmetric,51.2591
symmetric-1804,symmetric,45.7302
symmetric-1805,symmetric,41.4186
symmetric-1806,symmetric,39.4467
symmetric-1807,symmetric,44.352
symmetric-1808,symmetric,46.7661
symmetric-1809,symmetric,44.6718
symmetric-1810,symmetric,54.7639
symmetric-1811,symmetric,35.1126
symmetric-1812,symmetric,44.3544
symmetric-1813,symmetric,32.2451
symmetric-1814,symmetric,31.4961
symmetric-1815,symmetric,36.3928
symmetric-1816,symmetric,26.0504
symmetric-1817,symmetric,45.8637
symmetric-1818,symmetric,34.2767
symmetric-1819,symmetric,40.8851
symmetric-1820,symmetric,60.1499
symmetric-1821,symmetric,37.3093
symmetric-1822,symmetric,53.3479
symmetric-1823,symmetric,34.4913
symmetric-1824,symmetric,49.2746
symmetric-1825,symmetric,46.426
symmetric-1826,symmetric,31.6655
symmetric-1827,symmetric,40.9548
symmetric-1828,symmetric,48.4315
symmetric-1829,symmetric,38.1171
symmetric-1830,symmetric,36.4807
symmetric-1831,symmetric,24.7034
symmetric-1832,symmetric,36.8225
symmetric-1833,symmetric,32.679
symmetric-1834,symmetric,33.6261
symmetric-1835,symmetric,39.6628
symmetric-1836,symmetric,29.7341
symmetric-1837,symmetric,30.2533
symmetric-1838,symmetric,43.3678
symmetric-1839,symmetric,27.0486
symmetric-1840,symmetric,34.2835
symmetric-1841,symmetric,29.2278
symmetric-1842,symmetric,35.8362
symmetric-1843,symmetric,49.7213
symmetric-1844,symmetric,23.3476
symmetric-1845,symmetric,39.8489
symmetric-1846,symmetric,37.8336
symmetric-1847,symmetric,48.0491
symmetric-1848,symmetric,32.951
symmetric-1849,symmetric,56.0768
symmetric-1850,symmetric,48.142
symmetric-1851,symmetric,40.2363
symmetric-1852,symmetric,41.8726
symmetric-1853,symmetric,49.0152
symmetric-1854,symmetric,30.6321
symmetric-1855,symmetric,35.4535
symmetric-1856,symmetric,36.5795
symmetric-1857,symmetric,43.6231
symmetric-1858,symmetric,34.0547
symmetric-1859,symmetric,50.2672
symmetric-1860,symmetric,50.9104
symmetric-1861,symmetric,36.0248
symmetric-1862,symmetric,40.9336
symmetric-1863,symmetric,30.3622
symmetric-1864,symmetric,59.5035
symmetric-1865,symmetric,52.2522
symmetric-1866,symmetric,24.5389
symmetric-1867,symmetric,43.7046
symmetric-1868,symmetric,29.4644
symmetric-1869,symmetric,39.6396
symmetric-1870,symmetric,27.9796
symmetric-1871,symmetric,62.0301
symmetric-1872,symmetric,47.0685
symmetric-1873,symmetric,44.3
symmetric-1874,symmetric,38.1532
symmetric-1875,symmetric,47.9752
symmetric-1876,symmetric,33.3876
symmetric-1877,symmetric,54.0629
symmetric-1878,symmetric,39.2409
symmetric-1879,symmetric,37.3397
symmetric-1880,symmetric,43.6885
symmetric-1881,symmetric,52.9465
symmetric-1882,symmetric,61.0651
symmetric-1883,symmetric,47.0571
symmetric-1884,symmetric,45.1537
symmetric-1885,symmetric,32.2627
symmetric-1886,symmetric,53.1087
symmetric-1887,symmetric,38.5263
symmetric-1888,symmetric,35.2678
symmetric-1889,symmetric,52.8526
symmetric-1890,symmetric,27.4603
symmetric-1891,symmetric,25.0981
symmetric-1892,symmetric,37.7194
symmetric-1893,symmetric,55.0689
symmetric-1894,symmetric,47.846
symmetric-1895,symmetric,37.6357
symmetric-1896,symmetric,48.3265
symmetric-1897,symmetric,38.6458
symmetric-1898,symmetric,49.9254
symmetric-1899,symmetric,34.8502
symmetric-1900,symmetric,35.0262
symmetric-1901,symmetric,45.9428
symmetric-1902,symmetric,43.9599
symmetric-1903,symmetric,52.7773
symmetric-1904,symmetric,30.4177
symmetric-1905,symmetric,26.201
symmetric-1906,symmetric,54.307
symmetric-1907,symmetric,36.428
symmetric-1908,symmetric,33.5223
symmetric-1909,symmetric,38.9026
symmetric-1910,symmetric,32.017
symmetric-1911,symmetric,44.6455
symmetric-1912,symmetric,39.5566
symmetric-1913,symmetric,57.3688
symmetric-1914,symmetric,48.0484
symmetric-1915,symmetric,47.5097
symmetric-1916,symmetric,40.8907
symmetric-1917,symmetric,33.1765
symmetric-1918,symmetric,58.0908
symmetric-1919,symmetric,38.4292
symmetric-1920,symmetric,47.0524
symmetric-1921,symmetric,57.7164
symmetric-1922,symmetric,39.4744
symmetric-1923,symmetric,45.0747
symmetric-1924,symmetric,30.9467
symmetric-1925,symmetric,37.6207
symmetric-1926,symmetric,43.4133
symmetric-1927,symmetric,39.2405
symmetric-1928,symmetric,43.9884
symmetric-1929,symmetric,48.4975
symmetric-1930,symmetric,29.4559
symmetric-1931,symmetric,38.8866
symmetric-1932,symmetric,27.3558
symmetric-1933,symmetric,37.7797
symmetric-1934,symmetric,22.3307
symmetric-1935,symmetric,35.3532
symmetric-1936,symmetric,38.1524
symmetric-1937,symmetric,46.967
symmetric-1938,symmetric,48.7101
symmetric-1939,symmetric,34.1144
symmetric-1940,symmetric,41.1689
symmetric-1941,symmetric,47.904
symmetric-1942,symmetric,53.2765
symmetric-1943,symmetric,25.3987
symmetric-1944,symmetric,40.1799
symmetric-1945,symmetric,42.8423
symmetric-1946,symmetric,49.3025
symmetric-1947,symmetric,47.5836
symmetric-1948,symmetric,40.2893
symmetric-1949,symmetric,30.1197
symmetric-1950,symmetric,45.1711
symmetric-1951,symmetric,31.6084
symmetric-1952,symmetric,25.8947
symmetric-1953,symmetric,45.0052
symmetric-1954,symmetric,43.3947
symmetric-1955,symmetric,30.7955
symmetric-1956,symmetric,39.8295
symmetric-1957,symmetric,36.5667
symmetric-1958,symmetric,56.7567
symmetric-1959,symmetric,65.835
symmetric-1960,symmetric,40.7261
symmetric-1961,symmetric,34.5087
symmetric-1962,symmetric,36.7337
symmetric-1963,symmetric,18.326
symmetric-1964,symmetric,35.355
symmetric-1965,symmetric,51.1617
symmetric-1966,symmetric,46.8341
symmetric-1967,symmetric,45.0806
symmetric-1968,symmetric,34.1848
symmetric-1969,symmetric,43.579
symmetric-1970,symmetric,33.3079
symmetric-1971,symmetric,40.3325
symmetric-1972,symmetric,30.7928
symmetric-1973,symmetric,57.7283
symmetric-1974,symmetric,27.1673
symmetric-1975,symmetric,48.6299
symmetric-1976,symmetric,35.9676
symmetric-1977,symmetric,35.4754
symmetric-1978,symmetric,32.6901
symmetric-1979,symmetric,41.4475
symmetric-1980,symmetric,45.6521
symmetric-1981,symmetric,47.3258
symmetric-1982,symmetric,47.875
symmetric-1983,symmetric,63.4205
symmetric-1984,symmetric,33.3543
symmetric-1985,symmetric,33.9354
symmetric-1986,symmetric,33.9843
symmetric-1987,symmetric,52.7942
symmetric-1988,symmetric,49.3943
symmetric-1989,symmetric,38.3615
symmetric-1990,symmetric,44.2069
symmetric-1991,symmetric,35.9378
symmetric-1992,symmetric,48.847
symmetric-1993,symmetric,32.5874
symmetric-1994,symmetric,37.4893
symmetric-1995,symmetric,41.2433
symmetric-1996,symmetric,35.3642
symmetric-1997,symmetric,33.4749
symmetric-1998,symmetric,31.5606
symmetric-1999,symmetric,44.9698
symmetric-2000,symmetric,34.0798
symmetric-2001,symmetric,49.5128
symmetric-2002,symmetric,51.5153
symmetric-2003,symmetric,43.8565
symmetric-2004,symmetric,22.4314
symmetric-2005,symmetric,32.906
symmetric-2006,symmetric,17.0868
symmetric-2007,symmetric,45.1262
symmetric-2008,symmetric,30.6753
symmetric-2009,symmetric,57.4488
symmetric-2010,symmetric,41.0128
symmetric-2011,symmetric,47.2618
symmetric-2012,symmetric,43.8453
symmetric-2013,symmetric,33.5654
symmetric-2014,symmetric,49.4604
symmetric-2015,symmetric,34.9299
symmetric-2016,symmetric,29.518
symmetric-2017,symmetric,53.6124
symmetric-2018,symmetric,49.6468
symmetric-2019,symmetric,53.0675
symmetric-2020,symmetric,60.1168
symmetric-2021,symmetric,32.4593
symmetric-2022,symmetric,46.8701
symmetric-2023,symmetric,30.7405
symmetric-2024,symmetric,38.9993
symmetric-2025,symmetric,51.0944
symmetric-2026,symmetric,60.3804
symmetric-2027,symmetric,54.3847
symmetric-2028,symmetric,39.4802
symmetric-2029,symmetric,32.6303
symmetric-2030,symmetric,44.9298
symmetric-2031,symmetric,36.8528
symmetric-2032,symmetric,33.7308
symmetric-2033,symmetric,40.6071
symmetric-2034,symmetric,18.429
symmetric-2035,symmetric,41.6067
symmetric-2036,symmetric,29.6028
symmetric-2037,symmetric,39.6677
symmetric-2038,symmetric,38.1966
symmetric-2039,symmetric,47.8132
symmetric-2040,symmetric,33.1846
symmetric-2041,symmetric,41.6794
symmetric-2042,symmetric,43.4509
symmetric-2043,symmetric,42.317
symmetric-2044,symmetric,41.2692
symmetric-2045,symmetric,29.9325
symmetric-2046,symmetric,44.7406
symmetric-2047,symmetric,56.7417
symmetric-2048,symmetric,32.24
symmetric-2049,symmetric,47.4624
symmetric-2050,symmetric,39.3902
symmetric-2051,symmetric,30.1543
symmetric-2052,symmetric,43.1338
symmetric-2053,symmetric,38.3872
symmetric-2054,symmetric,15.9091
symmetric-2055,symmetric,43.7812
symmetric-2056,symmetric,29.4314
symmetric-2057,symmetric,35.3663
symmetric-2058,symmetric,27.79
symmetric-2059,symmetric,35.6831
symmetric-2060,symmetric,34.6838
symmetric-2061,symmetric,40.2321
symmetric-2062,symmetric,62.2623
symmetric-2063,symmetric,36.3773
symmetric-2064,symmetric,29.8734
symmetric-2065,symmetric,42.7094
symmetric-2066,symmetric,42.0021
symmetric-2067,symmetric,20.2023
symmetric-2068,symmetric,43.6537
symmetric-2069,symmetric,27.6561
symmetric-2070,symmetric,37.3218
symmetric-2071,symmetric,28.6195
symmetric-2072,symmetric,52.319
symmetric-2073,symmetric,40.1102
symmetric-2074,symmetric,45.7706
symmetric-2075,symmetric,33.7749
symmetric-2076,symmetric,43.5191
symmetric-2077,symmetric,21.4583
symmetric-2078,symmetric,24.387
symmetric-2079,symmetric,30.2226
symmetric-2080,symmetric,48.527
symmetric-2081,symmetric,47.4702
symmetric-2082,symmetric,40.908
symmetric-2083,symmetric,43.2373
symmetric-2084,symmetric,35.8636
symmetric-2085,symmetric,24.6422
symmetric-2086,symmetric,34.4024
symmetric-2087,symmetric,41.7171
symmetric-2088,symmetric,31.5364
symmetric-2089,symmetric,33.6691
symmetric-2090,symmetric,48.4578
symmetric-2091,symmetric,29.7754
symmetric-2092,symmetric,38.7344
symmetric-2093,symmetric,40.1208
symmetric-2094,symmetric,42.4299
symmetric-2095,symmetric,41.1248
symmetric-2096,symmetric,31.4785
symmetric-2097,symmetric,38.8491
symmetric-2098,symmetric,63.3712
symmetric-2099,symmetric,50.2448
symmetric-2100,symmetric,39.8598
symmetric-2101,symmetric,50.6368
symmetric-2102,symmetric,27.5589
symmetric-2103,symmetric,27.8545
symmetric-2104,symmetric,42.8034
symmetric-2105,symmetric,68.6607
symmetric-2106,symmetric,24.712
symmetric-2107,symmetric,38.3951
symmetric-2108,symmetric,32.1998
symmetric-2109,symmetric,48.3922
symmetric-2110,symmetric,55.3309
symmetric-2111,symmetric,38.4442
symmetric-2112,symmetric,39.5268
symmetric-2113,symmetric,30.3339
symmetric-2114,symmetric,25.9514
symmetric-2115,symmetric,37.1733
symmetric-2116,symmetric,57.0684
symmetric-2117,symmetric,33.4689
symmetric-2118,symmetric,30.905
symmetric-2119,symmetric,32.0744
symmetric-2120,symmetric,41.3929
symmetric-2121,symmetric,46.5924
symmetric-2122,symmetric,62.0393
symmetric-2123,symmetric,34.1054
symmetric-2124,symmetric,25.3875
symmetric-2125,symmetric,55.5493
symmetric-2126,symmetric,22.6885
symmetric-2127,symmetric,43.393
symmetric-2128,symmetric,35.8411
symmetric-2129,symmetric,16.8814
symmetric-2130,symmetric,54.5591
symmetric-2131,symmetric,25.6341
symmetric-2132,symmetric,43.8947
symmetric-2133,symmetric,39.2875
symmetric-2134,symmetric,48.4458
symmetric-2135,symmetric,19.9135
symmetric-2136,symmetric,48.1883
symmetric-2137,symmetric,38.3533
symmetric-2138,symmetric,40.478
symmetric-2139,symmetric,40.1875
symmetric-2140,symmetric,29.1414
symmetric-2141,symmetric,45.9902
symmetric-2142,symmetric,47.0931
symmetric-2143,symmetric,20.3347
symmetric-2144,symmetric,35.8195
symmetric-2145,symmetric,55.8019
symmetric-2146,symmetric,43.3186
symmetric-2147,symmetric,31.5564
symmetric-2148,symmetric,31.5558
symmetric-2149,symmetric,48.7646
symmetric-2150,symmetric,42.385
symmetric-2151,symmetric,47.2846
symmetric-2152,symmetric,32.0466
symmetric-2153,symmetric,47.4025
symmetric-2154,symmetric,52.027
symmetric-2155,symmetric,27.9019
symmetric-2156,symmetric,20.9802
symmetric-2157,symmetric,34.1774
symmetric-2158,symmetric,44.1577
symmetric-2159,symmetric,46.5541
symmetric-2160,symmetric,33.8339
symmetric-2161,symmetric,40.5252
symmetric-2162,symmetric,42.2962
symmetric-2163,symmetric,25.3424
symmetric-2164,symmetric,28.5129
symmetric-2165,symmetric,63.0753
symmetric-2166,symmetric,44.9858
symmetric-2167,symmetric,29.5069
symmetric-2168,symmetric,40.2729
symmetric-2169,symmetric,40.2616
symmetric-2170,symmetric,35.1589
symmetric-2171,symmetric,28.446
symmetric-2172,symmetric,49.617
symmetric-2173,symmetric,44.6476
symmetric-2174,symmetric,43.2195
symmetric-2175,symmetric,42.4181
symmetric-2176,symmetric,23.2915
symmetric-2177,symmetric,46.8235
symmetric-2178,symmetric,37.3293
symmetric-2179,symmetric,44.2601
symmetric-2180,symmetric,36.8988
symmetric-2181,symmetric,39.1323
symmetric-2182,symmetric,56.8489
symmetric-2183,symmetric,45.8909
symmetric-2184,symmetric,50.3647
symmetric-2185,symmetric,59.3162
symmetric-2186,symmetric,33.6254
symmetric-2187,symmetric,28.7828
symmetric-2188,symmetric,44.7108
symmetric-2189,symmetric,23.742
symmetric-2190,symmetric,49.0981
symmetric-2191,symmetric,55.6437
symmetric-2192,symmetric,42.2149
symmetric-2193,symmetric,49.0851
symmetric-2194,symmetric,39.0162
symmetric-2195,symmetric,28.0002
symmetric-2196,symmetric,61.4784
symmetric-2197,symmetric,45.9577
symmetric-2198,symmetric,35.6667
symmetric-2199,symmetric,46.9354
symmetric-2200,symmetric,43.0609
symmetric-2201,symmetric,36.5603
symmetric-2202,symmetric,41.6494
symmetric-2203,symmetric,43.9814
symmetric-2204,symmetric,23.991
symmetric-2205,symmetric,29.7818
symmetric-2206,symmetric,30.4626
symmetric-2207,symmetric,51.5676
symmetric-2208,symmetric,50.6778
symmetric-2209,symmetric,39.7094
symmetric-2210,symmetric,47.6223
symmetric-2211,symmetric,27.9713
symmetric-2212,symmetric,48.631
symmetric-2213,symmetric,44.2239
symmetric-2214,symmetric,34.0985
symmetric-2215,symmetric,46.4604
symmetric-2216,symmetric,30.5953
symmetric-2217,symmetric,65.9132
symmetric-2218,symmetric,41.0373
symmetric-2219,symmetric,36.4358
symmetric-2220,symmetric,33.6397
symmetric-2221,symmetric,46.595
symmetric-2222,symmetric,36.1363
symmetric-2223,symmetric,27.5427
symmetric-2224,symmetric,48.8984
symmetric-2225,symmetric,29.6705
symmetric-2226,symmetric,35.5674
symmetric-2227,symmetric,47.8246
symmetric-2228,symmetric,50.5972
symmetric-2229,symmetric,48.5741
symmetric-2230,symmetric,60.0512
symmetric-2231,symmetric,29.137
symmetric-2232,symmetric,50.46
symmetric-2233,symmetric,41.1397
symmetric-2234,symmetric,65.2806
symmetric-2235,symmetric,44.1027
symmetric-2236,symmetric,51.5977
symmetric-2237,symmetric,46.1522
symmetric-2238,symmetric,14.8855
symmetric-2239,symmetric,52.2577
symmetric-2240,symmetric,41.9708
symmetric-2241,symmetric,51.9988
symmetric-2242,symmetric,36.8894
symmetric-2243,symmetric,46.3657
symmetric-2244,symmetric,37.1236
symmetric-2245,symmetric,24.5919
symmetric-2246,symmetric,35.9914
symmetric-2247,symmetric,48.6281
symmetric-2248,symmetric,26.5161
symmetric-2249,symmetric,55.7486
symmetric-2250,symmetric,33.0535
symmetric-2251,symmetric,44.4753
symmetric-2252,symmetric,45.834
symmetric-2253,symmetric,32.9639
symmetric-2254,symmetric,18.6149
symmetric-2255,symmetric,49.7027
symmetric-2256,symmetric,24.2836
symmetric-2257,symmetric,46.7962
symmetric-2258,symmetric,36.5228
symmetric-2259,symmetric,35.4437
symmetric-2260,symmetric,47.2312
symmetric-2261,symmetric,18.7523
symmetric-2262,symmetric,53.4775
symmetric-2263,symmetric,37.139
symmetric-2264,symmetric,32.3814
symmetric-2265,symmetric,46.6834
symmetric-2266,symmetric,27.1265
symmetric-2267,symmetric,32.964
symmetric-2268,symmetric,43.2001
symmetric-2269,symmetric,35.5273
symmetric-2270,symmetric,31.7556
symmetric-2271,symmetric,36.9847
symmetric-2272,symmetric,33.5401
symmetric-2273,symmetric,36.961
symmetric-2274,symmetric,41.5479
symmetric-2275,symmetric,46.4821
symmetric-2276,symmetric,31.4479
symmetric-2277,symmetric,47.3792
symmetric-2278,symmetric,36.7604
symmetric-2279,symmetric,37.7212
symmetric-2280,symmetric,32.8452
symmetric-2281,symmetric,40.7343
symmetric-2282,symmetric,32.7651
symmetric-2283,symmetric,40.8776
symmetric-2284,symmetric,17.8523
symmetric-2285,symmetric,28.1918
symmetric-2286,symmetric,43.225
symmetric-2287,symmetric,45.0279
symmetric-2288,symmetric,18.6722
symmetric-2289,symmetric,33.3798
symmetric-2290,symmetric,25.5251
symmetric-2291,symmetric,40.0626
symmetric-2292,symmetric,33.2921
symmetric-2293,symmetric,59.7022
symmetric-2294,symmetric,47.4855
symmetric-2295,symmetric,23.9082
symmetric-2296,symmetric,45.7814
symmetric-2297,symmetric,49.304
symmetric-2298,symmetric,62.5499
symmetric-2299,symmetric,38.586
symmetric-2300,symmetric,40.7886
symmetric-2301,symmetric,46.9602
symmetric-2302,symmetric,34.942
symmetric-2303,symmetric,41.2437
symmetric-2304,symmetric,39.9153
symmetric-2305,symmetric,27.458
symmetric-2306,symmetric,39.2862
symmetric-2307,symmetric,24.7477
symmetric-2308,symmetric,24.5627
symmetric-2309,symmetric,35.7145
symmetric-2310,symmetric,33.1358
symmetric-2311,symmetric,27.022
symmetric-2312,symmetric,35.5791
symmetric-2313,symmetric,35.0906
symmetric-2314,symmetric,37.5061
symmetric-2315,symmetric,30.0079
symmetric-2316,symmetric,58.4104
symmetric-2317,symmetric,36.0849
symmetric-2318,symmetric,55.7749
symmetric-2319,symmetric,44.9492
symmetric-2320,symmetric,39.5211
symmetric-2321,symmetric,31.1288
symmetric-2322,symmetric,40.6712
symmetric-2323,symmetric,52.6199
symmetric-2324,symmetric,60.3473
symmetric-2325,symmetric,59.4328
symmetric-2326,symmetric,45.5342
symmetric-2327,symmetric,27.7781
symmetric-2328,symmetric,46.2077
symmetric-2329,symmetric,38.5581
symmetric-2330,symmetric,42.7401
symmetric-2331,symmetric,23.7424
symmetric-2332,symmetric,53.1442
symmetric-2333,symmetric,35.7239
symmetric-2334,symmetric,55.9569
symmetric-2335,symmetric,40.2119
symmetric-2336,symmetric,42.5552
symmetric-2337,symmetric,50.1952
symmetric-2338,symmetric,39.5334
symmetric-2339,symmetric,29.6434
symmetric-2340,symmetric,62.5565
symmetric-2341,symmetric,49.6113
symmetric-2342,symmetric,30.6311
symmetric-2343,symmetric,48.5618
symmetric-2344,symmetric,37.0852
symmetric-2345,symmetric,50.3455
symmetric-2346,symmetric,23.9957
symmetric-2347,symmetric,33.745
symmetric-2348,symmetric,30.4755
symmetric-2349,symmetric,48.2223
symmetric-2350,symmetric,44.3568
symmetric-2351,symmetric,36.9831
symmetric-2352,symmetric,40.4056
symmetric-2353,symmetric,40.4181
symmetric-2354,symmetric,39.4802
symmetric-2355,symmetric,43.0752
symmetric-2356,symmetric,34.7277
symmetric-2357,symmetric,59.012
symmetric-2358,symmetric,24.0609
symmetric-2359,symmetric,29.7247
symmetric-2360,symmetric,44.0926
symmetric-2361,symmetric,32.5699
symmetric-2362,symmetric,44.983
symmetric-2363,symmetric,32.4642
symmetric-2364,symmetric,52.8568
symmetric-2365,symmetric,46.4207
symmetric-2366,symmetric,43.0384
symmetric-2367,symmetric,59.0315
symmetric-2368,symmetric,20.6556
symmetric-2369,symmetric,50.4048
symmetric-2370,symmetric,42.6728
symmetric-2371,symmetric,36.6797
symmetric-2372,symmetric,50.5454
symmetric-2373,symmetric,51.4726
symmetric-2374,symmetric,38.9376
symmetric-2375,symmetric,47.1578
symmetric-2376,symmetric,40.3051
symmetric-2377,symmetric,23.4385
symmetric-2378,symmetric,39.9956
symmetric-2379,symmetric,44.7477
symmetric-2380,symmetric,43.8656
symmetric-2381,symmetric,41.4496
symmetric-2382,symmetric,31.6091
symmetric-2383,symmetric,42.0861
symmetric-2384,symmetric,23.1931
symmetric-2385,symmetric,47.5324
symmetric-2386,symmetric,43.7279
symmetric-2387,symmetric,29.6569
symmetric-2388,symmetric,30.3451
symmetric-2389,symmetric,63.9618
symmetric-2390,symmetric,43.2292
symmetric-2391,symmetric,46.8297
symmetric-2392,symmetric,36.17
symmetric-2393,symmetric,34.1943
symmetric-2394,symmetric,40.481
symmetric-2395,symmetric,42.0495
symmetric-2396,symmetric,46.1286
symmetric-2397,symmetric,46.1548
symmetric-2398,symmetric,35.8295
symmetric-2399,symmetric,33.7865
symmetric-2400,symmetric,29.2407
symmetric-2401,symmetric,39.2677
symmetric-2402,symmetric,44.8289
symmetric-2403,symmetric,38.7076
symmetric-2404,symmetric,37.2131
symmetric-2405,symmetric,31.2622
symmetric-2406,symmetric,34.0518
symmetric-2407,symmetric,24.1992
symmetric-2408,symmetric,37.4351
symmetric-2409,symmetric,49.9554
symmetric-2410,symmetric,47.1025
symmetric-2411,symmetric,35.6619
symmetric-2412,symmetric,31.5158
symmetric-2413,symmetric,40.4847
symmetric-2414,symmetric,43.8808
symmetric-2415,symmetric,42.7542
symmetric-2416,symmetric,48.0402
symmetric-2417,symmetric,43.3759
symmetric-2418,symmetric,51.8512
symmetric-2419,symmetric,54.5643
symmetric-2420,symmetric,52.8566
symmetric-2421,symmetric,44.3906
symmetric-2422,symmetric,41.8124
symmetric-2423,symmetric,56.3439
symmetric-2424,symmetric,57.8725
symmetric-2425,symmetric,37.9731
symmetric-2426,symmetric,35.4509
symmetric-2427,symmetric,20.5394
symmetric-2428,symmetric,45.7171
symmetric-2429,symmetric,45.0283
symmetric-2430,symmetric,44.1433
symmetric-2431,symmetric,39.3605
symmetric-2432,symmetric,41.5374
symmetric-2433,symmetric,24.692
symmetric-2434,symmetric,45.6798
symmetric-2435,symmetric,16.9155
symmetric-2436,symmetric,41.1657
symmetric-2437,symmetric,44.8203
symmetric-2438,symmetric,41.4573
symmetric-2439,symmetric,37.5193
symmetric-2440,symmetric,45.194
symmetric-2441,symmetric,30.0695
symmetric-2442,symmetric,45.4593
symmetric-2443,symmetric,30.5486
symmetric-2444,symmetric,45.9178
symmetric-2445,symmetric,34.1104
symmetric-2446,symmetric,37.1111
symmetric-2447,symmetric,35.605
symmetric-2448,symmetric,43.1714
symmetric-2449,symmetric,38.6677
symmetric-2450,symmetric,46.9508
symmetric-2451,symmetric,37.2767
symmetric-2452,symmetric,32.6813
symmetric-2453,symmetric,38.9227
symmetric-2454,symmetric,28.4978
symmetric-2455,symmetric,31.4989
symmetric-2456,symmetric,46.7739
symmetric-2457,symmetric,29.7837
symmetric-2458,symmetric,25.6513
symmetric-2459,symmetric,42.5287
symmetric-2460,symmetric,56.1565
symmetric-2461,symmetric,44.7547
symmetric-2462,symmetric,47.793
symmetric-2463,symmetric,41.5464
symmetric-2464,symmetric,42.9271
symmetric-2465,symmetric,35.176
symmetric-2466,symmetric,13.7118
symmetric-2467,symmetric,42.0832
symmetric-2468,symmetric,47.83
symmetric-2469,symmetric,30.4381
symmetric-2470,symmetric,52.2138
symmetric-2471,symmetric,30.5511
symmetric-2472,symmetric,36.2126
symmetric-2473,symmetric,52.3499
symmetric-2474,symmetric,22.5498
symmetric-2475,symmetric,53.0439
symmetric-2476,symmetric,42.6914
symmetric-2477,symmetric,40.8055
symmetric-2478,symmetric,53.8195
symmetric-2479,symmetric,16.9451
symmetric-2480,symmetric,27.0246
symmetric-2481,symmetric,37.6491
symmetric-2482,symmetric,51.7596
symmetric-2483,symmetric,30.9155
symmetric-2484,symmetric,37.2121
symmetric-2485,symmetric,59.321
symmetric-2486,symmetric,45.9045
symmetric-2487,symmetric,36.0805
symmetric-2488,symmetric,50.2589
symmetric-2489,symmetric,45.5361
symmetric-2490,symmetric,19.4597
symmetric-2491,symmetric,31.1885
symmetric-2492,symmetric,46.3438
symmetric-2493,symmetric,29.8637
symmetric-2494,symmetric,37.5966
symmetric-2495,symmetric,42.3899
symmetric-2496,symmetric,46.0509
symmetric-2497,symmetric,40.5464
symmetric-2498,symmetric,43.0977
symmetric-2499,symmetric,60.926
symmetric-2500,symmetric,34.142
symmetric-2501,symmetric,18.178
symmetric-2502,symmetric,34.2644
symmetric-2503,symmetric,27.7468
symmetric-2504,symmetric,39.5678
symmetric-2505,symmetric,38.9864
symmetric-2506,symmetric,42.8144
symmetric-2507,symmetric,45.2262
symmetric-2508,symmetric,52.9796
symmetric-2509,symmetric,51.7597
symmetric-2510,symmetric,41.6473
symmetric-2511,symmetric,36.9721
symmetric-2512,symmetric,48.9524
symmetric-2513,symmetric,51.62
symmetric-2514,symmetric,60.4496
symmetric-2515,symmetric,24.9414
symmetric-2516,symmetric,40.7344
symmetric-2517,symmetric,30.7612
symmetric-2518,symmetric,25.3929
symmetric-2519,symmetric,48.7866
symmetric-2520,symmetric,12.4452
symmetric-2521,symmetric,25.9106
symmetric-2522,symmetric,55.7856
symmetric-2523,symmetric,45.7005
symmetric-2524,symmetric,40.1215
symmetric-2525,symmetric,40.4129
symmetric-2526,symmetric,48.491
symmetric-2527,symmetric,29.7435
symmetric-2528,symmetric,41.6498
symmetric-2529,symmetric,35.9881
symmetric-2530,symmetric,46.1307
symmetric-2531,symmetric,31.4355
symmetric-2532,symmetric,29.8869
symmetric-2533,symmetric,39.0888
symmetric-2534,symmetric,41.151
symmetric-2535,symmetric,36.623
symmetric-2536,symmetric,28.8899
symmetric-2537,symmetric,34.4425
symmetric-2538,symmetric,28.3839
symmetric-2539,symmetric,45.8391
symmetric-2540,symmetric,29.3505
symmetric-2541,symmetric,50.8078
symmetric-2542,symmetric,42.183
symmetric-2543,symmetric,47.9909
symmetric-2544,symmetric,40.1196
symmetric-2545,symmetric,37.3193
symmetric-2546,symmetric,43.438
symmetric-2547,symmetric,30.7461
symmetric-2548,symmetric,40.2138
symmetric-2549,symmetric,39.8141
symmetric-2550,symmetric,46.2221
symmetric-2551,symmetric,47.6233
symmetric-2552,symmetric,35.9922
symmetric-2553,symmetric,41.8402
symmetric-2554,symmetric,38.2296
symmetric-2555,symmetric,35.8636
symmetric-2556,symmetric,33.4171
symmetric-2557,symmetric,34.1984
symmetric-2558,symmetric,39.4508
symmetric-2559,symmetric,41.8334
symmetric-2560,symmetric,40.486
symmetric-2561,symmetric,35.4925
symmetric-2562,symmetric,28.6365
symmetric-2563,symmetric,55.9257
symmetric-2564,symmetric,30.6554
symmetric-2565,symmetric,43.4448
symmetric-2566,symmetric,46.6629
symmetric-2567,symmetric,47.7626
symmetric-2568,symmetric,36.3764
symmetric-2569,symmetric,36.5003
symmetric-2570,symmetric,31.4818
symmetric-2571,symmetric,62.9397
symmetric-2572,symmetric,39.364
symmetric-2573,symmetric,47.6007
symmetric-2574,symmetric,62.1067
symmetric-2575,symmetric,28.9661
symmetric-2576,symmetric,43.6219
symmetric-2577,symmetric,33.7612
symmetric-2578,symmetric,44.11
symmetric-2579,symmetric,29.5815
symmetric-2580,symmetric,39.2968
symmetric-2581,symmetric,45.0277
symmetric-2582,symmetric,43.7894
symmetric-2583,symmetric,53.8746
symmetric-2584,symmetric,28.0511
symmetric-2585,symmetric,44.4979
symmetric-2586,symmetric,45.1952
symmetric-2587,symmetric,55.3207
symmetric-2588,symmetric,50.6093
symmetric-2589,symmetric,57.909
symmetric-2590,symmetric,41.4818
symmetric-2591,symmetric,41.4812
symmetric-2592,symmetric,55.6723
symmetric-2593,symmetric,51.1821
symmetric-2594,symmetric,33.5157
symmetric-2595,symmetric,32.1791
symmetric-2596,symmetric,26.6691
symmetric-2597,symmetric,41.7128
symmetric-2598,symmetric,46.2608
symmetric-2599,symmetric,36.4785
symmetric-2600,symmetric,41.4475
symmetric-2601,symmetric,50.5415
symmetric-2602,symmetric,45.9344
symmetric-2603,symmetric,45.0709
symmetric-2604,symmetric,37.5172
symmetric-2605,symmetric,41.4189
symmetric-2606,symmetric,32.5765
symmetric-2607,symmetric,36.561
symmetric-2608,symmetric,36.1207
symmetric-2609,symmetric,49.2787
symmetric-2610,symmetric,32.8636
symmetric-2611,symmetric,34.2726
symmetric-2612,symmetric,47.2763
symmetric-2613,symmetric,32.2031
symmetric-2614,symmetric,32.8183
symmetric-2615,symmetric,53.2031
symmetric-2616,symmetric,38.0461
symmetric-2617,symmetric,43.0501
symmetric-2618,symmetric,37.3251
symmetric-2619,symmetric,40.5038
symmetric-2620,symmetric,46.0189
symmetric-2621,symmetric,57.035
symmetric-2622,symmetric,30.5217
symmetric-2623,symmetric,36.6451
symmetric-2624,symmetric,23.4794
symmetric-2625,symmetric,39.169
symmetric-2626,symmetric,41.3216
symmetric-2627,symmetric,42.5708
symmetric-2628,symmetric,49.3211
symmetric-2629,symmetric,43.9112
symmetric-2630,symmetric,47.5965
symmetric-2631,symmetric,43.3892
symmetric-2632,symmetric,36.1009
symmetric-2633,symmetric,46.54
symmetric-2634,symmetric,25.3713
symmetric-2635,symmetric,28.5907
symmetric-2636,symmetric,33.1872
symmetric-2637,symmetric,46.0331
symmetric-2638,symmetric,30.6965
symmetric-2639,symmetric,35.5944
symmetric-2640,symmetric,51.8157
symmetric-2641,symmetric,48.8738
symmetric-2642,symmetric,44.4729
symmetric-2643,symmetric,28.8114
symmetric-2644,symmetric,50.4625
symmetric-2645,symmetric,38.7276
symmetric-2646,symmetric,33.3122
symmetric-2647,symmetric,53.5867
symmetric-2648,symmetric,32.4577
symmetric-2649,symmetric,48.0321
symmetric-2650,symmetric,46.022
symmetric-2651,symmetric,52.3245
symmetric-2652,symmetric,47.8277
symmetric-2653,symmetric,51.8264
symmetric-2654,symmetric,25.9082
symmetric-2655,symmetric,43.6627
symmetric-2656,symmetric,47.8388
symmetric-2657,symmetric,36.4121
symmetric-2658,symmetric,37.2766
symmetric-2659,symmetric,40.3851
symmetric-2660,symmetric,45.7822
symmetric-2661,symmetric,33.3693
symmetric-2662,symmetric,28.6627
symmetric-2663,symmetric,59.9214
symmetric-2664,symmetric,40.4181
symmetric-2665,symmetric,48.0418
symmetric-2666,symmetric,32.4132
symmetric-2667,symmetric,51.7494
symmetric-2668,symmetric,41.4376
symmetric-2669,symmetric,45.1885
symmetric-2670,symmetric,23.9398
symmetric-2671,symmetric,45.507
symmetric-2672,symmetric,24.1541
symmetric-2673,symmetric,24.9977
symmetric-2674,symmetric,31.6375
symmetric-2675,symmetric,22.3717
symmetric-2676,symmetric,37.5679
symmetric-2677,symmetric,45.1758
symmetric-2678,symmetric,43.8988
symmetric-2679,symmetric,38.1065
symmetric-2680,symmetric,35.2425
symmetric-2681,symmetric,42.5247
symmetric-2682,symmetric,29.5276
symmetric-2683,symmetric,36.0301
symmetric-2684,symmetric,40.0774
symmetric-2685,symmetric,39.6489
symmetric-2686,symmetric,36.6204
symmetric-2687,symmetric,57.2731
symmetric-2688,symmetric,35.4184
symmetric-2689,symmetric,48.0469
symmetric-2690,symmetric,49.406
symmetric-2691,symmetric,35.4028
symmetric-2692,symmetric,43.255
symmetric-2693,symmetric,34.7714
symmetric-2694,symmetric,41.8039
symmetric-2695,symmetric,45.0834
symmetric-2696,symmetric,26.244
symmetric-2697,symmetric,45.2973
symmetric-2698,symmetric,29.0246
symmetric-2699,symmetric,36.6778
symmetric-2700,symmetric,44.1841
symmetric-2701,symmetric,39.9661
symmetric-2702,symmetric,43.7105
symmetric-2703,symmetric,38.6692
symmetric-2704,symmetric,50.7907
symmetric-2705,symmetric,41.6721
symmetric-2706,symmetric,51.8101
symmetric-2707,symmetric,51.3598
symmetric-2708,symmetric,39.6426
symmetric-2709,symmetric,40.4278
symmetric-2710,symmetric,52.2771
symmetric-2711,symmetric,32.3813
symmetric-2712,symmetric,44.9136
symmetric-2713,symmetric,40.9334
symmetric-2714,symmetric,26.6154
symmetric-2715,symmetric,53.7207
symmetric-2716,symmetric,31.5335
symmetric-2717,symmetric,48.095
symmetric-2718,symmetric,46.3713
symmetric-2719,symmetric,44.2424
symmetric-2720,symmetric,28.9122
symmetric-2721,symmetric,39.8544
symmetric-2722,symmetric,44.9951
symmetric-2723,symmetric,27.3699
symmetric-2724,symmetric,44.8898
symmetric-2725,symmetric,58.3706
symmetric-2726,symmetric,44.8004
symmetric-2727,symmetric,47.7695
symmetric-2728,symmetric,38.9471
symmetric-2729,symmetric,35.1042
symmetric-2730,symmetric,39.7059
symmetric-2731,symmetric,39.3515
symmetric-2732,symmetric,41.8424
symmetric-2733,symmetric,50.2668
symmetric-2734,symmetric,47.6062
symmetric-2735,symmetric,44.587
symmetric-2736,symmetric,38.6302
symmetric-2737,symmetric,39.7054
symmetric-2738,symmetric,40.1213
symmetric-2739,symmetric,40.4231
symmetric-2740,symmetric,52.1737
symmetric-2741,symmetric,24.175
symmetric-2742,symmetric,49.1343
symmetric-2743,symmetric,40.4973
symmetric-2744,symmetric,36.9244
symmetric-2745,symmetric,36.3603
symmetric-2746,symmetric,53.6695
symmetric-2747,symmetric,57.3286
symmetric-2748,symmetric,36.8328
symmetric-2749,symmetric,51.5207
symmetric-2750,symmetric,43.2973
symmetric-2751,symmetric,29.6792
symmetric-2752,symmetric,48.2811
symmetric-2753,symmetric,31.7058
symmetric-2754,symmetric,31.6595
symmetric-2755,symmetric,37.151
symmetric-2756,symmetric,45.549
symmetric-2757,symmetric,51.585
symmetric-2758,symmetric,26.3444
symmetric-2759,symmetric,28.2831
symmetric-2760,symmetric,39.9308
symmetric-2761,symmetric,33.797
symmetric-2762,symmetric,39.7582
symmetric-2763,symmetric,23.6258
symmetric-2764,symmetric,37.9813
symmetric-2765,symmetric,35.3917
symmetric-2766,symmetric,44.2545
symmetric-2767,symmetric,39.6365
symmetric-2768,symmetric,44.7402
symmetric-2769,symmetric,45.107
symmetric-2770,symmetric,35.7638
symmetric-2771,symmetric,39.8566
symmetric-2772,symmetric,48.6602
symmetric-2773,symmetric,36.5878
symmetric-2774,symmetric,44.959
symmetric-2775,symmetric,39.9696
symmetric-2776,symmetric,46.8
symmetric-2777,symmetric,39.8945
symmetric-2778,symmetric,32.8781
symmetric-2779,symmetric,33.7397
symmetric-2780,symmetric,41.9759
symmetric-2781,symmetric,39.6209
symmetric-2782,symmetric,37.8047
symmetric-2783,symmetric,38.6868
symmetric-2784,symmetric,51.8333
symmetric-2785,symmetric,48.6343
symmetric-2786,symmetric,46.8334
symmetric-2787,symmetric,31.4753
symmetric-2788,symmetric,39.2856
symmetric-2789,symmetric,39.77
symmetric-2790,symmetric,53.8238
symmetric-2791,symmetric,50.6167
symmetric-2792,symmetric,51.5456
symmetric-2793,symmetric,44.3861
symmetric-2794,symmetric,38.8508
symmetric-2795,symmetric,49.582
symmetric-2796,symmetric,52.3264
symmetric-2797,symmetric,32.6031
symmetric-2798,symmetric,30.9386
symmetric-2799,symmetric,50.462
symmetric-2800,symmetric,23.8372
symmetric-2801,symmetric,23.1307
symmetric-2802,symmetric,31.278
symmetric-2803,symmetric,28.2386
symmetric-2804,symmetric,45.7267
symmetric-2805,symmetric,43.5262
symmetric-2806,symmetric,26.4406
symmetric-2807,symmetric,32.7303
symmetric-2808,symmetric,39.49
symmetric-2809,symmetric,45.796
symmetric-2810,symmetric,28.7158
symmetric-2811,symmetric,48.8657
symmetric-2812,symmetric,32.5408
symmetric-2813,symmetric,38.287
symmetric-2814,symmetric,58.5482
symmetric-2815,symmetric,58.6929
symmetric-2816,symmetric,53.9251
symmetric-2817,symmetric,27.7206
symmetric-2818,symmetric,36.7839
symmetric-2819,symmetric,30.3394
symmetric-2820,symmetric,27.4062
symmetric-2821,symmetric,50.2315
symmetric-2822,symmetric,27.5298
symmetric-2823,symmetric,33.5863
symmetric-2824,symmetric,46.315
symmetric-2825,symmetric,40.3676
symmetric-2826,symmetric,55.4397
symmetric-2827,symmetric,53.2029
symmetric-2828,symmetric,38.4951
symmetric-2829,symmetric,51.0936
symmetric-2830,symmetric,47.3473
symmetric-2831,symmetric,69.9154
symmetric-2832,symmetric,35.4052
symmetric-2833,symmetric,62.7595
symmetric-2834,symmetric,34.7092
symmetric-2835,symmetric,36.9435
symmetric-2836,symmetric,27.5453
symmetric-2837,symmetric,24.6602
symmetric-2838,symmetric,35.0991
symmetric-2839,symmetric,40.1293
symmetric-2840,symmetric,43.2105
symmetric-2841,symmetric,32.8445
symmetric-2842,symmetric,56.9779
symmetric-2843,symmetric,49.1803
symmetric-2844,symmetric,33.1981
symmetric-2845,symmetric,53.3864
symmetric-2846,symmetric,54.5394
symmetric-2847,symmetric,51.9648
symmetric-2848,symmetric,46.5743
symmetric-2849,symmetric,26.9557
symmetric-2850,symmetric,37.6426
symmetric-2851,symmetric,29.834
symmetric-2852,symmetric,30.7726
symmetric-2853,symmetric,61.6745
symmetric-2854,symmetric,34.6166
symmetric-2855,symmetric,44.0716
symmetric-2856,symmetric,31.4874
symmetric-2857,symmetric,24.1792
symmetric-2858,symmetric,35.7659
symmetric-2859,symmetric,57.0294
symmetric-2860,symmetric,31.1997
symmetric-2861,symmetric,37.0653
symmetric-2862,symmetric,63.2502
symmetric-2863,symmetric,41.7395
symmetric-2864,symmetric,37.4051
symmetric-2865,symmetric,50.0168
symmetric-2866,symmetric,39.0462
symmetric-2867,symmetric,38.0509
symmetric-2868,symmetric,31.624
symmetric-2869,symmetric,51.8725
symmetric-2870,symmetric,34.9695
symmetric-2871,symmetric,28.2078
symmetric-2872,symmetric,49.2659
symmetric-2873,symmetric,44.4785
symmetric-2874,symmetric,39.6215
symmetric-2875,symmetric,37.0462
symmetric-2876,symmetric,38.7344
symmetric-2877,symmetric,34.9708
symmetric-2878,symmetric,32.6874
symmetric-2879,symmetric,38.5951
symmetric-2880,symmetric,11.6863
symmetric-2881,symmetric,45.0838
symmetric-2882,symmetric,33.9848
symmetric-2883,symmetric,30.1001
symmetric-2884,symmetric,39.1966
symmetric-2885,symmetric,32.2899
symmetric-2886,symmetric,53.2015
symmetric-2887,symmetric,28.0778
symmetric-2888,symmetric,45.8903
symmetric-2889,symmetric,41.7762
symmetric-2890,symmetric,59.4055
symmetric-2891,symmetric,34.4211
symmetric-2892,symmetric,47.7683
symmetric-2893,symmetric,40.2518
symmetric-2894,symmetric,40.9481
symmetric-2895,symmetric,55.3228
symmetric-2896,symmetric,27.1024
symmetric-2897,symmetric,37.0465
symmetric-2898,symmetric,51.0273
symmetric-2899,symmetric,50.3386
symmetric-2900,symmetric,29.8999
symmetric-2901,symmetric,33.9659
symmetric-2902,symmetric,47.6725
symmetric-2903,symmetric,26.6532
symmetric-2904,symmetric,37.4376
symmetric-2905,symmetric,36.211
symmetric-2906,symmetric,47.7065
symmetric-2907,symmetric,48.525
symmetric-2908,symmetric,32.3182
symmetric-2909,symmetric,54.1364
symmetric-2910,symmetric,41.0946
symmetric-2911,symmetric,43.6361
symmetric-2912,symmetric,46.785
symmetric-2913,symmetric,43.6945
symmetric-2914,symmetric,37.718
symmetric-2915,symmetric,38.7829
symmetric-2916,symmetric,29.5665
symmetric-2917,symmetric,29.2111
symmetric-2918,symmetric,32.9209
symmetric-2919,symmetric,48.8875
symmetric-2920,symmetric,32.4881
symmetric-2921,symmetric,41.3488
symmetric-2922,symmetric,34.0219
symmetric-2923,symmetric,50.8784
symmetric-2924,symmetric,30.5775
symmetric-2925,symmetric,33.7194
symmetric-2926,symmetric,33.6402
symmetric-2927,symmetric,34.7034
symmetric-2928,symmetric,29.5607
symmetric-2929,symmetric,44.2888
symmetric-2930,symmetric,28.0326
symmetric-2931,symmetric,40.0671
symmetric-2932,symmetric,60.8176
symmetric-2933,symmetric,42.8345
symmetric-2934,symmetric,28.3187
symmetric-2935,symmetric,28.9103
symmetric-2936,symmetric,38.2236
symmetric-2937,symmetric,50.3021
symmetric-2938,symmetric,28.8905
symmetric-2939,symmetric,35.3844
symmetric-2940,symmetric,32.2607
symmetric-2941,symmetric,50.133
symmetric-2942,symmetric,47.129
symmetric-2943,symmetric,30.5685
symmetric-2944,symmetric,39.6312
symmetric-2945,symmetric,30.0376
symmetric-2946,symmetric,41.7625
symmetric-2947,symmetric,46.2472
symmetric-2948,symmetric,27.0785
symmetric-2949,symmetric,39.348
symmetric-2950,symmetric,54.7488
symmetric-2951,symmetric,23.1734
symmetric-2952,symmetric,38.438
symmetric-2953,symmetric,26.783
symmetric-2954,symmetric,33.3151
symmetric-2955,symmetric,29.4137
symmetric-2956,symmetric,43.4395
symmetric-2957,symmetric,29.1796
symmetric-2958,symmetric,65.8023
symmetric-2959,symmetric,51.414
symmetric-2960,symmetric,31.5043
symmetric-2961,symmetric,56.4503
symmetric-2962,symmetric,38.7069
symmetric-2963,symmetric,49.0503
symmetric-2964,symmetric,26.5309
symmetric-2965,symmetric,35.4494
symmetric-2966,symmetric,34.9686
symmetric-2967,symmetric,56.6859
symmetric-2968,symmetric,36.5773
symmetric-2969,symmetric,29.4605
symmetric-2970,symmetric,26.6558
symmetric-2971,symmetric,33.7291
symmetric-2972,symmetric,53.8969
symmetric-2973,symmetric,19.6974
symmetric-2974,symmetric,47.5054
symmetric-2975,symmetric,37.8717
symmetric-2976,symmetric,44.4651
symmetric-2977,symmetric,41.6355
symmetric-2978,symmetric,31.6026
symmetric-2979,symmetric,46.1785
symmetric-2980,symmetric,40.7348
symmetric-2981,symmetric,47.1246
symmetric-2982,symmetric,46.1441
symmetric-2983,symmetric,34.0423
symmetric-2984,symmetric,37.8661
symmetric-2985,symmetric,41.7158
symmetric-2986,symmetric,41.6802
symmetric-2987,symmetric,44.2375
symmetric-2988,symmetric,47.5533
symmetric-2989,symmetric,45.4467
symmetric-2990,symmetric,35.1967
symmetric-2991,symmetric,33.6063
symmetric-2992,symmetric,22.7607
symmetric-2993,symmetric,47.3289
symmetric-2994,symmetric,31.246
symmetric-2995,symmetric,49.9706
symmetric-2996,symmetric,33.3364
symmetric-2997,symmetric,59.6981
symmetric-2998,symmetric,35.6405
symmetric-2999,symmetric,48.1512
symmetric-3000,symmetric,51.4803
symmetric-3001,symmetric,38.7176
symmetric-3002,symmetric,43.8413
symmetric-3003,symmetric,56.9838
symmetric-3004,symmetric,40.9979
symmetric-3005,symmetric,27.4523
symmetric-3006,symmetric,48.6426
symmetric-3007,symmetric,36.3163
symmetric-3008,symmetric,34.3889
symmetric-3009,symmetric,37.8835
symmetric-3010,symmetric,30.327
symmetric-3011,symmetric,43.3051
symmetric-3012,symmetric,57.3507
symmetric-3013,symmetric,40.037
symmetric-3014,symmetric,42.7742
symmetric-3015,symmetric,46.2683
symmetric-3016,symmetric,34.4361
symmetric-3017,symmetric,52.8305
symmetric-3018,symmetric,40.1169
symmetric-3019,symmetric,48.2478
symmetric-3020,symmetric,36.4603
symmetric-3021,symmetric,41.5726
symmetric-3022,symmetric,35.315
symmetric-3023,symmetric,46.6213
symmetric-3024,symmetric,39.1765
symmetric-3025,symmetric,41.7185
symmetric-3026,symmetric,23.4683
symmetric-3027,symmetric,37.9745
symmetric-3028,symmetric,51.2514
symmetric-3029,symmetric,46.7801
symmetric-3030,symmetric,38.2519
symmetric-3031,symmetric,28.7731
symmetric-3032,symmetric,36.8325
symmetric-3033,symmetric,45.7466
symmetric-3034,symmetric,51.9487
symmetric-3035,symmetric,44.3784
symmetric-3036,symmetric,62.9346
symmetric-3037,symmetric,40.0482
symmetric-3038,symmetric,60.5375
symmetric-3039,symmetric,48.1596
symmetric-3040,symmetric,34.1532
symmetric-3041,symmetric,38.2385
symmetric-3042,symmetric,38.6149
symmetric-3043,symmetric,35.193
symmetric-3044,symmetric,35.7835
symmetric-3045,symmetric,39.1609
symmetric-3046,symmetric,37.6745
symmetric-3047,symmetric,42.3632
symmetric-3048,symmetric,34.3421
symmetric-3049,symmetric,49.3527
symmetric-3050,symmetric,48.6519
symmetric-3051,symmetric,43.1682
symmetric-3052,symmetric,66.4548
symmetric-3053,symmetric,46.2266
symmetric-3054,symmetric,32.5944
symmetric-3055,symmetric,39.0556
symmetric-3056,symmetric,48.7648
symmetric-3057,symmetric,35.0268
symmetric-3058,symmetric,21.8888
symmetric-3059,symmetric,53.6818
symmetric-3060,symmetric,34.1715
symmetric-3061,symmetric,39.9024
symmetric-3062,symmetric,43.2645
symmetric-3063,symmetric,60.167
symmetric-3064,symmetric,33.1478
symmetric-3065,symmetric,35.5985
symmetric-3066,symmetric,37.1024
symmetric-3067,symmetric,51.3809
symmetric-3068,symmetric,42.8283
symmetric-3069,symmetric,38.0882
symmetric-3070,symmetric,48.5587
symmetric-3071,symmetric,40.3784
symmetric-3072,symmetric,45.6783
symmetric-3073,symmetric,35.3724
symmetric-3074,symmetric,34.8217
symmetric-3075,symmetric,63.3772
symmetric-3076,symmetric,45.5501
symmetric-3077,symmetric,38.2903
symmetric-3078,symmetric,34.9927
symmetric-3079,symmetric,27.821
symmetric-3080,symmetric,46.8088
symmetric-3081,symmetric,48.5833
symmetric-3082,symmetric,31.5764
symmetric-3083,symmetric,27.7587
symmetric-3084,symmetric,35.4004
symmetric-3085,symmetric,37.9962
symmetric-3086,symmetric,41.2242
symmetric-3087,symmetric,26.8004
symmetric-3088,symmetric,26.1283
symmetric-3089,symmetric,39.3141
symmetric-3090,symmetric,37.7618
symmetric-3091,symmetric,28.6973
symmetric-3092,symmetric,49.5749
symmetric-3093,symmetric,36.4848
symmetric-3094,symmetric,23.21
symmetric-3095,symmetric,44.0905
symmetric-3096,symmetric,57.7086
symmetric-3097,symmetric,30.2987
symmetric-3098,symmetric,29.8464
symmetric-3099,symmetric,40.686
symmetric-3100,symmetric,51.3594
symmetric-3101,symmetric,55.0107
symmetric-3102,symmetric,54.5939
symmetric-3103,symmetric,27.8645
symmetric-3104,symmetric,39.0308
symmetric-3105,symmetric,49.8842
symmetric-3106,symmetric,35.6111
symmetric-3107,symmetric,38.125
symmetric-3108,symmetric,53.7892
symmetric-3109,symmetric,44.1562
symmetric-3110,symmetric,44.5928
symmetric-3111,symmetric,40.8314
symmetric-3112,symmetric,33.5931
symmetric-3113,symmetric,50.2107
symmetric-3114,symmetric,29.6625
symmetric-3115,symmetric,46.4586
symmetric-3116,symmetric,40.9311
symmetric-3117,symmetric,30.7899
symmetric-3118,symmetric,39.5375
symmetric-3119,symmetric,31.4292
symmetric-3120,symmetric,59.0383
symmetric-3121,symmetric,49.0944
symmetric-3122,symmetric,30.39
symmetric-3123,symmetric,35.8362
symmetric-3124,symmetric,19.5904
symmetric-3125,symmetric,46.6404
symmetric-3126,symmetric,33.7675
symmetric-3127,symmetric,41.5571
symmetric-3128,symmetric,31.544
symmetric-3129,symmetric,46.1457
symmetric-3130,symmetric,45.4049
symmetric-3131,symmetric,42.4991
symmetric-3132,symmetric,46.6282
symmetric-3133,symmetric,57.4822
symmetric-3134,symmetric,14.962
symmetric-3135,symmetric,45.3408
symmetric-3136,symmetric,49.5818
symmetric-3137,symmetric,31.1499
symmetric-3138,symmetric,42.38
symmetric-3139,symmetric,37.8141
symmetric-3140,symmetric,51.6096
symmetric-3141,symmetric,42.0653
symmetric-3142,symmetric,24.596
symmetric-3143,symmetric,58.0523
symmetric-3144,symmetric,46.2288
symmetric-3145,symmetric,40.1877
symmetric-3146,symmetric,40.833
symmetric-3147,symmetric,38.366
symmetric-3148,symmetric,47.0228
symmetric-3149,symmetric,48.6874
symmetric-3150,symmetric,35.019
symmetric-3151,symmetric,35.4264
symmetric-3152,symmetric,22.1755
symmetric-3153,symmetric,47.2587
symmetric-3154,symmetric,45.1116
symmetric-3155,symmetric,20.204
symmetric-3156,symmetric,57.4634
symmetric-3157,symmetric,57.1587
symmetric-3158,symmetric,33.2811
symmetric-3159,symmetric,33.0708
symmetric-3160,symmetric,43.9558
symmetric-3161,symmetric,44.7275
symmetric-3162,symmetric,34.5166
symmetric-3163,symmetric,56.2293
symmetric-3164,symmetric,34.6618
symmetric-3165,symmetric,31.6506
symmetric-3166,symmetric,34.6836
symmetric-3167,symmetric,33.1917
symmetric-3168,symmetric,29.6403
symmetric-3169,symmetric,31.9881
symmetric-3170,symmetric,48.1839
symmetric-3171,symmetric,36.9611
symmetric-3172,symmetric,30.6354
symmetric-3173,symmetric,40.6888
symmetric-3174,symmetric,35.6079
symmetric-3175,symmetric,40.1821
symmetric-3176,symmetric,40.5646
symmetric-3177,symmetric,19.6473
symmetric-3178,symmetric,35.8557
symmetric-3179,symmetric,20.4383
symmetric-3180,symmetric,44.818
symmetric-3181,symmetric,29.8233
symmetric-3182,symmetric,43.6421
symmetric-3183,symmetric,33.8871
symmetric-3184,symmetric,56.3144
symmetric-3185,symmetric,42.4003
symmetric-3186,symmetric,45.9793
symmetric-3187,symmetric,44.1734
symmetric-3188,symmetric,27.4297
symmetric-3189,symmetric,46.162
symmetric-3190,symmetric,53.8642
symmetric-3191,symmetric,46.8344
symmetric-3192,symmetric,41.6709
symmetric-3193,symmetric,34.5011
symmetric-3194,symmetric,39.2851
symmetric-3195,symmetric,35.134
symmetric-3196,symmetric,54.0555
symmetric-3197,symmetric,35.3938
symmetric-3198,symmetric,45.1488
symmetric-3199,symmetric,24.2408
symmetric-3200,symmetric,37.205
symmetric-3201,symmetric,39.3946
symmetric-3202,symmetric,43.243
symmetric-3203,symmetric,43.0537
symmetric-3204,symmetric,39.2784
symmetric-3205,symmetric,37.1025
symmetric-3206,symmetric,47.2419
symmetric-3207,symmetric,17.4215
symmetric-3208,symmetric,32.5535
symmetric-3209,symmetric,56.5643
symmetric-3210,symmetric,40.7573
symmetric-3211,symmetric,48.7441
symmetric-3212,symmetric,27.8447
symmetric-3213,symmetric,41.2759
symmetric-3214,symmetric,29.6138
symmetric-3215,symmetric,34.0909
symmetric-3216,symmetric,51.1377
symmetric-3217,symmetric,54.853
symmetric-3218,symmetric,33.365
symmetric-3219,symmetric,37.8073
symmetric-3220,symmetric,33.9871
symmetric-3221,symmetric,39.1139
symmetric-3222,symmetric,57.9099
symmetric-3223,symmetric,46.3423
symmetric-3224,symmetric,41.9544
symmetric-3225,symmetric,52.5045
symmetric-3226,symmetric,46.9802
symmetric-3227,symmetric,37.0658
symmetric-3228,symmetric,57.9898
symmetric-3229,symmetric,32.7882
symmetric-3230,symmetric,43.3508
symmetric-3231,symmetric,46.0733
symmetric-3232,symmetric,44.0289
symmetric-3233,symmetric,43.8865
symmetric-3234,symmetric,28.1321
symmetric-3235,symmetric,25.1561
symmetric-3236,symmetric,54.5694
symmetric-3237,symmetric,49.5514
symmetric-3238,symmetric,47.9604
symmetric-3239,symmetric,30.6996
symmetric-3240,symmetric,58.5953
symmetric-3241,symmetric,47.8498
symmetric-3242,symmetric,56.6932
symmetric-3243,symmetric,36.8007
symmetric-3244,symmetric,33.094
symmetric-3245,symmetric,54.9265
symmetric-3246,symmetric,41.9739
symmetric-3247,symmetric,42.4913
symmetric-3248,symmetric,30.2697
symmetric-3249,symmetric,40.4404
symmetric-3250,symmetric,39.0753
symmetric-3251,symmetric,51.9293
symmetric-3252,symmetric,28.6739
symmetric-3253,symmetric,41.1185
symmetric-3254,symmetric,33.624
symmetric-3255,symmetric,40.7531
symmetric-3256,symmetric,49.9224
symmetric-3257,symmetric,49.816
symmetric-3258,symmetric,46.4474
symmetric-3259,symmetric,15.8685
symmetric-3260,symmetric,53.3321
symmetric-3261,symmetric,30.6422
symmetric-3262,symmetric,39.0397
symmetric-3263,symmetric,21.4573
symmetric-3264,symmetric,28.5677
symmetric-3265,symmetric,24.036
symmetric-3266,symmetric,50.7039
symmetric-3267,symmetric,52.6619
symmetric-3268,symmetric,57.8225
symmetric-3269,symmetric,34.5415
symmetric-3270,symmetric,50.1405
symmetric-3271,symmetric,27.6735
symmetric-3272,symmetric,35.9023
symmetric-3273,symmetric,35.1535
symmetric-3274,symmetric,39.5138
symmetric-3275,symmetric,51.1286
symmetric-3276,symmetric,45.4742
symmetric-3277,symmetric,54.6864
symmetric-3278,symmetric,24.9766
symmetric-3279,symmetric,39.2073
symmetric-3280,symmetric,22.2263
symmetric-3281,symmetric,62.3328
symmetric-3282,symmetric,40.008
symmetric-3283,symmetric,42.6279
symmetric-3284,symmetric,42.3399
symmetric-3285,symmetric,45.3202
symmetric-3286,symmetric,39.6263
symmetric-3287,symmetric,29.2064
symmetric-3288,symmetric,52.1447
symmetric-3289,symmetric,50.1059
symmetric-3290,symmetric,34.1407
symmetric-3291,symmetric,49.0103
symmetric-3292,symmetric,35.6746
symmetric-3293,symmetric,28.251
symmetric-3294,symmetric,32.0285
symmetric-3295,symmetric,32.3542
symmetric-3296,symmetric,31.3377
symmetric-3297,symmetric,40.6342
symmetric-3298,symmetric,27.2809
symmetric-3299,symmetric,51.7056
symmetric-3300,symmetric,34.2231
symmetric-3301,symmetric,51.9394
symmetric-3302,symmetric,27.7869
symmetric-3303,symmetric,44.6067
symmetric-3304,symmetric,19.0851
symmetric-3305,symmetric,37.7401
symmetric-3306,symmetric,30.2364
symmetric-3307,symmetric,29.0384
symmetric-3308,symmetric,54.3921
symmetric-3309,symmetric,32.1879
symmetric-3310,symmetric,35.4445
symmetric-3311,symmetric,43.1258
symmetric-3312,symmetric,44.2755
symmetric-3313,symmetric,41.8915
symmetric-3314,symmetric,34.9392
symmetric-3315,symmetric,40.5431
symmetric-3316,symmetric,43.1035
symmetric-3317,symmetric,35.964
symmetric-3318,symmetric,34.4275
symmetric-3319,symmetric,45.9542
symmetric-3320,symmetric,43.4216
symmetric-3321,symmetric,47.3876
symmetric-3322,symmetric,37.3348
symmetric-3323,symmetric,16.045
symmetric-3324,symmetric,25.6077
symmetric-3325,symmetric,42.302
symmetric-3326,symmetric,37.0118
symmetric-3327,symmetric,47.5094
symmetric-3328,symmetric,49.8599
symmetric-3329,symmetric,32.8886
symmetric-3330,symmetric,34.7249
symmetric-3331,symmetric,43.9026
symmetric-3332,symmetric,54.447
symmetric-3333,symmetric,48.3269
symmetric-3334,symmetric,24.3652
symmetric-3335,symmetric,55.2147
symmetric-3336,symmetric,59.3182
symmetric-3337,symmetric,41.869
symmetric-3338,symmetric,37.2399
symmetric-3339,symmetric,36.3775
symmetric-3340,symmetric,43.9161
symmetric-3341,symmetric,25.4619
symmetric-3342,symmetric,46.7445
symmetric-3343,symmetric,31.6318
symmetric-3344,symmetric,37.1802
symmetric-3345,symmetric,28.9576
symmetric-3346,symmetric,57.8027
symmetric-3347,symmetric,39.84
symmetric-3348,symmetric,38.74
symmetric-3349,symmetric,28.4914
symmetric-3350,symmetric,45.2525
symmetric-3351,symmetric,38.7549
symmetric-3352,symmetric,33.3821
symmetric-3353,symmetric,36.6932
symmetric-3354,symmetric,45.6321
symmetric-3355,symmetric,42.0893
symmetric-3356,symmetric,38.6023
symmetric-3357,symmetric,47.58
symmetric-3358,symmetric,43.1059
symmetric-3359,symmetric,34.3335
symmetric-3360,symmetric,45.3133
symmetric-3361,symmetric,26.691
symmetric-3362,symmetric,49.3152
symmetric-3363,symmetric,36.5048
symmetric-3364,symmetric,47.6744
symmetric-3365,symmetric,42.3157
symmetric-3366,symmetric,31.4109
symmetric-3367,symmetric,52.1783
symmetric-3368,symmetric,51.1877
symmetric-3369,symmetric,44.1574
symmetric-3370,symmetric,28.6001
symmetric-3371,symmetric,35.0012
symmetric-3372,symmetric,46.3644
symmetric-3373,symmetric,45.9857
symmetric-3374,symmetric,32.1266
symmetric-3375,symmetric,35.4837
symmetric-3376,symmetric,38.5833
symmetric-3377,symmetric,41.3822
symmetric-3378,symmetric,42.5534
symmetric-3379,symmetric,34.3327
symmetric-3380,symmetric,52.9306
symmetric-3381,symmetric,43.7662
symmetric-3382,symmetric,33.9154
symmetric-3383,symmetric,30.5019
symmetric-3384,symmetric,29.7833
symmetric-3385,symmetric,48.2141
symmetric-3386,symmetric,40.6657
symmetric-3387,symmetric,27.8583
symmetric-3388,symmetric,31.8174
symmetric-3389,symmetric,47.3445
symmetric-3390,symmetric,46.448
symmetric-3391,symmetric,35.6794
symmetric-3392,symmetric,49.9784
symmetric-3393,symmetric,55.1253
symmetric-3394,symmetric,53.3513
symmetric-3395,symmetric,40.4587
symmetric-3396,symmetric,38.6209
symmetric-3397,symmetric,31.1429
symmetric-3398,symmetric,28.0693
symmetric-3399,symmetric,45.9561
symmetric-3400,symmetric,43.4844
symmetric-3401,symmetric,46.1334
symmetric-3402,symmetric,60.7131
symmetric-3403,symmetric,35.6493
symmetric-3404,symmetric,39.2541
symmetric-3405,symmetric,43.0103
symmetric-3406,symmetric,44.8267
symmetric-3407,symmetric,50.5924
symmetric-3408,symmetric,36.4623
symmetric-3409,symmetric,26.7103
symmetric-3410,symmetric,28.3338
symmetric-3411,symmetric,32.5983
symmetric-3412,symmetric,27.3357
symmetric-3413,symmetric,42.8186
symmetric-3414,symmetric,45.5592
symmetric-3415,symmetric,40.1972
symmetric-3416,symmetric,56.5722
symmetric-3417,symmetric,42.4941
symmetric-3418,symmetric,35.7745
symmetric-3419,symmetric,64.5546
symmetric-3420,symmetric,34.9941
symmetric-3421,symmetric,38.7859
symmetric-3422,symmetric,44.879
symmetric-3423,symmetric,48.2087
symmetric-3424,symmetric,44.309
symmetric-3425,symmetric,40.6686
symmetric-3426,symmetric,30.6477
symmetric-3427,symmetric,38.0715
symmetric-3428,symmetric,38.2823
symmetric-3429,symmetric,52.0697
symmetric-3430,symmetric,31.2577
symmetric-3431,symmetric,21.9497
symmetric-3432,symmetric,44.2721
symmetric-3433,symmetric,35.3039
symmetric-3434,symmetric,39.2042
symmetric-3435,symmetric,49.9449
symmetric-3436,symmetric,50.1581
symmetric-3437,symmetric,47.2649
symmetric-3438,symmetric,32.6471
symmetric-3439,symmetric,50.6725
symmetric-3440,symmetric,34.9049
symmetric-3441,symmetric,42.8166
symmetric-3442,symmetric,40.0224
symmetric-3443,symmetric,49.7104
symmetric-3444,symmetric,51.1966
symmetric-3445,symmetric,29.4532
symmetric-3446,symmetric,53.431
symmetric-3447,symmetric,47.9633
symmetric-3448,symmetric,19.9276
symmetric-3449,symmetric,59.8107
symmetric-3450,symmetric,46.8728
symmetric-3451,symmetric,40.6195
symmetric-3452,symmetric,14.681
symmetric-3453,symmetric,50.8251
symmetric-3454,symmetric,53.2111
symmetric-3455,symmetric,52.4982
symmetric-3456,symmetric,39.5658
symmetric-3457,symmetric,43.8135
symmetric-3458,symmetric,35.5812
symmetric-3459,symmetric,34.7689
symmetric-3460,symmetric,36.0245
symmetric-3461,symmetric,44.906
symmetric-3462,symmetric,23.0035
symmetric-3463,symmetric,28.1214
symmetric-3464,symmetric,30.0947
symmetric-3465,symmetric,38.0162
symmetric-3466,symmetric,42.8113
symmetric-3467,symmetric,34.2681
symmetric-3468,symmetric,37.2478
symmetric-3469,symmetric,32.8715
symmetric-3470,symmetric,30.8105
symmetric-3471,symmetric,38.5915
symmetric-3472,symmetric,50.5496
symmetric-3473,symmetric,18.9312
symmetric-3474,symmetric,35.1536
symmetric-3475,symmetric,25.0802
symmetric-3476,symmetric,46.4589
symmetric-3477,symmetric,35.991
symmetric-3478,symmetric,32.4929
symmetric-3479,symmetric,48.4445
symmetric-3480,symmetric,48.5594
symmetric-3481,symmetric,46.2742
symmetric-3482,symmetric,40.9344
symmetric-3483,symmetric,26.6066
symmetric-3484,symmetric,52.8416
symmetric-3485,symmetric,25.9029
symmetric-3486,symmetric,30.3121
symmetric-3487,symmetric,32.3189
symmetric-3488,symmetric,44.2604
symmetric-3489,symmetric,35.1115
symmetric-3490,symmetric,37.3373
symmetric-3491,symmetric,38.3633
symmetric-3492,symmetric,29.7347
symmetric-3493,symmetric,37.5635
symmetric-3494,symmetric,47.6169
symmetric-3495,symmetric,41.0599
symmetric-3496,symmetric,59.5106
symmetric-3497,symmetric,54.066
symmetric-3498,symmetric,55.6761
symmetric-3499,symmetric,46.0739
symmetric-3500,symmetric,53.0669
symmetric-3501,symmetric,38.2361
symmetric-3502,symmetric,43.6012
symmetric-3503,symmetric,40.5457
symmetric-3504,symmetric,28.8514
symmetric-3505,symmetric,42.2056
symmetric-3506,symmetric,49.1074
symmetric-3507,symmetric,60.2221
symmetric-3508,symmetric,57.4722
symmetric-3509,symmetric,39.376
symmetric-3510,symmetric,53.8438
symmetric-3511,symmetric,57.895
symmetric-3512,symmetric,30.6124
symmetric-3513,symmetric,54.2511
symmetric-3514,symmetric,45.3359
symmetric-3515,symmetric,42.2398
symmetric-3516,symmetric,33.2854
symmetric-3517,symmetric,39.8727
symmetric-3518,symmetric,45.077
symmetric-3519,symmetric,25.8047
symmetric-3520,symmetric,29.8567
symmetric-3521,symmetric,34.1684
symmetric-3522,symmetric,45.1589
symmetric-3523,symmetric,36.4581
symmetric-3524,symmetric,35.8233
symmetric-3525,symmetric,26.7914
symmetric-3526,symmetric,23.7473
symmetric-3527,symmetric,61.5905
symmetric-3528,symmetric,34.1821
symmetric-3529,symmetric,37.5975
symmetric-3530,symmetric,39.6147
symmetric-3531,symmetric,34.0096
symmetric-3532,symmetric,28.7168
symmetric-3533,symmetric,40.9139
symmetric-3534,symmetric,52.1726
symmetric-3535,symmetric,36.5913
symmetric-3536,symmetric,32.4929
symmetric-3537,symmetric,46.3598
symmetric-3538,symmetric,44.7583
symmetric-3539,symmetric,29.3305
symmetric-3540,symmetric,28.6468
symmetric-3541,symmetric,42.0492
symmetric-3542,symmetric,47.0967
symmetric-3543,symmetric,39.7401
symmetric-3544,symmetric,22.2147
symmetric-3545,symmetric,35.0437
symmetric-3546,symmetric,52.713
symmetric-3547,symmetric,27.5047
symmetric-3548,symmetric,54.2601
symmetric-3549,symmetric,38.8334
symmetric-3550,symmetric,26.5097
symmetric-3551,symmetric,47.4649
symmetric-3552,symmetric,52.7776
symmetric-3553,symmetric,28.8783
symmetric-3554,symmetric,37.2055
symmetric-3555,symmetric,54.3184
symmetric-3556,symmetric,33.162
symmetric-3557,symmetric,53.0558
symmetric-3558,symmetric,27.6898
symmetric-3559,symmetric,34.0717
symmetric-3560,symmetric,32.4886
symmetric-3561,symmetric,36.1905
symmetric-3562,symmetric,54.6469
symmetric-3563,symmetric,40.6587
symmetric-3564,symmetric,44.3906
symmetric-3565,symmetric,52.2033
symmetric-3566,symmetric,28.9768
symmetric-3567,symmetric,48.2169
symmetric-3568,symmetric,49.4915
symmetric-3569,symmetric,39.0186
symmetric-3570,symmetric,34.5509
symmetric-3571,symmetric,44.8095
symmetric-3572,symmetric,46.2824
symmetric-3573,symmetric,46.4732
symmetric-3574,symmetric,48.801
symmetric-3575,symmetric,37.1278
symmetric-3576,symmetric,46.7373
symmetric-3577,symmetric,42.0678
symmetric-3578,symmetric,27.6
symmetric-3579,symmetric,26.8548
symmetric-3580,symmetric,34.5256
symmetric-3581,symmetric,39.3028
symmetric-3582,symmetric,40.5304
symmetric-3583,symmetric,49.3629
symmetric-3584,symmetric,24.1341
symmetric-3585,symmetric,48.9321
symmetric-3586,symmetric,38.3853
symmetric-3587,symmetric,33.3355
symmetric-3588,symmetric,37.1911
symmetric-3589,symmetric,40.7282
symmetric-3590,symmetric,18.8797
symmetric-3591,symmetric,44.1269
symmetric-3592,symmetric,38.9467
symmetric-3593,symmetric,46.6727
symmetric-3594,symmetric,25.3106
symmetric-3595,symmetric,38.227
symmetric-3596,symmetric,36.4312
symmetric-3597,symmetric,45.2274
symmetric-3598,symmetric,41.9661
symmetric-3599,symmetric,35.0053
symmetric-3600,symmetric,47.1306
symmetric-3601,symmetric,57.6259
symmetric-3602,symmetric,35.1907
symmetric-3603,symmetric,38.835
symmetric-3604,symmetric,47.6289
symmetric-3605,symmetric,47.3869
symmetric-3606,symmetric,29.266
symmetric-3607,symmetric,20.2691
symmetric-3608,symmetric,27.5707
symmetric-3609,symmetric,48.3029
symmetric-3610,symmetric,40.6102
symmetric-3611,symmetric,31.0741
symmetric-3612,symmetric,60.024
symmetric-3613,symmetric,27.6088
symmetric-3614,symmetric,57.7462
symmetric-3615,symmetric,45.6023
symmetric-3616,symmetric,35.0459
symmetric-3617,symmetric,29.6253
symmetric-3618,symmetric,42.7719
symmetric-3619,symmetric,42.7101
symmetric-3620,symmetric,24.8831
symmetric-3621,symmetric,34.3953
symmetric-3622,symmetric,44.8269
symmetric-3623,symmetric,46.2945
symmetric-3624,symmetric,43.7456
symmetric-3625,symmetric,31.8226
symmetric-3626,symmetric,51.7573
symmetric-3627,symmetric,30.7879
symmetric-3628,symmetric,34.6709
symmetric-3629,symmetric,26.2391
symmetric-3630,symmetric,41.342
symmetric-3631,symmetric,32.9133
symmetric-3632,symmetric,45.4451
symmetric-3633,symmetric,40.78
symmetric-3634,symmetric,48.0418
symmetric-3635,symmetric,8.0807
symmetric-3636,symmetric,47.6501
symmetric-3637,symmetric,41.3044
symmetric-3638,symmetric,19.8694
symmetric-3639,symmetric,52.5223
symmetric-3640,symmetric,51.9153
symmetric-3641,symmetric,24.1372
symmetric-3642,symmetric,48.3391
symmetric-3643,symmetric,45.5706
symmetric-3644,symmetric,49.3737
symmetric-3645,symmetric,32.6089
symmetric-3646,symmetric,41.0711
symmetric-3647,symmetric,40.5942
symmetric-3648,symmetric,27.6776
symmetric-3649,symmetric,50.0505
symmetric-3650,symmetric,33.5913
symmetric-3651,symmetric,45.3125
symmetric-3652,symmetric,55.9843
symmetric-3653,symmetric,48.3434
symmetric-3654,symmetric,35.5237
symmetric-3655,symmetric,49.4179
symmetric-3656,symmetric,47.5829
symmetric-3657,symmetric,43.9453
symmetric-3658,symmetric,40.1639
symmetric-3659,symmetric,27.7487
symmetric-3660,symmetric,35.1701
symmetric-3661,symmetric,25.6961
symmetric-3662,symmetric,30.6843
symmetric-3663,symmetric,32.9212
symmetric-3664,symmetric,46.1866
symmetric-3665,symmetric,47.2273
symmetric-3666,symmetric,39.4328
symmetric-3667,symmetric,32.8868
symmetric-3668,symmetric,44.7699
symmetric-3669,symmetric,25.5029
symmetric-3670,symmetric,32.6642
symmetric-3671,symmetric,30.9693
symmetric-3672,symmetric,37.0548
symmetric-3673,symmetric,59.8159
symmetric-3674,symmetric,50.6662
symmetric-3675,symmetric,52.0602
symmetric-3676,symmetric,30.7906
symmetric-3677,symmetric,32.9918
symmetric-3678,symmetric,38.4559
symmetric-3679,symmetric,36.259
symmetric-3680,symmetric,47.3971
symmetric-3681,symmetric,44.4813
symmetric-3682,symmetric,37.5694
symmetric-3683,symmetric,57.867
symmetric-3684,symmetric,30.6585
symmetric-3685,symmetric,20.9852
symmetric-3686,symmetric,20.2917
symmetric-3687,symmetric,48.3709
symmetric-3688,symmetric,34.0214
symmetric-3689,symmetric,53.5056
symmetric-3690,symmetric,35.1768
symmetric-3691,symmetric,26.9212
symmetric-3692,symmetric,46.4588
symmetric-3693,symmetric,45.2952
symmetric-3694,symmetric,33.0084
symmetric-3695,symmetric,26.2574
symmetric-3696,symmetric,43.0445
symmetric-3697,symmetric,56.5958
symmetric-3698,symmetric,32.7939
symmetric-3699,symmetric,52.8495
symmetric-3700,symmetric,43.1195
symmetric-3701,symmetric,47.1761
symmetric-3702,symmetric,30.8034
symmetric-3703,symmetric,33.9486
symmetric-3704,symmetric,43.1558
symmetric-3705,symmetric,36.5758
symmetric-3706,symmetric,26.1292
symmetric-3707,symmetric,47.308
symmetric-3708,symmetric,56.7907
symmetric-3709,symmetric,53.9173
symmetric-3710,symmetric,42.1455
symmetric-3711,symmetric,36.7202
symmetric-3712,symmetric,44.3729
symmetric-3713,symmetric,45.0377
symmetric-3714,symmetric,24.6659
symmetric-3715,symmetric,37.2207
symmetric-3716,symmetric,37.2577
symmetric-3717,symmetric,45.3413
symmetric-3718,symmetric,35.3073
symmetric-3719,symmetric,45.4096
symmetric-3720,symmetric,47.033
symmetric-3721,symmetric,49.4724
symmetric-3722,symmetric,32.8611
symmetric-3723,symmetric,41.7683
symmetric-3724,symmetric,39.0912
symmetric-3725,symmetric,56.4372
symmetric-3726,symmetric,46.7254
symmetric-3727,symmetric,56.1271
symmetric-3728,symmetric,43.3025
symmetric-3729,symmetric,34.3574
symmetric-3730,symmetric,33.6911
symmetric-3731,symmetric,23.1194
symmetric-3732,symmetric,39.2666
symmetric-3733,symmetric,35.1819
symmetric-3734,symmetric,33.6631
symmetric-3735,symmetric,52.5616
symmetric-3736,symmetric,43.3224
symmetric-3737,symmetric,49.8851
symmetric-3738,symmetric,32.3824
symmetric-3739,symmetric,29.4593
symmetric-3740,symmetric,35.5464
symmetric-3741,symmetric,50.4223
symmetric-3742,symmetric,33.7117
symmetric-3743,symmetric,39.1865
symmetric-3744,symmetric,26.9275
symmetric-3745,symmetric,29.3825
symmetric-3746,symmetric,53.0537
symmetric-3747,symmetric,32.4677
symmetric-3748,symmetric,41.3701
symmetric-3749,symmetric,34.3711
symmetric-3750,symmetric,39.5535
symmetric-3751,symmetric,38.4174
symmetric-3752,symmetric,54.3985
symmetric-3753,symmetric,61.9684
symmetric-3754,symmetric,35.4912
symmetric-3755,symmetric,33.651
symmetric-3756,symmetric,48.1259
symmetric-3757,symmetric,55.4475
symmetric-3758,symmetric,22.6754
symmetric-3759,symmetric,39.2032
symmetric-3760,symmetric,50.7488
symmetric-3761,symmetric,51.3109
symmetric-3762,symmetric,27.7846
symmetric-3763,symmetric,29.0942
symmetric-3764,symmetric,49.975
symmetric-3765,symmetric,44.367
symmetric-3766,symmetric,36.9949
symmetric-3767,symmetric,38.5576
symmetric-3768,symmetric,20.2295
symmetric-3769,symmetric,43.8142
symmetric-3770,symmetric,30.6237
symmetric-3771,symmetric,33.2098
symmetric-3772,symmetric,52.967
symmetric-3773,symmetric,36.7213
symmetric-3774,symmetric,44.6697
symmetric-3775,symmetric,57.022
symmetric-3776,symmetric,12.2034
symmetric-3777,symmetric,37.5793
symmetric-3778,symmetric,37.2406
symmetric-3779,symmetric,50.04
symmetric-3780,symmetric,30.8365
symmetric-3781,symmetric,40.6083
symmetric-3782,symmetric,37.1706
symmetric-3783,symmetric,18.3457
symmetric-3784,symmetric,45.5663
symmetric-3785,symmetric,43.3268
symmetric-3786,symmetric,47.3249
symmetric-3787,symmetric,46.4283
symmetric-3788,symmetric,43.0876
symmetric-3789,symmetric,34.2976
symmetric-3790,symmetric,37.9224
symmetric-3791,symmetric,39.6176
symmetric-3792,symmetric,51.337
symmetric-3793,symmetric,41.8901
symmetric-3794,symmetric,26.0433
symmetric-3795,symmetric,21.0818
symmetric-3796,symmetric,25.7479
symmetric-3797,symmetric,44.3541
symmetric-3798,symmetric,31.0786
symmetric-3799,symmetric,38.2264
symmetric-3800,symmetric,45.5987
symmetric-3801,symmetric,38.0161
symmetric-3802,symmetric,45.3433
symmetric-3803,symmetric,45.4162
symmetric-3804,symmetric,20.8387
symmetric-3805,symmetric,42.0254
symmetric-3806,symmetric,34.3851
symmetric-3807,symmetric,48.3967
symmetric-3808,symmetric,36.9013
symmetric-3809,symmetric,43.2529
symmetric-3810,symmetric,22.4033
symmetric-3811,symmetric,30.546
symmetric-3812,symmetric,45.2938
symmetric-3813,symmetric,27.1908
symmetric-3814,symmetric,60.4943
symmetric-3815,symmetric,40.1086
symmetric-3816,symmetric,39.2322
symmetric-3817,symmetric,49.1145
symmetric-3818,symmetric,49.488
symmetric-3819,symmetric,44.5189
symmetric-3820,symmetric,42.015
symmetric-3821,symmetric,30.6193
symmetric-3822,symmetric,31.6972
symmetric-3823,symmetric,45.5003
symmetric-3824,symmetric,41.4989
symmetric-3825,symmetric,29.0624
symmetric-3826,symmetric,43.4785
symmetric-3827,symmetric,33.1821
symmetric-3828,symmetric,44.4862
symmetric-3829,symmetric,35.3408
symmetric-3830,symmetric,50.3268
symmetric-3831,symmetric,29.6823
symmetric-3832,symmetric,29.3473
symmetric-3833,symmetric,30.411
symmetric-3834,symmetric,58.9494
symmetric-3835,symmetric,48.0617
symmetric-3836,symmetric,33.1833
symmetric-3837,symmetric,50.0991
symmetric-3838,symmetric,38.5873
symmetric-3839,symmetric,36.8469
symmetric-3840,symmetric,33.2113
symmetric-3841,symmetric,43.9586
symmetric-3842,symmetric,43.7485
symmetric-3843,symmetric,48.6759
symmetric-3844,symmetric,25.8979
symmetric-3845,symmetric,45.029
symmetric-3846,symmetric,36.0188
symmetric-3847,symmetric,35.884
symmetric-3848,symmetric,51.4014
symmetric-3849,symmetric,53.8961
symmetric-3850,symmetric,52.5517
symmetric-3851,symmetric,43.8761
symmetric-3852,symmetric,33.3265
symmetric-3853,symmetric,46.8887
symmetric-3854,symmetric,40.8673
symmetric-3855,symmetric,49.2112
symmetric-3856,symmetric,50.0506
symmetric-3857,symmetric,48.1054
symmetric-3858,symmetric,54.0538
symmetric-3859,symmetric,36.4737
symmetric-3860,symmetric,40.428
symmetric-3861,symmetric,33.2418
symmetric-3862,symmetric,30.9059
symmetric-3863,symmetric,49.3257
symmetric-3864,symmetric,40.7687
symmetric-3865,symmetric,32.807
symmetric-3866,symmetric,38.2703
symmetric-3867,symmetric,56.7671
symmetric-3868,symmetric,54.9048
symmetric-3869,symmetric,34.9597
symmetric-3870,symmetric,51.7873
symmetric-3871,symmetric,30.1477
symmetric-3872,symmetric,37.3144
symmetric-3873,symmetric,45.6678
symmetric-3874,symmetric,34.5895
symmetric-3875,symmetric,43.7026
symmetric-3876,symmetric,39.8781
symmetric-3877,symmetric,43.2267
symmetric-3878,symmetric,33.5165
symmetric-3879,symmetric,27.0037
symmetric-3880,symmetric,23.2005
symmetric-3881,symmetric,35.0896
symmetric-3882,symmetric,39.1418
symmetric-3883,symmetric,47.0206
symmetric-3884,symmetric,27.7917
symmetric-3885,symmetric,33.4809
symmetric-3886,symmetric,41.1195
symmetric-3887,symmetric,28.7946
symmetric-3888,symmetric,30.87
symmetric-3889,symmetric,26.9313
symmetric-3890,symmetric,43.2881
symmetric-3891,symmetric,30.0412
symmetric-3892,symmetric,44.4993
symmetric-3893,symmetric,40.04
symmetric-3894,symmetric,31.0264
symmetric-3895,symmetric,36.0876
symmetric-3896,symmetric,57.5637
symmetric-3897,symmetric,32.9282
symmetric-3898,symmetric,34.2499
symmetric-3899,symmetric,29.8647
symmetric-3900,symmetric,41.3875
symmetric-3901,symmetric,31.1917
symmetric-3902,symmetric,34.843
symmetric-3903,symmetric,36.3183
symmetric-3904,symmetric,31.4875
symmetric-3905,symmetric,23.8123
symmetric-3906,symmetric,43.9998
symmetric-3907,symmetric,41.8936
symmetric-3908,symmetric,42.7389
symmetric-3909,symmetric,20.8057
symmetric-3910,symmetric,48.4791
symmetric-3911,symmetric,48.2721
symmetric-3912,symmetric,33.2616
symmetric-3913,symmetric,58.6715
symmetric-3914,symmetric,39.0291
symmetric-3915,symmetric,52.743
symmetric-3916,symmetric,46.1792
symmetric-3917,symmetric,29.6373
symmetric-3918,symmetric,33.7714
symmetric-3919,symmetric,49.078
symmetric-3920,symmetric,57.4738
symmetric-3921,symmetric,27.2014
symmetric-3922,symmetric,44.1801
symmetric-3923,symmetric,42.8823
symmetric-3924,symmetric,49.2474
symmetric-3925,symmetric,35.1674
symmetric-3926,symmetric,29.7803
symmetric-3927,symmetric,50.7771
symmetric-3928,symmetric,26.6838
symmetric-3929,symmetric,43.2575
symmetric-3930,symmetric,45.1763
symmetric-3931,symmetric,27.2429
symmetric-3932,symmetric,34.475
symmetric-3933,symmetric,39.9489
symmetric-3934,symmetric,42.3771
symmetric-3935,symmetric,39.1263
symmetric-3936,symmetric,52.7338
symmetric-3937,symmetric,39.7456
symmetric-3938,symmetric,40.1737
symmetric-3939,symmetric,45.0814
symmetric-3940,symmetric,30.0177
symmetric-3941,symmetric,28.9315
symmetric-3942,symmetric,50.4912
symmetric-3943,symmetric,43.9436
symmetric-3944,symmetric,39.956
symmetric-3945,symmetric,42.218
symmetric-3946,symmetric,60.2696
symmetric-3947,symmetric,45.3151
symmetric-3948,symmetric,60.4834
symmetric-3949,symmetric,25.9799
symmetric-3950,symmetric,36.4122
symmetric-3951,symmetric,56.3645
symmetric-3952,symmetric,51.4682
symmetric-3953,symmetric,36.2184
symmetric-3954,symmetric,37.7671
symmetric-3955,symmetric,37.7342
symmetric-3956,symmetric,30.4237
symmetric-3957,symmetric,43.1188
symmetric-3958,symmetric,45.7251
symmetric-3959,symmetric,40.8893
symmetric-3960,symmetric,49.0141
symmetric-3961,symmetric,34.6876
symmetric-3962,symmetric,53.5199
symmetric-3963,symmetric,38.3037
symmetric-3964,symmetric,40.6123
symmetric-3965,symmetric,38.5199
symmetric-3966,symmetric,30.7451
symmetric-3967,symmetric,56.6807
symmetric-3968,symmetric,40.092
symmetric-3969,symmetric,38.5581
symmetric-3970,symmetric,47.9063
symmetric-3971,symmetric,37.849
symmetric-3972,symmetric,51.9299
symmetric-3973,symmetric,37.86
symmetric-3974,symmetric,50.5737
symmetric-3975,symmetric,34.9982
symmetric-3976,symmetric,35.9303
symmetric-3977,symmetric,36.5752
symmetric-3978,symmetric,48.6298
symmetric-3979,symmetric,29.3383
symmetric-3980,symmetric,36.5056
symmetric-3981,symmetric,40.4586
symmetric-3982,symmetric,30.1434
symmetric-3983,symmetric,34.5254
symmetric-3984,symmetric,32.6957
symmetric-3985,symmetric,35.1672
symmetric-3986,symmetric,46.3099
symmetric-3987,symmetric,22.4655
symmetric-3988,symmetric,46.8672
symmetric-3989,symmetric,38.2957
symmetric-3990,symmetric,54.2467
symmetric-3991,symmetric,43.4726
symmetric-3992,symmetric,46.6044
symmetric-3993,symmetric,46.3362
symmetric-3994,symmetric,25.8651
symmetric-3995,symmetric,49.0319
symmetric-3996,symmetric,44.8146
symmetric-3997,symmetric,40.0078
symmetric-3998,symmetric,43.7645
symmetric-3999,symmetric,40.8968
symmetric-4000,symmetric,48.1261
symmetric-4001,symmetric,29.6655
symmetric-4002,symmetric,41.6937
symmetric-4003,symmetric,39.8227
symmetric-4004,symmetric,25.2879
symmetric-4005,symmetric,36.0668
symmetric-4006,symmetric,37.1685
symmetric-4007,symmetric,34.0765
symmetric-4008,symmetric,30.2581
symmetric-4009,symmetric,30.3284
symmetric-4010,symmetric,28.633
symmetric-4011,symmetric,48.8195
symmetric-4012,symmetric,39.0845
symmetric-4013,symmetric,39.6364
symmetric-4014,symmetric,39.0927
symmetric-4015,symmetric,44.3528
symmetric-4016,symmetric,35.5123
symmetric-4017,symmetric,46.5858
symmetric-4018,symmetric,56.1633
symmetric-4019,symmetric,36.579
symmetric-4020,symmetric,47.2006
symmetric-4021,symmetric,34.6915
symmetric-4022,symmetric,36.7344
symmetric-4023,symmetric,34.7379
symmetric-4024,symmetric,35.1127
symmetric-4025,symmetric,52.8095
symmetric-4026,symmetric,46.8928
symmetric-4027,symmetric,37.7025
symmetric-4028,symmetric,28.442
symmetric-4029,symmetric,36.2097
symmetric-4030,symmetric,43.0421
symmetric-4031,symmetric,41.985
symmetric-4032,symmetric,38.0966
symmetric-4033,symmetric,56.3375
symmetric-4034,symmetric,42.5854
symmetric-4035,symmetric,31.6172
symmetric-4036,symmetric,57.4479
symmetric-4037,symmetric,23.9978
symmetric-4038,symmetric,49.8226
symmetric-4039,symmetric,52.9965
symmetric-4040,symmetric,47.673
symmetric-4041,symmetric,56.3797
symmetric-4042,symmetric,43.1799
symmetric-4043,symmetric,44.3682
symmetric-4044,symmetric,39.6938
symmetric-4045,symmetric,56.2759
symmetric-4046,symmetric,47.0911
symmetric-4047,symmetric,34.4658
symmetric-4048,symmetric,40.253
symmetric-4049,symmetric,36.8776
symmetric-4050,symmetric,39.8994
symmetric-4051,symmetric,40.6402
symmetric-4052,symmetric,28.2474
symmetric-4053,symmetric,32.5715
symmetric-4054,symmetric,39.4112
symmetric-4055,symmetric,38.6829
symmetric-4056,symmetric,34.9731
symmetric-4057,symmetric,35.8346
symmetric-4058,symmetric,60.3761
symmetric-4059,symmetric,49.3276
symmetric-4060,symmetric,32.3879
symmetric-4061,symmetric,37.1162
symmetric-4062,symmetric,51.2488
symmetric-4063,symmetric,23.6901
symmetric-4064,symmetric,25.4537
symmetric-4065,symmetric,44.6753
symmetric-4066,symmetric,48.3389
symmetric-4067,symmetric,45.5749
symmetric-4068,symmetric,36.1775
symmetric-4069,symmetric,44.2078
symmetric-4070,symmetric,33.9036
symmetric-4071,symmetric,43.1106
symmetric-4072,symmetric,30.3812
symmetric-4073,symmetric,19.8713
symmetric-4074,symmetric,47.2811
symmetric-4075,symmetric,32.4748
symmetric-4076,symmetric,45.7998
symmetric-4077,symmetric,30.7526
symmetric-4078,symmetric,11.3444
symmetric-4079,symmetric,48.6297
symmetric-4080,symmetric,34.1526
symmetric-4081,symmetric,25.5174
symmetric-4082,symmetric,38.7458
symmetric-4083,symmetric,38.7496
symmetric-4084,symmetric,35.831
symmetric-4085,symmetric,25.3589
symmetric-4086,symmetric,47.1576
symmetric-4087,symmetric,48.7629
symmetric-4088,symmetric,54.8361
symmetric-4089,symmetric,24.498
symmetric-4090,symmetric,37.6372
symmetric-4091,symmetric,30.4722
symmetric-4092,symmetric,33.0432
symmetric-4093,symmetric,9.193
symmetric-4094,symmetric,49.8348
symmetric-4095,symmetric,40.3121
symmetric-4096,symmetric,36.4612
symmetric-4097,symmetric,52.1383
symmetric-4098,symmetric,37.3756
symmetric-4099,symmetric,49.0666
symmetric-4100,symmetric,41.9792
symmetric-4101,symmetric,43.0197
symmetric-4102,symmetric,35.8928
symmetric-4103,symmetric,41.6172
symmetric-4104,symmetric,51.7344
symmetric-4105,symmetric,56.7908
symmetric-4106,symmetric,30.9177
symmetric-4107,symmetric,46.0275
symmetric-4108,symmetric,21.8759
symmetric-4109,symmetric,46.1384
symmetric-4110,symmetric,37.9642
symmetric-4111,symmetric,24.9962
symmetric-4112,symmetric,21.1179
symmetric-4113,symmetric,51.7345
symmetric-4114,symmetric,39.0032
symmetric-4115,symmetric,47.6848
symmetric-4116,symmetric,41.4564
symmetric-4117,symmetric,55.181
symmetric-4118,symmetric,49.8138
symmetric-4119,symmetric,23.1301
symmetric-4120,symmetric,32.0682
symmetric-4121,symmetric,41.0139
symmetric-4122,symmetric,45.2981
symmetric-4123,symmetric,37.3365
symmetric-4124,symmetric,28.2913
symmetric-4125,symmetric,53.798
symmetric-4126,symmetric,50.9354
symmetric-4127,symmetric,62.8381
symmetric-4128,symmetric,50.7727
symmetric-4129,symmetric,35.8618
symmetric-4130,symmetric,31.8727
symmetric-4131,symmetric,38.8351
symmetric-4132,symmetric,42.2875
symmetric-4133,symmetric,43.8779
symmetric-4134,symmetric,30.4644
symmetric-4135,symmetric,45.8276
symmetric-4136,symmetric,43.0696
symmetric-4137,symmetric,23.2141
symmetric-4138,symmetric,44.3869
symmetric-4139,symmetric,26.7108
symmetric-4140,symmetric,29.5616
symmetric-4141,symmetric,41.5499
symmetric-4142,symmetric,42.1504
symmetric-4143,symmetric,19.8433
symmetric-4144,symmetric,56.3322
symmetric-4145,symmetric,39.6758
symmetric-4146,symmetric,43.3927
symmetric-4147,symmetric,42.4804
symmetric-4148,symmetric,26.6353
symmetric-4149,symmetric,48.3307
symmetric-4150,symmetric,49.3804
symmetric-4151,symmetric,32.2831
symmetric-4152,symmetric,25.8394
symmetric-4153,symmetric,36.1664
symmetric-4154,symmetric,47.4904
symmetric-4155,symmetric,28.4227
symmetric-4156,symmetric,40.5039
symmetric-4157,symmetric,34.5196
symmetric-4158,symmetric,25.4355
symmetric-4159,symmetric,33.5579
symmetric-4160,symmetric,42.999
symmetric-4161,symmetric,31.9057
symmetric-4162,symmetric,33.8965
symmetric-4163,symmetric,53.7985
symmetric-4164,symmetric,34.9357
symmetric-4165,symmetric,43.0513
symmetric-4166,symmetric,39.7441
symmetric-4167,symmetric,50.0773
symmetric-4168,symmetric,45.368
symmetric-4169,symmetric,23.5179
symmetric-4170,symmetric,44.2704
symmetric-4171,symmetric,65.8489
symmetric-4172,symmetric,48.9669
symmetric-4173,symmetric,43.0472
symmetric-4174,symmetric,42.6724
symmetric-4175,symmetric,42.322
symmetric-4176,symmetric,32.3378
symmetric-4177,symmetric,40.5113
symmetric-4178,symmetric,42.8175
symmetric-4179,symmetric,35.2079
symmetric-4180,symmetric,36.5762
symmetric-4181,symmetric,30.4733
symmetric-4182,symmetric,39.2962
symmetric-4183,symmetric,40.9927
symmetric-4184,symmetric,32.0885
symmetric-4185,symmetric,51.947
symmetric-4186,symmetric,41.1442
symmetric-4187,symmetric,45.6377
symmetric-4188,symmetric,33.7255
symmetric-4189,symmetric,29.2046
symmetric-4190,symmetric,43.2359
symmetric-4191,symmetric,45.9514
symmetric-4192,symmetric,19.6054
symmetric-4193,symmetric,21.0629
symmetric-4194,symmetric,37.5871
symmetric-4195,symmetric,41.147
symmetric-4196,symmetric,42.6232
symmetric-4197,symmetric,26.1987
symmetric-4198,symmetric,47.3899
symmetric-4199,symmetric,41.2865
symmetric-4200,symmetric,63.6227
symmetric-4201,symmetric,13.6469
symmetric-4202,symmetric,34.7369
symmetric-4203,symmetric,54.7125
symmetric-4204,symmetric,50.2406
symmetric-4205,symmetric,43.8783
symmetric-4206,symmetric,29.034
symmetric-4207,symmetric,49.3403
symmetric-4208,symmetric,48.7693
symmetric-4209,symmetric,27.1557
symmetric-4210,symmetric,26.9382
symmetric-4211,symmetric,29.3474
symmetric-4212,symmetric,41.6244
symmetric-4213,symmetric,41.0915
symmetric-4214,symmetric,29.1976
symmetric-4215,symmetric,52.4291
symmetric-4216,symmetric,38.0356
symmetric-4217,symmetric,35.8632
symmetric-4218,symmetric,40.4443
symmetric-4219,symmetric,48.4565
symmetric-4220,symmetric,36.2692
symmetric-4221,symmetric,52.4366
symmetric-4222,symmetric,30.776
symmetric-4223,symmetric,56.5244
symmetric-4224,symmetric,39.1246
symmetric-4225,symmetric,37.7999
symmetric-4226,symmetric,65.5271
symmetric-4227,symmetric,27.8783
symmetric-4228,symmetric,42.2812
symmetric-4229,symmetric,53.6034
symmetric-4230,symmetric,35.7107
symmetric-4231,symmetric,29.7222
symmetric-4232,symmetric,35.7779
symmetric-4233,symmetric,48.8195
symmetric-4234,symmetric,15.5213
symmetric-4235,symmetric,37.8883
symmetric-4236,symmetric,30.2993
symmetric-4237,symmetric,31.7291
symmetric-4238,symmetric,43.1044
symmetric-4239,symmetric,37.2577
symmetric-4240,symmetric,39.2916
symmetric-4241,symmetric,32.3691
symmetric-4242,symmetric,49.1792
symmetric-4243,symmetric,44.5592
symmetric-4244,symmetric,34.3657
symmetric-4245,symmetric,35.8679
symmetric-4246,symmetric,43.7752
symmetric-4247,symmetric,30.1146
symmetric-4248,symmetric,34.8883
symmetric-4249,symmetric,41.9502
symmetric-4250,symmetric,48.5361
symmetric-4251,symmetric,42.2187
symmetric-4252,symmetric,39.6059
symmetric-4253,symmetric,49.1821
symmetric-4254,symmetric,44.2827
symmetric-4255,symmetric,31.2255
symmetric-4256,symmetric,48.9646
symmetric-4257,symmetric,58.0216
symmetric-4258,symmetric,49.0416
symmetric-4259,symmetric,43.4406
symmetric-4260,symmetric,45.1014
symmetric-4261,symmetric,41.2789
symmetric-4262,symmetric,47.1768
symmetric-4263,symmetric,42.2271
symmetric-4264,symmetric,34.5154
symmetric-4265,symmetric,31.9548
symmetric-4266,symmetric,40.3138
symmetric-4267,symmetric,26.5968
symmetric-4268,symmetric,36.2802
symmetric-4269,symmetric,45.5172
symmetric-4270,symmetric,34.0623
symmetric-4271,symmetric,34.0212
symmetric-4272,symmetric,45.1076
symmetric-4273,symmetric,46.1838
symmetric-4274,symmetric,28.4668
symmetric-4275,symmetric,34.3215
symmetric-4276,symmetric,33.3972
symmetric-4277,symmetric,29.9549
symmetric-4278,symmetric,23.5774
symmetric-4279,symmetric,41.1963
symmetric-4280,symmetric,31.8508
symmetric-4281,symmetric,39.09
symmetric-4282,symmetric,41.5748
symmetric-4283,symmetric,51.5441
symmetric-4284,symmetric,36.6565
symmetric-4285,symmetric,62.6605
symmetric-4286,symmetric,29.0102
symmetric-4287,symmetric,18.6529
symmetric-4288,symmetric,52.2028
symmetric-4289,symmetric,36.7454
symmetric-4290,symmetric,36.4958
symmetric-4291,symmetric,47.1168
symmetric-4292,symmetric,35.5998
symmetric-4293,symmetric,48.0999
symmetric-4294,symmetric,42.2981
symmetric-4295,symmetric,50.7315
symmetric-4296,symmetric,54.1906
symmetric-4297,symmetric,40.4143
symmetric-4298,symmetric,34.5279
symmetric-4299,symmetric,48.4585
symmetric-4300,symmetric,36.4893
symmetric-4301,symmetric,35.9378
symmetric-4302,symmetric,46.3274
symmetric-4303,symmetric,50.5727
symmetric-4304,symmetric,35.8233
symmetric-4305,symmetric,43.7376
symmetric-4306,symmetric,33.7557
symmetric-4307,symmetric,51.1762
symmetric-4308,symmetric,59.8438
symmetric-4309,symmetric,44.4718
symmetric-4310,symmetric,35.8484
symmetric-4311,symmetric,47.1735
symmetric-4312,symmetric,33.6979
symmetric-4313,symmetric,36.7441
symmetric-4314,symmetric,36.6871
symmetric-4315,symmetric,49.3299
symmetric-4316,symmetric,43.6619
symmetric-4317,symmetric,38.068
symmetric-4318,symmetric,50.3762
symmetric-4319,symmetric,27.3849
symmetric-4320,symmetric,50.6949
symmetric-4321,symmetric,41.337
symmetric-4322,symmetric,38.1425
symmetric-4323,symmetric,28.7519
symmetric-4324,symmetric,49.8279
symmetric-4325,symmetric,26.5929
symmetric-4326,symmetric,56.5749
symmetric-4327,symmetric,35.1382
symmetric-4328,symmetric,41.4576
symmetric-4329,symmetric,36.7123
symmetric-4330,symmetric,37.0418
symmetric-4331,symmetric,38.4233
symmetric-4332,symmetric,36.6329
symmetric-4333,symmetric,37.5395
symmetric-4334,symmetric,46.345
symmetric-4335,symmetric,67.9114
symmetric-4336,symmetric,42.1152
symmetric-4337,symmetric,44.89
symmetric-4338,symmetric,36.0165
symmetric-4339,symmetric,48.4207
symmetric-4340,symmetric,51.379
symmetric-4341,symmetric,58.8554
symmetric-4342,symmetric,47.6871
symmetric-4343,symmetric,23.9669
symmetric-4344,symmetric,48.0649
symmetric-4345,symmetric,22.706
symmetric-4346,symmetric,24.9155
symmetric-4347,symmetric,45.278
symmetric-4348,symmetric,38.5244
symmetric-4349,symmetric,52.3149
symmetric-4350,symmetric,42.5194
symmetric-4351,symmetric,31.2167
symmetric-4352,symmetric,53.9626
symmetric-4353,symmetric,29.8138
symmetric-4354,symmetric,31.5223
symmetric-4355,symmetric,41.1909
symmetric-4356,symmetric,23.5031
symmetric-4357,symmetric,41.4961
symmetric-4358,symmetric,43.901
symmetric-4359,symmetric,36.8314
symmetric-4360,symmetric,21.6271
symmetric-4361,symmetric,25.8494
symmetric-4362,symmetric,50.0707
symmetric-4363,symmetric,55.4595
symmetric-4364,symmetric,52.6469
symmetric-4365,symmetric,49.8962
symmetric-4366,symmetric,38.8467
symmetric-4367,symmetric,12.3328
symmetric-4368,symmetric,52.1572
symmetric-4369,symmetric,50.842
symmetric-4370,symmetric,38.6946
symmetric-4371,symmetric,52.4771
symmetric-4372,symmetric,36.9943
symmetric-4373,symmetric,33.6449
symmetric-4374,symmetric,60.1529
symmetric-4375,symmetric,46.6274
symmetric-4376,symmetric,39.8924
symmetric-4377,symmetric,47.0186
symmetric-4378,symmetric,34.7042
symmetric-4379,symmetric,37.4801
symmetric-4380,symmetric,42.8484
symmetric-4381,symmetric,30.1612
symmetric-4382,symmetric,36.8767
symmetric-4383,symmetric,52.8433
symmetric-4384,symmetric,45.9147
symmetric-4385,symmetric,28.7866
symmetric-4386,symmetric,41.8358
symmetric-4387,symmetric,50.1796
symmetric-4388,symmetric,23.8909
symmetric-4389,symmetric,46.2832
symmetric-4390,symmetric,17.2237
symmetric-4391,symmetric,50.9791
symmetric-4392,symmetric,25.6281
symmetric-4393,symmetric,47.4301
symmetric-4394,symmetric,43.8338
symmetric-4395,symmetric,44.9251
symmetric-4396,symmetric,50.9542
symmetric-4397,symmetric,23.9874
symmetric-4398,symmetric,35.9019
symmetric-4399,symmetric,43.771
symmetric-4400,symmetric,49.179
symmetric-4401,symmetric,43.9684
symmetric-4402,symmetric,54.2144
symmetric-4403,symmetric,25.8001
symmetric-4404,symmetric,34.5908
symmetric-4405,symmetric,47.0889
symmetric-4406,symmetric,31.5799
symmetric-4407,symmetric,33.7369
symmetric-4408,symmetric,52.2876
symmetric-4409,symmetric,48.8825
symmetric-4410,symmetric,39.5248
symmetric-4411,symmetric,47.9025
symmetric-4412,symmetric,39.9357
symmetric-4413,symmetric,41.9792
symmetric-4414,symmetric,59.166
symmetric-4415,symmetric,42.4299
symmetric-4416,symmetric,59.6844
symmetric-4417,symmetric,53.9668
symmetric-4418,symmetric,52.2953
symmetric-4419,symmetric,34.5857
symmetric-4420,symmetric,43.3133
symmetric-4421,symmetric,34.6239
symmetric-4422,symmetric,29.9644
symmetric-4423,symmetric,53.6562
symmetric-4424,symmetric,35.8988
symmetric-4425,symmetric,44.0717
symmetric-4426,symmetric,32.766
symmetric-4427,symmetric,33.7036
symmetric-4428,symmetric,30.8071
symmetric-4429,symmetric,27.552
symmetric-4430,symmetric,31.4197
symmetric-4431,symmetric,41.5482
symmetric-4432,symmetric,45.2669
symmetric-4433,symmetric,45.4839
symmetric-4434,symmetric,14.9512
symmetric-4435,symmetric,41.41
symmetric-4436,symmetric,16.9639
symmetric-4437,symmetric,40.4083
symmetric-4438,symmetric,42.5346
symmetric-4439,symmetric,52.069
symmetric-4440,symmetric,36.9748
symmetric-4441,symmetric,32.2468
symmetric-4442,symmetric,46.6448
symmetric-4443,symmetric,29.0825
symmetric-4444,symmetric,48.1748
symmetric-4445,symmetric,54.1798
symmetric-4446,symmetric,32.3623
symmetric-4447,symmetric,40.8337
symmetric-4448,symmetric,32.6899
symmetric-4449,symmetric,39.6276
symmetric-4450,symmetric,50.4665
symmetric-4451,symmetric,23.1535
symmetric-4452,symmetric,15.464
symmetric-4453,symmetric,45.1007
symmetric-4454,symmetric,53.096
symmetric-4455,symmetric,22.4238
symmetric-4456,symmetric,47.8742
symmetric-4457,symmetric,34.8114
symmetric-4458,symmetric,28.0816
symmetric-4459,symmetric,51.2985
symmetric-4460,symmetric,39.2192
symmetric-4461,symmetric,49.6107
symmetric-4462,symmetric,29.1274
symmetric-4463,symmetric,32.7285
symmetric-4464,symmetric,46.9027
symmetric-4465,symmetric,45.1591
symmetric-4466,symmetric,37.5791
symmetric-4467,symmetric,52.7766
symmetric-4468,symmetric,38.1136
symmetric-4469,symmetric,55.4565
symmetric-4470,symmetric,35.6773
symmetric-4471,symmetric,60.0155
symmetric-4472,symmetric,42.7302
symmetric-4473,symmetric,44.0995
symmetric-4474,symmetric,37.3904
symmetric-4475,symmetric,39.9853
symmetric-4476,symmetric,36.0959
symmetric-4477,symmetric,29.4081
symmetric-4478,symmetric,40.208
symmetric-4479,symmetric,37.1432
symmetric-4480,symmetric,54.5168
symmetric-4481,symmetric,37.4751
symmetric-4482,symmetric,42.1325
symmetric-4483,symmetric,45.3404
symmetric-4484,symmetric,38.5821
symmetric-4485,symmetric,38.5234
symmetric-4486,symmetric,53.6062
symmetric-4487,symmetric,53.3873
symmetric-4488,symmetric,47.8655
symmetric-4489,symmetric,34.5794
symmetric-4490,symmetric,40.5448
symmetric-4491,symmetric,33.5301
symmetric-4492,symmetric,31.3422
symmetric-4493,symmetric,61.2174
symmetric-4494,symmetric,42.6822
symmetric-4495,symmetric,22.8403
symmetric-4496,symmetric,41.0197
symmetric-4497,symmetric,23.5766
symmetric-4498,symmetric,33.915
symmetric-4499,symmetric,49.2903
symmetric-4500,symmetric,43.7455
symmetric-4501,symmetric,39.6528
symmetric-4502,symmetric,41.6177
symmetric-4503,symmetric,32.3718
symmetric-4504,symmetric,37.2292
symmetric-4505,symmetric,52.4689
symmetric-4506,symmetric,38.0438
symmetric-4507,symmetric,52.0704
symmetric-4508,symmetric,32.0596
symmetric-4509,symmetric,32.8241
symmetric-4510,symmetric,44.3426
symmetric-4511,symmetric,46.3058
symmetric-4512,symmetric,45.9594
symmetric-4513,symmetric,53.9774
symmetric-4514,symmetric,35.2869
symmetric-4515,symmetric,54.5105
symmetric-4516,symmetric,46.3384
symmetric-4517,symmetric,48.866
symmetric-4518,symmetric,43.3835
symmetric-4519,symmetric,46.9752
symmetric-4520,symmetric,41.6107
symmetric-4521,symmetric,27.3724
symmetric-4522,symmetric,52.5251
symmetric-4523,symmetric,45.9789
symmetric-4524,symmetric,24.6165
symmetric-4525,symmetric,24.5911
symmetric-4526,symmetric,29.2119
symmetric-4527,symmetric,41.5565
symmetric-4528,symmetric,37.5708
symmetric-4529,symmetric,54.3211
symmetric-4530,symmetric,35.0688
symmetric-4531,symmetric,24.1704
symmetric-4532,symmetric,32.779
symmetric-4533,symmetric,16.7469
symmetric-4534,symmetric,29.9686
symmetric-4535,symmetric,52.0915
symmetric-4536,symmetric,37.7499
symmetric-4537,symmetric,18.491
symmetric-4538,symmetric,38.6635
symmetric-4539,symmetric,29.4138
symmetric-4540,symmetric,48.7481
symmetric-4541,symmetric,46.9899
symmetric-4542,symmetric,44.9482
symmetric-4543,symmetric,48.0401
symmetric-4544,symmetric,50.1056
symmetric-4545,symmetric,39.9701
symmetric-4546,symmetric,55.9667
symmetric-4547,symmetric,30.5983
symmetric-4548,symmetric,36.6187
symmetric-4549,symmetric,43.4382
symmetric-4550,symmetric,31.4586
symmetric-4551,symmetric,48.6803
symmetric-4552,symmetric,33.3574
symmetric-4553,symmetric,46.2332
symmetric-4554,symmetric,39.7174
symmetric-4555,symmetric,52.6524
symmetric-4556,symmetric,47.4075
symmetric-4557,symmetric,39.7539
symmetric-4558,symmetric,50.0908
symmetric-4559,symmetric,35.4824
symmetric-4560,symmetric,31.4917
symmetric-4561,symmetric,47.5235
symmetric-4562,symmetric,46.6515
symmetric-4563,symmetric,48.0681
symmetric-4564,symmetric,39.9192
symmetric-4565,symmetric,43.1082
symmetric-4566,symmetric,46.559
symmetric-4567,symmetric,41.5375
symmetric-4568,symmetric,61.1793
symmetric-4569,symmetric,36.6391
symmetric-4570,symmetric,42.7342
symmetric-4571,symmetric,34.4865
symmetric-4572,symmetric,47.0573
symmetric-4573,symmetric,30.7426
symmetric-4574,symmetric,35.013
symmetric-4575,symmetric,54.3899
symmetric-4576,symmetric,27.7321
symmetric-4577,symmetric,35.5725
symmetric-4578,symmetric,41.4152
symmetric-4579,symmetric,64.2692
symmetric-4580,symmetric,28.9486
symmetric-4581,symmetric,39.9037
symmetric-4582,symmetric,49.1757
symmetric-4583,symmetric,26.1268
symmetric-4584,symmetric,47.5928
symmetric-4585,symmetric,31.0479
symmetric-4586,symmetric,33.8587
symmetric-4587,symmetric,38.7266
symmetric-4588,symmetric,23.2025
symmetric-4589,symmetric,35.4261
symmetric-4590,symmetric,46.3522
symmetric-4591,symmetric,47.6683
symmetric-4592,symmetric,40.3894
symmetric-4593,symmetric,23.0628
symmetric-4594,symmetric,47.1158
symmetric-4595,symmetric,48.9515
symmetric-4596,symmetric,33.7422
symmetric-4597,symmetric,45.8439
symmetric-4598,symmetric,48.2499
symmetric-4599,symmetric,34.8503
symmetric-4600,symmetric,51.2644
symmetric-4601,symmetric,49.1164
symmetric-4602,symmetric,47.2687
symmetric-4603,symmetric,36.7984
symmetric-4604,symmetric,30.8549
symmetric-4605,symmetric,60.7177
symmetric-4606,symmetric,47.3985
symmetric-4607,symmetric,36.7779
symmetric-4608,symmetric,39.7681
symmetric-4609,symmetric,34.644
symmetric-4610,symmetric,51.2356
symmetric-4611,symmetric,46.69
symmetric-4612,symmetric,24.6949
symmetric-4613,symmetric,47.9589
symmetric-4614,symmetric,35.6635
symmetric-4615,symmetric,47.6702
symmetric-4616,symmetric,35.4468
symmetric-4617,symmetric,38.6151
symmetric-4618,symmetric,24.8382
symmetric-4619,symmetric,28.1083
symmetric-4620,symmetric,39.7167
symmetric-4621,symmetric,36.853
symmetric-4622,symmetric,48.0378
symmetric-4623,symmetric,45.2581
symmetric-4624,symmetric,36.7842
symmetric-4625,symmetric,38.5075
symmetric-4626,symmetric,49.576
symmetric-4627,symmetric,62.9139
symmetric-4628,symmetric,39.0197
symmetric-4629,symmetric,41.2889
symmetric-4630,symmetric,27.1984
symmetric-4631,symmetric,37.3949
symmetric-4632,symmetric,43.0753
symmetric-4633,symmetric,38.4527
symmetric-4634,symmetric,27.1391
symmetric-4635,symmetric,52.0007
symmetric-4636,symmetric,44.8112
symmetric-4637,symmetric,26.7399
symmetric-4638,symmetric,44.1206
symmetric-4639,symmetric,34.3061
symmetric-4640,symmetric,49.4176
symmetric-4641,symmetric,49.3086
symmetric-4642,symmetric,25.2192
symmetric-4643,symmetric,32.9313
symmetric-4644,symmetric,49.9291
symmetric-4645,symmetric,45.3062
symmetric-4646,symmetric,45.4132
symmetric-4647,symmetric,32.8678
symmetric-4648,symmetric,37.0495
symmetric-4649,symmetric,41.2708
symmetric-4650,symmetric,44.823
symmetric-4651,symmetric,36.2165
symmetric-4652,symmetric,24.0046
symmetric-4653,symmetric,26.7059
symmetric-4654,symmetric,52.6662
symmetric-4655,symmetric,68.561
symmetric-4656,symmetric,23.1826
symmetric-4657,symmetric,56.052
symmetric-4658,symmetric,37.8266
symmetric-4659,symmetric,39.747
symmetric-4660,symmetric,41.0885
symmetric-4661,symmetric,49.3445
symmetric-4662,symmetric,38.3945
symmetric-4663,symmetric,27.7296
symmetric-4664,symmetric,42.0686
symmetric-4665,symmetric,41.3051
symmetric-4666,symmetric,44.0541
symmetric-4667,symmetric,51.975
symmetric-4668,symmetric,50.8917
symmetric-4669,symmetric,35.487
symmetric-4670,symmetric,36.2404
symmetric-4671,symmetric,32.2234
symmetric-4672,symmetric,54.0111
symmetric-4673,symmetric,43.0321
symmetric-4674,symmetric,35.4402
symmetric-4675,symmetric,49.309
symmetric-4676,symmetric,33.6473
symmetric-4677,symmetric,42.2138
symmetric-4678,symmetric,40.9352
symmetric-4679,symmetric,37.815
symmetric-4680,symmetric,37.3202
symmetric-4681,symmetric,47.4681
symmetric-4682,symmetric,43.8544
symmetric-4683,symmetric,36.4775
symmetric-4684,symmetric,66.0451
symmetric-4685,symmetric,43.2685
symmetric-4686,symmetric,61.5964
symmetric-4687,symmetric,39.2772
symmetric-4688,symmetric,16.3085
symmetric-4689,symmetric,34.8681
symmetric-4690,symmetric,50.384
symmetric-4691,symmetric,52.1685
symmetric-4692,symmetric,41.1562
symmetric-4693,symmetric,43.0363
symmetric-4694,symmetric,47.4097
symmetric-4695,symmetric,37.7836
symmetric-4696,symmetric,36.53
symmetric-4697,symmetric,34.9988
symmetric-4698,symmetric,46.1789
symmetric-4699,symmetric,40.9914
symmetric-4700,symmetric,45.4187
symmetric-4701,symmetric,38.8493
symmetric-4702,symmetric,44.0378
symmetric-4703,symmetric,43.1197
symmetric-4704,symmetric,50.1011
symmetric-4705,symmetric,27.3666
symmetric-4706,symmetric,35.372
symmetric-4707,symmetric,46.6482
symmetric-4708,symmetric,36.1347
symmetric-4709,symmetric,37.6495
symmetric-4710,symmetric,44.1941
symmetric-4711,symmetric,44.2191
symmetric-4712,symmetric,30.6499
symmetric-4713,symmetric,51.3789
symmetric-4714,symmetric,56.2094
symmetric-4715,symmetric,23.4429
symmetric-4716,symmetric,21.3986
symmetric-4717,symmetric,45.2032
symmetric-4718,symmetric,56.82
symmetric-4719,symmetric,52.9094
symmetric-4720,symmetric,47.7971
symmetric-4721,symmetric,26.5456
symmetric-4722,symmetric,44.6707
symmetric-4723,symmetric,31.3594
symmetric-4724,symmetric,28.3786
symmetric-4725,symmetric,20.8213
symmetric-4726,symmetric,39.6045
symmetric-4727,symmetric,23.5034
symmetric-4728,symmetric,26.4494
symmetric-4729,symmetric,32.4686
symmetric-4730,symmetric,60.1911
symmetric-4731,symmetric,53.7542
symmetric-4732,symmetric,48.0627
symmetric-4733,symmetric,43.2343
symmetric-4734,symmetric,21.1216
symmetric-4735,symmetric,31.5641
symmetric-4736,symmetric,32.9888
symmetric-4737,symmetric,51.2301
symmetric-4738,symmetric,32.6526
symmetric-4739,symmetric,40.7974
symmetric-4740,symmetric,20.673
symmetric-4741,symmetric,36.4939
symmetric-4742,symmetric,48.7438
symmetric-4743,symmetric,52.5245
symmetric-4744,symmetric,39.0961
symmetric-4745,symmetric,48.353
symmetric-4746,symmetric,45.4972
symmetric-4747,symmetric,50.9897
symmetric-4748,symmetric,29.3776
symmetric-4749,symmetric,44.0662
symmetric-4750,symmetric,41.8697
symmetric-4751,symmetric,28.865
symmetric-4752,symmetric,43.7949
symmetric-4753,symmetric,42.6913
symmetric-4754,symmetric,40.1085
symmetric-4755,symmetric,33.0598
symmetric-4756,symmetric,34.3082
symmetric-4757,symmetric,29.9411
symmetric-4758,symmetric,43.4884
symmetric-4759,symmetric,31.4484
symmetric-4760,symmetric,44.0799
symmetric-4761,symmetric,38.2349
symmetric-4762,symmetric,45.2131
symmetric-4763,symmetric,57.3726
symmetric-4764,symmetric,51.347
symmetric-4765,symmetric,34.6416
symmetric-4766,symmetric,39.0138
symmetric-4767,symmetric,17.841
symmetric-4768,symmetric,38.1242
symmetric-4769,symmetric,37.3485
symmetric-4770,symmetric,34.834
symmetric-4771,symmetric,39.5754
symmetric-4772,symmetric,43.3055
symmetric-4773,symmetric,32.8083
symmetric-4774,symmetric,48.5004
symmetric-4775,symmetric,32.6775
symmetric-4776,symmetric,48.8558
symmetric-4777,symmetric,36.9515
symmetric-4778,symmetric,43.2391
symmetric-4779,symmetric,22.3506
symmetric-4780,symmetric,48.0707
symmetric-4781,symmetric,47.3155
symmetric-4782,symmetric,31.8973
symmetric-4783,symmetric,36.3033
symmetric-4784,symmetric,36.5259
symmetric-4785,symmetric,47.7578
symmetric-4786,symmetric,25.4316
symmetric-4787,symmetric,39.8601
symmetric-4788,symmetric,39.6128
symmetric-4789,symmetric,34.7913
symmetric-4790,symmetric,45.1443
symmetric-4791,symmetric,34.6275
symmetric-4792,symmetric,46.0356
symmetric-4793,symmetric,30.2316
symmetric-4794,symmetric,61.1907
symmetric-4795,symmetric,33.6606
symmetric-4796,symmetric,30.955
symmetric-4797,symmetric,17.8448
symmetric-4798,symmetric,27.6972
symmetric-4799,symmetric,56.0238
symmetric-4800,symmetric,39.3491
symmetric-4801,symmetric,45.9897
symmetric-4802,symmetric,44.5291
symmetric-4803,symmetric,34.3523
symmetric-4804,symmetric,47.4631
symmetric-4805,symmetric,45.4301
symmetric-4806,symmetric,49.3878
symmetric-4807,symmetric,50.2336
symmetric-4808,symmetric,51.7335
symmetric-4809,symmetric,46.3623
symmetric-4810,symmetric,39.4186
symmetric-4811,symmetric,40.4335
symmetric-4812,symmetric,51.9169
symmetric-4813,symmetric,32.5967
symmetric-4814,symmetric,43.4498
symmetric-4815,symmetric,40.2324
symmetric-4816,symmetric,41.9036
symmetric-4817,symmetric,48.0791
symmetric-4818,symmetric,35.2402
symmetric-4819,symmetric,30.5883
symmetric-4820,symmetric,37.6429
symmetric-4821,symmetric,29.9427
symmetric-4822,symmetric,48.2972
symmetric-4823,symmetric,35.0386
symmetric-4824,symmetric,20.1734
symmetric-4825,symmetric,33.9779
symmetric-4826,symmetric,48.9032
symmetric-4827,symmetric,39.642
symmetric-4828,symmetric,38.0848
symmetric-4829,symmetric,46.5151
symmetric-4830,symmetric,55.7616
symmetric-4831,symmetric,43.1255
symmetric-4832,symmetric,36.1814
symmetric-4833,symmetric,49.4818
symmetric-4834,symmetric,32.2666
symmetric-4835,symmetric,50.257
symmetric-4836,symmetric,45.8368
symmetric-4837,symmetric,45.1897
symmetric-4838,symmetric,37.5228
symmetric-4839,symmetric,33.6304
symmetric-4840,symmetric,35.3615
symmetric-4841,symmetric,30.8779
symmetric-4842,symmetric,38.1872
symmetric-4843,symmetric,54.7329
symmetric-4844,symmetric,50.8821
symmetric-4845,symmetric,65.1939
symmetric-4846,symmetric,19.8094
symmetric-4847,symmetric,44.9486
symmetric-4848,symmetric,36.0056
symmetric-4849,symmetric,32.3775
symmetric-4850,symmetric,48.3655
symmetric-4851,symmetric,35.8652
symmetric-4852,symmetric,45.5132
symmetric-4853,symmetric,43.5257
symmetric-4854,symmetric,33.2793
symmetric-4855,symmetric,33.3863
symmetric-4856,symmetric,43.5168
symmetric-4857,symmetric,34.4603
symmetric-4858,symmetric,31.7293
symmetric-4859,symmetric,37.9638
symmetric-4860,symmetric,26.5836
symmetric-4861,symmetric,28.1499
symmetric-4862,symmetric,44.3716
symmetric-4863,symmetric,35.7592
symmetric-4864,symmetric,50.2853
symmetric-4865,symmetric,39.5593
symmetric-4866,symmetric,42.8076
symmetric-4867,symmetric,51.2485
symmetric-4868,symmetric,53.7736
symmetric-4869,symmetric,26.2251
symmetric-4870,symmetric,22.2386
symmetric-4871,symmetric,39.1533
symmetric-4872,symmetric,61.3359
symmetric-4873,symmetric,31.149
symmetric-4874,symmetric,33.3215
symmetric-4875,symmetric,54.9054
symmetric-4876,symmetric,38.5393
symmetric-4877,symmetric,33.684
symmetric-4878,symmetric,39.1322
symmetric-4879,symmetric,32.9486
symmetric-4880,symmetric,45.9367
symmetric-4881,symmetric,24.6597
symmetric-4882,symmetric,33.9043
symmetric-4883,symmetric,29.7256
symmetric-4884,symmetric,35.3255
symmetric-4885,symmetric,36.8109
symmetric-4886,symmetric,43.965
symmetric-4887,symmetric,49.4414
symmetric-4888,symmetric,29.213
symmetric-4889,symmetric,25.9577
symmetric-4890,symmetric,40.4382
symmetric-4891,symmetric,35.6051
symmetric-4892,symmetric,36.2055
symmetric-4893,symmetric,43.5097
symmetric-4894,symmetric,42.262
symmetric-4895,symmetric,50.6434
symmetric-4896,symmetric,44.5089
symmetric-4897,symmetric,42.7702
symmetric-4898,symmetric,48.9482
symmetric-4899,symmetric,40.3098
symmetric-4900,symmetric,16.8382
symmetric-4901,symmetric,61.4762
symmetric-4902,symmetric,36.337
symmetric-4903,symmetric,29.4536
symmetric-4904,symmetric,29.638
symmetric-4905,symmetric,44.6951
symmetric-4906,symmetric,41.7464
symmetric-4907,symmetric,47.7738
symmetric-4908,symmetric,23.9032
symmetric-4909,symmetric,58.4125
symmetric-4910,symmetric,46.1666
symmetric-4911,symmetric,33.9842
symmetric-4912,symmetric,41.6212
symmetric-4913,symmetric,43.374
symmetric-4914,symmetric,43.9123
symmetric-4915,symmetric,60.8063
symmetric-4916,symmetric,67.336
symmetric-4917,symmetric,45.0028
symmetric-4918,symmetric,58.2481
symmetric-4919,symmetric,39.996
symmetric-4920,symmetric,40.3691
symmetric-4921,symmetric,25.1476
symmetric-4922,symmetric,33.0803
symmetric-4923,symmetric,33.2775
symmetric-4924,symmetric,25.2485
symmetric-4925,symmetric,34.8384
symmetric-4926,symmetric,33.5118
symmetric-4927,symmetric,44.9449
symmetric-4928,symmetric,37.0305
symmetric-4929,symmetric,53.5472
symmetric-4930,symmetric,34.1161
symmetric-4931,symmetric,34.8001
symmetric-4932,symmetric,48.1093
symmetric-4933,symmetric,31.8074
symmetric-4934,symmetric,22.4953
symmetric-4935,symmetric,41.6697
symmetric-4936,symmetric,24.4938
symmetric-4937,symmetric,41.5336
symmetric-4938,symmetric,27.0678
symmetric-4939,symmetric,28.7369
symmetric-4940,symmetric,36.7638
symmetric-4941,symmetric,26.5185
symmetric-4942,symmetric,53.0694
symmetric-4943,symmetric,47.7996
symmetric-4944,symmetric,37.1844
symmetric-4945,symmetric,25.5218
symmetric-4946,symmetric,40.7824
symmetric-4947,symmetric,46.6696
symmetric-4948,symmetric,31.1077
symmetric-4949,symmetric,45.3358
symmetric-4950,symmetric,27.7484
symmetric-4951,symmetric,58.0476
symmetric-4952,symmetric,43.5019
symmetric-4953,symmetric,38.8884
symmetric-4954,symmetric,37.108
symmetric-4955,symmetric,30.9165
symmetric-4956,symmetric,36.8965
symmetric-4957,symmetric,25.2948
symmetric-4958,symmetric,29.3871
symmetric-4959,symmetric,66.2422
symmetric-4960,symmetric,27.8751
symmetric-4961,symmetric,33.6865
symmetric-4962,symmetric,40.0921
symmetric-4963,symmetric,31.5111
symmetric-4964,symmetric,40.2565
symmetric-4965,symmetric,45.6431
symmetric-4966,symmetric,50.8757
symmetric-4967,symmetric,51.0055
symmetric-4968,symmetric,35.9194
symmetric-4969,symmetric,25.4395
symmetric-4970,symmetric,42.5151
symmetric-4971,symmetric,42.3947
symmetric-4972,symmetric,12.3007
symmetric-4973,symmetric,39.3216
symmetric-4974,symmetric,23.6266
symmetric-4975,symmetric,32.7834
symmetric-4976,symmetric,29.2245
symmetric-4977,symmetric,26.799
symmetric-4978,symmetric,50.5415
symmetric-4979,symmetric,52.2619
symmetric-4980,symmetric,42.5485
symmetric-4981,symmetric,34.7413
symmetric-4982,symmetric,3.6736
symmetric-4983,symmetric,50.8779
symmetric-4984,symmetric,25.7367
symmetric-4985,symmetric,45.7717
symmetric-4986,symmetric,43.4557
symmetric-4987,symmetric,51.3549
symmetric-4988,symmetric,12.3045
symmetric-4989,symmetric,36.1053
symmetric-4990,symmetric,33.0327
symmetric-4991,symmetric,42.9359
symmetric-4992,symmetric,45.5746
symmetric-4993,symmetric,44.1763
symmetric-4994,symmetric,39.7624
symmetric-4995,symmetric,26.9123
symmetric-4996,symmetric,39.1272
symmetric-4997,symmetric,32.0145
symmetric-4998,symmetric,43.336
symmetric-4999,symmetric,47.6537
symmetric-5000,symmetric,31.7494
symmetric-5001,symmetric,51.9499
symmetric-5002,symmetric,40.8178
symmetric-5003,symmetric,32.0093
symmetric-5004,symmetric,38.5997
symmetric-5005,symmetric,23.7888
symmetric-5006,symmetric,39.9242
symmetric-5007,symmetric,20.2613
symmetric-5008,symmetric,65.7892
symmetric-5009,symmetric,25.1528
symmetric-5010,symmetric,45.4943
symmetric-5011,symmetric,44.6096
symmetric-5012,symmetric,31.8023
symmetric-5013,symmetric,32.3502
symmetric-5014,symmetric,48.1048
symmetric-5015,symmetric,33.4592
symmetric-5016,symmetric,37.4933
symmetric-5017,symmetric,36.165
symmetric-5018,symmetric,49.2847
symmetric-5019,symmetric,37.882
symmetric-5020,symmetric,42.2906
symmetric-5021,symmetric,45.4258
symmetric-5022,symmetric,28.914
symmetric-5023,symmetric,43.3315
symmetric-5024,symmetric,22.9173
symmetric-5025,symmetric,17.8954
symmetric-5026,symmetric,46.0233
symmetric-5027,symmetric,20.2657
symmetric-5028,symmetric,44.708
symmetric-5029,symmetric,41.3444
symmetric-5030,symmetric,26.1493
symmetric-5031,symmetric,35.6352
symmetric-5032,symmetric,25.5189
symmetric-5033,symmetric,47.4175
symmetric-5034,symmetric,26.1235
symmetric-5035,symmetric,38.037
symmetric-5036,symmetric,36.3691
symmetric-5037,symmetric,25.3156
symmetric-5038,symmetric,38.0366
symmetric-5039,symmetric,22.8138
symmetric-5040,symmetric,22.6821
symmetric-5041,symmetric,59.7568
symmetric-5042,symmetric,48.2716
symmetric-5043,symmetric,40.4934
symmetric-5044,symmetric,29.7466
symmetric-5045,symmetric,22.5154
symmetric-5046,symmetric,42.4936
symmetric-5047,symmetric,32.9572
symmetric-5048,symmetric,37.1279
symmetric-5049,symmetric,47.6302
symmetric-5050,symmetric,43.1922
symmetric-5051,symmetric,35.4589
symmetric-5052,symmetric,37.2891
symmetric-5053,symmetric,33.0325
symmetric-5054,symmetric,23.136
symmetric-5055,symmetric,35.3001
symmetric-5056,symmetric,42.7126
symmetric-5057,symmetric,41.8533
symmetric-5058,symmetric,22.5216
symmetric-5059,symmetric,31.5391
symmetric-5060,symmetric,45.3978
symmetric-5061,symmetric,32.1086
symmetric-5062,symmetric,27.9938
symmetric-5063,symmetric,57.8558
symmetric-5064,symmetric,40.0792
symmetric-5065,symmetric,28.1095
symmetric-5066,symmetric,39.5722
symmetric-5067,symmetric,22.1725
symmetric-5068,symmetric,35.71
symmetric-5069,symmetric,47.2711
symmetric-5070,symmetric,44.6795
symmetric-5071,symmetric,51.9025
symmetric-5072,symmetric,37.6205
symmetric-5073,symmetric,58.1161
symmetric-5074,symmetric,44.3504
symmetric-5075,symmetric,40.9527
symmetric-5076,symmetric,37.9733
symmetric-5077,symmetric,37.9035
symmetric-5078,symmetric,25.4294
symmetric-5079,symmetric,41.8215
symmetric-5080,symmetric,25.3403
symmetric-5081,symmetric,49.2117
symmetric-5082,symmetric,56.0381
symmetric-5083,symmetric,57.438
symmetric-5084,symmetric,28.5282
symmetric-5085,symmetric,32.5411
symmetric-5086,symmetric,32.6399
symmetric-5087,symmetric,49.2858
symmetric-5088,symmetric,47.7287
symmetric-5089,symmetric,48.8768
symmetric-5090,symmetric,33.3309
symmetric-5091,symmetric,27.1745
symmetric-5092,symmetric,42.0228
symmetric-5093,symmetric,35.1246
symmetric-5094,symmetric,40.6034
symmetric-5095,symmetric,38.9143
symmetric-5096,symmetric,57.946
symmetric-5097,symmetric,37.9416
symmetric-5098,symmetric,39.3335
symmetric-5099,symmetric,40.8441
symmetric-5100,symmetric,38.5006
symmetric-5101,symmetric,33.6934
symmetric-5102,symmetric,45.0207
symmetric-5103,symmetric,36.3673
symmetric-5104,symmetric,47.6156
symmetric-5105,symmetric,53.1877
symmetric-5106,symmetric,33.0842
symmetric-5107,symmetric,43.3191
symmetric-5108,symmetric,47.8862
symmetric-5109,symmetric,36.0895
symmetric-5110,symmetric,36.4966
symmetric-5111,symmetric,20.4036
symmetric-5112,symmetric,48.1856
symmetric-5113,symmetric,35.4953
symmetric-5114,symmetric,30.2952
symmetric-5115,symmetric,38.9371
symmetric-5116,symmetric,35.7332
symmetric-5117,symmetric,43.7498
symmetric-5118,symmetric,58.8181
symmetric-5119,symmetric,36.0946
symmetric-5120,symmetric,45.8248
symmetric-5121,symmetric,40.0346
symmetric-5122,symmetric,38.3172
symmetric-5123,symmetric,15.6292
symmetric-5124,symmetric,47.0404
symmetric-5125,symmetric,55.2619
symmetric-5126,symmetric,41.8463
symmetric-5127,symmetric,28.3701
symmetric-5128,symmetric,16.1713
symmetric-5129,symmetric,46.2128
symmetric-5130,symmetric,37.5738
symmetric-5131,symmetric,19.0912
symmetric-5132,symmetric,55.8726
symmetric-5133,symmetric,46.1837
symmetric-5134,symmetric,27.1931
symmetric-5135,symmetric,45.3892
symmetric-5136,symmetric,28.8243
symmetric-5137,symmetric,57.2957
symmetric-5138,symmetric,49.6658
symmetric-5139,symmetric,48.8371
symmetric-5140,symmetric,38.2505
symmetric-5141,symmetric,43.4918
symmetric-5142,symmetric,37.5373
symmetric-5143,symmetric,48.8242
symmetric-5144,symmetric,60.7887
symmetric-5145,symmetric,30.2274
symmetric-5146,symmetric,51.4903
symmetric-5147,symmetric,58.0916
symmetric-5148,symmetric,47.9638
symmetric-5149,symmetric,39.2914
symmetric-5150,symmetric,53.791
symmetric-5151,symmetric,45.3655
symmetric-5152,symmetric,42.362
symmetric-5153,symmetric,31.4995
symmetric-5154,symmetric,31.2261
symmetric-5155,symmetric,42.9995
symmetric-5156,symmetric,52.0045
symmetric-5157,symmetric,47.6127
symmetric-5158,symmetric,43.3994
symmetric-5159,symmetric,36.9161
symmetric-5160,symmetric,50.7571
symmetric-5161,symmetric,48.1752
symmetric-5162,symmetric,29.1076
symmetric-5163,symmetric,31.9646
symmetric-5164,symmetric,49.7515
symmetric-5165,symmetric,43.414
symmetric-5166,symmetric,25.5047
symmetric-5167,symmetric,32.2348
symmetric-5168,symmetric,29.145
symmetric-5169,symmetric,68.2864
symmetric-5170,symmetric,28.191
symmetric-5171,symmetric,19.9476
symmetric-5172,symmetric,58.1411
symmetric-5173,symmetric,53.423
symmetric-5174,symmetric,59.2609
symmetric-5175,symmetric,26.5408
symmetric-5176,symmetric,42.9292
symmetric-5177,symmetric,38.6012
symmetric-5178,symmetric,34.7697
symmetric-5179,symmetric,16.8282
symmetric-5180,symmetric,57.2398
symmetric-5181,symmetric,38.9201
symmetric-5182,symmetric,42.2299
symmetric-5183,symmetric,47.0891
symmetric-5184,symmetric,42.4017
symmetric-5185,symmetric,32.7028
symmetric-5186,symmetric,27.3911
symmetric-5187,symmetric,52.3891
symmetric-5188,symmetric,58.4494
symmetric-5189,symmetric,49.9209
symmetric-5190,symmetric,36.8952
symmetric-5191,symmetric,36.8465
symmetric-5192,symmetric,44.8544
symmetric-5193,symmetric,32.6753
symmetric-5194,symmetric,29.6678
symmetric-5195,symmetric,35.2053
symmetric-5196,symmetric,49.4805
symmetric-5197,symmetric,36.1794
symmetric-5198,symmetric,47.9455
symmetric-5199,symmetric,40.1884
symmetric-5200,symmetric,29.5226
symmetric-5201,symmetric,39.2835
symmetric-5202,symmetric,43.5655
symmetric-5203,symmetric,30.1535
symmetric-5204,symmetric,58.1927
symmetric-5205,symmetric,47.8003
symmetric-5206,symmetric,35.5974
symmetric-5207,symmetric,44.3496
symmetric-5208,symmetric,45.2915
symmetric-5209,symmetric,44.9372
symmetric-5210,symmetric,46.3498
symmetric-5211,symmetric,35.5633
symmetric-5212,symmetric,47.4456
symmetric-5213,symmetric,48.0358
symmetric-5214,symmetric,40.3778
symmetric-5215,symmetric,30.9786
symmetric-5216,symmetric,26.2169
symmetric-5217,symmetric,22.1933
symmetric-5218,symmetric,48.4901
symmetric-5219,symmetric,43.5107
symmetric-5220,symmetric,41.5765
symmetric-5221,symmetric,28.9683
symmetric-5222,symmetric,29.9809
symmetric-5223,symmetric,31.3196
symmetric-5224,symmetric,40.469
symmetric-5225,symmetric,40.9356
symmetric-5226,symmetric,33.0654
symmetric-5227,symmetric,43.6089
symmetric-5228,symmetric,48.9186
symmetric-5229,symmetric,45.907
symmetric-5230,symmetric,27.9508
symmetric-5231,symmetric,29.7827
symmetric-5232,symmetric,41.3838
symmetric-5233,symmetric,24.3895
symmetric-5234,symmetric,30.2496
symmetric-5235,symmetric,35.6231
symmetric-5236,symmetric,58.3505
symmetric-5237,symmetric,34.2721
symmetric-5238,symmetric,49.3055
symmetric-5239,symmetric,28.2271
symmetric-5240,symmetric,29.2236
symmetric-5241,symmetric,30.1075
symmetric-5242,symmetric,48.9115
symmetric-5243,symmetric,42.8981
symmetric-5244,symmetric,46.7935
symmetric-5245,symmetric,33.2751
symmetric-5246,symmetric,48.2825
symmetric-5247,symmetric,57.3651
symmetric-5248,symmetric,53.4208
symmetric-5249,symmetric,28.3509
symmetric-5250,symmetric,18.4831
symmetric-5251,symmetric,40.3631
symmetric-5252,symmetric,42.9182
symmetric-5253,symmetric,42.8976
symmetric-5254,symmetric,33.711
symmetric-5255,symmetric,66.1824
symmetric-5256,symmetric,15.0584
symmetric-5257,symmetric,39.9399
symmetric-5258,symmetric,21.2284
symmetric-5259,symmetric,55.7363
symmetric-5260,symmetric,52.6872
symmetric-5261,symmetric,32.7199
symmetric-5262,symmetric,54.9786
symmetric-5263,symmetric,35.6698
symmetric-5264,symmetric,36.6924
symmetric-5265,symmetric,40.7089
symmetric-5266,symmetric,38.8317
symmetric-5267,symmetric,29.9418
symmetric-5268,symmetric,44.6141
symmetric-5269,symmetric,51.4907
symmetric-5270,symmetric,53.9826
symmetric-5271,symmetric,27.8344
symmetric-5272,symmetric,42.1524
symmetric-5273,symmetric,37.5065
symmetric-5274,symmetric,36.4927
symmetric-5275,symmetric,43.3661
symmetric-5276,symmetric,36.6905
symmetric-5277,symmetric,59.7153
symmetric-5278,symmetric,28.5563
symmetric-5279,symmetric,42.114
symmetric-5280,symmetric,52.7727
symmetric-5281,symmetric,43.4366
symmetric-5282,symmetric,42.9486
symmetric-5283,symmetric,44.5556
symmetric-5284,symmetric,28.2715
symmetric-5285,symmetric,51.358
symmetric-5286,symmetric,37.4038
symmetric-5287,symmetric,17.7401
symmetric-5288,symmetric,37.5757
symmetric-5289,symmetric,42.1596
symmetric-5290,symmetric,39.2178
symmetric-5291,symmetric,33.4295
symmetric-5292,symmetric,22.8025
symmetric-5293,symmetric,53.4725
symmetric-5294,symmetric,44.8137
symmetric-5295,symmetric,47.9404
symmetric-5296,symmetric,43.2756
symmetric-5297,symmetric,40.4936
symmetric-5298,symmetric,47.9072
symmetric-5299,symmetric,27.8803
symmetric-5300,symmetric,38.6438
symmetric-5301,symmetric,25.3768
symmetric-5302,symmetric,52.3956
symmetric-5303,symmetric,44.3251
symmetric-5304,symmetric,55.8682
symmetric-5305,symmetric,48.0837
symmetric-5306,symmetric,37.8026
symmetric-5307,symmetric,53.0424
symmetric-5308,symmetric,33.7455
symmetric-5309,symmetric,42.5689
symmetric-5310,symmetric,51.4249
symmetric-5311,symmetric,29.8089
symmetric-5312,symmetric,33.2254
symmetric-5313,symmetric,44.2303
symmetric-5314,symmetric,53.8569
symmetric-5315,symmetric,20.8348
symmetric-5316,symmetric,43.207
symmetric-5317,symmetric,26.8993
symmetric-5318,symmetric,38.294
symmetric-5319,symmetric,52.6585
symmetric-5320,symmetric,37.7131
symmetric-5321,symmetric,56.9556
symmetric-5322,symmetric,51.6941
symmetric-5323,symmetric,33.6025
symmetric-5324,symmetric,41.0512
symmetric-5325,symmetric,32.32
symmetric-5326,symmetric,44.0388
symmetric-5327,symmetric,53.248
symmetric-5328,symmetric,37.2069
symmetric-5329,symmetric,48.8111
symmetric-5330,symmetric,47.7625
symmetric-5331,symmetric,34.6897
symmetric-5332,symmetric,43.6824
symmetric-5333,symmetric,44.192
symmetric-5334,symmetric,40.7712
symmetric-5335,symmetric,39.5382
symmetric-5336,symmetric,46.5258
symmetric-5337,symmetric,39.0285
symmetric-5338,symmetric,34.7748
symmetric-5339,symmetric,44.7765
symmetric-5340,symmetric,37.9187
symmetric-5341,symmetric,49.1081
symmetric-5342,symmetric,34.5188
symmetric-5343,symmetric,44.0218
symmetric-5344,symmetric,31.5361
symmetric-5345,symmetric,40.1294
symmetric-5346,symmetric,31.6482
symmetric-5347,symmetric,50.1923
symmetric-5348,symmetric,41.0427
symmetric-5349,symmetric,37.2401
symmetric-5350,symmetric,57.3729
symmetric-5351,symmetric,36.6083
symmetric-5352,symmetric,43.0534
symmetric-5353,symmetric,34.6408
symmetric-5354,symmetric,30.3782
symmetric-5355,symmetric,27.1495
symmetric-5356,symmetric,54.7781
symmetric-5357,symmetric,33.9936
symmetric-5358,symmetric,57.1834
symmetric-5359,symmetric,27.8359
symmetric-5360,symmetric,35.1473
symmetric-5361,symmetric,51.7565
symmetric-5362,symmetric,39.5783
symmetric-5363,symmetric,29.2684
symmetric-5364,symmetric,38.0181
symmetric-5365,symmetric,29.6
symmetric-5366,symmetric,39.5563
symmetric-5367,symmetric,38.7856
symmetric-5368,symmetric,26.8887
symmetric-5369,symmetric,30.8957
symmetric-5370,symmetric,53.5112
symmetric-5371,symmetric,44.0274
symmetric-5372,symmetric,35.7186
symmetric-5373,symmetric,55.766
symmetric-5374,symmetric,45.1234
symmetric-5375,symmetric,34.4727
symmetric-5376,symmetric,47.2981
symmetric-5377,symmetric,37.4908
symmetric-5378,symmetric,26.2554
symmetric-5379,symmetric,41.6091
symmetric-5380,symmetric,32.2524
symmetric-5381,symmetric,39.673
symmetric-5382,symmetric,34.0915
symmetric-5383,symmetric,54.578
symmetric-5384,symmetric,49.2387
symmetric-5385,symmetric,18.6566
symmetric-5386,symmetric,30.5084
symmetric-5387,symmetric,39.7829
symmetric-5388,symmetric,43.8437
symmetric-5389,symmetric,33.3764
symmetric-5390,symmetric,43.3141
symmetric-5391,symmetric,31.9501
symmetric-5392,symmetric,29.1526
symmetric-5393,symmetric,52.7922
symmetric-5394,symmetric,30.4167
symmetric-5395,symmetric,29.0627
symmetric-5396,symmetric,27.4595
symmetric-5397,symmetric,25.5714
symmetric-5398,symmetric,39.9399
symmetric-5399,symmetric,33.5103
symmetric-5400,symmetric,35.413
symmetric-5401,symmetric,31.5699
symmetric-5402,symmetric,45.6434
symmetric-5403,symmetric,37.6287
symmetric-5404,symmetric,44.4007
symmetric-5405,symmetric,33.6975
symmetric-5406,symmetric,47.4464
symmetric-5407,symmetric,37.2079
symmetric-5408,symmetric,22.9229
symmetric-5409,symmetric,43.7126
symmetric-5410,symmetric,35.4818
symmetric-5411,symmetric,41.7242
symmetric-5412,symmetric,37.6803
symmetric-5413,symmetric,36.5016
symmetric-5414,symmetric,36.4437
symmetric-5415,symmetric,33.0896
symmetric-5416,symmetric,37.0783
symmetric-5417,symmetric,17.0529
symmetric-5418,symmetric,29.3701
symmetric-5419,symmetric,50.6936
symmetric-5420,symmetric,29.4562
symmetric-5421,symmetric,45.4719
symmetric-5422,symmetric,29.9597
symmetric-5423,symmetric,35.5561
symmetric-5424,symmetric,47.0574
symmetric-5425,symmetric,37.676
symmetric-5426,symmetric,48.2308
symmetric-5427,symmetric,44.982
symmetric-5428,symmetric,31.9778
symmetric-5429,symmetric,38.7443
symmetric-5430,symmetric,37.1556
symmetric-5431,symmetric,42.2237
symmetric-5432,symmetric,32.087
symmetric-5433,symmetric,47.9867
symmetric-5434,symmetric,41.4899
symmetric-5435,symmetric,38.5218
symmetric-5436,symmetric,31.8317
symmetric-5437,symmetric,41.4632
symmetric-5438,symmetric,40.8403
symmetric-5439,symmetric,47.4128
symmetric-5440,symmetric,24.965
symmetric-5441,symmetric,39.9459
symmetric-5442,symmetric,49.6997
symmetric-5443,symmetric,34.6439
symmetric-5444,symmetric,38.9275
symmetric-5445,symmetric,56.6391
symmetric-5446,symmetric,44.1659
symmetric-5447,symmetric,43.8513
symmetric-5448,symmetric,44.2702
symmetric-5449,symmetric,36.4492
symmetric-5450,symmetric,52.2608
symmetric-5451,symmetric,38.3213
symmetric-5452,symmetric,28.4757
symmetric-5453,symmetric,54.4789
symmetric-5454,symmetric,55.037
symmetric-5455,symmetric,51.8341
symmetric-5456,symmetric,34.7807
symmetric-5457,symmetric,34.9081
symmetric-5458,symmetric,27.8077
symmetric-5459,symmetric,37.3747
symmetric-5460,symmetric,18.8663
symmetric-5461,symmetric,21.8157
symmetric-5462,symmetric,43.1557
symmetric-5463,symmetric,53.0145
symmetric-5464,symmetric,28.6508
symmetric-5465,symmetric,23.3849
symmetric-5466,symmetric,49.9798
symmetric-5467,symmetric,38.3349
symmetric-5468,symmetric,29.2979
symmetric-5469,symmetric,55.7168
symmetric-5470,symmetric,41.1393
symmetric-5471,symmetric,41.3361
symmetric-5472,symmetric,55.3248
symmetric-5473,symmetric,41.2507
symmetric-5474,symmetric,54.9606
symmetric-5475,symmetric,47.772
symmetric-5476,symmetric,31.8378
symmetric-5477,symmetric,43.2173
symmetric-5478,symmetric,31.0283
symmetric-5479,symmetric,35.042
symmetric-5480,symmetric,39.9472
symmetric-5481,symmetric,33.774
symmetric-5482,symmetric,39.8247
symmetric-5483,symmetric,29.8806
symmetric-5484,symmetric,34.644
symmetric-5485,symmetric,35.7597
symmetric-5486,symmetric,39.3238
symmetric-5487,symmetric,41.0751
symmetric-5488,symmetric,45.7177
symmetric-5489,symmetric,30.9885
symmetric-5490,symmetric,44.6861
symmetric-5491,symmetric,45.1185
symmetric-5492,symmetric,31.8679
symmetric-5493,symmetric,47.7699
symmetric-5494,symmetric,47.44
symmetric-5495,symmetric,15.1376
symmetric-5496,symmetric,40.8383
symmetric-5497,symmetric,29.7176
symmetric-5498,symmetric,51.1758
symmetric-5499,symmetric,29.9679
symmetric-5500,symmetric,33.2246
symmetric-5501,symmetric,55.0307
symmetric-5502,symmetric,44.3587
symmetric-5503,symmetric,42.3349
symmetric-5504,symmetric,42.9396
symmetric-5505,symmetric,38.8293
symmetric-5506,symmetric,23.0909
symmetric-5507,symmetric,41.864
symmetric-5508,symmetric,26.3301
symmetric-5509,symmetric,39.3427
symmetric-5510,symmetric,26.2028
symmetric-5511,symmetric,32.4859
symmetric-5512,symmetric,23.7766
symmetric-5513,symmetric,38.5814
symmetric-5514,symmetric,50.86
symmetric-5515,symmetric,41.9334
symmetric-5516,symmetric,47.8619
symmetric-5517,symmetric,32.3462
symmetric-5518,symmetric,47.4766
symmetric-5519,symmetric,37.3107
symmetric-5520,symmetric,27.2024
symmetric-5521,symmetric,54.99
symmetric-5522,symmetric,33.1696
symmetric-5523,symmetric,40.5002
symmetric-5524,symmetric,18.7709
symmetric-5525,symmetric,47.2223
symmetric-5526,symmetric,22.5882
symmetric-5527,symmetric,34.1178
symmetric-5528,symmetric,43.5307
symmetric-5529,symmetric,39.8998
symmetric-5530,symmetric,37.4145
symmetric-5531,symmetric,31.2119
symmetric-5532,symmetric,39.3685
symmetric-5533,symmetric,37.6755
symmetric-5534,symmetric,32.5889
symmetric-5535,symmetric,41.9867
symmetric-5536,symmetric,47.869
symmetric-5537,symmetric,42.6417
symmetric-5538,symmetric,38.3214
symmetric-5539,symmetric,36.5421
symmetric-5540,symmetric,51.5301
symmetric-5541,symmetric,32.3022
symmetric-5542,symmetric,45.3844
symmetric-5543,symmetric,46.6445
symmetric-5544,symmetric,55.5477
symmetric-5545,symmetric,55.5414
symmetric-5546,symmetric,45.2697
symmetric-5547,symmetric,48.1015
symmetric-5548,symmetric,27.9627
symmetric-5549,symmetric,37.2921
symmetric-5550,symmetric,32.5163
symmetric-5551,symmetric,54.1055
symmetric-5552,symmetric,35.8814
symmetric-5553,symmetric,42.0963
symmetric-5554,symmetric,32.2809
symmetric-5555,symmetric,39.7897
symmetric-5556,symmetric,30.492
symmetric-5557,symmetric,44.2501
symmetric-5558,symmetric,18.0763
symmetric-5559,symmetric,41.1371
symmetric-5560,symmetric,48.1941
symmetric-5561,symmetric,57.2535
symmetric-5562,symmetric,28.6124
symmetric-5563,symmetric,45.5311
symmetric-5564,symmetric,37.6921
symmetric-5565,symmetric,41.7828
symmetric-5566,symmetric,26.515
symmetric-5567,symmetric,39.0604
symmetric-5568,symmetric,13.3547
symmetric-5569,symmetric,31.0293
symmetric-5570,symmetric,38.9253
symmetric-5571,symmetric,50.8535
symmetric-5572,symmetric,24.6466
symmetric-5573,symmetric,49.958
symmetric-5574,symmetric,34.6744
symmetric-5575,symmetric,43.4151
symmetric-5576,symmetric,40.4444
symmetric-5577,symmetric,45.1863
symmetric-5578,symmetric,42.5382
symmetric-5579,symmetric,56.7636
symmetric-5580,symmetric,50.9335
symmetric-5581,symmetric,47.7523
symmetric-5582,symmetric,38.6587
symmetric-5583,symmetric,47.5455
symmetric-5584,symmetric,36.0003
symmetric-5585,symmetric,43.6534
symmetric-5586,symmetric,55.828
symmetric-5587,symmetric,51.1679
symmetric-5588,symmetric,27.1644
symmetric-5589,symmetric,41.6214
symmetric-5590,symmetric,41.233
symmetric-5591,symmetric,26.2034
symmetric-5592,symmetric,18.2587
symmetric-5593,symmetric,43.0705
symmetric-5594,symmetric,44.0929
symmetric-5595,symmetric,49.065
symmetric-5596,symmetric,41.2364
symmetric-5597,symmetric,36.2902
symmetric-5598,symmetric,51.164
symmetric-5599,symmetric,32.7405
symmetric-5600,symmetric,44.3219
symmetric-5601,symmetric,37.0209
symmetric-5602,symmetric,39.0382
symmetric-5603,symmetric,47.2249
symmetric-5604,symmetric,45.2559
symmetric-5605,symmetric,42.8638
symmetric-5606,symmetric,50.1873
symmetric-5607,symmetric,46.2318
symmetric-5608,symmetric,44.934
symmetric-5609,symmetric,40.925
symmetric-5610,symmetric,44.5817
symmetric-5611,symmetric,40.4229
symmetric-5612,symmetric,52.2041
symmetric-5613,symmetric,45.1211
symmetric-5614,symmetric,40.1131
symmetric-5615,symmetric,32.878
symmetric-5616,symmetric,49.7636
symmetric-5617,symmetric,55.1193
symmetric-5618,symmetric,29.6408
symmetric-5619,symmetric,41.503
symmetric-5620,symmetric,64.3362
symmetric-5621,symmetric,35.1012
symmetric-5622,symmetric,42.3341
symmetric-5623,symmetric,45.9911
symmetric-5624,symmetric,31.4291
symmetric-5625,symmetric,35.3424
symmetric-5626,symmetric,31.8067
symmetric-5627,symmetric,43.8732
symmetric-5628,symmetric,24.1781
symmetric-5629,symmetric,45.3462
symmetric-5630,symmetric,44.9912
symmetric-5631,symmetric,52.7418
symmetric-5632,symmetric,45.2681
symmetric-5633,symmetric,38.5493
symmetric-5634,symmetric,59.9481
symmetric-5635,symmetric,42.9318
symmetric-5636,symmetric,41.4156
symmetric-5637,symmetric,23.7653
symmetric-5638,symmetric,35.2907
symmetric-5639,symmetric,52.3423
symmetric-5640,symmetric,52.13
symmetric-5641,symmetric,38.6608
symmetric-5642,symmetric,47.2206
symmetric-5643,symmetric,17.6873
symmetric-5644,symmetric,29.9296
symmetric-5645,symmetric,46.1021
symmetric-5646,symmetric,45.1907
symmetric-5647,symmetric,57.8919
symmetric-5648,symmetric,50.8523
symmetric-5649,symmetric,44.9749
symmetric-5650,symmetric,36.6549
symmetric-5651,symmetric,30.0245
symmetric-5652,symmetric,43.2999
symmetric-5653,symmetric,39.0313
symmetric-5654,symmetric,52.4724
symmetric-5655,symmetric,33.0473
symmetric-5656,symmetric,41.3131
symmetric-5657,symmetric,40.7225
symmetric-5658,symmetric,52.5674
symmetric-5659,symmetric,51.3364
symmetric-5660,symmetric,41.095
symmetric-5661,symmetric,47.5732
symmetric-5662,symmetric,43.0023
symmetric-5663,symmetric,30.36
symmetric-5664,symmetric,42.1198
symmetric-5665,symmetric,38.7946
symmetric-5666,symmetric,32.5158
symmetric-5667,symmetric,44.1717
symmetric-5668,symmetric,39.7279
symmetric-5669,symmetric,32.0603
symmetric-5670,symmetric,36.3484
symmetric-5671,symmetric,42.3167
symmetric-5672,symmetric,27.5826
symmetric-5673,symmetric,25.7868
symmetric-5674,symmetric,40.3459
symmetric-5675,symmetric,39.5487
symmetric-5676,symmetric,29.5835
symmetric-5677,symmetric,45.4146
symmetric-5678,symmetric,42.0868
symmetric-5679,symmetric,56.7221
symmetric-5680,symmetric,48.7723
symmetric-5681,symmetric,38.1567
symmetric-5682,symmetric,32.1744
symmetric-5683,symmetric,53.9423
symmetric-5684,symmetric,35.3615
symmetric-5685,symmetric,40.2354
symmetric-5686,symmetric,44.1568
symmetric-5687,symmetric,44.8621
symmetric-5688,symmetric,38.9989
symmetric-5689,symmetric,51.1907
symmetric-5690,symmetric,52.8841
symmetric-5691,symmetric,27.3444
symmetric-5692,symmetric,33.0509
symmetric-5693,symmetric,33.3704
symmetric-5694,symmetric,27.4791
symmetric-5695,symmetric,34.3537
symmetric-5696,symmetric,53.2741
symmetric-5697,symmetric,47.6472
symmetric-5698,symmetric,41.8558
symmetric-5699,symmetric,51.9654
symmetric-5700,symmetric,55.7457
symmetric-5701,symmetric,31.7731
symmetric-5702,symmetric,32.5351
symmetric-5703,symmetric,52.9729
symmetric-5704,symmetric,42.006
symmetric-5705,symmetric,50.5713
symmetric-5706,symmetric,31.181
symmetric-5707,symmetric,37.9879
symmetric-5708,symmetric,39.6248
symmetric-5709,symmetric,59.7398
symmetric-5710,symmetric,37.8993
symmetric-5711,symmetric,52.8129
symmetric-5712,symmetric,53.685
symmetric-5713,symmetric,47.6147
symmetric-5714,symmetric,54.5535
symmetric-5715,symmetric,48.061
symmetric-5716,symmetric,44.4938
symmetric-5717,symmetric,28.7171
symmetric-5718,symmetric,51.9533
symmetric-5719,symmetric,14.2048
symmetric-5720,symmetric,26.018
symmetric-5721,symmetric,54.6535
symmetric-5722,symmetric,36.1698
symmetric-5723,symmetric,38.0068
symmetric-5724,symmetric,43.0689
symmetric-5725,symmetric,47.8915
symmetric-5726,symmetric,42.9981
symmetric-5727,symmetric,39.6521
symmetric-5728,symmetric,27.8311
symmetric-5729,symmetric,74.2935
symmetric-5730,symmetric,23.5783
symmetric-5731,symmetric,31.2741
symmetric-5732,symmetric,48.8345
symmetric-5733,symmetric,27.0921
symmetric-5734,symmetric,23.7941
symmetric-5735,symmetric,28.8305
symmetric-5736,symmetric,39.4159
symmetric-5737,symmetric,52.972
symmetric-5738,symmetric,35.5942
symmetric-5739,symmetric,39.2182
symmetric-5740,symmetric,55.7808
symmetric-5741,symmetric,45.9005
symmetric-5742,symmetric,32.9929
symmetric-5743,symmetric,39.8026
symmetric-5744,symmetric,39.8938
symmetric-5745,symmetric,30.7706
symmetric-5746,symmetric,44.8961
symmetric-5747,symmetric,35.3897
symmetric-5748,symmetric,39.497
symmetric-5749,symmetric,46.854
symmetric-5750,symmetric,45.1206
symmetric-5751,symmetric,44.9299
symmetric-5752,symmetric,26.1114
symmetric-5753,symmetric,17.9603
symmetric-5754,symmetric,58.5752
symmetric-5755,symmetric,29.3841
symmetric-5756,symmetric,35.057
symmetric-5757,symmetric,35.9243
symmetric-5758,symmetric,51.3399
symmetric-5759,symmetric,45.4725
symmetric-5760,symmetric,48.8941
symmetric-5761,symmetric,51.1401
symmetric-5762,symmetric,40.6091
symmetric-5763,symmetric,35.9957
symmetric-5764,symmetric,35.1591
symmetric-5765,symmetric,49.0416
symmetric-5766,symmetric,27.359
symmetric-5767,symmetric,52.2095
symmetric-5768,symmetric,34.7591
symmetric-5769,symmetric,47.7161
symmetric-5770,symmetric,43.8309
symmetric-5771,symmetric,46.8006
symmetric-5772,symmetric,61.0661
symmetric-5773,symmetric,33.3889
symmetric-5774,symmetric,27.8827
symmetric-5775,symmetric,40.3019
symmetric-5776,symmetric,51.6076
symmetric-5777,symmetric,38.9328
symmetric-5778,symmetric,50.9709
symmetric-5779,symmetric,49.158
symmetric-5780,symmetric,41.5335
symmetric-5781,symmetric,51.554
symmetric-5782,symmetric,51.3079
symmetric-5783,symmetric,39.6695
symmetric-5784,symmetric,36.9477
symmetric-5785,symmetric,42.1692
symmetric-5786,symmetric,29.4352
symmetric-5787,symmetric,52.3927
symmetric-5788,symmetric,33.8891
symmetric-5789,symmetric,15.5508
symmetric-5790,symmetric,43.4643
symmetric-5791,symmetric,29.4729
symmetric-5792,symmetric,37.2009
symmetric-5793,symmetric,39.6634
symmetric-5794,symmetric,38.8214
symmetric-5795,symmetric,39.1064
symmetric-5796,symmetric,38.9315
symmetric-5797,symmetric,30.2928
symmetric-5798,symmetric,27.9881
symmetric-5799,symmetric,40.8848
symmetric-5800,symmetric,26.0015
symmetric-5801,symmetric,56.3598
symmetric-5802,symmetric,52.2335
symmetric-5803,symmetric,46.2058
symmetric-5804,symmetric,32.8559
symmetric-5805,symmetric,16.6369
symmetric-5806,symmetric,42.4062
symmetric-5807,symmetric,19.9511
symmetric-5808,symmetric,35.2175
symmetric-5809,symmetric,27.7189
symmetric-5810,symmetric,55.4941
symmetric-5811,symmetric,36.8782
symmetric-5812,symmetric,33.3759
symmetric-5813,symmetric,32.0016
symmetric-5814,symmetric,49.4012
symmetric-5815,symmetric,46.8855
symmetric-5816,symmetric,46.1648
symmetric-5817,symmetric,34.8555
symmetric-5818,symmetric,39.2602
symmetric-5819,symmetric,25.1239
symmetric-5820,symmetric,17.7061
symmetric-5821,symmetric,20.6506
symmetric-5822,symmetric,27.3401
symmetric-5823,symmetric,27.9649
symmetric-5824,symmetric,59.5756
symmetric-5825,symmetric,30.7986
symmetric-5826,symmetric,48.6107
symmetric-5827,symmetric,32.0952
symmetric-5828,symmetric,35.9717
symmetric-5829,symmetric,27.9772
symmetric-5830,symmetric,47.8663
symmetric-5831,symmetric,51.9379
symmetric-5832,symmetric,44.4651
symmetric-5833,symmetric,51.121
symmetric-5834,symmetric,34.8818
symmetric-5835,symmetric,21.8822
symmetric-5836,symmetric,22.2457
symmetric-5837,symmetric,49.4221
symmetric-5838,symmetric,42.342
symmetric-5839,symmetric,42.9335
symmetric-5840,symmetric,41.0088
symmetric-5841,symmetric,31.0214
symmetric-5842,symmetric,36.0529
symmetric-5843,symmetric,47.8845
symmetric-5844,symmetric,52.0302
symmetric-5845,symmetric,37.7315
symmetric-5846,symmetric,36.3782
symmetric-5847,symmetric,49.156
symmetric-5848,symmetric,46.6372
symmetric-5849,symmetric,28.0129
symmetric-5850,symmetric,27.798
symmetric-5851,symmetric,44.7574
symmetric-5852,symmetric,41.1409
symmetric-5853,symmetric,38.8904
symmetric-5854,symmetric,32.2087
symmetric-5855,symmetric,38.7121
symmetric-5856,symmetric,38.9448
symmetric-5857,symmetric,52.3543
symmetric-5858,symmetric,46.0561
symmetric-5859,symmetric,36.8244
symmetric-5860,symmetric,41.5565
symmetric-5861,symmetric,37.0096
symmetric-5862,symmetric,34.1077
symmetric-5863,symmetric,26.1961
symmetric-5864,symmetric,36.0288
symmetric-5865,symmetric,34.7794
symmetric-5866,symmetric,46.6621
symmetric-5867,symmetric,32.9065
symmetric-5868,symmetric,43.8312
symmetric-5869,symmetric,49.5839
symmetric-5870,symmetric,29.7043
symmetric-5871,symmetric,43.1037
symmetric-5872,symmetric,20.3881
symmetric-5873,symmetric,38.0057
symmetric-5874,symmetric,59.6983
symmetric-5875,symmetric,37.8077
symmetric-5876,symmetric,51.1821
symmetric-5877,symmetric,31.2495
symmetric-5878,symmetric,51.3758
symmetric-5879,symmetric,47.7571
symmetric-5880,symmetric,44.2792
symmetric-5881,symmetric,36.1601
symmetric-5882,symmetric,46.8182
symmetric-5883,symmetric,42.8633
symmetric-5884,symmetric,42.0893
symmetric-5885,symmetric,45.6392
symmetric-5886,symmetric,38.0465
symmetric-5887,symmetric,56.0275
symmetric-5888,symmetric,48.1989
symmetric-5889,symmetric,47.7203
symmetric-5890,symmetric,40.3262
symmetric-5891,symmetric,52.7469
symmetric-5892,symmetric,39.0406
symmetric-5893,symmetric,38.8692
symmetric-5894,symmetric,47.456
symmetric-5895,symmetric,21.8927
symmetric-5896,symmetric,36.774
symmetric-5897,symmetric,49.4039
symmetric-5898,symmetric,46.95
symmetric-5899,symmetric,56.4051
symmetric-5900,symmetric,34.7642
symmetric-5901,symmetric,47.3745
symmetric-5902,symmetric,35.8246
symmetric-5903,symmetric,32.9215
symmetric-5904,symmetric,23.4658
symmetric-5905,symmetric,36.2408
symmetric-5906,symmetric,33.2423
symmetric-5907,symmetric,23.6551
symmetric-5908,symmetric,55.9873
symmetric-5909,symmetric,36.3754
symmetric-5910,symmetric,52.683
symmetric-5911,symmetric,38.8312
symmetric-5912,symmetric,51.7193
symmetric-5913,symmetric,18.8183
symmetric-5914,symmetric,45.9871
symmetric-5915,symmetric,31.6153
symmetric-5916,symmetric,36.26
symmetric-5917,symmetric,45.5643
symmetric-5918,symmetric,42.5665
symmetric-5919,symmetric,45.222
symmetric-5920,symmetric,47.2028
symmetric-5921,symmetric,46.0968
symmetric-5922,symmetric,32.1818
symmetric-5923,symmetric,51.0771
symmetric-5924,symmetric,35.0261
symmetric-5925,symmetric,56.1029
symmetric-5926,symmetric,50.0134
symmetric-5927,symmetric,56.1207
symmetric-5928,symmetric,32.0974
symmetric-5929,symmetric,43.887
symmetric-5930,symmetric,50.9724
symmetric-5931,symmetric,26.5897
symmetric-5932,symmetric,15.1138
symmetric-5933,symmetric,36.7911
symmetric-5934,symmetric,32.3321
symmetric-5935,symmetric,33.0149
symmetric-5936,symmetric,52.9601
symmetric-5937,symmetric,54.3471
symmetric-5938,symmetric,23.1878
symmetric-5939,symmetric,33.1277
symmetric-5940,symmetric,41.9905
symmetric-5941,symmetric,39.4828
symmetric-5942,symmetric,56.9425
symmetric-5943,symmetric,52.7717
symmetric-5944,symmetric,50.7132
symmetric-5945,symmetric,43.0265
symmetric-5946,symmetric,50.8119
symmetric-5947,symmetric,41.2174
symmetric-5948,symmetric,25.507
symmetric-5949,symmetric,41.4494
symmetric-5950,symmetric,26.8055
symmetric-5951,symmetric,31.7438
symmetric-5952,symmetric,50.136
symmetric-5953,symmetric,48.1509
symmetric-5954,symmetric,57.6942
symmetric-5955,symmetric,29.9776
symmetric-5956,symmetric,51.3098
symmetric-5957,symmetric,40.537
symmetric-5958,symmetric,39.5289
symmetric-5959,symmetric,42.9515
symmetric-5960,symmetric,25.7941
symmetric-5961,symmetric,28.4066
symmetric-5962,symmetric,62.9927
symmetric-5963,symmetric,35.3451
symmetric-5964,symmetric,31.4546
symmetric-5965,symmetric,42.5422
symmetric-5966,symmetric,58.1218
symmetric-5967,symmetric,33.8429
symmetric-5968,symmetric,28.565
symmetric-5969,symmetric,52.6616
symmetric-5970,symmetric,42.297
symmetric-5971,symmetric,29.4505
symmetric-5972,symmetric,43.9473
symmetric-5973,symmetric,68.6617
symmetric-5974,symmetric,33.8609
symmetric-5975,symmetric,30.108
symmetric-5976,symmetric,54.2608
symmetric-5977,symmetric,51.1949
symmetric-5978,symmetric,21.8512
symmetric-5979,symmetric,19.0295
symmetric-5980,symmetric,52.7659
symmetric-5981,symmetric,56.116
symmetric-5982,symmetric,28.6798
symmetric-5983,symmetric,41.5943
symmetric-5984,symmetric,40.3785
symmetric-5985,symmetric,20.4618
symmetric-5986,symmetric,43.556
symmetric-5987,symmetric,32.5489
symmetric-5988,symmetric,36.3572
symmetric-5989,symmetric,34.3677
symmetric-5990,symmetric,36.1319
symmetric-5991,symmetric,31.0015
symmetric-5992,symmetric,33.393
symmetric-5993,symmetric,50.5384
symmetric-5994,symmetric,36.3035
symmetric-5995,symmetric,37.1324
symmetric-5996,symmetric,16.3702
symmetric-5997,symmetric,40.0017
symmetric-5998,symmetric,59.4208
symmetric-5999,symmetric,21.9666
symmetric-6000,symmetric,42.313
long_tail-0001,long_tail,49.8324
long_tail-0002,long_tail,24.0651
long_tail-0003,long_tail,40.8133
long_tail-0004,long_tail,21.1947
long_tail-0005,long_tail,7.4192
long_tail-0006,long_tail,8.0891
long_tail-0007,long_tail,23.4896
long_tail-0008,long_tail,32.0013
long_tail-0009,long_tail,44.5238
long_tail-0010,long_tail,23.8913
long_tail-0011,long_tail,19.5326
long_tail-0012,long_tail,16.8881
long_tail-0013,long_tail,10.7678
long_tail-0014,long_tail,189.01
long_tail-0015,long_tail,31.1473
long_tail-0016,long_tail,8.0575
long_tail-0017,long_tail,30.0943
long_tail-0018,long_tail,30.4274
long_tail-0019,long_tail,38.7639
long_tail-0020,long_tail,82.5253
long_tail-0021,long_tail,50.6868
long_tail-0022,long_tail,34.2595
long_tail-0023,long_tail,12.143
long_tail-0024,long_tail,86.0691
long_tail-0025,long_tail,72.2043
long_tail-0026,long_tail,5.9407
long_tail-0027,long_tail,89.975
long_tail-0028,long_tail,66.301
long_tail-0029,long_tail,107.1426
long_tail-0030,long_tail,66.1707
long_tail-0031,long_tail,104.948
long_tail-0032,long_tail,162.7427
long_tail-0033,long_tail,142.9585
long_tail-0034,long_tail,27.8505
long_tail-0035,long_tail,51.6146
long_tail-0036,long_tail,30.3841
long_tail-0037,long_tail,23.9791
long_tail-0038,long_tail,12.2664
long_tail-0039,long_tail,18.5805
long_tail-0040,long_tail,8.6928
long_tail-0041,long_tail,25.0173
long_tail-0042,long_tail,94.9393
long_tail-0043,long_tail,23.4431
long_tail-0044,long_tail,59.5582
long_tail-0045,long_tail,32.4813
long_tail-0046,long_tail,21.5116
long_tail-0047,long_tail,13.3336
long_tail-0048,long_tail,40.2389
long_tail-0049,long_tail,29.3082
long_tail-0050,long_tail,35.1957
long_tail-0051,long_tail,11.3537
long_tail-0052,long_tail,81.3397
long_tail-0053,long_tail,12.4998
long_tail-0054,long_tail,29.4526
long_tail-0055,long_tail,12.5384
long_tail-0056,long_tail,63.6968
long_tail-0057,long_tail,12.4416
long_tail-0058,long_tail,21.7309
long_tail-0059,long_tail,67.3897
long_tail-0060,long_tail,52.28
long_tail-0061,long_tail,65.6858
long_tail-0062,long_tail,33.7288
long_tail-0063,long_tail,13.4379
long_tail-0064,long_tail,33.6169
long_tail-0065,long_tail,73.5507
long_tail-0066,long_tail,12.8214
long_tail-0067,long_tail,36.7152
long_tail-0068,long_tail,19.9855
long_tail-0069,long_tail,19.2035
long_tail-0070,long_tail,30.2843
long_tail-0071,long_tail,87.3357
long_tail-0072,long_tail,43.7691
long_tail-0073,long_tail,24.8946
long_tail-0074,long_tail,66.5917
long_tail-0075,long_tail,29.9354
long_tail-0076,long_tail,12.732
long_tail-0077,long_tail,45.2554
long_tail-0078,long_tail,13.7563
long_tail-0079,long_tail,15.712
long_tail-0080,long_tail,21.303
long_tail-0081,long_tail,13.8796
long_tail-0082,long_tail,20.9692
long_tail-0083,long_tail,5.8402
long_tail-0084,long_tail,33.0725
long_tail-0085,long_tail,20.223
long_tail-0086,long_tail,36.6685
long_tail-0087,long_tail,9.3817
long_tail-0088,long_tail,89.4991
long_tail-0089,long_tail,30.6801
long_tail-0090,long_tail,8.4704
long_tail-0091,long_tail,71.9573
long_tail-0092,long_tail,27.4727
long_tail-0093,long_tail,78.709
long_tail-0094,long_tail,16.859
long_tail-0095,long_tail,122.2954
long_tail-0096,long_tail,28.3756
long_tail-0097,long_tail,54.3492
long_tail-0098,long_tail,25.6876
long_tail-0099,long_tail,78.6529
long_tail-0100,long_tail,66.1561
long_tail-0101,long_tail,13.3613
long_tail-0102,long_tail,4.4217
long_tail-0103,long_tail,78.0061
long_tail-0104,long_tail,33.4129
long_tail-0105,long_tail,121.4555
long_tail-0106,long_tail,36.8803
long_tail-0107,long_tail,24.8498
long_tail-0108,long_tail,116.4799
long_tail-0109,long_tail,104.7257
long_tail-0110,long_tail,30.0027
long_tail-0111,long_tail,23.796
long_tail-0112,long_tail,93.3848
long_tail-0113,long_tail,57.9746
long_tail-0114,long_tail,45.8521
long_tail-0115,long_tail,7.8497
long_tail-0116,long_tail,30.478
long_tail-0117,long_tail,65.7712
long_tail-0118,long_tail,12.7913
long_tail-0119,long_tail,74.0193
long_tail-0120,long_tail,39.234
long_tail-0121,long_tail,43.9273
long_tail-0122,long_tail,8.2347
long_tail-0123,long_tail,27.3271
long_tail-0124,long_tail,52.0284
long_tail-0125,long_tail,65.336
long_tail-0126,long_tail,48.8261
long_tail-0127,long_tail,68.2155
long_tail-0128,long_tail,16.4812
long_tail-0129,long_tail,27.5105
long_tail-0130,long_tail,45.245
long_tail-0131,long_tail,88.4257
long_tail-0132,long_tail,26.1373
long_tail-0133,long_tail,42.3283
long_tail-0134,long_tail,24.8612
long_tail-0135,long_tail,20.4254
long_tail-0136,long_tail,16.6758
long_tail-0137,long_tail,128.2131
long_tail-0138,long_tail,17.6919
long_tail-0139,long_tail,15.5954
long_tail-0140,long_tail,75.405
long_tail-0141,long_tail,33.6465
long_tail-0142,long_tail,25.2941
long_tail-0143,long_tail,68.8613
long_tail-0144,long_tail,45.9566
long_tail-0145,long_tail,83.2916
long_tail-0146,long_tail,93.8881
long_tail-0147,long_tail,36.6134
long_tail-0148,long_tail,12.5799
long_tail-0149,long_tail,15.6643
long_tail-0150,long_tail,31.9629
long_tail-0151,long_tail,16.8948
long_tail-0152,long_tail,32.194
long_tail-0153,long_tail,79.7622
long_tail-0154,long_tail,21.2058
long_tail-0155,long_tail,29.0369
long_tail-0156,long_tail,89.4056
long_tail-0157,long_tail,27.5355
long_tail-0158,long_tail,27.8116
long_tail-0159,long_tail,66.5625
long_tail-0160,long_tail,45.0125
long_tail-0161,long_tail,16.9454
long_tail-0162,long_tail,26.0842
long_tail-0163,long_tail,22.0864
long_tail-0164,long_tail,19.3813
long_tail-0165,long_tail,37.2407
long_tail-0166,long_tail,50.5919
long_tail-0167,long_tail,35.3554
long_tail-0168,long_tail,90.3455
long_tail-0169,long_tail,18.4267
long_tail-0170,long_tail,27.1142
long_tail-0171,long_tail,17.6682
long_tail-0172,long_tail,8.0017
long_tail-0173,long_tail,18.7579
long_tail-0174,long_tail,26.2479
long_tail-0175,long_tail,37.9423
long_tail-0176,long_tail,64.9486
long_tail-0177,long_tail,76.6292
long_tail-0178,long_tail,114.8123
long_tail-0179,long_tail,55.4845
long_tail-0180,long_tail,63.5241
long_tail-0181,long_tail,28.0309
long_tail-0182,long_tail,48.8203
long_tail-0183,long_tail,30.4879
long_tail-0184,long_tail,41.5962
long_tail-0185,long_tail,42.2722
long_tail-0186,long_tail,21.7701
long_tail-0187,long_tail,9.4659
long_tail-0188,long_tail,29.7615
long_tail-0189,long_tail,21.7959
long_tail-0190,long_tail,11.2177
long_tail-0191,long_tail,19.7611
long_tail-0192,long_tail,25.0689
long_tail-0193,long_tail,13.5302
long_tail-0194,long_tail,30.284
long_tail-0195,long_tail,16.9802
long_tail-0196,long_tail,25.3175
long_tail-0197,long_tail,52.6562
long_tail-0198,long_tail,24.7191
long_tail-0199,long_tail,53.4313
long_tail-0200,long_tail,48.5931
long_tail-0201,long_tail,14.5707
long_tail-0202,long_tail,353.5157
long_tail-0203,long_tail,59.8473
long_tail-0204,long_tail,33.0265
long_tail-0205,long_tail,25.7047
long_tail-0206,long_tail,35.158
long_tail-0207,long_tail,63.2506
long_tail-0208,long_tail,10.573
long_tail-0209,long_tail,28.4569
long_tail-0210,long_tail,72.7083
long_tail-0211,long_tail,17.9207
long_tail-0212,long_tail,21.5675
long_tail-0213,long_tail,33.5191
long_tail-0214,long_tail,13.1224
long_tail-0215,long_tail,15.7259
long_tail-0216,long_tail,24.3888
long_tail-0217,long_tail,53.8873
long_tail-0218,long_tail,33.6512
long_tail-0219,long_tail,3.8166
long_tail-0220,long_tail,49.3856
long_tail-0221,long_tail,20.5392
long_tail-0222,long_tail,26.7898
long_tail-0223,long_tail,251.0355
long_tail-0224,long_tail,41.2477
long_tail-0225,long_tail,34.6127
long_tail-0226,long_tail,91.2007
long_tail-0227,long_tail,12.3932
long_tail-0228,long_tail,33.6683
long_tail-0229,long_tail,61.8218
long_tail-0230,long_tail,18.5462
long_tail-0231,long_tail,7.2178
long_tail-0232,long_tail,108.8058
long_tail-0233,long_tail,73.623
long_tail-0234,long_tail,53.8224
long_tail-0235,long_tail,16.1038
long_tail-0236,long_tail,85.4032
long_tail-0237,long_tail,75.6682
long_tail-0238,long_tail,15.2352
long_tail-0239,long_tail,113.9508
long_tail-0240,long_tail,21.5902
long_tail-0241,long_tail,23.6633
long_tail-0242,long_tail,38.0792
long_tail-0243,long_tail,30.633
long_tail-0244,long_tail,32.691
long_tail-0245,long_tail,210.9029
long_tail-0246,long_tail,13.3739
long_tail-0247,long_tail,15.8201
long_tail-0248,long_tail,45.6186
long_tail-0249,long_tail,34.2254
long_tail-0250,long_tail,55.6506
long_tail-0251,long_tail,27.4637
long_tail-0252,long_tail,46.9823
long_tail-0253,long_tail,144.8517
long_tail-0254,long_tail,153.5975
long_tail-0255,long_tail,32.3905
long_tail-0256,long_tail,17.3384
long_tail-0257,long_tail,18.6598
long_tail-0258,long_tail,96.626
long_tail-0259,long_tail,94.5468
long_tail-0260,long_tail,30.2436
long_tail-0261,long_tail,45.4738
long_tail-0262,long_tail,18.1474
long_tail-0263,long_tail,57.7612
long_tail-0264,long_tail,10.1314
long_tail-0265,long_tail,180.5903
long_tail-0266,long_tail,185.6733
long_tail-0267,long_tail,159.8677
long_tail-0268,long_tail,10.8355
long_tail-0269,long_tail,11.3107
long_tail-0270,long_tail,11.7252
long_tail-0271,long_tail,26.9429
long_tail-0272,long_tail,54.0343
long_tail-0273,long_tail,15.6456
long_tail-0274,long_tail,72.0694
long_tail-0275,long_tail,27.9873
long_tail-0276,long_tail,35.957
long_tail-0277,long_tail,33.871
long_tail-0278,long_tail,357.0451
long_tail-0279,long_tail,43.1658
long_tail-0280,long_tail,11.8922
long_tail-0281,long_tail,85.1458
long_tail-0282,long_tail,10.2908
long_tail-0283,long_tail,25.2927
long_tail-0284,long_tail,20.629
long_tail-0285,long_tail,11.4573
long_tail-0286,long_tail,58.902
long_tail-0287,long_tail,38.2487
long_tail-0288,long_tail,91.838
long_tail-0289,long_tail,39.2426
long_tail-0290,long_tail,15.8919
long_tail-0291,long_tail,42.5556
long_tail-0292,long_tail,16.7417
long_tail-0293,long_tail,51.3943
long_tail-0294,long_tail,37.9664
long_tail-0295,long_tail,3.1241
long_tail-0296,long_tail,17.7174
long_tail-0297,long_tail,58.6107
long_tail-0298,long_tail,16.5799
long_tail-0299,long_tail,41.6895
long_tail-0300,long_tail,19.3054
long_tail-0301,long_tail,31.5707
long_tail-0302,long_tail,32.1318
long_tail-0303,long_tail,57.5726
long_tail-0304,long_tail,28.9527
long_tail-0305,long_tail,68.0237
long_tail-0306,long_tail,5.5212
long_tail-0307,long_tail,7.6744
long_tail-0308,long_tail,41.8279
long_tail-0309,long_tail,15.5357
long_tail-0310,long_tail,38.6077
long_tail-0311,long_tail,22.2713
long_tail-0312,long_tail,132.5018
long_tail-0313,long_tail,17.0187
long_tail-0314,long_tail,41.019
long_tail-0315,long_tail,34.574
long_tail-0316,long_tail,67.3066
long_tail-0317,long_tail,19.8722
long_tail-0318,long_tail,46.3486
long_tail-0319,long_tail,11.6531
long_tail-0320,long_tail,19.1667
long_tail-0321,long_tail,27.4598
long_tail-0322,long_tail,23.5579
long_tail-0323,long_tail,85.6312
long_tail-0324,long_tail,37.0402
long_tail-0325,long_tail,33.6515
long_tail-0326,long_tail,38.5163
long_tail-0327,long_tail,36.5075
long_tail-0328,long_tail,98.1052
long_tail-0329,long_tail,10.2749
long_tail-0330,long_tail,22.808
long_tail-0331,long_tail,22.6436
long_tail-0332,long_tail,13.2961
long_tail-0333,long_tail,6.2414
long_tail-0334,long_tail,67.0771
long_tail-0335,long_tail,25.0559
long_tail-0336,long_tail,37.6364
long_tail-0337,long_tail,37.9475
long_tail-0338,long_tail,39.6146
long_tail-0339,long_tail,39.8296
long_tail-0340,long_tail,13.3574
long_tail-0341,long_tail,10.7772
long_tail-0342,long_tail,20.7754
long_tail-0343,long_tail,30.7429
long_tail-0344,long_tail,10.6868
long_tail-0345,long_tail,57.1071
long_tail-0346,long_tail,40.9732
long_tail-0347,long_tail,5.0933
long_tail-0348,long_tail,18.2645
long_tail-0349,long_tail,26.3059
long_tail-0350,long_tail,586.7665
long_tail-0351,long_tail,33.4863
long_tail-0352,long_tail,24.0386
long_tail-0353,long_tail,22.0789
long_tail-0354,long_tail,31.5454
long_tail-0355,long_tail,39.1096
long_tail-0356,long_tail,25.36
long_tail-0357,long_tail,42.0708
long_tail-0358,long_tail,42.5313
long_tail-0359,long_tail,13.8911
long_tail-0360,long_tail,5.3943
long_tail-0361,long_tail,33.7058
long_tail-0362,long_tail,65.1022
long_tail-0363,long_tail,72.6138
long_tail-0364,long_tail,21.4471
long_tail-0365,long_tail,18.4636
long_tail-0366,long_tail,96.0854
long_tail-0367,long_tail,62.2249
long_tail-0368,long_tail,39.6104
long_tail-0369,long_tail,2.1876
long_tail-0370,long_tail,19.4696
long_tail-0371,long_tail,17.9845
long_tail-0372,long_tail,76.1511
long_tail-0373,long_tail,53.629
long_tail-0374,long_tail,7.8986
long_tail-0375,long_tail,12.6691
long_tail-0376,long_tail,19.8077
long_tail-0377,long_tail,29.7285
long_tail-0378,long_tail,36.2701
long_tail-0379,long_tail,56.6146
long_tail-0380,long_tail,198.5006
long_tail-0381,long_tail,139.0013
long_tail-0382,long_tail,58.8774
long_tail-0383,long_tail,60.1667
long_tail-0384,long_tail,244.3825
long_tail-0385,long_tail,27.9997
long_tail-0386,long_tail,23.5274
long_tail-0387,long_tail,44.8091
long_tail-0388,long_tail,42.6969
long_tail-0389,long_tail,35.3276
long_tail-0390,long_tail,387.024
long_tail-0391,long_tail,23.6221
long_tail-0392,long_tail,73.5294
long_tail-0393,long_tail,26.3407
long_tail-0394,long_tail,14.0592
long_tail-0395,long_tail,71.9739
long_tail-0396,long_tail,90.9556
long_tail-0397,long_tail,151.5595
long_tail-0398,long_tail,38.3763
long_tail-0399,long_tail,93.5899
long_tail-0400,long_tail,93.5342
long_tail-0401,long_tail,19.8619
long_tail-0402,long_tail,14.6669
long_tail-0403,long_tail,15.6546
long_tail-0404,long_tail,9.7448
long_tail-0405,long_tail,228.6105
long_tail-0406,long_tail,16.684
long_tail-0407,long_tail,9.7813
long_tail-0408,long_tail,39.179
long_tail-0409,long_tail,74.9879
long_tail-0410,long_tail,33.3027
long_tail-0411,long_tail,21.6612
long_tail-0412,long_tail,39.4103
long_tail-0413,long_tail,26.4062
long_tail-0414,long_tail,97.5623
long_tail-0415,long_tail,16.0576
long_tail-0416,long_tail,15.7722
long_tail-0417,long_tail,39.3058
long_tail-0418,long_tail,8.2588
long_tail-0419,long_tail,54.0879
long_tail-0420,long_tail,48.3372
long_tail-0421,long_tail,30.0273
long_tail-0422,long_tail,6.6768
long_tail-0423,long_tail,132.9862
long_tail-0424,long_tail,12.2703
long_tail-0425,long_tail,25.7971
long_tail-0426,long_tail,35.9305
long_tail-0427,long_tail,29.2647
long_tail-0428,long_tail,184.2161
long_tail-0429,long_tail,13.2588
long_tail-0430,long_tail,25.5247
long_tail-0431,long_tail,10.106
long_tail-0432,long_tail,17.0736
long_tail-0433,long_tail,229.2277
long_tail-0434,long_tail,47.9001
long_tail-0435,long_tail,3.9009
long_tail-0436,long_tail,45.9292
long_tail-0437,long_tail,9.2687
long_tail-0438,long_tail,43.8542
long_tail-0439,long_tail,15.8998
long_tail-0440,long_tail,17.0485
long_tail-0441,long_tail,64.2656
long_tail-0442,long_tail,98.3981
long_tail-0443,long_tail,15.019
long_tail-0444,long_tail,100.4454
long_tail-0445,long_tail,96.8905
long_tail-0446,long_tail,105.1867
long_tail-0447,long_tail,21.1483
long_tail-0448,long_tail,44.5736
long_tail-0449,long_tail,29.2904
long_tail-0450,long_tail,40.1045
long_tail-0451,long_tail,129.4521
long_tail-0452,long_tail,29.2027
long_tail-0453,long_tail,22.5539
long_tail-0454,long_tail,24.0132
long_tail-0455,long_tail,38.9799
long_tail-0456,long_tail,66.6995
long_tail-0457,long_tail,16.2858
long_tail-0458,long_tail,3.9138
long_tail-0459,long_tail,57.5679
long_tail-0460,long_tail,18.7088
long_tail-0461,long_tail,38.3066
long_tail-0462,long_tail,12.2679
long_tail-0463,long_tail,48.8542
long_tail-0464,long_tail,45.458
long_tail-0465,long_tail,2.5617
long_tail-0466,long_tail,29.5288
long_tail-0467,long_tail,30.1295
long_tail-0468,long_tail,36.3845
long_tail-0469,long_tail,54.209
long_tail-0470,long_tail,106.8335
long_tail-0471,long_tail,43.6048
long_tail-0472,long_tail,41.7402
long_tail-0473,long_tail,18.239
long_tail-0474,long_tail,65.3542
long_tail-0475,long_tail,14.5852
long_tail-0476,long_tail,22.7327
long_tail-0477,long_tail,67.2764
long_tail-0478,long_tail,39.3271
long_tail-0479,long_tail,11.8002
long_tail-0480,long_tail,112.3786
long_tail-0481,long_tail,93.2915
long_tail-0482,long_tail,48.1689
long_tail-0483,long_tail,69.9526
long_tail-0484,long_tail,29.8908
long_tail-0485,long_tail,37.4233
long_tail-0486,long_tail,16.9722
long_tail-0487,long_tail,29.5679
long_tail-0488,long_tail,95.3283
long_tail-0489,long_tail,26.4085
long_tail-0490,long_tail,68.165
long_tail-0491,long_tail,26.1326
long_tail-0492,long_tail,48.8093
long_tail-0493,long_tail,46.3796
long_tail-0494,long_tail,4.1723
long_tail-0495,long_tail,181.5504
long_tail-0496,long_tail,35.5683
long_tail-0497,long_tail,51.7046
long_tail-0498,long_tail,46.2227
long_tail-0499,long_tail,23.7276
long_tail-0500,long_tail,58.6253
long_tail-0501,long_tail,55.0716
long_tail-0502,long_tail,21.9641
long_tail-0503,long_tail,10.0466
long_tail-0504,long_tail,9.3288
long_tail-0505,long_tail,10.5954
long_tail-0506,long_tail,95.1061
long_tail-0507,long_tail,5.637
long_tail-0508,long_tail,17.2326
long_tail-0509,long_tail,12.9835
long_tail-0510,long_tail,20.2225
long_tail-0511,long_tail,15.1617
long_tail-0512,long_tail,23.4369
long_tail-0513,long_tail,68.6337
long_tail-0514,long_tail,98.4395
long_tail-0515,long_tail,7.7307
long_tail-0516,long_tail,24.0173
long_tail-0517,long_tail,6.8456
long_tail-0518,long_tail,32.9539
long_tail-0519,long_tail,38.7316
long_tail-0520,long_tail,11.2308
long_tail-0521,long_tail,49.4803
long_tail-0522,long_tail,33.7974
long_tail-0523,long_tail,62.9818
long_tail-0524,long_tail,44.774
long_tail-0525,long_tail,73.975
long_tail-0526,long_tail,56.9196
long_tail-0527,long_tail,47.2538
long_tail-0528,long_tail,122.8208
long_tail-0529,long_tail,20.8516
long_tail-0530,long_tail,25.0093
long_tail-0531,long_tail,11.6655
long_tail-0532,long_tail,48.1646
long_tail-0533,long_tail,34.9481
long_tail-0534,long_tail,35.5681
long_tail-0535,long_tail,32.7587
long_tail-0536,long_tail,60.9717
long_tail-0537,long_tail,53.7646
long_tail-0538,long_tail,17.3364
long_tail-0539,long_tail,112.9054
long_tail-0540,long_tail,13.6721
long_tail-0541,long_tail,39.7401
long_tail-0542,long_tail,41.2461
long_tail-0543,long_tail,26.8734
long_tail-0544,long_tail,29.3583
long_tail-0545,long_tail,52.4193
long_tail-0546,long_tail,16.047
long_tail-0547,long_tail,36.5574
long_tail-0548,long_tail,13.9304
long_tail-0549,long_tail,48.3472
long_tail-0550,long_tail,98.4918
long_tail-0551,long_tail,58.2063
long_tail-0552,long_tail,78.8994
long_tail-0553,long_tail,22.265
long_tail-0554,long_tail,8.104
long_tail-0555,long_tail,80.573
long_tail-0556,long_tail,31.87
long_tail-0557,long_tail,64.1569
long_tail-0558,long_tail,4.2743
long_tail-0559,long_tail,42.4474
long_tail-0560,long_tail,20.5919
long_tail-0561,long_tail,55.1981
long_tail-0562,long_tail,48.1977
long_tail-0563,long_tail,23.0664
long_tail-0564,long_tail,50.395
long_tail-0565,long_tail,14.6164
long_tail-0566,long_tail,35.319
long_tail-0567,long_tail,86.6298
long_tail-0568,long_tail,43.2163
long_tail-0569,long_tail,15.1582
long_tail-0570,long_tail,62.7971
long_tail-0571,long_tail,7.4523
long_tail-0572,long_tail,39.2385
long_tail-0573,long_tail,18.8859
long_tail-0574,long_tail,122.0466
long_tail-0575,long_tail,120.3007
long_tail-0576,long_tail,108.3529
long_tail-0577,long_tail,18.479
long_tail-0578,long_tail,19.617
long_tail-0579,long_tail,43.7812
long_tail-0580,long_tail,43.7572
long_tail-0581,long_tail,20.6943
long_tail-0582,long_tail,19.4161
long_tail-0583,long_tail,27.2593
long_tail-0584,long_tail,23.4033
long_tail-0585,long_tail,19.8141
long_tail-0586,long_tail,2.716
long_tail-0587,long_tail,25.6467
long_tail-0588,long_tail,11.3564
long_tail-0589,long_tail,114.5274
long_tail-0590,long_tail,10.1777
long_tail-0591,long_tail,20.3276
long_tail-0592,long_tail,497.2703
long_tail-0593,long_tail,35.7015
long_tail-0594,long_tail,102.6716
long_tail-0595,long_tail,21.1003
long_tail-0596,long_tail,15.1821
long_tail-0597,long_tail,58.9413
long_tail-0598,long_tail,41.9695
long_tail-0599,long_tail,11.6714
long_tail-0600,long_tail,25.511
long_tail-0601,long_tail,55.6046
long_tail-0602,long_tail,119.2161
long_tail-0603,long_tail,12.8677
long_tail-0604,long_tail,16.9018
long_tail-0605,long_tail,42.5235
long_tail-0606,long_tail,91.7521
long_tail-0607,long_tail,7.6583
long_tail-0608,long_tail,10.991
long_tail-0609,long_tail,89.9111
long_tail-0610,long_tail,8.4726
long_tail-0611,long_tail,12.0877
long_tail-0612,long_tail,105.9221
long_tail-0613,long_tail,31.3075
long_tail-0614,long_tail,24.8832
long_tail-0615,long_tail,76.8545
long_tail-0616,long_tail,27.589
long_tail-0617,long_tail,209.0813
long_tail-0618,long_tail,143.8135
long_tail-0619,long_tail,19.9754
long_tail-0620,long_tail,22.9214
long_tail-0621,long_tail,42.9648
long_tail-0622,long_tail,8.0709
long_tail-0623,long_tail,26.0964
long_tail-0624,long_tail,55.8587
long_tail-0625,long_tail,50.5389
long_tail-0626,long_tail,23.7872
long_tail-0627,long_tail,16.932
long_tail-0628,long_tail,48.5354
long_tail-0629,long_tail,23.9618
long_tail-0630,long_tail,322.0871
long_tail-0631,long_tail,19.376
long_tail-0632,long_tail,37.0189
long_tail-0633,long_tail,114.4547
long_tail-0634,long_tail,8.6928
long_tail-0635,long_tail,44.1723
long_tail-0636,long_tail,21.9763
long_tail-0637,long_tail,10.4181
long_tail-0638,long_tail,43.0893
long_tail-0639,long_tail,123.0143
long_tail-0640,long_tail,12.8568
long_tail-0641,long_tail,82.6834
long_tail-0642,long_tail,64.1702
long_tail-0643,long_tail,25.8194
long_tail-0644,long_tail,46.5207
long_tail-0645,long_tail,123.9803
long_tail-0646,long_tail,25.0083
long_tail-0647,long_tail,43.8339
long_tail-0648,long_tail,19.0321
long_tail-0649,long_tail,36.3307
long_tail-0650,long_tail,73.918
long_tail-0651,long_tail,68.9817
long_tail-0652,long_tail,38.4048
long_tail-0653,long_tail,8.0795
long_tail-0654,long_tail,31.0772
long_tail-0655,long_tail,90.8305
long_tail-0656,long_tail,4.8374
long_tail-0657,long_tail,17.1747
long_tail-0658,long_tail,34.9359
long_tail-0659,long_tail,61.3805
long_tail-0660,long_tail,47.2573
long_tail-0661,long_tail,9.4436
long_tail-0662,long_tail,48.2684
long_tail-0663,long_tail,17.1494
long_tail-0664,long_tail,36.1135
long_tail-0665,long_tail,20.6833
long_tail-0666,long_tail,91.8044
long_tail-0667,long_tail,10.1544
long_tail-0668,long_tail,18.2014
long_tail-0669,long_tail,21.3334
long_tail-0670,long_tail,40.0439
long_tail-0671,long_tail,176.9436
long_tail-0672,long_tail,20.475
long_tail-0673,long_tail,40.6043
long_tail-0674,long_tail,25.4684
long_tail-0675,long_tail,24.5219
long_tail-0676,long_tail,23.585
long_tail-0677,long_tail,32.491
long_tail-0678,long_tail,18.4636
long_tail-0679,long_tail,24.1997
long_tail-0680,long_tail,95.2733
long_tail-0681,long_tail,9.818
long_tail-0682,long_tail,112.6108
long_tail-0683,long_tail,61.3672
long_tail-0684,long_tail,50.1453
long_tail-0685,long_tail,16.3915
long_tail-0686,long_tail,179.4999
long_tail-0687,long_tail,22.7345
long_tail-0688,long_tail,32.5415
long_tail-0689,long_tail,45.5683
long_tail-0690,long_tail,25.3045
long_tail-0691,long_tail,114.9438
long_tail-0692,long_tail,108.1344
long_tail-0693,long_tail,29.3956
long_tail-0694,long_tail,25.1345
long_tail-0695,long_tail,58.1327
long_tail-0696,long_tail,12.5717
long_tail-0697,long_tail,44.7181
long_tail-0698,long_tail,107.9966
long_tail-0699,long_tail,65.3034
long_tail-0700,long_tail,31.7174
long_tail-0701,long_tail,77.0376
long_tail-0702,long_tail,7.0202
long_tail-0703,long_tail,84.9425
long_tail-0704,long_tail,18.9986
long_tail-0705,long_tail,54.9348
long_tail-0706,long_tail,32.1572
long_tail-0707,long_tail,58.6877
long_tail-0708,long_tail,34.5099
long_tail-0709,long_tail,61.5571
long_tail-0710,long_tail,45.5089
long_tail-0711,long_tail,31.9811
long_tail-0712,long_tail,31.4291
long_tail-0713,long_tail,20.3525
long_tail-0714,long_tail,57.3056
long_tail-0715,long_tail,26.8971
long_tail-0716,long_tail,13.5401
long_tail-0717,long_tail,34.2099
long_tail-0718,long_tail,8.3018
long_tail-0719,long_tail,58.7052
long_tail-0720,long_tail,6.4314
long_tail-0721,long_tail,118.4639
long_tail-0722,long_tail,31.0708
long_tail-0723,long_tail,43.3248
long_tail-0724,long_tail,6.8458
long_tail-0725,long_tail,19.1743
long_tail-0726,long_tail,9.8023
long_tail-0727,long_tail,41.867
long_tail-0728,long_tail,430.2684
long_tail-0729,long_tail,17.8977
long_tail-0730,long_tail,192.3646
long_tail-0731,long_tail,12.1992
long_tail-0732,long_tail,31.6719
long_tail-0733,long_tail,13.1582
long_tail-0734,long_tail,22.7267
long_tail-0735,long_tail,108.9148
long_tail-0736,long_tail,65.2101
long_tail-0737,long_tail,93.4066
long_tail-0738,long_tail,56.8086
long_tail-0739,long_tail,31.6915
long_tail-0740,long_tail,6.8139
long_tail-0741,long_tail,7.7761
long_tail-0742,long_tail,21.7133
long_tail-0743,long_tail,32.4376
long_tail-0744,long_tail,24.8865
long_tail-0745,long_tail,13.9676
long_tail-0746,long_tail,9.9226
long_tail-0747,long_tail,38.7473
long_tail-0748,long_tail,103.6636
long_tail-0749,long_tail,5.0314
long_tail-0750,long_tail,42.3954
long_tail-0751,long_tail,49.4604
long_tail-0752,long_tail,27.1065
long_tail-0753,long_tail,31.6951
long_tail-0754,long_tail,157.2284
long_tail-0755,long_tail,8.6871
long_tail-0756,long_tail,38.0538
long_tail-0757,long_tail,13.0528
long_tail-0758,long_tail,6.8854
long_tail-0759,long_tail,35.3688
long_tail-0760,long_tail,19.8701
long_tail-0761,long_tail,19.332
long_tail-0762,long_tail,342.9181
long_tail-0763,long_tail,46.9796
long_tail-0764,long_tail,51.7359
long_tail-0765,long_tail,41.3589
long_tail-0766,long_tail,35.968
long_tail-0767,long_tail,90.3447
long_tail-0768,long_tail,26.6504
long_tail-0769,long_tail,116.0254
long_tail-0770,long_tail,55.0465
long_tail-0771,long_tail,54.8394
long_tail-0772,long_tail,99.7464
long_tail-0773,long_tail,28.4345
long_tail-0774,long_tail,18.8096
long_tail-0775,long_tail,16.3719
long_tail-0776,long_tail,48.093
long_tail-0777,long_tail,27.9439
long_tail-0778,long_tail,86.66
long_tail-0779,long_tail,15.6472
long_tail-0780,long_tail,78.9286
long_tail-0781,long_tail,68.5381
long_tail-0782,long_tail,68.2459
long_tail-0783,long_tail,94.9417
long_tail-0784,long_tail,32.5498
long_tail-0785,long_tail,33.1865
long_tail-0786,long_tail,81.6986
long_tail-0787,long_tail,24.6468
long_tail-0788,long_tail,94.0586
long_tail-0789,long_tail,35.8603
long_tail-0790,long_tail,6.4434
long_tail-0791,long_tail,69.6548
long_tail-0792,long_tail,43.6029
long_tail-0793,long_tail,105.9671
long_tail-0794,long_tail,14.7903
long_tail-0795,long_tail,22.0742
long_tail-0796,long_tail,22.3014
long_tail-0797,long_tail,38.9681
long_tail-0798,long_tail,137.6308
long_tail-0799,long_tail,38.8672
long_tail-0800,long_tail,68.5723
long_tail-0801,long_tail,60.6006
long_tail-0802,long_tail,59.8345
long_tail-0803,long_tail,34.925
long_tail-0804,long_tail,427.2825
long_tail-0805,long_tail,35.3879
long_tail-0806,long_tail,68.2163
long_tail-0807,long_tail,61.3865
long_tail-0808,long_tail,86.2281
long_tail-0809,long_tail,39.3286
long_tail-0810,long_tail,51.4653
long_tail-0811,long_tail,10.3437
long_tail-0812,long_tail,85.5487
long_tail-0813,long_tail,25.0235
long_tail-0814,long_tail,19.2464
long_tail-0815,long_tail,9.8323
long_tail-0816,long_tail,57.1791
long_tail-0817,long_tail,24.7308
long_tail-0818,long_tail,65.1238
long_tail-0819,long_tail,45.6762
long_tail-0820,long_tail,123.5846
long_tail-0821,long_tail,36.0036
long_tail-0822,long_tail,31.5348
long_tail-0823,long_tail,19.9826
long_tail-0824,long_tail,14.7266
long_tail-0825,long_tail,52.1987
long_tail-0826,long_tail,19.9879
long_tail-0827,long_tail,11.0866
long_tail-0828,long_tail,64.0072
long_tail-0829,long_tail,46.756
long_tail-0830,long_tail,70.1951
long_tail-0831,long_tail,4.6738
long_tail-0832,long_tail,15.7382
long_tail-0833,long_tail,44.3445
long_tail-0834,long_tail,44.8384
long_tail-0835,long_tail,6.524
long_tail-0836,long_tail,40.6184
long_tail-0837,long_tail,39.285
long_tail-0838,long_tail,60.3995
long_tail-0839,long_tail,22.8309
long_tail-0840,long_tail,59.374
long_tail-0841,long_tail,102.8172
long_tail-0842,long_tail,29.1145
long_tail-0843,long_tail,42.8068
long_tail-0844,long_tail,12.966
long_tail-0845,long_tail,50.2328
long_tail-0846,long_tail,81.7839
long_tail-0847,long_tail,30.7771
long_tail-0848,long_tail,15.3101
long_tail-0849,long_tail,5.3362
long_tail-0850,long_tail,27.9452
long_tail-0851,long_tail,15.6169
long_tail-0852,long_tail,59.4158
long_tail-0853,long_tail,47.5573
long_tail-0854,long_tail,57.4351
long_tail-0855,long_tail,45.2173
long_tail-0856,long_tail,126.384
long_tail-0857,long_tail,52.2945
long_tail-0858,long_tail,74.8388
long_tail-0859,long_tail,41.3055
long_tail-0860,long_tail,11.1778
long_tail-0861,long_tail,50.3091
long_tail-0862,long_tail,26.4799
long_tail-0863,long_tail,14.2898
long_tail-0864,long_tail,15.2055
long_tail-0865,long_tail,59.4975
long_tail-0866,long_tail,12.3502
long_tail-0867,long_tail,23.405
long_tail-0868,long_tail,6.1382
long_tail-0869,long_tail,26.2686
long_tail-0870,long_tail,64.6426
long_tail-0871,long_tail,61.6438
long_tail-0872,long_tail,40.8588
long_tail-0873,long_tail,13.2226
long_tail-0874,long_tail,38.6458
long_tail-0875,long_tail,14.5446
long_tail-0876,long_tail,67.9769
long_tail-0877,long_tail,18.0373
long_tail-0878,long_tail,14.7067
long_tail-0879,long_tail,14.2398
long_tail-0880,long_tail,95.0464
long_tail-0881,long_tail,285.7965
long_tail-0882,long_tail,62.9781
long_tail-0883,long_tail,28.463
long_tail-0884,long_tail,10.0969
long_tail-0885,long_tail,70.6376
long_tail-0886,long_tail,9.7814
long_tail-0887,long_tail,54.4256
long_tail-0888,long_tail,42.8266
long_tail-0889,long_tail,62.1143
long_tail-0890,long_tail,21.5706
long_tail-0891,long_tail,18.5312
long_tail-0892,long_tail,14.9167
long_tail-0893,long_tail,3.9979
long_tail-0894,long_tail,19.9911
long_tail-0895,long_tail,55.6589
long_tail-0896,long_tail,71.2596
long_tail-0897,long_tail,48.5035
long_tail-0898,long_tail,40.396
long_tail-0899,long_tail,11.4299
long_tail-0900,long_tail,40.762
long_tail-0901,long_tail,17.0904
long_tail-0902,long_tail,21.5717
long_tail-0903,long_tail,67.7175
long_tail-0904,long_tail,35.9223
long_tail-0905,long_tail,18.4799
long_tail-0906,long_tail,30.5352
long_tail-0907,long_tail,150.3949
long_tail-0908,long_tail,63.1458
long_tail-0909,long_tail,7.5148
long_tail-0910,long_tail,21.9908
long_tail-0911,long_tail,34.1894
long_tail-0912,long_tail,16.3124
long_tail-0913,long_tail,20.9779
long_tail-0914,long_tail,52.9574
long_tail-0915,long_tail,11.3861
long_tail-0916,long_tail,18.7195
long_tail-0917,long_tail,10.8588
long_tail-0918,long_tail,46.9029
long_tail-0919,long_tail,41.034
long_tail-0920,long_tail,92.2708
long_tail-0921,long_tail,57.863
long_tail-0922,long_tail,13.0191
long_tail-0923,long_tail,76.416
long_tail-0924,long_tail,155.4025
long_tail-0925,long_tail,56.1771
long_tail-0926,long_tail,12.8951
long_tail-0927,long_tail,16.2358
long_tail-0928,long_tail,20.4563
long_tail-0929,long_tail,20.4434
long_tail-0930,long_tail,20.9447
long_tail-0931,long_tail,6.6133
long_tail-0932,long_tail,11.4661
long_tail-0933,long_tail,16.5709
long_tail-0934,long_tail,56.1045
long_tail-0935,long_tail,16.9085
long_tail-0936,long_tail,20.5302
long_tail-0937,long_tail,98.4261
long_tail-0938,long_tail,14.4779
long_tail-0939,long_tail,21.3216
long_tail-0940,long_tail,46.0238
long_tail-0941,long_tail,23.1654
long_tail-0942,long_tail,12.8159
long_tail-0943,long_tail,21.1021
long_tail-0944,long_tail,40.1193
long_tail-0945,long_tail,18.5825
long_tail-0946,long_tail,57.1327
long_tail-0947,long_tail,32.2342
long_tail-0948,long_tail,18.6798
long_tail-0949,long_tail,18.9509
long_tail-0950,long_tail,53.2334
long_tail-0951,long_tail,5.3242
long_tail-0952,long_tail,43.4289
long_tail-0953,long_tail,13.4971
long_tail-0954,long_tail,83.5307
long_tail-0955,long_tail,7.5216
long_tail-0956,long_tail,30.7274
long_tail-0957,long_tail,148.0668
long_tail-0958,long_tail,87.5162
long_tail-0959,long_tail,41.2438
long_tail-0960,long_tail,18.4551
long_tail-0961,long_tail,48.1925
long_tail-0962,long_tail,21.4576
long_tail-0963,long_tail,19.3319
long_tail-0964,long_tail,38.9181
long_tail-0965,long_tail,35.5804
long_tail-0966,long_tail,130.8711
long_tail-0967,long_tail,9.1878
long_tail-0968,long_tail,40.9813
long_tail-0969,long_tail,43.2544
long_tail-0970,long_tail,46.0363
long_tail-0971,long_tail,8.3742
long_tail-0972,long_tail,8.7383
long_tail-0973,long_tail,10.4451
long_tail-0974,long_tail,29.7608
long_tail-0975,long_tail,12.69
long_tail-0976,long_tail,35.517
long_tail-0977,long_tail,31.4532
long_tail-0978,long_tail,102.2048
long_tail-0979,long_tail,37.155
long_tail-0980,long_tail,20.7435
long_tail-0981,long_tail,15.9566
long_tail-0982,long_tail,39.7093
long_tail-0983,long_tail,28.9008
long_tail-0984,long_tail,19.8816
long_tail-0985,long_tail,49.6131
long_tail-0986,long_tail,103.0024
long_tail-0987,long_tail,24.0481
long_tail-0988,long_tail,36.7121
long_tail-0989,long_tail,166.6318
long_tail-0990,long_tail,56.7095
long_tail-0991,long_tail,35.5767
long_tail-0992,long_tail,24.0172
long_tail-0993,long_tail,195.4487
long_tail-0994,long_tail,137.5098
long_tail-0995,long_tail,16.0895
long_tail-0996,long_tail,33.8483
long_tail-0997,long_tail,50.0718
long_tail-0998,long_tail,36.9638
long_tail-0999,long_tail,27.8281
long_tail-1000,long_tail,32.8057
long_tail-1001,long_tail,15.2582
long_tail-1002,long_tail,3.9123
long_tail-1003,long_tail,33.5341
long_tail-1004,long_tail,57.0883
long_tail-1005,long_tail,8.9574
long_tail-1006,long_tail,87.7229
long_tail-1007,long_tail,29.7149
long_tail-1008,long_tail,9.802
long_tail-1009,long_tail,16.1528
long_tail-1010,long_tail,43.154
long_tail-1011,long_tail,14.9184
long_tail-1012,long_tail,22.0706
long_tail-1013,long_tail,21.8467
long_tail-1014,long_tail,19.3314
long_tail-1015,long_tail,23.7492
long_tail-1016,long_tail,13.6085
long_tail-1017,long_tail,67.8809
long_tail-1018,long_tail,14.328
long_tail-1019,long_tail,8.6414
long_tail-1020,long_tail,28.4144
long_tail-1021,long_tail,117.9377
long_tail-1022,long_tail,55.9275
long_tail-1023,long_tail,9.1654
long_tail-1024,long_tail,53.9991
long_tail-1025,long_tail,16.6353
long_tail-1026,long_tail,11.9959
long_tail-1027,long_tail,30.5861
long_tail-1028,long_tail,15.2715
long_tail-1029,long_tail,68.419
long_tail-1030,long_tail,144.4598
long_tail-1031,long_tail,51.9321
long_tail-1032,long_tail,107.3754
long_tail-1033,long_tail,33.413
long_tail-1034,long_tail,46.4834
long_tail-1035,long_tail,146.6329
long_tail-1036,long_tail,63.6364
long_tail-1037,long_tail,50.4544
long_tail-1038,long_tail,98.3861
long_tail-1039,long_tail,32.4317
long_tail-1040,long_tail,10.7933
long_tail-1041,long_tail,42.9724
long_tail-1042,long_tail,26.2702
long_tail-1043,long_tail,52.8367
long_tail-1044,long_tail,32.8125
long_tail-1045,long_tail,10.0565
long_tail-1046,long_tail,38.0393
long_tail-1047,long_tail,41.2198
long_tail-1048,long_tail,58.2465
long_tail-1049,long_tail,14.005
long_tail-1050,long_tail,13.2438
long_tail-1051,long_tail,24.0427
long_tail-1052,long_tail,67.7271
long_tail-1053,long_tail,17.0205
long_tail-1054,long_tail,88.6048
long_tail-1055,long_tail,29.0966
long_tail-1056,long_tail,20.9125
long_tail-1057,long_tail,3.4165
long_tail-1058,long_tail,13.67
long_tail-1059,long_tail,15.5951
long_tail-1060,long_tail,28.0255
long_tail-1061,long_tail,14.5625
long_tail-1062,long_tail,22.6563
long_tail-1063,long_tail,59.8583
long_tail-1064,long_tail,28.905
long_tail-1065,long_tail,10.5549
long_tail-1066,long_tail,95.9197
long_tail-1067,long_tail,29.4272
long_tail-1068,long_tail,56.7987
long_tail-1069,long_tail,33.9965
long_tail-1070,long_tail,20.0734
long_tail-1071,long_tail,32.0211
long_tail-1072,long_tail,38.9339
long_tail-1073,long_tail,184.9001
long_tail-1074,long_tail,24.6484
long_tail-1075,long_tail,27.2707
long_tail-1076,long_tail,239.6506
long_tail-1077,long_tail,9.6239
long_tail-1078,long_tail,75.2116
long_tail-1079,long_tail,15.7354
long_tail-1080,long_tail,27.2795
long_tail-1081,long_tail,8.1161
long_tail-1082,long_tail,114.1802
long_tail-1083,long_tail,160.6819
long_tail-1084,long_tail,13.5517
long_tail-1085,long_tail,121.7253
long_tail-1086,long_tail,42.3266
long_tail-1087,long_tail,35.5689
long_tail-1088,long_tail,26.4016
long_tail-1089,long_tail,25.6577
long_tail-1090,long_tail,10.7517
long_tail-1091,long_tail,2.6748
long_tail-1092,long_tail,35.2614
long_tail-1093,long_tail,61.4232
long_tail-1094,long_tail,12.514
long_tail-1095,long_tail,28.7967
long_tail-1096,long_tail,9.0815
long_tail-1097,long_tail,38.6819
long_tail-1098,long_tail,7.7454
long_tail-1099,long_tail,42.5005
long_tail-1100,long_tail,77.8936
long_tail-1101,long_tail,92.0026
long_tail-1102,long_tail,18.3672
long_tail-1103,long_tail,20.3578
long_tail-1104,long_tail,30.0774
long_tail-1105,long_tail,16.4058
long_tail-1106,long_tail,46.5305
long_tail-1107,long_tail,25.6609
long_tail-1108,long_tail,41.2574
long_tail-1109,long_tail,40.1538
long_tail-1110,long_tail,31.1515
long_tail-1111,long_tail,44.56
long_tail-1112,long_tail,25.795
long_tail-1113,long_tail,32.1602
long_tail-1114,long_tail,35.7036
long_tail-1115,long_tail,37.7898
long_tail-1116,long_tail,23.8958
long_tail-1117,long_tail,11.2163
long_tail-1118,long_tail,13.4394
long_tail-1119,long_tail,27.6967
long_tail-1120,long_tail,82.991
long_tail-1121,long_tail,92.6358
long_tail-1122,long_tail,17.189
long_tail-1123,long_tail,130.1207
long_tail-1124,long_tail,6.8451
long_tail-1125,long_tail,37.4369
long_tail-1126,long_tail,153.3078
long_tail-1127,long_tail,77.7527
long_tail-1128,long_tail,34.989
long_tail-1129,long_tail,30.2551
long_tail-1130,long_tail,42.1769
long_tail-1131,long_tail,59.2623
long_tail-1132,long_tail,20.5984
long_tail-1133,long_tail,46.8841
long_tail-1134,long_tail,24.8645
long_tail-1135,long_tail,58.1421
long_tail-1136,long_tail,21.5814
long_tail-1137,long_tail,10.6674
long_tail-1138,long_tail,23.424
long_tail-1139,long_tail,29.9404
long_tail-1140,long_tail,11.8077
long_tail-1141,long_tail,27.8678
long_tail-1142,long_tail,157.8431
long_tail-1143,long_tail,32.1182
long_tail-1144,long_tail,46.7268
long_tail-1145,long_tail,76.9882
long_tail-1146,long_tail,22.0165
long_tail-1147,long_tail,17.925
long_tail-1148,long_tail,30.6447
long_tail-1149,long_tail,46.7294
long_tail-1150,long_tail,46.6429
long_tail-1151,long_tail,48.0755
long_tail-1152,long_tail,13.8387
long_tail-1153,long_tail,33.3204
long_tail-1154,long_tail,21.3245
long_tail-1155,long_tail,269.1334
long_tail-1156,long_tail,41.5995
long_tail-1157,long_tail,57.3925
long_tail-1158,long_tail,58.3703
long_tail-1159,long_tail,70.9094
long_tail-1160,long_tail,141.5946
long_tail-1161,long_tail,44.5655
long_tail-1162,long_tail,86.1098
long_tail-1163,long_tail,48.4676
long_tail-1164,long_tail,13.269
long_tail-1165,long_tail,49.1406
long_tail-1166,long_tail,4.613
long_tail-1167,long_tail,36.4059
long_tail-1168,long_tail,83.2847
long_tail-1169,long_tail,33.4161
long_tail-1170,long_tail,5.3595
long_tail-1171,long_tail,23.3406
long_tail-1172,long_tail,18.3915
long_tail-1173,long_tail,66.5113
long_tail-1174,long_tail,9.9331
long_tail-1175,long_tail,80.405
long_tail-1176,long_tail,14.181
long_tail-1177,long_tail,20.8869
long_tail-1178,long_tail,2.8865
long_tail-1179,long_tail,44.0274
long_tail-1180,long_tail,47.6063
long_tail-1181,long_tail,7.8106
long_tail-1182,long_tail,19.4847
long_tail-1183,long_tail,20.5183
long_tail-1184,long_tail,92.8645
long_tail-1185,long_tail,26.666
long_tail-1186,long_tail,19.441
long_tail-1187,long_tail,32.4151
long_tail-1188,long_tail,28.4156
long_tail-1189,long_tail,16.9576
long_tail-1190,long_tail,120.8929
long_tail-1191,long_tail,138.757
long_tail-1192,long_tail,43.313
long_tail-1193,long_tail,11.0763
long_tail-1194,long_tail,17.6492
long_tail-1195,long_tail,42.4524
long_tail-1196,long_tail,31.236
long_tail-1197,long_tail,20.7602
long_tail-1198,long_tail,114.9473
long_tail-1199,long_tail,17.8221
long_tail-1200,long_tail,4.2639
long_tail-1201,long_tail,16.0452
long_tail-1202,long_tail,11.8197
long_tail-1203,long_tail,129.249
long_tail-1204,long_tail,8.8415
long_tail-1205,long_tail,20.7902
long_tail-1206,long_tail,14.9753
long_tail-1207,long_tail,38.795
long_tail-1208,long_tail,22.0209
long_tail-1209,long_tail,84.4402
long_tail-1210,long_tail,35.9337
long_tail-1211,long_tail,15.6278
long_tail-1212,long_tail,34.1365
long_tail-1213,long_tail,27.899
long_tail-1214,long_tail,80.6956
long_tail-1215,long_tail,7.6768
long_tail-1216,long_tail,64.5461
long_tail-1217,long_tail,27.7536
long_tail-1218,long_tail,110.3382
long_tail-1219,long_tail,46.5119
long_tail-1220,long_tail,123.8162
long_tail-1221,long_tail,12.472
long_tail-1222,long_tail,89.93
long_tail-1223,long_tail,89.7626
long_tail-1224,long_tail,211.6675
long_tail-1225,long_tail,76.7264
long_tail-1226,long_tail,46.8263
long_tail-1227,long_tail,35.1912
long_tail-1228,long_tail,13.9307
long_tail-1229,long_tail,154.3027
long_tail-1230,long_tail,57.6705
long_tail-1231,long_tail,19.1873
long_tail-1232,long_tail,78.1207
long_tail-1233,long_tail,7.8105
long_tail-1234,long_tail,130.8567
long_tail-1235,long_tail,17.4313
long_tail-1236,long_tail,72.7319
long_tail-1237,long_tail,55.7838
long_tail-1238,long_tail,23.4273
long_tail-1239,long_tail,43.996
long_tail-1240,long_tail,26.8534
long_tail-1241,long_tail,22.9633
long_tail-1242,long_tail,41.6549
long_tail-1243,long_tail,25.9386
long_tail-1244,long_tail,22.6011
long_tail-1245,long_tail,5.1733
long_tail-1246,long_tail,12.6217
long_tail-1247,long_tail,31.5626
long_tail-1248,long_tail,60.7695
long_tail-1249,long_tail,41.4172
long_tail-1250,long_tail,19.8964
long_tail-1251,long_tail,58.5318
long_tail-1252,long_tail,6.1468
long_tail-1253,long_tail,99.5072
long_tail-1254,long_tail,45.4382
long_tail-1255,long_tail,132.884
long_tail-1256,long_tail,20.7037
long_tail-1257,long_tail,20.555
long_tail-1258,long_tail,2.6442
long_tail-1259,long_tail,73.6943
long_tail-1260,long_tail,50.3124
long_tail-1261,long_tail,36.919
long_tail-1262,long_tail,48.9871
long_tail-1263,long_tail,23.3969
long_tail-1264,long_tail,51.8949
long_tail-1265,long_tail,11.7517
long_tail-1266,long_tail,40.9875
long_tail-1267,long_tail,56.1844
long_tail-1268,long_tail,33.0924
long_tail-1269,long_tail,33.5821
long_tail-1270,long_tail,36.6365
long_tail-1271,long_tail,78.8059
long_tail-1272,long_tail,122.8428
long_tail-1273,long_tail,38.8301
long_tail-1274,long_tail,22.8178
long_tail-1275,long_tail,114.7596
long_tail-1276,long_tail,26.1679
long_tail-1277,long_tail,22.7206
long_tail-1278,long_tail,20.6678
long_tail-1279,long_tail,47.5596
long_tail-1280,long_tail,28.2966
long_tail-1281,long_tail,58.5441
long_tail-1282,long_tail,53.2409
long_tail-1283,long_tail,10.1024
long_tail-1284,long_tail,151.1972
long_tail-1285,long_tail,38.8219
long_tail-1286,long_tail,45.5312
long_tail-1287,long_tail,80.8902
long_tail-1288,long_tail,31.448
long_tail-1289,long_tail,13.2662
long_tail-1290,long_tail,141.9072
long_tail-1291,long_tail,36.7344
long_tail-1292,long_tail,24.676
long_tail-1293,long_tail,60.3953
long_tail-1294,long_tail,64.9813
long_tail-1295,long_tail,98.4509
long_tail-1296,long_tail,10.2987
long_tail-1297,long_tail,19.0991
long_tail-1298,long_tail,70.5724
long_tail-1299,long_tail,25.2497
long_tail-1300,long_tail,25.579
long_tail-1301,long_tail,17.5177
long_tail-1302,long_tail,5.2935
long_tail-1303,long_tail,27.0527
long_tail-1304,long_tail,60.5444
long_tail-1305,long_tail,119.7856
long_tail-1306,long_tail,29.8142
long_tail-1307,long_tail,40.2686
long_tail-1308,long_tail,30.8394
long_tail-1309,long_tail,81.7193
long_tail-1310,long_tail,33.9621
long_tail-1311,long_tail,117.8332
long_tail-1312,long_tail,148.4676
long_tail-1313,long_tail,99.4444
long_tail-1314,long_tail,21.1799
long_tail-1315,long_tail,49.2039
long_tail-1316,long_tail,29.5344
long_tail-1317,long_tail,12.9664
long_tail-1318,long_tail,11.4328
long_tail-1319,long_tail,18.8441
long_tail-1320,long_tail,29.5252
long_tail-1321,long_tail,34.8735
long_tail-1322,long_tail,44.2148
long_tail-1323,long_tail,10.595
long_tail-1324,long_tail,14.099
long_tail-1325,long_tail,26.306
long_tail-1326,long_tail,35.7817
long_tail-1327,long_tail,34.1194
long_tail-1328,long_tail,66.386
long_tail-1329,long_tail,69.8014
long_tail-1330,long_tail,55.5403
long_tail-1331,long_tail,15.0592
long_tail-1332,long_tail,9.4607
long_tail-1333,long_tail,22.7794
long_tail-1334,long_tail,18.7208
long_tail-1335,long_tail,244.2556
long_tail-1336,long_tail,9.6338
long_tail-1337,long_tail,74.8539
long_tail-1338,long_tail,36.1358
long_tail-1339,long_tail,58.7345
long_tail-1340,long_tail,25.0113
long_tail-1341,long_tail,29.3
long_tail-1342,long_tail,61.7998
long_tail-1343,long_tail,42.6053
long_tail-1344,long_tail,9.1135
long_tail-1345,long_tail,57.074
long_tail-1346,long_tail,7.5344
long_tail-1347,long_tail,17.4001
long_tail-1348,long_tail,50.1802
long_tail-1349,long_tail,16.0868
long_tail-1350,long_tail,30.2041
long_tail-1351,long_tail,39.9719
long_tail-1352,long_tail,29.8996
long_tail-1353,long_tail,71.0717
long_tail-1354,long_tail,14.8986
long_tail-1355,long_tail,43.1228
long_tail-1356,long_tail,43.2776
long_tail-1357,long_tail,40.1684
long_tail-1358,long_tail,38.0266
long_tail-1359,long_tail,15.7459
long_tail-1360,long_tail,44.7169
long_tail-1361,long_tail,22.1712
long_tail-1362,long_tail,134.3454
long_tail-1363,long_tail,12.9213
long_tail-1364,long_tail,16.6613
long_tail-1365,long_tail,16.6828
long_tail-1366,long_tail,23.0175
long_tail-1367,long_tail,17.751
long_tail-1368,long_tail,44.5168
long_tail-1369,long_tail,70.9103
long_tail-1370,long_tail,20.1373
long_tail-1371,long_tail,40.1986
long_tail-1372,long_tail,7.4154
long_tail-1373,long_tail,13.7632
long_tail-1374,long_tail,16.5513
long_tail-1375,long_tail,22.9495
long_tail-1376,long_tail,45.4524
long_tail-1377,long_tail,19.6499
long_tail-1378,long_tail,6.0986
long_tail-1379,long_tail,34.9503
long_tail-1380,long_tail,87.1799
long_tail-1381,long_tail,31.5988
long_tail-1382,long_tail,25.3456
long_tail-1383,long_tail,53.1218
long_tail-1384,long_tail,17.8573
long_tail-1385,long_tail,18.3254
long_tail-1386,long_tail,12.647
long_tail-1387,long_tail,14.0634
long_tail-1388,long_tail,33.0169
long_tail-1389,long_tail,7.1022
long_tail-1390,long_tail,88.2107
long_tail-1391,long_tail,9.3971
long_tail-1392,long_tail,82.9866
long_tail-1393,long_tail,6.3038
long_tail-1394,long_tail,116.0927
long_tail-1395,long_tail,40.1551
long_tail-1396,long_tail,93.3713
long_tail-1397,long_tail,43.0093
long_tail-1398,long_tail,3.9864
long_tail-1399,long_tail,38.1164
long_tail-1400,long_tail,57.169
long_tail-1401,long_tail,17.8806
long_tail-1402,long_tail,82.0427
long_tail-1403,long_tail,33.5752
long_tail-1404,long_tail,272.0104
long_tail-1405,long_tail,58.6797
long_tail-1406,long_tail,18.9477
long_tail-1407,long_tail,18.8323
long_tail-1408,long_tail,85.4893
long_tail-1409,long_tail,20.6516
long_tail-1410,long_tail,46.508
long_tail-1411,long_tail,99.9561
long_tail-1412,long_tail,19.2749
long_tail-1413,long_tail,60.5712
long_tail-1414,long_tail,5.0729
long_tail-1415,long_tail,6.4505
long_tail-1416,long_tail,55.4052
long_tail-1417,long_tail,50.9256
long_tail-1418,long_tail,28.3149
long_tail-1419,long_tail,45.2842
long_tail-1420,long_tail,21.136
long_tail-1421,long_tail,75.0984
long_tail-1422,long_tail,20.6783
long_tail-1423,long_tail,60.4984
long_tail-1424,long_tail,61.0678
long_tail-1425,long_tail,44.4463
long_tail-1426,long_tail,120.8242
long_tail-1427,long_tail,51.421
long_tail-1428,long_tail,20.7255
long_tail-1429,long_tail,124.172
long_tail-1430,long_tail,4.2598
long_tail-1431,long_tail,19.5772
long_tail-1432,long_tail,16.6114
long_tail-1433,long_tail,41.0443
long_tail-1434,long_tail,18.5609
long_tail-1435,long_tail,22.9449
long_tail-1436,long_tail,15.8118
long_tail-1437,long_tail,76.5345
long_tail-1438,long_tail,47.1874
long_tail-1439,long_tail,19.5463
long_tail-1440,long_tail,6.0841
long_tail-1441,long_tail,79.2136
long_tail-1442,long_tail,20.6065
long_tail-1443,long_tail,34.3576
long_tail-1444,long_tail,17.1581
long_tail-1445,long_tail,15.4864
long_tail-1446,long_tail,114.2371
long_tail-1447,long_tail,81.0593
long_tail-1448,long_tail,59.3249
long_tail-1449,long_tail,18.2156
long_tail-1450,long_tail,8.7461
long_tail-1451,long_tail,35.8046
long_tail-1452,long_tail,6.9988
long_tail-1453,long_tail,14.7392
long_tail-1454,long_tail,31.5773
long_tail-1455,long_tail,38.9675
long_tail-1456,long_tail,8.458
long_tail-1457,long_tail,59.6664
long_tail-1458,long_tail,56.1582
long_tail-1459,long_tail,31.2084
long_tail-1460,long_tail,11.8594
long_tail-1461,long_tail,6.8823
long_tail-1462,long_tail,7.6621
long_tail-1463,long_tail,15.7944
long_tail-1464,long_tail,30.9114
long_tail-1465,long_tail,26.1088
long_tail-1466,long_tail,37.4024
long_tail-1467,long_tail,28.4507
long_tail-1468,long_tail,34.2061
long_tail-1469,long_tail,50.5281
long_tail-1470,long_tail,20.4248
long_tail-1471,long_tail,13.6074
long_tail-1472,long_tail,167.1063
long_tail-1473,long_tail,223.1519
long_tail-1474,long_tail,12.064
long_tail-1475,long_tail,13.2735
long_tail-1476,long_tail,179.6273
long_tail-1477,long_tail,30.3674
long_tail-1478,long_tail,16.4212
long_tail-1479,long_tail,93.9302
long_tail-1480,long_tail,13.7774
long_tail-1481,long_tail,17.512
long_tail-1482,long_tail,111.0218
long_tail-1483,long_tail,59.0198
long_tail-1484,long_tail,50.9707
long_tail-1485,long_tail,6.8566
long_tail-1486,long_tail,258.058
long_tail-1487,long_tail,59.0977
long_tail-1488,long_tail,110.6657
long_tail-1489,long_tail,210.1999
long_tail-1490,long_tail,55.5002
long_tail-1491,long_tail,65.0784
long_tail-1492,long_tail,17.0564
long_tail-1493,long_tail,55.7079
long_tail-1494,long_tail,63.3933
long_tail-1495,long_tail,15.068
long_tail-1496,long_tail,45.6927
long_tail-1497,long_tail,153.1166
long_tail-1498,long_tail,104.4416
long_tail-1499,long_tail,16.6486
long_tail-1500,long_tail,51.28
long_tail-1501,long_tail,58.8958
long_tail-1502,long_tail,199.1706
long_tail-1503,long_tail,14.6408
long_tail-1504,long_tail,19.9455
long_tail-1505,long_tail,11.7071
long_tail-1506,long_tail,303.1012
long_tail-1507,long_tail,26.0262
long_tail-1508,long_tail,12.4925
long_tail-1509,long_tail,31.3434
long_tail-1510,long_tail,25.1239
long_tail-1511,long_tail,17.2772
long_tail-1512,long_tail,11.113
long_tail-1513,long_tail,200.6474
long_tail-1514,long_tail,8.0174
long_tail-1515,long_tail,72.6962
long_tail-1516,long_tail,19.4405
long_tail-1517,long_tail,15.0907
long_tail-1518,long_tail,140.2518
long_tail-1519,long_tail,20.1642
long_tail-1520,long_tail,5.824
long_tail-1521,long_tail,37.368
long_tail-1522,long_tail,27.0969
long_tail-1523,long_tail,25.924
long_tail-1524,long_tail,25.5853
long_tail-1525,long_tail,56.9908
long_tail-1526,long_tail,25.6724
long_tail-1527,long_tail,252.8236
long_tail-1528,long_tail,13.7816
long_tail-1529,long_tail,17.1644
long_tail-1530,long_tail,37.3016
long_tail-1531,long_tail,8.2525
long_tail-1532,long_tail,56.9566
long_tail-1533,long_tail,114.3318
long_tail-1534,long_tail,26.4766
long_tail-1535,long_tail,112.563
long_tail-1536,long_tail,114.4691
long_tail-1537,long_tail,49.4919
long_tail-1538,long_tail,62.1788
long_tail-1539,long_tail,43.6036
long_tail-1540,long_tail,45.1002
long_tail-1541,long_tail,54.4729
long_tail-1542,long_tail,74.3831
long_tail-1543,long_tail,27.3383
long_tail-1544,long_tail,13.2683
long_tail-1545,long_tail,71.6219
long_tail-1546,long_tail,24.6006
long_tail-1547,long_tail,65.0889
long_tail-1548,long_tail,9.1929
long_tail-1549,long_tail,37.7741
long_tail-1550,long_tail,16.048
long_tail-1551,long_tail,24.6715
long_tail-1552,long_tail,27.8044
long_tail-1553,long_tail,23.2086
long_tail-1554,long_tail,18.026
long_tail-1555,long_tail,88.9267
long_tail-1556,long_tail,31.489
long_tail-1557,long_tail,62.724
long_tail-1558,long_tail,7.2102
long_tail-1559,long_tail,40.9597
long_tail-1560,long_tail,14.4204
long_tail-1561,long_tail,361.6306
long_tail-1562,long_tail,7.7974
long_tail-1563,long_tail,67.0678
long_tail-1564,long_tail,128.8975
long_tail-1565,long_tail,172.2895
long_tail-1566,long_tail,34.8625
long_tail-1567,long_tail,41.1546
long_tail-1568,long_tail,15.3851
long_tail-1569,long_tail,25.3155
long_tail-1570,long_tail,154.6706
long_tail-1571,long_tail,20.412
long_tail-1572,long_tail,27.7076
long_tail-1573,long_tail,74.8609
long_tail-1574,long_tail,62.065
long_tail-1575,long_tail,45.0024
long_tail-1576,long_tail,46.2991
long_tail-1577,long_tail,127.1799
long_tail-1578,long_tail,18.9687
long_tail-1579,long_tail,22.8308
long_tail-1580,long_tail,6.6441
long_tail-1581,long_tail,23.8907
long_tail-1582,long_tail,52.5998
long_tail-1583,long_tail,15.9565
long_tail-1584,long_tail,13.7493
long_tail-1585,long_tail,28.4101
long_tail-1586,long_tail,82.455
long_tail-1587,long_tail,78.4444
long_tail-1588,long_tail,111.078
long_tail-1589,long_tail,76.1829
long_tail-1590,long_tail,83.0308
long_tail-1591,long_tail,191.9285
long_tail-1592,long_tail,17.2668
long_tail-1593,long_tail,55.6276
long_tail-1594,long_tail,70.4106
long_tail-1595,long_tail,40.8564
long_tail-1596,long_tail,14.9078
long_tail-1597,long_tail,17.4669
long_tail-1598,long_tail,18.2541
long_tail-1599,long_tail,40.726
long_tail-1600,long_tail,53.3257
long_tail-1601,long_tail,72.0076
long_tail-1602,long_tail,45.3661
long_tail-1603,long_tail,23.2739
long_tail-1604,long_tail,16.2563
long_tail-1605,long_tail,18.518
long_tail-1606,long_tail,77.2678
long_tail-1607,long_tail,18.7788
long_tail-1608,long_tail,21.2877
long_tail-1609,long_tail,10.5639
long_tail-1610,long_tail,71.3604
long_tail-1611,long_tail,21.4379
long_tail-1612,long_tail,69.9556
long_tail-1613,long_tail,112.9161
long_tail-1614,long_tail,59.5539
long_tail-1615,long_tail,25.5792
long_tail-1616,long_tail,47.9352
long_tail-1617,long_tail,27.0936
long_tail-1618,long_tail,27.0005
long_tail-1619,long_tail,7.234
long_tail-1620,long_tail,96.0473
long_tail-1621,long_tail,26.9544
long_tail-1622,long_tail,16.0343
long_tail-1623,long_tail,28.4221
long_tail-1624,long_tail,39.8721
long_tail-1625,long_tail,61.9298
long_tail-1626,long_tail,24.2513
long_tail-1627,long_tail,19.4927
long_tail-1628,long_tail,23.8531
long_tail-1629,long_tail,36.0537
long_tail-1630,long_tail,76.4776
long_tail-1631,long_tail,76.3779
long_tail-1632,long_tail,3.693
long_tail-1633,long_tail,36.6208
long_tail-1634,long_tail,138.8705
long_tail-1635,long_tail,27.1003
long_tail-1636,long_tail,8.819
long_tail-1637,long_tail,32.462
long_tail-1638,long_tail,39.7687
long_tail-1639,long_tail,62.0853
long_tail-1640,long_tail,27.8028
long_tail-1641,long_tail,22.369
long_tail-1642,long_tail,30.9203
long_tail-1643,long_tail,25.7965
long_tail-1644,long_tail,55.7799
long_tail-1645,long_tail,17.6249
long_tail-1646,long_tail,50.4824
long_tail-1647,long_tail,9.0602
long_tail-1648,long_tail,22.7969
long_tail-1649,long_tail,42.3822
long_tail-1650,long_tail,71.6454
long_tail-1651,long_tail,47.5829
long_tail-1652,long_tail,51.4714
long_tail-1653,long_tail,67.0427
long_tail-1654,long_tail,143.9322
long_tail-1655,long_tail,9.6837
long_tail-1656,long_tail,16.9747
long_tail-1657,long_tail,18.633
long_tail-1658,long_tail,61.0579
long_tail-1659,long_tail,11.1145
long_tail-1660,long_tail,33.5021
long_tail-1661,long_tail,58.3122
long_tail-1662,long_tail,53.5726
long_tail-1663,long_tail,29.4422
long_tail-1664,long_tail,11.7572
long_tail-1665,long_tail,36.1299
long_tail-1666,long_tail,160.4648
long_tail-1667,long_tail,39.246
long_tail-1668,long_tail,29.5211
long_tail-1669,long_tail,117.9259
long_tail-1670,long_tail,13.6742
long_tail-1671,long_tail,10.8853
long_tail-1672,long_tail,19.8475
long_tail-1673,long_tail,33.5963
long_tail-1674,long_tail,43.1291
long_tail-1675,long_tail,34.5324
long_tail-1676,long_tail,39.9228
long_tail-1677,long_tail,31.521
long_tail-1678,long_tail,48.4931
long_tail-1679,long_tail,23.6432
long_tail-1680,long_tail,256.8527
long_tail-1681,long_tail,81.6591
long_tail-1682,long_tail,21.0465
long_tail-1683,long_tail,11.524
long_tail-1684,long_tail,50.4449
long_tail-1685,long_tail,46.6821
long_tail-1686,long_tail,79.9616
long_tail-1687,long_tail,42.9943
long_tail-1688,long_tail,16.8709
long_tail-1689,long_tail,270.3779
long_tail-1690,long_tail,47.552
long_tail-1691,long_tail,38.7938
long_tail-1692,long_tail,35.5107
long_tail-1693,long_tail,27.2892
long_tail-1694,long_tail,40.2197
long_tail-1695,long_tail,23.533
long_tail-1696,long_tail,34.7061
long_tail-1697,long_tail,11.5335
long_tail-1698,long_tail,11.326
long_tail-1699,long_tail,36.4133
long_tail-1700,long_tail,37.7334
long_tail-1701,long_tail,18.0475
long_tail-1702,long_tail,17.2111
long_tail-1703,long_tail,23.5265
long_tail-1704,long_tail,20.4304
long_tail-1705,long_tail,22.773
long_tail-1706,long_tail,87.1758
long_tail-1707,long_tail,378.7164
long_tail-1708,long_tail,15.4472
long_tail-1709,long_tail,22.438
long_tail-1710,long_tail,26.3389
long_tail-1711,long_tail,9.8116
long_tail-1712,long_tail,35.4154
long_tail-1713,long_tail,7.1262
long_tail-1714,long_tail,129.1986
long_tail-1715,long_tail,96.5117
long_tail-1716,long_tail,26.6069
long_tail-1717,long_tail,26.1469
long_tail-1718,long_tail,14.4049
long_tail-1719,long_tail,13.0005
long_tail-1720,long_tail,23.2918
long_tail-1721,long_tail,100.7505
long_tail-1722,long_tail,58.4804
long_tail-1723,long_tail,206.6595
long_tail-1724,long_tail,3.0524
long_tail-1725,long_tail,64.5411
long_tail-1726,long_tail,38.5102
long_tail-1727,long_tail,10.3627
long_tail-1728,long_tail,264.5511
long_tail-1729,long_tail,34.4544
long_tail-1730,long_tail,17.4838
long_tail-1731,long_tail,27.9087
long_tail-1732,long_tail,10.2778
long_tail-1733,long_tail,51.657
long_tail-1734,long_tail,50.279
long_tail-1735,long_tail,26.5053
long_tail-1736,long_tail,21.2628
long_tail-1737,long_tail,53.7677
long_tail-1738,long_tail,34.2392
long_tail-1739,long_tail,68.0686
long_tail-1740,long_tail,207.786
long_tail-1741,long_tail,17.4856
long_tail-1742,long_tail,33.0973
long_tail-1743,long_tail,21.6947
long_tail-1744,long_tail,32.3714
long_tail-1745,long_tail,28.8441
long_tail-1746,long_tail,23.5367
long_tail-1747,long_tail,14.098
long_tail-1748,long_tail,62.6987
long_tail-1749,long_tail,22.1115
long_tail-1750,long_tail,18.5349
long_tail-1751,long_tail,46.1812
long_tail-1752,long_tail,117.0295
long_tail-1753,long_tail,23.0289
long_tail-1754,long_tail,7.5566
long_tail-1755,long_tail,51.8177
long_tail-1756,long_tail,8.9173
long_tail-1757,long_tail,14.9714
long_tail-1758,long_tail,39.5977
long_tail-1759,long_tail,14.5103
long_tail-1760,long_tail,52.9573
long_tail-1761,long_tail,6.0408
long_tail-1762,long_tail,13.152
long_tail-1763,long_tail,24.7171
long_tail-1764,long_tail,30.6765
long_tail-1765,long_tail,26.7643
long_tail-1766,long_tail,79.7459
long_tail-1767,long_tail,21.7945
long_tail-1768,long_tail,20.517
long_tail-1769,long_tail,33.9677
long_tail-1770,long_tail,16.8666
long_tail-1771,long_tail,103.738
long_tail-1772,long_tail,20.5956
long_tail-1773,long_tail,45.6784
long_tail-1774,long_tail,14.6108
long_tail-1775,long_tail,47.1519
long_tail-1776,long_tail,15.2999
long_tail-1777,long_tail,9.6991
long_tail-1778,long_tail,10.2309
long_tail-1779,long_tail,40.8947
long_tail-1780,long_tail,29.1153
long_tail-1781,long_tail,50.2197
long_tail-1782,long_tail,20.8198
long_tail-1783,long_tail,9.1794
long_tail-1784,long_tail,97.3593
long_tail-1785,long_tail,26.1499
long_tail-1786,long_tail,25.1338
long_tail-1787,long_tail,25.1682
long_tail-1788,long_tail,20.668
long_tail-1789,long_tail,154.0122
long_tail-1790,long_tail,39.2732
long_tail-1791,long_tail,30.6355
long_tail-1792,long_tail,81.7843
long_tail-1793,long_tail,24.2075
long_tail-1794,long_tail,218.3125
long_tail-1795,long_tail,54.4252
long_tail-1796,long_tail,26.2575
long_tail-1797,long_tail,19.1167
long_tail-1798,long_tail,12.5594
long_tail-1799,long_tail,19.0317
long_tail-1800,long_tail,15.748
long_tail-1801,long_tail,43.8079
long_tail-1802,long_tail,111.2714
long_tail-1803,long_tail,63.3704
long_tail-1804,long_tail,35.1787
long_tail-1805,long_tail,53.8678
long_tail-1806,long_tail,15.8669
long_tail-1807,long_tail,27.8796
long_tail-1808,long_tail,48.6566
long_tail-1809,long_tail,87.6589
long_tail-1810,long_tail,13.4203
long_tail-1811,long_tail,70.8848
long_tail-1812,long_tail,40.1372
long_tail-1813,long_tail,23.8139
long_tail-1814,long_tail,28.1314
long_tail-1815,long_tail,69.2844
long_tail-1816,long_tail,36.6306
long_tail-1817,long_tail,63.7177
long_tail-1818,long_tail,23.0347
long_tail-1819,long_tail,98.7378
long_tail-1820,long_tail,42.9609
long_tail-1821,long_tail,43.0888
long_tail-1822,long_tail,174.1438
long_tail-1823,long_tail,161.9871
long_tail-1824,long_tail,40.422
long_tail-1825,long_tail,65.7843
long_tail-1826,long_tail,18.1419
long_tail-1827,long_tail,80.8755
long_tail-1828,long_tail,30.4476
long_tail-1829,long_tail,182.7437
long_tail-1830,long_tail,27.7473
long_tail-1831,long_tail,33.2512
long_tail-1832,long_tail,28.9086
long_tail-1833,long_tail,1.9703
long_tail-1834,long_tail,160.9135
long_tail-1835,long_tail,99.3645
long_tail-1836,long_tail,26.2774
long_tail-1837,long_tail,19.0634
long_tail-1838,long_tail,6.1575
long_tail-1839,long_tail,29.6218
long_tail-1840,long_tail,73.5661
long_tail-1841,long_tail,52.2005
long_tail-1842,long_tail,27.2617
long_tail-1843,long_tail,44.2315
long_tail-1844,long_tail,78.059
long_tail-1845,long_tail,18.4583
long_tail-1846,long_tail,20.8248
long_tail-1847,long_tail,16.7709
long_tail-1848,long_tail,55.1065
long_tail-1849,long_tail,37.1336
long_tail-1850,long_tail,67.9819
long_tail-1851,long_tail,28.4094
long_tail-1852,long_tail,10.0612
long_tail-1853,long_tail,71.6239
long_tail-1854,long_tail,81.8406
long_tail-1855,long_tail,10.6629
long_tail-1856,long_tail,29.8829
long_tail-1857,long_tail,45.9517
long_tail-1858,long_tail,22.8959
long_tail-1859,long_tail,7.3779
long_tail-1860,long_tail,61.0541
long_tail-1861,long_tail,53.616
long_tail-1862,long_tail,109.5281
long_tail-1863,long_tail,97.6939
long_tail-1864,long_tail,96.7715
long_tail-1865,long_tail,242.413
long_tail-1866,long_tail,16.5695
long_tail-1867,long_tail,9.4632
long_tail-1868,long_tail,20.9278
long_tail-1869,long_tail,25.9962
long_tail-1870,long_tail,21.807
long_tail-1871,long_tail,12.1853
long_tail-1872,long_tail,32.2763
long_tail-1873,long_tail,56.928
long_tail-1874,long_tail,22.7223
long_tail-1875,long_tail,15.0115
long_tail-1876,long_tail,107.7788
long_tail-1877,long_tail,83.8282
long_tail-1878,long_tail,14.6128
long_tail-1879,long_tail,22.6894
long_tail-1880,long_tail,30.4318
long_tail-1881,long_tail,18.5677
long_tail-1882,long_tail,3.5295
long_tail-1883,long_tail,34.3295
long_tail-1884,long_tail,47.8372
long_tail-1885,long_tail,29.2358
long_tail-1886,long_tail,69.3674
long_tail-1887,long_tail,39.3116
long_tail-1888,long_tail,4.6711
long_tail-1889,long_tail,174.1906
long_tail-1890,long_tail,5.5644
long_tail-1891,long_tail,15.8705
long_tail-1892,long_tail,39.0916
long_tail-1893,long_tail,23.5199
long_tail-1894,long_tail,153.5539
long_tail-1895,long_tail,12.6931
long_tail-1896,long_tail,12.2816
long_tail-1897,long_tail,314.6322
long_tail-1898,long_tail,26.762
long_tail-1899,long_tail,506.8726
long_tail-1900,long_tail,32.1612
long_tail-1901,long_tail,22.3314
long_tail-1902,long_tail,2.1595
long_tail-1903,long_tail,10.2485
long_tail-1904,long_tail,36.0978
long_tail-1905,long_tail,62.822
long_tail-1906,long_tail,22.4203
long_tail-1907,long_tail,61.0735
long_tail-1908,long_tail,37.9792
long_tail-1909,long_tail,22.5695
long_tail-1910,long_tail,22.1652
long_tail-1911,long_tail,4.7952
long_tail-1912,long_tail,8.994
long_tail-1913,long_tail,77.1451
long_tail-1914,long_tail,33.6497
long_tail-1915,long_tail,158.4014
long_tail-1916,long_tail,123.9179
long_tail-1917,long_tail,43.6872
long_tail-1918,long_tail,39.3689
long_tail-1919,long_tail,47.5603
long_tail-1920,long_tail,10.2968
long_tail-1921,long_tail,19.4736
long_tail-1922,long_tail,31.8507
long_tail-1923,long_tail,198.9939
long_tail-1924,long_tail,127.9829
long_tail-1925,long_tail,22.4072
long_tail-1926,long_tail,47.6946
long_tail-1927,long_tail,20.61
long_tail-1928,long_tail,134.7559
long_tail-1929,long_tail,28.6793
long_tail-1930,long_tail,42.381
long_tail-1931,long_tail,25.6192
long_tail-1932,long_tail,65.7331
long_tail-1933,long_tail,53.4389
long_tail-1934,long_tail,42.1958
long_tail-1935,long_tail,146.7359
long_tail-1936,long_tail,33.1175
long_tail-1937,long_tail,10.5024
long_tail-1938,long_tail,42.624
long_tail-1939,long_tail,24.618
long_tail-1940,long_tail,16.855
long_tail-1941,long_tail,57.4791
long_tail-1942,long_tail,67.1521
long_tail-1943,long_tail,17.5897
long_tail-1944,long_tail,60.7415
long_tail-1945,long_tail,26.6907
long_tail-1946,long_tail,38.8751
long_tail-1947,long_tail,24.6559
long_tail-1948,long_tail,27.2465
long_tail-1949,long_tail,50.8689
long_tail-1950,long_tail,84.9794
long_tail-1951,long_tail,96.4203
long_tail-1952,long_tail,17.2719
long_tail-1953,long_tail,22.1039
long_tail-1954,long_tail,63.9253
long_tail-1955,long_tail,22.3501
long_tail-1956,long_tail,11.4475
long_tail-1957,long_tail,24.1696
long_tail-1958,long_tail,16.6404
long_tail-1959,long_tail,19.8519
long_tail-1960,long_tail,57.8155
long_tail-1961,long_tail,34.1458
long_tail-1962,long_tail,21.6749
long_tail-1963,long_tail,90.7515
long_tail-1964,long_tail,36.2902
long_tail-1965,long_tail,24.6525
long_tail-1966,long_tail,54.2364
long_tail-1967,long_tail,39.2264
long_tail-1968,long_tail,29.7071
long_tail-1969,long_tail,36.1825
long_tail-1970,long_tail,46.5854
long_tail-1971,long_tail,29.7524
long_tail-1972,long_tail,44.5089
long_tail-1973,long_tail,18.7451
long_tail-1974,long_tail,124.5715
long_tail-1975,long_tail,11.7247
long_tail-1976,long_tail,1.9613
long_tail-1977,long_tail,22.8633
long_tail-1978,long_tail,42.6007
long_tail-1979,long_tail,31.7926
long_tail-1980,long_tail,22.8008
long_tail-1981,long_tail,30.941
long_tail-1982,long_tail,14.5769
long_tail-1983,long_tail,20.7763
long_tail-1984,long_tail,24.6015
long_tail-1985,long_tail,20.4442
long_tail-1986,long_tail,55.9101
long_tail-1987,long_tail,45.7447
long_tail-1988,long_tail,15.4563
long_tail-1989,long_tail,34.4277
long_tail-1990,long_tail,5.138
long_tail-1991,long_tail,79.8153
long_tail-1992,long_tail,174.6609
long_tail-1993,long_tail,61.6649
long_tail-1994,long_tail,12.9402
long_tail-1995,long_tail,47.7226
long_tail-1996,long_tail,27.2114
long_tail-1997,long_tail,29.5453
long_tail-1998,long_tail,37.135
long_tail-1999,long_tail,38.4826
long_tail-2000,long_tail,35.8653
long_tail-2001,long_tail,18.9503
long_tail-2002,long_tail,13.0955
long_tail-2003,long_tail,31.2527
long_tail-2004,long_tail,36.4693
long_tail-2005,long_tail,95.9504
long_tail-2006,long_tail,118.9513
long_tail-2007,long_tail,100.7037
long_tail-2008,long_tail,12.1058
long_tail-2009,long_tail,217.2257
long_tail-2010,long_tail,124.1464
long_tail-2011,long_tail,23.8128
long_tail-2012,long_tail,8.2722
long_tail-2013,long_tail,101.8225
long_tail-2014,long_tail,35.5851
long_tail-2015,long_tail,25.0276
long_tail-2016,long_tail,20.7361
long_tail-2017,long_tail,45.9104
long_tail-2018,long_tail,49.6038
long_tail-2019,long_tail,51.1996
long_tail-2020,long_tail,53.6336
long_tail-2021,long_tail,12.8717
long_tail-2022,long_tail,31.5912
long_tail-2023,long_tail,187.5621
long_tail-2024,long_tail,45.4219
long_tail-2025,long_tail,11.6662
long_tail-2026,long_tail,35.4769
long_tail-2027,long_tail,51.5613
long_tail-2028,long_tail,13.5745
long_tail-2029,long_tail,124.6719
long_tail-2030,long_tail,42.8276
long_tail-2031,long_tail,45.4838
long_tail-2032,long_tail,138.7293
long_tail-2033,long_tail,45.5984
long_tail-2034,long_tail,32.5414
long_tail-2035,long_tail,14.7797
long_tail-2036,long_tail,50.7952
long_tail-2037,long_tail,53.5843
long_tail-2038,long_tail,6.9585
long_tail-2039,long_tail,21.8395
long_tail-2040,long_tail,87.7056
long_tail-2041,long_tail,22.8626
long_tail-2042,long_tail,7.7619
long_tail-2043,long_tail,102.1771
long_tail-2044,long_tail,24.8332
long_tail-2045,long_tail,59.9148
long_tail-2046,long_tail,5.1811
long_tail-2047,long_tail,23.3084
long_tail-2048,long_tail,10.0732
long_tail-2049,long_tail,19.1603
long_tail-2050,long_tail,124.9734
long_tail-2051,long_tail,26.8045
long_tail-2052,long_tail,162.259
long_tail-2053,long_tail,23.6908
long_tail-2054,long_tail,67.7428
long_tail-2055,long_tail,40.3505
long_tail-2056,long_tail,19.9173
long_tail-2057,long_tail,61.2249
long_tail-2058,long_tail,15.8362
long_tail-2059,long_tail,15.9591
long_tail-2060,long_tail,40.3928
long_tail-2061,long_tail,12.9387
long_tail-2062,long_tail,99.8217
long_tail-2063,long_tail,12.2397
long_tail-2064,long_tail,19.3023
long_tail-2065,long_tail,37.1357
long_tail-2066,long_tail,132.8683
long_tail-2067,long_tail,33.0146
long_tail-2068,long_tail,84.4424
long_tail-2069,long_tail,51.3697
long_tail-2070,long_tail,21.6843
long_tail-2071,long_tail,49.0813
long_tail-2072,long_tail,52.3354
long_tail-2073,long_tail,61.5565
long_tail-2074,long_tail,44.2935
long_tail-2075,long_tail,6.4559
long_tail-2076,long_tail,182.0389
long_tail-2077,long_tail,31.0317
long_tail-2078,long_tail,28.6724
long_tail-2079,long_tail,32.5035
long_tail-2080,long_tail,22.9219
long_tail-2081,long_tail,85.9103
long_tail-2082,long_tail,31.5894
long_tail-2083,long_tail,123.418
long_tail-2084,long_tail,103.0282
long_tail-2085,long_tail,209.662
long_tail-2086,long_tail,12.0087
long_tail-2087,long_tail,21.0499
long_tail-2088,long_tail,29.5229
long_tail-2089,long_tail,50.318
long_tail-2090,long_tail,57.4562
long_tail-2091,long_tail,36.5198
long_tail-2092,long_tail,13.9339
long_tail-2093,long_tail,138.6623
long_tail-2094,long_tail,17.0502
long_tail-2095,long_tail,10.0275
long_tail-2096,long_tail,9.9956
long_tail-2097,long_tail,10.9031
long_tail-2098,long_tail,19.1004
long_tail-2099,long_tail,198.3641
long_tail-2100,long_tail,109.8471
long_tail-2101,long_tail,70.0473
long_tail-2102,long_tail,19.8682
long_tail-2103,long_tail,125.7875
long_tail-2104,long_tail,23.8092
long_tail-2105,long_tail,52.6947
long_tail-2106,long_tail,21.7105
long_tail-2107,long_tail,53.9917
long_tail-2108,long_tail,37.1992
long_tail-2109,long_tail,24.3216
long_tail-2110,long_tail,83.1921
long_tail-2111,long_tail,39.194
long_tail-2112,long_tail,25.458
long_tail-2113,long_tail,22.696
long_tail-2114,long_tail,85.0363
long_tail-2115,long_tail,32.0317
long_tail-2116,long_tail,6.7711
long_tail-2117,long_tail,308.4695
long_tail-2118,long_tail,84.0051
long_tail-2119,long_tail,447.8369
long_tail-2120,long_tail,163.659
long_tail-2121,long_tail,15.1463
long_tail-2122,long_tail,46.7993
long_tail-2123,long_tail,84.8432
long_tail-2124,long_tail,18.6964
long_tail-2125,long_tail,14.4134
long_tail-2126,long_tail,147.9784
long_tail-2127,long_tail,52.0367
long_tail-2128,long_tail,82.2971
long_tail-2129,long_tail,74.8748
long_tail-2130,long_tail,23.3399
long_tail-2131,long_tail,26.8315
long_tail-2132,long_tail,22.0657
long_tail-2133,long_tail,68.8422
long_tail-2134,long_tail,41.9597
long_tail-2135,long_tail,14.2851
long_tail-2136,long_tail,19.5675
long_tail-2137,long_tail,96.0605
long_tail-2138,long_tail,26.0618
long_tail-2139,long_tail,68.7193
long_tail-2140,long_tail,33.6304
long_tail-2141,long_tail,8.7619
long_tail-2142,long_tail,37.4139
long_tail-2143,long_tail,51.6179
long_tail-2144,long_tail,33.8179
long_tail-2145,long_tail,54.8841
long_tail-2146,long_tail,82.3886
long_tail-2147,long_tail,8.8324
long_tail-2148,long_tail,10.2068
long_tail-2149,long_tail,32.5686
long_tail-2150,long_tail,29.1569
long_tail-2151,long_tail,23.2581
long_tail-2152,long_tail,134.0793
long_tail-2153,long_tail,166.8703
long_tail-2154,long_tail,31.1265
long_tail-2155,long_tail,79.5078
long_tail-2156,long_tail,51.4482
long_tail-2157,long_tail,39.8644
long_tail-2158,long_tail,139.3337
long_tail-2159,long_tail,30.4444
long_tail-2160,long_tail,34.1468
long_tail-2161,long_tail,27.393
long_tail-2162,long_tail,42.9176
long_tail-2163,long_tail,74.2386
long_tail-2164,long_tail,14.1765
long_tail-2165,long_tail,37.3974
long_tail-2166,long_tail,70.5553
long_tail-2167,long_tail,39.8874
long_tail-2168,long_tail,44.1856
long_tail-2169,long_tail,14.2083
long_tail-2170,long_tail,30.8964
long_tail-2171,long_tail,47.6164
long_tail-2172,long_tail,11.879
long_tail-2173,long_tail,61.6194
long_tail-2174,long_tail,26.3152
long_tail-2175,long_tail,20.5885
long_tail-2176,long_tail,39.2294
long_tail-2177,long_tail,22.0273
long_tail-2178,long_tail,12.3276
long_tail-2179,long_tail,91.9936
long_tail-2180,long_tail,25.1571
long_tail-2181,long_tail,150.6519
long_tail-2182,long_tail,188.4788
long_tail-2183,long_tail,10.2536
long_tail-2184,long_tail,78.7976
long_tail-2185,long_tail,21.1965
long_tail-2186,long_tail,40.9304
long_tail-2187,long_tail,49.8187
long_tail-2188,long_tail,56.6446
long_tail-2189,long_tail,194.278
long_tail-2190,long_tail,46.2874
long_tail-2191,long_tail,69.8845
long_tail-2192,long_tail,39.0522
long_tail-2193,long_tail,118.9473
long_tail-2194,long_tail,6.5944
long_tail-2195,long_tail,40.0779
long_tail-2196,long_tail,31.3337
long_tail-2197,long_tail,43.0898
long_tail-2198,long_tail,4.1315
long_tail-2199,long_tail,29.9518
long_tail-2200,long_tail,29.2702
long_tail-2201,long_tail,76.1086
long_tail-2202,long_tail,37.4169
long_tail-2203,long_tail,20.6917
long_tail-2204,long_tail,77.6131
long_tail-2205,long_tail,63.0081
long_tail-2206,long_tail,143.1314
long_tail-2207,long_tail,8.6359
long_tail-2208,long_tail,19.7671
long_tail-2209,long_tail,167.0407
long_tail-2210,long_tail,21.9132
long_tail-2211,long_tail,32.7963
long_tail-2212,long_tail,15.5184
long_tail-2213,long_tail,33.2246
long_tail-2214,long_tail,31.1717
long_tail-2215,long_tail,90.6068
long_tail-2216,long_tail,43.2385
long_tail-2217,long_tail,65.1589
long_tail-2218,long_tail,61.2983
long_tail-2219,long_tail,58.5907
long_tail-2220,long_tail,18.5642
long_tail-2221,long_tail,41.8309
long_tail-2222,long_tail,138.3864
long_tail-2223,long_tail,19.8333
long_tail-2224,long_tail,37.5307
long_tail-2225,long_tail,143.0351
long_tail-2226,long_tail,23.0609
long_tail-2227,long_tail,67.4399
long_tail-2228,long_tail,84.8906
long_tail-2229,long_tail,38.0142
long_tail-2230,long_tail,9.7695
long_tail-2231,long_tail,16.9546
long_tail-2232,long_tail,19.7286
long_tail-2233,long_tail,66.0464
long_tail-2234,long_tail,46.5398
long_tail-2235,long_tail,8.375
long_tail-2236,long_tail,41.9154
long_tail-2237,long_tail,72.8511
long_tail-2238,long_tail,47.9153
long_tail-2239,long_tail,7.6478
long_tail-2240,long_tail,29.4407
long_tail-2241,long_tail,16.2462
long_tail-2242,long_tail,79.4863
long_tail-2243,long_tail,17.2927
long_tail-2244,long_tail,21.7375
long_tail-2245,long_tail,353.8899
long_tail-2246,long_tail,19.0757
long_tail-2247,long_tail,13.182
long_tail-2248,long_tail,26.1981
long_tail-2249,long_tail,43.9039
long_tail-2250,long_tail,22.9187
long_tail-2251,long_tail,18.9659
long_tail-2252,long_tail,12.1261
long_tail-2253,long_tail,148.653
long_tail-2254,long_tail,75.5345
long_tail-2255,long_tail,36.7172
long_tail-2256,long_tail,11.8694
long_tail-2257,long_tail,49.0149
long_tail-2258,long_tail,87.148
long_tail-2259,long_tail,55.6962
long_tail-2260,long_tail,54.741
long_tail-2261,long_tail,77.9825
long_tail-2262,long_tail,16.8324
long_tail-2263,long_tail,75.5126
long_tail-2264,long_tail,30.4165
long_tail-2265,long_tail,127.3725
long_tail-2266,long_tail,27.7391
long_tail-2267,long_tail,26.7598
long_tail-2268,long_tail,36.7194
long_tail-2269,long_tail,87.5585
long_tail-2270,long_tail,10.1299
long_tail-2271,long_tail,43.2058
long_tail-2272,long_tail,12.8981
long_tail-2273,long_tail,43.0405
long_tail-2274,long_tail,21.078
long_tail-2275,long_tail,103.7952
long_tail-2276,long_tail,31.732
long_tail-2277,long_tail,5.1484
long_tail-2278,long_tail,37.0629
long_tail-2279,long_tail,35.5014
long_tail-2280,long_tail,36.9248
long_tail-2281,long_tail,30.4547
long_tail-2282,long_tail,10.7059
long_tail-2283,long_tail,24.4415
long_tail-2284,long_tail,47.1783
long_tail-2285,long_tail,27.1565
long_tail-2286,long_tail,20.2072
long_tail-2287,long_tail,175.3473
long_tail-2288,long_tail,132.7745
long_tail-2289,long_tail,18.8319
long_tail-2290,long_tail,16.3867
long_tail-2291,long_tail,21.1578
long_tail-2292,long_tail,87.2428
long_tail-2293,long_tail,124.1572
long_tail-2294,long_tail,16.782
long_tail-2295,long_tail,128.6017
long_tail-2296,long_tail,15.627
long_tail-2297,long_tail,9.7436
long_tail-2298,long_tail,29.4877
long_tail-2299,long_tail,150.9671
long_tail-2300,long_tail,46.8116
long_tail-2301,long_tail,12.7448
long_tail-2302,long_tail,43.9036
long_tail-2303,long_tail,115.833
long_tail-2304,long_tail,45.6107
long_tail-2305,long_tail,84.4959
long_tail-2306,long_tail,22.9487
long_tail-2307,long_tail,15.732
long_tail-2308,long_tail,62.5552
long_tail-2309,long_tail,17.3874
long_tail-2310,long_tail,9.1014
long_tail-2311,long_tail,46.6797
long_tail-2312,long_tail,9.6683
long_tail-2313,long_tail,101.5738
long_tail-2314,long_tail,35.7165
long_tail-2315,long_tail,61.0577
long_tail-2316,long_tail,26.4299
long_tail-2317,long_tail,21.2377
long_tail-2318,long_tail,73.5231
long_tail-2319,long_tail,6.0491
long_tail-2320,long_tail,116.6574
long_tail-2321,long_tail,16.5867
long_tail-2322,long_tail,8.0062
long_tail-2323,long_tail,150.4012
long_tail-2324,long_tail,46.4505
long_tail-2325,long_tail,15.4743
long_tail-2326,long_tail,287.9897
long_tail-2327,long_tail,26.4139
long_tail-2328,long_tail,28.5579
long_tail-2329,long_tail,29.8104
long_tail-2330,long_tail,11.9377
long_tail-2331,long_tail,9.4852
long_tail-2332,long_tail,7.1149
long_tail-2333,long_tail,34.1637
long_tail-2334,long_tail,75.1844
long_tail-2335,long_tail,9.0273
long_tail-2336,long_tail,15.767
long_tail-2337,long_tail,50.658
long_tail-2338,long_tail,8.2826
long_tail-2339,long_tail,46.3299
long_tail-2340,long_tail,29.8369
long_tail-2341,long_tail,37.2103
long_tail-2342,long_tail,15.4127
long_tail-2343,long_tail,24.7589
long_tail-2344,long_tail,31.2523
long_tail-2345,long_tail,16.7787
long_tail-2346,long_tail,124.8216
long_tail-2347,long_tail,25.9644
long_tail-2348,long_tail,16.6889
long_tail-2349,long_tail,41.5109
long_tail-2350,long_tail,104.3566
long_tail-2351,long_tail,47.2619
long_tail-2352,long_tail,19.0494
long_tail-2353,long_tail,22.0685
long_tail-2354,long_tail,9.5755
long_tail-2355,long_tail,27.5428
long_tail-2356,long_tail,35.5692
long_tail-2357,long_tail,76.4408
long_tail-2358,long_tail,59.5702
long_tail-2359,long_tail,64.9553
long_tail-2360,long_tail,203.8643
long_tail-2361,long_tail,30.862
long_tail-2362,long_tail,34.7308
long_tail-2363,long_tail,119.8228
long_tail-2364,long_tail,34.9981
long_tail-2365,long_tail,14.5541
long_tail-2366,long_tail,33.2731
long_tail-2367,long_tail,7.2855
long_tail-2368,long_tail,31.7959
long_tail-2369,long_tail,148.0643
long_tail-2370,long_tail,28.5986
long_tail-2371,long_tail,28.2259
long_tail-2372,long_tail,98.3636
long_tail-2373,long_tail,15.8867
long_tail-2374,long_tail,25.3258
long_tail-2375,long_tail,107.6126
long_tail-2376,long_tail,87.1283
long_tail-2377,long_tail,15.4231
long_tail-2378,long_tail,81.1236
long_tail-2379,long_tail,20.3319
long_tail-2380,long_tail,35.0456
long_tail-2381,long_tail,28.3753
long_tail-2382,long_tail,17.5664
long_tail-2383,long_tail,36.6374
long_tail-2384,long_tail,49.2271
long_tail-2385,long_tail,58.6842
long_tail-2386,long_tail,18.0828
long_tail-2387,long_tail,39.7579
long_tail-2388,long_tail,39.1761
long_tail-2389,long_tail,37.2766
long_tail-2390,long_tail,100.83
long_tail-2391,long_tail,8.1628
long_tail-2392,long_tail,17.2305
long_tail-2393,long_tail,38.2668
long_tail-2394,long_tail,34.1082
long_tail-2395,long_tail,44.5812
long_tail-2396,long_tail,22.3764
long_tail-2397,long_tail,30.6161
long_tail-2398,long_tail,15.147
long_tail-2399,long_tail,56.8308
long_tail-2400,long_tail,12.7013
long_tail-2401,long_tail,25.594
long_tail-2402,long_tail,92.4737
long_tail-2403,long_tail,55.533
long_tail-2404,long_tail,24.4162
long_tail-2405,long_tail,28.7833
long_tail-2406,long_tail,33.3258
long_tail-2407,long_tail,48.6521
long_tail-2408,long_tail,38.3543
long_tail-2409,long_tail,45.9618
long_tail-2410,long_tail,11.2179
long_tail-2411,long_tail,25.1943
long_tail-2412,long_tail,7.1792
long_tail-2413,long_tail,34.9081
long_tail-2414,long_tail,52.1679
long_tail-2415,long_tail,22.2557
long_tail-2416,long_tail,32.6659
long_tail-2417,long_tail,8.6704
long_tail-2418,long_tail,35.9278
long_tail-2419,long_tail,36.1445
long_tail-2420,long_tail,70.8464
long_tail-2421,long_tail,56.5897
long_tail-2422,long_tail,12.9422
long_tail-2423,long_tail,43.7519
long_tail-2424,long_tail,69.5669
long_tail-2425,long_tail,15.8649
long_tail-2426,long_tail,51.1582
long_tail-2427,long_tail,15.1411
long_tail-2428,long_tail,16.604
long_tail-2429,long_tail,10.2912
long_tail-2430,long_tail,34.7367
long_tail-2431,long_tail,63.9231
long_tail-2432,long_tail,4.5196
long_tail-2433,long_tail,100.9296
long_tail-2434,long_tail,27.4432
long_tail-2435,long_tail,23.623
long_tail-2436,long_tail,105.988
long_tail-2437,long_tail,32.8324
long_tail-2438,long_tail,65.1312
long_tail-2439,long_tail,151.9307
long_tail-2440,long_tail,38.5887
long_tail-2441,long_tail,52.5357
long_tail-2442,long_tail,15.338
long_tail-2443,long_tail,11.5923
long_tail-2444,long_tail,33.664
long_tail-2445,long_tail,6.2942
long_tail-2446,long_tail,47.8609
long_tail-2447,long_tail,15.8996
long_tail-2448,long_tail,39.7827
long_tail-2449,long_tail,160.8733
long_tail-2450,long_tail,36.9563
long_tail-2451,long_tail,121.2612
long_tail-2452,long_tail,19.6063
long_tail-2453,long_tail,69.7628
long_tail-2454,long_tail,28.7548
long_tail-2455,long_tail,65.2971
long_tail-2456,long_tail,25.6523
long_tail-2457,long_tail,280.2328
long_tail-2458,long_tail,40.4306
long_tail-2459,long_tail,6.22
long_tail-2460,long_tail,65.6268
long_tail-2461,long_tail,19.29
long_tail-2462,long_tail,26.0512
long_tail-2463,long_tail,10.4808
long_tail-2464,long_tail,35.5136
long_tail-2465,long_tail,19.6773
long_tail-2466,long_tail,15.7182
long_tail-2467,long_tail,122.355
long_tail-2468,long_tail,9.6417
long_tail-2469,long_tail,11.9218
long_tail-2470,long_tail,38.5379
long_tail-2471,long_tail,19.1654
long_tail-2472,long_tail,25.0916
long_tail-2473,long_tail,12.3821
long_tail-2474,long_tail,45.6044
long_tail-2475,long_tail,14.9243
long_tail-2476,long_tail,177.9091
long_tail-2477,long_tail,6.0047
long_tail-2478,long_tail,26.1373
long_tail-2479,long_tail,19.9504
long_tail-2480,long_tail,26.5953
long_tail-2481,long_tail,20.4302
long_tail-2482,long_tail,15.5281
long_tail-2483,long_tail,16.453
long_tail-2484,long_tail,26.3553
long_tail-2485,long_tail,69.8963
long_tail-2486,long_tail,66.5156
long_tail-2487,long_tail,20.4141
long_tail-2488,long_tail,15.4608
long_tail-2489,long_tail,7.7739
long_tail-2490,long_tail,46.0074
long_tail-2491,long_tail,49.3042
long_tail-2492,long_tail,73.4759
long_tail-2493,long_tail,108.9047
long_tail-2494,long_tail,13.77
long_tail-2495,long_tail,32.476
long_tail-2496,long_tail,70.7825
long_tail-2497,long_tail,76.7154
long_tail-2498,long_tail,17.3348
long_tail-2499,long_tail,37.9058
long_tail-2500,long_tail,89.4763
long_tail-2501,long_tail,15.0904
long_tail-2502,long_tail,70.3514
long_tail-2503,long_tail,18.844
long_tail-2504,long_tail,20.2565
long_tail-2505,long_tail,7.5696
long_tail-2506,long_tail,9.0369
long_tail-2507,long_tail,28.9262
long_tail-2508,long_tail,28.4879
long_tail-2509,long_tail,55.4413
long_tail-2510,long_tail,13.5015
long_tail-2511,long_tail,8.4171
long_tail-2512,long_tail,20.5065
long_tail-2513,long_tail,41.6857
long_tail-2514,long_tail,38.3636
long_tail-2515,long_tail,65.014
long_tail-2516,long_tail,25.3376
long_tail-2517,long_tail,47.3502
long_tail-2518,long_tail,10.6774
long_tail-2519,long_tail,29.0925
long_tail-2520,long_tail,204.1118
long_tail-2521,long_tail,19.8418
long_tail-2522,long_tail,31.5518
long_tail-2523,long_tail,50.1548
long_tail-2524,long_tail,44.2215
long_tail-2525,long_tail,33.0643
long_tail-2526,long_tail,11.6968
long_tail-2527,long_tail,15.5858
long_tail-2528,long_tail,39.9886
long_tail-2529,long_tail,29.836
long_tail-2530,long_tail,4.1676
long_tail-2531,long_tail,31.3757
long_tail-2532,long_tail,157.8607
long_tail-2533,long_tail,3.0286
long_tail-2534,long_tail,31.4388
long_tail-2535,long_tail,48.4206
long_tail-2536,long_tail,29.7725
long_tail-2537,long_tail,5.5734
long_tail-2538,long_tail,13.0878
long_tail-2539,long_tail,16.2109
long_tail-2540,long_tail,113.4541
long_tail-2541,long_tail,26.4736
long_tail-2542,long_tail,94.2684
long_tail-2543,long_tail,21.1957
long_tail-2544,long_tail,29.289
long_tail-2545,long_tail,28.2985
long_tail-2546,long_tail,62.2432
long_tail-2547,long_tail,68.6952
long_tail-2548,long_tail,58.672
long_tail-2549,long_tail,4.6266
long_tail-2550,long_tail,30.4647
long_tail-2551,long_tail,98.3252
long_tail-2552,long_tail,24.5877
long_tail-2553,long_tail,2.9177
long_tail-2554,long_tail,28.5736
long_tail-2555,long_tail,38.9406
long_tail-2556,long_tail,69.4096
long_tail-2557,long_tail,24.4918
long_tail-2558,long_tail,26.0976
long_tail-2559,long_tail,75.9204
long_tail-2560,long_tail,21.2356
long_tail-2561,long_tail,172.3146
long_tail-2562,long_tail,9.4289
long_tail-2563,long_tail,27.6687
long_tail-2564,long_tail,236.4811
long_tail-2565,long_tail,76.766
long_tail-2566,long_tail,7.1459
long_tail-2567,long_tail,4.3605
long_tail-2568,long_tail,26.247
long_tail-2569,long_tail,10.9689
long_tail-2570,long_tail,37.134
long_tail-2571,long_tail,61.3603
long_tail-2572,long_tail,7.0486
long_tail-2573,long_tail,24.7528
long_tail-2574,long_tail,61.0864
long_tail-2575,long_tail,22.3296
long_tail-2576,long_tail,35.8337
long_tail-2577,long_tail,63.5616
long_tail-2578,long_tail,31.2633
long_tail-2579,long_tail,12.3033
long_tail-2580,long_tail,16.4791
long_tail-2581,long_tail,20.9819
long_tail-2582,long_tail,33.731
long_tail-2583,long_tail,13.1203
long_tail-2584,long_tail,10.119
long_tail-2585,long_tail,55.2448
long_tail-2586,long_tail,105.1702
long_tail-2587,long_tail,16.7539
long_tail-2588,long_tail,91.752
long_tail-2589,long_tail,61.3508
long_tail-2590,long_tail,17.9607
long_tail-2591,long_tail,52.7067
long_tail-2592,long_tail,22.5803
long_tail-2593,long_tail,49.1948
long_tail-2594,long_tail,38.9901
long_tail-2595,long_tail,130.2466
long_tail-2596,long_tail,71.4955
long_tail-2597,long_tail,41.2386
long_tail-2598,long_tail,47.8911
long_tail-2599,long_tail,49.8486
long_tail-2600,long_tail,38.0617
long_tail-2601,long_tail,15.8008
long_tail-2602,long_tail,35.1057
long_tail-2603,long_tail,70.0627
long_tail-2604,long_tail,116.5866
long_tail-2605,long_tail,23.5993
long_tail-2606,long_tail,126.6536
long_tail-2607,long_tail,65.0525
long_tail-2608,long_tail,123.3289
long_tail-2609,long_tail,71.7768
long_tail-2610,long_tail,71.4581
long_tail-2611,long_tail,56.685
long_tail-2612,long_tail,37.7603
long_tail-2613,long_tail,108.6177
long_tail-2614,long_tail,49.7985
long_tail-2615,long_tail,208.0957
long_tail-2616,long_tail,49.3268
long_tail-2617,long_tail,11.47
long_tail-2618,long_tail,14.7241
long_tail-2619,long_tail,12.2402
long_tail-2620,long_tail,34.2487
long_tail-2621,long_tail,28.2968
long_tail-2622,long_tail,17.0029
long_tail-2623,long_tail,33.796
long_tail-2624,long_tail,53.737
long_tail-2625,long_tail,37.7676
long_tail-2626,long_tail,33.1606
long_tail-2627,long_tail,19.7744
long_tail-2628,long_tail,46.874
long_tail-2629,long_tail,89.8605
long_tail-2630,long_tail,9.0814
long_tail-2631,long_tail,13.1189
long_tail-2632,long_tail,11.6109
long_tail-2633,long_tail,26.8539
long_tail-2634,long_tail,93.011
long_tail-2635,long_tail,120.9323
long_tail-2636,long_tail,51.294
long_tail-2637,long_tail,172.6358
long_tail-2638,long_tail,34.6972
long_tail-2639,long_tail,11.3032
long_tail-2640,long_tail,59.2496
long_tail-2641,long_tail,6.4074
long_tail-2642,long_tail,35.4114
long_tail-2643,long_tail,28.1818
long_tail-2644,long_tail,31.1053
long_tail-2645,long_tail,17.0001
long_tail-2646,long_tail,39.7125
long_tail-2647,long_tail,134.7455
long_tail-2648,long_tail,47.9373
long_tail-2649,long_tail,10.6284
long_tail-2650,long_tail,46.8568
long_tail-2651,long_tail,33.1937
long_tail-2652,long_tail,48.3771
long_tail-2653,long_tail,9.8669
long_tail-2654,long_tail,43.6712
long_tail-2655,long_tail,15.0205
long_tail-2656,long_tail,16.6247
long_tail-2657,long_tail,32.9997
long_tail-2658,long_tail,62.5745
long_tail-2659,long_tail,23.4648
long_tail-2660,long_tail,9.8007
long_tail-2661,long_tail,14.9753
long_tail-2662,long_tail,12.2015
long_tail-2663,long_tail,5.0139
long_tail-2664,long_tail,21.6765
long_tail-2665,long_tail,38.3977
long_tail-2666,long_tail,162.7189
long_tail-2667,long_tail,46.5795
long_tail-2668,long_tail,9.13
long_tail-2669,long_tail,105.1835
long_tail-2670,long_tail,36.8456
long_tail-2671,long_tail,28.8354
long_tail-2672,long_tail,45.1255
long_tail-2673,long_tail,25.1184
long_tail-2674,long_tail,34.349
long_tail-2675,long_tail,43.3478
long_tail-2676,long_tail,30.6707
long_tail-2677,long_tail,86.8333
long_tail-2678,long_tail,14.7111
long_tail-2679,long_tail,151.9127
long_tail-2680,long_tail,124.4964
long_tail-2681,long_tail,31.7746
long_tail-2682,long_tail,37.17
long_tail-2683,long_tail,8.123
long_tail-2684,long_tail,12.5425
long_tail-2685,long_tail,46.2102
long_tail-2686,long_tail,27.0644
long_tail-2687,long_tail,6.5425
long_tail-2688,long_tail,24.8511
long_tail-2689,long_tail,22.8896
long_tail-2690,long_tail,24.7912
long_tail-2691,long_tail,57.4787
long_tail-2692,long_tail,682.6286
long_tail-2693,long_tail,68.8216
long_tail-2694,long_tail,5.6593
long_tail-2695,long_tail,28.3684
long_tail-2696,long_tail,90.3953
long_tail-2697,long_tail,96.1149
long_tail-2698,long_tail,32.8354
long_tail-2699,long_tail,98.1577
long_tail-2700,long_tail,10.6746
long_tail-2701,long_tail,30.4453
long_tail-2702,long_tail,59.6821
long_tail-2703,long_tail,8.9801
long_tail-2704,long_tail,15.3828
long_tail-2705,long_tail,63.8249
long_tail-2706,long_tail,85.0866
long_tail-2707,long_tail,5.6978
long_tail-2708,long_tail,24.1351
long_tail-2709,long_tail,106.4523
long_tail-2710,long_tail,213.0843
long_tail-2711,long_tail,49.4925
long_tail-2712,long_tail,37.7422
long_tail-2713,long_tail,31.4813
long_tail-2714,long_tail,15.5832
long_tail-2715,long_tail,41.432
long_tail-2716,long_tail,25.355
long_tail-2717,long_tail,25.6441
long_tail-2718,long_tail,61.9579
long_tail-2719,long_tail,134.9211
long_tail-2720,long_tail,27.4958
long_tail-2721,long_tail,45.9365
long_tail-2722,long_tail,191.4561
long_tail-2723,long_tail,21.7187
long_tail-2724,long_tail,62.4835
long_tail-2725,long_tail,4.83
long_tail-2726,long_tail,43.1549
long_tail-2727,long_tail,24.7419
long_tail-2728,long_tail,15.2028
long_tail-2729,long_tail,70.3332
long_tail-2730,long_tail,56.1843
long_tail-2731,long_tail,33.7789
long_tail-2732,long_tail,21.2123
long_tail-2733,long_tail,131.9322
long_tail-2734,long_tail,32.7609
long_tail-2735,long_tail,18.6093
long_tail-2736,long_tail,64.2894
long_tail-2737,long_tail,62.8602
long_tail-2738,long_tail,12.4809
long_tail-2739,long_tail,37.8822
long_tail-2740,long_tail,30.8775
long_tail-2741,long_tail,45.4488
long_tail-2742,long_tail,156.217
long_tail-2743,long_tail,12.5779
long_tail-2744,long_tail,26.9524
long_tail-2745,long_tail,46.6751
long_tail-2746,long_tail,56.3579
long_tail-2747,long_tail,24.2095
long_tail-2748,long_tail,150.3132
long_tail-2749,long_tail,98.5498
long_tail-2750,long_tail,81.939
long_tail-2751,long_tail,41.0627
long_tail-2752,long_tail,8.0695
long_tail-2753,long_tail,87.4357
long_tail-2754,long_tail,8.7012
long_tail-2755,long_tail,23.929
long_tail-2756,long_tail,253.7786
long_tail-2757,long_tail,26.7385
long_tail-2758,long_tail,14.3849
long_tail-2759,long_tail,17.1927
long_tail-2760,long_tail,11.1923
long_tail-2761,long_tail,135.9488
long_tail-2762,long_tail,6.4578
long_tail-2763,long_tail,41.3373
long_tail-2764,long_tail,109.0572
long_tail-2765,long_tail,179.3595
long_tail-2766,long_tail,14.9828
long_tail-2767,long_tail,34.5431
long_tail-2768,long_tail,49.5081
long_tail-2769,long_tail,52.6302
long_tail-2770,long_tail,39.9337
long_tail-2771,long_tail,122.3205
long_tail-2772,long_tail,10.7075
long_tail-2773,long_tail,22.1815
long_tail-2774,long_tail,46.8528
long_tail-2775,long_tail,15.5316
long_tail-2776,long_tail,19.0169
long_tail-2777,long_tail,76.8138
long_tail-2778,long_tail,66.6286
long_tail-2779,long_tail,193.7681
long_tail-2780,long_tail,29.9214
long_tail-2781,long_tail,75.2603
long_tail-2782,long_tail,19.1818
long_tail-2783,long_tail,20.7538
long_tail-2784,long_tail,27.6492
long_tail-2785,long_tail,37.4064
long_tail-2786,long_tail,19.6584
long_tail-2787,long_tail,10.7368
long_tail-2788,long_tail,123.8187
long_tail-2789,long_tail,39.308
long_tail-2790,long_tail,72.4669
long_tail-2791,long_tail,64.4677
long_tail-2792,long_tail,53.1483
long_tail-2793,long_tail,21.8535
long_tail-2794,long_tail,78.4122
long_tail-2795,long_tail,10.6287
long_tail-2796,long_tail,60.2212
long_tail-2797,long_tail,7.8885
long_tail-2798,long_tail,25.7399
long_tail-2799,long_tail,57.2316
long_tail-2800,long_tail,9.8676
long_tail-2801,long_tail,16.1232
long_tail-2802,long_tail,181.0723
long_tail-2803,long_tail,34.0756
long_tail-2804,long_tail,11.7347
long_tail-2805,long_tail,28.6124
long_tail-2806,long_tail,32.4972
long_tail-2807,long_tail,122.8189
long_tail-2808,long_tail,61.1091
long_tail-2809,long_tail,25.4313
long_tail-2810,long_tail,71.6672
long_tail-2811,long_tail,13.5664
long_tail-2812,long_tail,20.3047
long_tail-2813,long_tail,63.293
long_tail-2814,long_tail,8.4311
long_tail-2815,long_tail,19.6382
long_tail-2816,long_tail,35.6781
long_tail-2817,long_tail,38.6373
long_tail-2818,long_tail,24.4152
long_tail-2819,long_tail,44.6243
long_tail-2820,long_tail,22.3648
long_tail-2821,long_tail,10.1265
long_tail-2822,long_tail,17.7368
long_tail-2823,long_tail,7.541
long_tail-2824,long_tail,16.8578
long_tail-2825,long_tail,9.5109
long_tail-2826,long_tail,13.17
long_tail-2827,long_tail,35.5054
long_tail-2828,long_tail,24.0726
long_tail-2829,long_tail,55.8982
long_tail-2830,long_tail,22.4019
long_tail-2831,long_tail,133.4748
long_tail-2832,long_tail,43.0875
long_tail-2833,long_tail,8.8916
long_tail-2834,long_tail,15.6488
long_tail-2835,long_tail,44.1135
long_tail-2836,long_tail,18.8772
long_tail-2837,long_tail,46.2159
long_tail-2838,long_tail,15.0585
long_tail-2839,long_tail,27.6213
long_tail-2840,long_tail,73.8568
long_tail-2841,long_tail,82.0547
long_tail-2842,long_tail,70.4833
long_tail-2843,long_tail,39.2199
long_tail-2844,long_tail,104.7377
long_tail-2845,long_tail,12.8686
long_tail-2846,long_tail,28.0182
long_tail-2847,long_tail,66.6607
long_tail-2848,long_tail,47.7787
long_tail-2849,long_tail,41.7427
long_tail-2850,long_tail,6.662
long_tail-2851,long_tail,11.9766
long_tail-2852,long_tail,97.0201
long_tail-2853,long_tail,43.6792
long_tail-2854,long_tail,37.5686
long_tail-2855,long_tail,10.8479
long_tail-2856,long_tail,31.3366
long_tail-2857,long_tail,51.4175
long_tail-2858,long_tail,29.8896
long_tail-2859,long_tail,58.8791
long_tail-2860,long_tail,22.0064
long_tail-2861,long_tail,43.1252
long_tail-2862,long_tail,43.0252
long_tail-2863,long_tail,64.5967
long_tail-2864,long_tail,30.5836
long_tail-2865,long_tail,56.9536
long_tail-2866,long_tail,83.6569
long_tail-2867,long_tail,14.0075
long_tail-2868,long_tail,26.8765
long_tail-2869,long_tail,25.0852
long_tail-2870,long_tail,12.6677
long_tail-2871,long_tail,377.1449
long_tail-2872,long_tail,41.351
long_tail-2873,long_tail,64.3131
long_tail-2874,long_tail,62.5777
long_tail-2875,long_tail,52.2945
long_tail-2876,long_tail,10.0499
long_tail-2877,long_tail,62.4866
long_tail-2878,long_tail,32.5458
long_tail-2879,long_tail,18.5357
long_tail-2880,long_tail,22.5837
long_tail-2881,long_tail,12.1391
long_tail-2882,long_tail,251.4169
long_tail-2883,long_tail,115.3783
long_tail-2884,long_tail,15.0843
long_tail-2885,long_tail,55.0168
long_tail-2886,long_tail,40.5159
long_tail-2887,long_tail,70.1902
long_tail-2888,long_tail,42.2542
long_tail-2889,long_tail,26.8518
long_tail-2890,long_tail,17.1879
long_tail-2891,long_tail,9.5882
long_tail-2892,long_tail,205.8601
long_tail-2893,long_tail,9.8988
long_tail-2894,long_tail,68.8617
long_tail-2895,long_tail,21.0446
long_tail-2896,long_tail,43.9344
long_tail-2897,long_tail,28.323
long_tail-2898,long_tail,23.7609
long_tail-2899,long_tail,13.5615
long_tail-2900,long_tail,11.7373
long_tail-2901,long_tail,20.7147
long_tail-2902,long_tail,39.1537
long_tail-2903,long_tail,103.7246
long_tail-2904,long_tail,36.5546
long_tail-2905,long_tail,50.4477
long_tail-2906,long_tail,50.3411
long_tail-2907,long_tail,21.7536
long_tail-2908,long_tail,32.4985
long_tail-2909,long_tail,108.8446
long_tail-2910,long_tail,30.0305
long_tail-2911,long_tail,26.0644
long_tail-2912,long_tail,17.2339
long_tail-2913,long_tail,21.007
long_tail-2914,long_tail,31.8862
long_tail-2915,long_tail,70.1537
long_tail-2916,long_tail,51.4931
long_tail-2917,long_tail,25.6866
long_tail-2918,long_tail,9.8876
long_tail-2919,long_tail,97.6467
long_tail-2920,long_tail,33.5134
long_tail-2921,long_tail,43.2636
long_tail-2922,long_tail,13.694
long_tail-2923,long_tail,17.4012
long_tail-2924,long_tail,190.4604
long_tail-2925,long_tail,121.6793
long_tail-2926,long_tail,9.853
long_tail-2927,long_tail,71.7664
long_tail-2928,long_tail,19.1889
long_tail-2929,long_tail,23.7718
long_tail-2930,long_tail,45.8632
long_tail-2931,long_tail,25.4135
long_tail-2932,long_tail,18.0281
long_tail-2933,long_tail,23.8219
long_tail-2934,long_tail,31.5874
long_tail-2935,long_tail,40.3423
long_tail-2936,long_tail,61.1639
long_tail-2937,long_tail,12.9289
long_tail-2938,long_tail,108.2279
long_tail-2939,long_tail,60.369
long_tail-2940,long_tail,38.5842
long_tail-2941,long_tail,45.3202
long_tail-2942,long_tail,82.9305
long_tail-2943,long_tail,24.5191
long_tail-2944,long_tail,6.991
long_tail-2945,long_tail,37.4506
long_tail-2946,long_tail,12.6075
long_tail-2947,long_tail,16.7685
long_tail-2948,long_tail,58.352
long_tail-2949,long_tail,77.2844
long_tail-2950,long_tail,14.2152
long_tail-2951,long_tail,30.3725
long_tail-2952,long_tail,29.1111
long_tail-2953,long_tail,13.2232
long_tail-2954,long_tail,73.4265
long_tail-2955,long_tail,16.6724
long_tail-2956,long_tail,28.1421
long_tail-2957,long_tail,14.7824
long_tail-2958,long_tail,31.1084
long_tail-2959,long_tail,29.1508
long_tail-2960,long_tail,50.7567
long_tail-2961,long_tail,6.2063
long_tail-2962,long_tail,34.3707
long_tail-2963,long_tail,106.1958
long_tail-2964,long_tail,13.7509
long_tail-2965,long_tail,34.6777
long_tail-2966,long_tail,116.0765
long_tail-2967,long_tail,80.8086
long_tail-2968,long_tail,58.1368
long_tail-2969,long_tail,65.1682
long_tail-2970,long_tail,24.3715
long_tail-2971,long_tail,17.1406
long_tail-2972,long_tail,20.5365
long_tail-2973,long_tail,20.2793
long_tail-2974,long_tail,138.6432
long_tail-2975,long_tail,108.7184
long_tail-2976,long_tail,60.5387
long_tail-2977,long_tail,43.5613
long_tail-2978,long_tail,20.7847
long_tail-2979,long_tail,25.9102
long_tail-2980,long_tail,40.6183
long_tail-2981,long_tail,156.7242
long_tail-2982,long_tail,110.9938
long_tail-2983,long_tail,26.3028
long_tail-2984,long_tail,46.6343
long_tail-2985,long_tail,13.7822
long_tail-2986,long_tail,15.2502
long_tail-2987,long_tail,80.0131
long_tail-2988,long_tail,62.4976
long_tail-2989,long_tail,43.8108
long_tail-2990,long_tail,23.7063
long_tail-2991,long_tail,87.8009
long_tail-2992,long_tail,77.3319
long_tail-2993,long_tail,11.2131
long_tail-2994,long_tail,14.7492
long_tail-2995,long_tail,18.442
long_tail-2996,long_tail,35.7686
long_tail-2997,long_tail,7.1854
long_tail-2998,long_tail,10.9561
long_tail-2999,long_tail,59.3742
long_tail-3000,long_tail,21.3502
long_tail-3001,long_tail,124.0711
long_tail-3002,long_tail,32.1872
long_tail-3003,long_tail,83.4517
long_tail-3004,long_tail,10.085
long_tail-3005,long_tail,7.267
long_tail-3006,long_tail,60.5991
long_tail-3007,long_tail,67.3012
long_tail-3008,long_tail,19.5576
long_tail-3009,long_tail,5.6073
long_tail-3010,long_tail,119.1553
long_tail-3011,long_tail,3.9095
long_tail-3012,long_tail,126.3689
long_tail-3013,long_tail,169.396
long_tail-3014,long_tail,79.9635
long_tail-3015,long_tail,135.8819
long_tail-3016,long_tail,19.7324
long_tail-3017,long_tail,48.4624
long_tail-3018,long_tail,61.9396
long_tail-3019,long_tail,22.2058
long_tail-3020,long_tail,49.2587
long_tail-3021,long_tail,36.1553
long_tail-3022,long_tail,35.7162
long_tail-3023,long_tail,60.4284
long_tail-3024,long_tail,9.5295
long_tail-3025,long_tail,11.5285
long_tail-3026,long_tail,23.9354
long_tail-3027,long_tail,36.7995
long_tail-3028,long_tail,32.9259
long_tail-3029,long_tail,17.8226
long_tail-3030,long_tail,28.9994
long_tail-3031,long_tail,31.6983
long_tail-3032,long_tail,77.8009
long_tail-3033,long_tail,22.6312
long_tail-3034,long_tail,48.6062
long_tail-3035,long_tail,26.4958
long_tail-3036,long_tail,122.016
long_tail-3037,long_tail,39.1244
long_tail-3038,long_tail,114.2241
long_tail-3039,long_tail,226.7963
long_tail-3040,long_tail,57.4447
long_tail-3041,long_tail,8.108
long_tail-3042,long_tail,37.8685
long_tail-3043,long_tail,35.7276
long_tail-3044,long_tail,46.5604
long_tail-3045,long_tail,70.1771
long_tail-3046,long_tail,26.7941
long_tail-3047,long_tail,3.2853
long_tail-3048,long_tail,82.2818
long_tail-3049,long_tail,21.0239
long_tail-3050,long_tail,40.4201
long_tail-3051,long_tail,90.8502
long_tail-3052,long_tail,52.3422
long_tail-3053,long_tail,19.5519
long_tail-3054,long_tail,41.8319
long_tail-3055,long_tail,48.4284
long_tail-3056,long_tail,58.2638
long_tail-3057,long_tail,12.4671
long_tail-3058,long_tail,55.056
long_tail-3059,long_tail,18.7531
long_tail-3060,long_tail,31.5358
long_tail-3061,long_tail,23.1412
long_tail-3062,long_tail,9.7995
long_tail-3063,long_tail,57.6814
long_tail-3064,long_tail,22.4214
long_tail-3065,long_tail,18.5945
long_tail-3066,long_tail,19.4395
long_tail-3067,long_tail,22.0492
long_tail-3068,long_tail,45.0223
long_tail-3069,long_tail,31.7685
long_tail-3070,long_tail,62.6108
long_tail-3071,long_tail,49.5204
long_tail-3072,long_tail,16.2917
long_tail-3073,long_tail,58.4328
long_tail-3074,long_tail,16.3333
long_tail-3075,long_tail,69.9594
long_tail-3076,long_tail,11.6206
long_tail-3077,long_tail,14.9258
long_tail-3078,long_tail,5.0175
long_tail-3079,long_tail,14.3461
long_tail-3080,long_tail,5.6303
long_tail-3081,long_tail,11.9797
long_tail-3082,long_tail,21.8547
long_tail-3083,long_tail,40.993
long_tail-3084,long_tail,18.323
long_tail-3085,long_tail,79.8437
long_tail-3086,long_tail,54.4255
long_tail-3087,long_tail,102.1076
long_tail-3088,long_tail,13.8293
long_tail-3089,long_tail,3.675
long_tail-3090,long_tail,106.7843
long_tail-3091,long_tail,11.9112
long_tail-3092,long_tail,45.312
long_tail-3093,long_tail,14.1474
long_tail-3094,long_tail,11.659
long_tail-3095,long_tail,28.9428
long_tail-3096,long_tail,41.5937
long_tail-3097,long_tail,46.2957
long_tail-3098,long_tail,32.3593
long_tail-3099,long_tail,64.1967
long_tail-3100,long_tail,14.2119
long_tail-3101,long_tail,60.995
long_tail-3102,long_tail,18.2111
long_tail-3103,long_tail,45.6713
long_tail-3104,long_tail,73.9797
long_tail-3105,long_tail,84.3547
long_tail-3106,long_tail,10.1954
long_tail-3107,long_tail,9.5076
long_tail-3108,long_tail,27.5323
long_tail-3109,long_tail,34.3961
long_tail-3110,long_tail,34.887
long_tail-3111,long_tail,27.2024
long_tail-3112,long_tail,24.7527
long_tail-3113,long_tail,99.2743
long_tail-3114,long_tail,10.8442
long_tail-3115,long_tail,59.9806
long_tail-3116,long_tail,67.1542
long_tail-3117,long_tail,13.4832
long_tail-3118,long_tail,13.6949
long_tail-3119,long_tail,25.7617
long_tail-3120,long_tail,17.2339
long_tail-3121,long_tail,36.7121
long_tail-3122,long_tail,16.3664
long_tail-3123,long_tail,32.8578
long_tail-3124,long_tail,32.1614
long_tail-3125,long_tail,62.8155
long_tail-3126,long_tail,245.4639
long_tail-3127,long_tail,18.8214
long_tail-3128,long_tail,18.6143
long_tail-3129,long_tail,64.8515
long_tail-3130,long_tail,203.1781
long_tail-3131,long_tail,57.537
long_tail-3132,long_tail,59.4361
long_tail-3133,long_tail,28.4413
long_tail-3134,long_tail,18.8233
long_tail-3135,long_tail,153.7933
long_tail-3136,long_tail,19.1455
long_tail-3137,long_tail,41.7157
long_tail-3138,long_tail,69.9629
long_tail-3139,long_tail,20.9433
long_tail-3140,long_tail,6.6083
long_tail-3141,long_tail,33.7363
long_tail-3142,long_tail,22.3922
long_tail-3143,long_tail,13.8385
long_tail-3144,long_tail,8.1248
long_tail-3145,long_tail,173.8002
long_tail-3146,long_tail,15.7326
long_tail-3147,long_tail,11.5461
long_tail-3148,long_tail,115.84
long_tail-3149,long_tail,64.4443
long_tail-3150,long_tail,37.9909
long_tail-3151,long_tail,38.2018
long_tail-3152,long_tail,2.2587
long_tail-3153,long_tail,41.8093
long_tail-3154,long_tail,30.046
long_tail-3155,long_tail,55.7802
long_tail-3156,long_tail,131.3387
long_tail-3157,long_tail,14.2005
long_tail-3158,long_tail,16.3566
long_tail-3159,long_tail,224.1661
long_tail-3160,long_tail,30.1245
long_tail-3161,long_tail,44.8415
long_tail-3162,long_tail,20.9115
long_tail-3163,long_tail,8.0926
long_tail-3164,long_tail,48.4945
long_tail-3165,long_tail,17.639
long_tail-3166,long_tail,18.1169
long_tail-3167,long_tail,103.1934
long_tail-3168,long_tail,37.9583
long_tail-3169,long_tail,24.7682
long_tail-3170,long_tail,124.2105
long_tail-3171,long_tail,48.8741
long_tail-3172,long_tail,66.8388
long_tail-3173,long_tail,128.2121
long_tail-3174,long_tail,9.2807
long_tail-3175,long_tail,21.528
long_tail-3176,long_tail,51.1661
long_tail-3177,long_tail,30.5354
long_tail-3178,long_tail,134.4547
long_tail-3179,long_tail,45.5581
long_tail-3180,long_tail,57.5648
long_tail-3181,long_tail,18.9461
long_tail-3182,long_tail,159.7878
long_tail-3183,long_tail,12.6843
long_tail-3184,long_tail,29.8785
long_tail-3185,long_tail,32.3742
long_tail-3186,long_tail,30.9476
long_tail-3187,long_tail,39.787
long_tail-3188,long_tail,33.2604
long_tail-3189,long_tail,22.0687
long_tail-3190,long_tail,12.4954
long_tail-3191,long_tail,103.143
long_tail-3192,long_tail,33.5656
long_tail-3193,long_tail,29.2075
long_tail-3194,long_tail,54.1671
long_tail-3195,long_tail,15.7835
long_tail-3196,long_tail,39.5474
long_tail-3197,long_tail,71.8819
long_tail-3198,long_tail,8.2284
long_tail-3199,long_tail,24.5667
long_tail-3200,long_tail,46.5923
long_tail-3201,long_tail,15.2711
long_tail-3202,long_tail,8.1664
long_tail-3203,long_tail,110.0963
long_tail-3204,long_tail,14.8954
long_tail-3205,long_tail,8.6456
long_tail-3206,long_tail,10.9867
long_tail-3207,long_tail,57.988
long_tail-3208,long_tail,24.3851
long_tail-3209,long_tail,60.1591
long_tail-3210,long_tail,32.0196
long_tail-3211,long_tail,30.6589
long_tail-3212,long_tail,75.5953
long_tail-3213,long_tail,13.5683
long_tail-3214,long_tail,42.9094
long_tail-3215,long_tail,12.1789
long_tail-3216,long_tail,15.7422
long_tail-3217,long_tail,57.3926
long_tail-3218,long_tail,60.2404
long_tail-3219,long_tail,13.4367
long_tail-3220,long_tail,31.0029
long_tail-3221,long_tail,11.0376
long_tail-3222,long_tail,11.8679
long_tail-3223,long_tail,20.6588
long_tail-3224,long_tail,41.625
long_tail-3225,long_tail,25.1215
long_tail-3226,long_tail,21.6204
long_tail-3227,long_tail,63.0081
long_tail-3228,long_tail,15.0107
long_tail-3229,long_tail,39.7018
long_tail-3230,long_tail,29.3354
long_tail-3231,long_tail,11.0804
long_tail-3232,long_tail,16.489
long_tail-3233,long_tail,37.7548
long_tail-3234,long_tail,34.5351
long_tail-3235,long_tail,14.9259
long_tail-3236,long_tail,84.307
long_tail-3237,long_tail,14.3458
long_tail-3238,long_tail,25.978
long_tail-3239,long_tail,12.1011
long_tail-3240,long_tail,49.4749
long_tail-3241,long_tail,45.4096
long_tail-3242,long_tail,22.0065
long_tail-3243,long_tail,140.8044
long_tail-3244,long_tail,18.679
long_tail-3245,long_tail,92.6746
long_tail-3246,long_tail,14.1744
long_tail-3247,long_tail,46.5881
long_tail-3248,long_tail,20.4526
long_tail-3249,long_tail,192.2704
long_tail-3250,long_tail,11.5269
long_tail-3251,long_tail,27.6173
long_tail-3252,long_tail,4.8599
long_tail-3253,long_tail,43.1596
long_tail-3254,long_tail,36.9647
long_tail-3255,long_tail,14.2469
long_tail-3256,long_tail,59.4138
long_tail-3257,long_tail,19.419
long_tail-3258,long_tail,23.424
long_tail-3259,long_tail,42.8372
long_tail-3260,long_tail,17.5161
long_tail-3261,long_tail,50.8523
long_tail-3262,long_tail,97.5864
long_tail-3263,long_tail,11.5589
long_tail-3264,long_tail,8.9411
long_tail-3265,long_tail,20.1801
long_tail-3266,long_tail,11.4517
long_tail-3267,long_tail,29.9423
long_tail-3268,long_tail,18.991
long_tail-3269,long_tail,50.1613
long_tail-3270,long_tail,96.5169
long_tail-3271,long_tail,133.124
long_tail-3272,long_tail,50.062
long_tail-3273,long_tail,10.7785
long_tail-3274,long_tail,52.7476
long_tail-3275,long_tail,15.9062
long_tail-3276,long_tail,67.8453
long_tail-3277,long_tail,54.3742
long_tail-3278,long_tail,29.3525
long_tail-3279,long_tail,14.6506
long_tail-3280,long_tail,30.0992
long_tail-3281,long_tail,30.6894
long_tail-3282,long_tail,12.1806
long_tail-3283,long_tail,14.1967
long_tail-3284,long_tail,91.8075
long_tail-3285,long_tail,37.0076
long_tail-3286,long_tail,18.0398
long_tail-3287,long_tail,19.1916
long_tail-3288,long_tail,36.0277
long_tail-3289,long_tail,68.8744
long_tail-3290,long_tail,37.8132
long_tail-3291,long_tail,36.4768
long_tail-3292,long_tail,7.9084
long_tail-3293,long_tail,48.1848
long_tail-3294,long_tail,14.8925
long_tail-3295,long_tail,9.5534
long_tail-3296,long_tail,100.295
long_tail-3297,long_tail,14.4
long_tail-3298,long_tail,46.7991
long_tail-3299,long_tail,50.518
long_tail-3300,long_tail,50.3846
long_tail-3301,long_tail,18.8236
long_tail-3302,long_tail,33.8221
long_tail-3303,long_tail,22.7779
long_tail-3304,long_tail,26.0885
long_tail-3305,long_tail,98.3869
long_tail-3306,long_tail,40.699
long_tail-3307,long_tail,58.9608
long_tail-3308,long_tail,22.2456
long_tail-3309,long_tail,7.5631
long_tail-3310,long_tail,58.6993
long_tail-3311,long_tail,33.9439
long_tail-3312,long_tail,20.9733
long_tail-3313,long_tail,391.595
long_tail-3314,long_tail,29.2018
long_tail-3315,long_tail,36.1268
long_tail-3316,long_tail,37.8416
long_tail-3317,long_tail,22.1254
long_tail-3318,long_tail,47.0759
long_tail-3319,long_tail,15.2893
long_tail-3320,long_tail,44.4706
long_tail-3321,long_tail,19.2689
long_tail-3322,long_tail,4.5771
long_tail-3323,long_tail,40.6355
long_tail-3324,long_tail,23.381
long_tail-3325,long_tail,24.0568
long_tail-3326,long_tail,150.3997
long_tail-3327,long_tail,39.0535
long_tail-3328,long_tail,41.819
long_tail-3329,long_tail,41.1392
long_tail-3330,long_tail,8.0339
long_tail-3331,long_tail,74.2072
long_tail-3332,long_tail,66.0097
long_tail-3333,long_tail,14.741
long_tail-3334,long_tail,22.6144
long_tail-3335,long_tail,18.2112
long_tail-3336,long_tail,10.6025
long_tail-3337,long_tail,34.9591
long_tail-3338,long_tail,78.3001
long_tail-3339,long_tail,49.8214
long_tail-3340,long_tail,39.9157
long_tail-3341,long_tail,28.6396
long_tail-3342,long_tail,8.2187
long_tail-3343,long_tail,31.2078
long_tail-3344,long_tail,38.548
long_tail-3345,long_tail,34.6414
long_tail-3346,long_tail,17.4719
long_tail-3347,long_tail,12.6248
long_tail-3348,long_tail,45.0348
long_tail-3349,long_tail,22.2036
long_tail-3350,long_tail,43.3866
long_tail-3351,long_tail,47.411
long_tail-3352,long_tail,120.5993
long_tail-3353,long_tail,13.7484
long_tail-3354,long_tail,7.2159
long_tail-3355,long_tail,7.5576
long_tail-3356,long_tail,122.97
long_tail-3357,long_tail,57.2161
long_tail-3358,long_tail,32.6203
long_tail-3359,long_tail,32.5147
long_tail-3360,long_tail,115.3708
long_tail-3361,long_tail,35.3048
long_tail-3362,long_tail,63.3807
long_tail-3363,long_tail,33.7246
long_tail-3364,long_tail,141.8983
long_tail-3365,long_tail,90.7836
long_tail-3366,long_tail,20.6512
long_tail-3367,long_tail,5.7451
long_tail-3368,long_tail,5.8385
long_tail-3369,long_tail,24.8027
long_tail-3370,long_tail,13.3456
long_tail-3371,long_tail,84.164
long_tail-3372,long_tail,15.6015
long_tail-3373,long_tail,62.8556
long_tail-3374,long_tail,54.7533
long_tail-3375,long_tail,60.8084
long_tail-3376,long_tail,5.5701
long_tail-3377,long_tail,96.2936
long_tail-3378,long_tail,124.8751
long_tail-3379,long_tail,25.473
long_tail-3380,long_tail,47.1923
long_tail-3381,long_tail,152.0194
long_tail-3382,long_tail,55.844
long_tail-3383,long_tail,24.8253
long_tail-3384,long_tail,10.2847
long_tail-3385,long_tail,28.6853
long_tail-3386,long_tail,67.8922
long_tail-3387,long_tail,4.7645
long_tail-3388,long_tail,6.4482
long_tail-3389,long_tail,79.2311
long_tail-3390,long_tail,51.8308
long_tail-3391,long_tail,16.3771
long_tail-3392,long_tail,38.9754
long_tail-3393,long_tail,43.084
long_tail-3394,long_tail,8.2487
long_tail-3395,long_tail,43.1324
long_tail-3396,long_tail,46.5649
long_tail-3397,long_tail,223.2358
long_tail-3398,long_tail,58.6062
long_tail-3399,long_tail,48.1102
long_tail-3400,long_tail,56.5224
long_tail-3401,long_tail,27.1666
long_tail-3402,long_tail,28.8333
long_tail-3403,long_tail,24.7897
long_tail-3404,long_tail,8.0599
long_tail-3405,long_tail,23.2987
long_tail-3406,long_tail,17.7043
long_tail-3407,long_tail,15.7015
long_tail-3408,long_tail,54.6208
long_tail-3409,long_tail,12.8219
long_tail-3410,long_tail,86.9461
long_tail-3411,long_tail,8.744
long_tail-3412,long_tail,69.8671
long_tail-3413,long_tail,57.7187
long_tail-3414,long_tail,116.0014
long_tail-3415,long_tail,33.7715
long_tail-3416,long_tail,127.9526
long_tail-3417,long_tail,10.779
long_tail-3418,long_tail,32.6087
long_tail-3419,long_tail,8.7386
long_tail-3420,long_tail,8.7249
long_tail-3421,long_tail,19.2048
long_tail-3422,long_tail,17.6739
long_tail-3423,long_tail,7.1554
long_tail-3424,long_tail,240.1344
long_tail-3425,long_tail,24.3002
long_tail-3426,long_tail,33.6939
long_tail-3427,long_tail,11.519
long_tail-3428,long_tail,6.8855
long_tail-3429,long_tail,97.7411
long_tail-3430,long_tail,42.9556
long_tail-3431,long_tail,137.2531
long_tail-3432,long_tail,13.5153
long_tail-3433,long_tail,208.107
long_tail-3434,long_tail,6.8389
long_tail-3435,long_tail,258.3296
long_tail-3436,long_tail,94.221
long_tail-3437,long_tail,88.4196
long_tail-3438,long_tail,51.4834
long_tail-3439,long_tail,37.723
long_tail-3440,long_tail,29.0231
long_tail-3441,long_tail,23.2558
long_tail-3442,long_tail,8.1909
long_tail-3443,long_tail,54.1958
long_tail-3444,long_tail,50.4105
long_tail-3445,long_tail,177.7037
long_tail-3446,long_tail,49.3919
long_tail-3447,long_tail,21.534
long_tail-3448,long_tail,38.5909
long_tail-3449,long_tail,24.5041
long_tail-3450,long_tail,49.0961
long_tail-3451,long_tail,36.6892
long_tail-3452,long_tail,33.3683
long_tail-3453,long_tail,60.0624
long_tail-3454,long_tail,28.4837
long_tail-3455,long_tail,72.9579
long_tail-3456,long_tail,28.5927
long_tail-3457,long_tail,47.9896
long_tail-3458,long_tail,22.7899
long_tail-3459,long_tail,11.9207
long_tail-3460,long_tail,13.5865
long_tail-3461,long_tail,78.5883
long_tail-3462,long_tail,17.5746
long_tail-3463,long_tail,60.0203
long_tail-3464,long_tail,59.5187
long_tail-3465,long_tail,140.4815
long_tail-3466,long_tail,7.9268
long_tail-3467,long_tail,60.0858
long_tail-3468,long_tail,22.2056
long_tail-3469,long_tail,35.762
long_tail-3470,long_tail,17.9307
long_tail-3471,long_tail,46.6915
long_tail-3472,long_tail,14.035
long_tail-3473,long_tail,28.0217
long_tail-3474,long_tail,31.1332
long_tail-3475,long_tail,29.6237
long_tail-3476,long_tail,5.5821
long_tail-3477,long_tail,190.7691
long_tail-3478,long_tail,210.2246
long_tail-3479,long_tail,48.2784
long_tail-3480,long_tail,18.698
long_tail-3481,long_tail,40.2593
long_tail-3482,long_tail,46.623
long_tail-3483,long_tail,28.7215
long_tail-3484,long_tail,7.4431
long_tail-3485,long_tail,83.1711
long_tail-3486,long_tail,23.4151
long_tail-3487,long_tail,44.7858
long_tail-3488,long_tail,232.1001
long_tail-3489,long_tail,73.2891
long_tail-3490,long_tail,13.605
long_tail-3491,long_tail,11.49
long_tail-3492,long_tail,208.696
long_tail-3493,long_tail,18.0849
long_tail-3494,long_tail,58.0481
long_tail-3495,long_tail,33.8488
long_tail-3496,long_tail,28.3539
long_tail-3497,long_tail,94.1643
long_tail-3498,long_tail,92.1917
long_tail-3499,long_tail,76.1903
long_tail-3500,long_tail,41.3077
long_tail-3501,long_tail,49.5174
long_tail-3502,long_tail,27.1562
long_tail-3503,long_tail,15.7357
long_tail-3504,long_tail,32.9125
long_tail-3505,long_tail,40.1409
long_tail-3506,long_tail,107.0061
long_tail-3507,long_tail,19.8495
long_tail-3508,long_tail,53.2238
long_tail-3509,long_tail,89.5901
long_tail-3510,long_tail,42.818
long_tail-3511,long_tail,116.1562
long_tail-3512,long_tail,150.9534
long_tail-3513,long_tail,15.6617
long_tail-3514,long_tail,7.5934
long_tail-3515,long_tail,44.7571
long_tail-3516,long_tail,105.9325
long_tail-3517,long_tail,27.8955
long_tail-3518,long_tail,48.9795
long_tail-3519,long_tail,26.3396
long_tail-3520,long_tail,150.1894
long_tail-3521,long_tail,96.3689
long_tail-3522,long_tail,41.8518
long_tail-3523,long_tail,17.2015
long_tail-3524,long_tail,37.0081
long_tail-3525,long_tail,23.1613
long_tail-3526,long_tail,13.9975
long_tail-3527,long_tail,51.9941
long_tail-3528,long_tail,99.5929
long_tail-3529,long_tail,23.8472
long_tail-3530,long_tail,8.5636
long_tail-3531,long_tail,55.6857
long_tail-3532,long_tail,55.0819
long_tail-3533,long_tail,54.0223
long_tail-3534,long_tail,12.1971
long_tail-3535,long_tail,29.2113
long_tail-3536,long_tail,11.8853
long_tail-3537,long_tail,60.156
long_tail-3538,long_tail,81.2237
long_tail-3539,long_tail,89.259
long_tail-3540,long_tail,59.4388
long_tail-3541,long_tail,7.3028
long_tail-3542,long_tail,43.565
long_tail-3543,long_tail,80.9471
long_tail-3544,long_tail,29.4735
long_tail-3545,long_tail,59.4184
long_tail-3546,long_tail,64.8401
long_tail-3547,long_tail,12.7605
long_tail-3548,long_tail,11.5344
long_tail-3549,long_tail,7.6489
long_tail-3550,long_tail,66.6237
long_tail-3551,long_tail,46.4801
long_tail-3552,long_tail,13.729
long_tail-3553,long_tail,62.3055
long_tail-3554,long_tail,59.6738
long_tail-3555,long_tail,16.4995
long_tail-3556,long_tail,210.4685
long_tail-3557,long_tail,180.2017
long_tail-3558,long_tail,37.9935
long_tail-3559,long_tail,207.7399
long_tail-3560,long_tail,33.3218
long_tail-3561,long_tail,51.3785
long_tail-3562,long_tail,49.3845
long_tail-3563,long_tail,36.0948
long_tail-3564,long_tail,16.3918
long_tail-3565,long_tail,15.5504
long_tail-3566,long_tail,42.6798
long_tail-3567,long_tail,25.9564
long_tail-3568,long_tail,58.0435
long_tail-3569,long_tail,25.4908
long_tail-3570,long_tail,37.5614
long_tail-3571,long_tail,18.3752
long_tail-3572,long_tail,22.4027
long_tail-3573,long_tail,22.8307
long_tail-3574,long_tail,24.5899
long_tail-3575,long_tail,11.9712
long_tail-3576,long_tail,60.8092
long_tail-3577,long_tail,42.8464
long_tail-3578,long_tail,140.9369
long_tail-3579,long_tail,19.2142
long_tail-3580,long_tail,8.0189
long_tail-3581,long_tail,17.0442
long_tail-3582,long_tail,61.4094
long_tail-3583,long_tail,26.7302
long_tail-3584,long_tail,13.3308
long_tail-3585,long_tail,15.0945
long_tail-3586,long_tail,27.4191
long_tail-3587,long_tail,28.1366
long_tail-3588,long_tail,36.3782
long_tail-3589,long_tail,53.0708
long_tail-3590,long_tail,30.1016
long_tail-3591,long_tail,8.8765
long_tail-3592,long_tail,13.4568
long_tail-3593,long_tail,44.3444
long_tail-3594,long_tail,12.422
long_tail-3595,long_tail,34.3637
long_tail-3596,long_tail,31.0747
long_tail-3597,long_tail,75.6168
long_tail-3598,long_tail,11.5459
long_tail-3599,long_tail,8.9695
long_tail-3600,long_tail,57.2897
long_tail-3601,long_tail,34.5754
long_tail-3602,long_tail,23.4645
long_tail-3603,long_tail,39.8055
long_tail-3604,long_tail,46.6648
long_tail-3605,long_tail,57.3111
long_tail-3606,long_tail,14.0242
long_tail-3607,long_tail,36.2029
long_tail-3608,long_tail,37.042
long_tail-3609,long_tail,39.7765
long_tail-3610,long_tail,12.7865
long_tail-3611,long_tail,32.6827
long_tail-3612,long_tail,33.3984
long_tail-3613,long_tail,51.3708
long_tail-3614,long_tail,53.0954
long_tail-3615,long_tail,46.2693
long_tail-3616,long_tail,117.7566
long_tail-3617,long_tail,63.1139
long_tail-3618,long_tail,23.2155
long_tail-3619,long_tail,22.2214
long_tail-3620,long_tail,156.0387
long_tail-3621,long_tail,88.0278
long_tail-3622,long_tail,11.5801
long_tail-3623,long_tail,64.7033
long_tail-3624,long_tail,31.4829
long_tail-3625,long_tail,56.2447
long_tail-3626,long_tail,50.8464
long_tail-3627,long_tail,52.4752
long_tail-3628,long_tail,24.0293
long_tail-3629,long_tail,20.718
long_tail-3630,long_tail,138.4162
long_tail-3631,long_tail,32.3809
long_tail-3632,long_tail,101.7941
long_tail-3633,long_tail,158.5145
long_tail-3634,long_tail,20.5001
long_tail-3635,long_tail,45.3484
long_tail-3636,long_tail,92.1118
long_tail-3637,long_tail,81.8639
long_tail-3638,long_tail,16.1529
long_tail-3639,long_tail,63.1871
long_tail-3640,long_tail,4.6667
long_tail-3641,long_tail,26.3526
long_tail-3642,long_tail,19.6986
long_tail-3643,long_tail,14.9839
long_tail-3644,long_tail,7.8103
long_tail-3645,long_tail,19.7584
long_tail-3646,long_tail,251.3796
long_tail-3647,long_tail,14.3172
long_tail-3648,long_tail,64.2829
long_tail-3649,long_tail,8.6311
long_tail-3650,long_tail,78.5141
long_tail-3651,long_tail,62.217
long_tail-3652,long_tail,59.085
long_tail-3653,long_tail,35.4769
long_tail-3654,long_tail,20.441
long_tail-3655,long_tail,17.8138
long_tail-3656,long_tail,24.9041
long_tail-3657,long_tail,19.6978
long_tail-3658,long_tail,32.4872
long_tail-3659,long_tail,42.4349
long_tail-3660,long_tail,6.7841
long_tail-3661,long_tail,9.8521
long_tail-3662,long_tail,36.2975
long_tail-3663,long_tail,65.7623
long_tail-3664,long_tail,247.9752
long_tail-3665,long_tail,25.25
long_tail-3666,long_tail,81.3566
long_tail-3667,long_tail,15.2173
long_tail-3668,long_tail,48.1576
long_tail-3669,long_tail,18.5789
long_tail-3670,long_tail,8.4004
long_tail-3671,long_tail,17.8502
long_tail-3672,long_tail,46.6325
long_tail-3673,long_tail,19.34
long_tail-3674,long_tail,73.0458
long_tail-3675,long_tail,61.803
long_tail-3676,long_tail,78.2385
long_tail-3677,long_tail,11.3716
long_tail-3678,long_tail,22.0283
long_tail-3679,long_tail,44.8935
long_tail-3680,long_tail,44.0291
long_tail-3681,long_tail,86.2332
long_tail-3682,long_tail,11.0283
long_tail-3683,long_tail,19.9382
long_tail-3684,long_tail,33.5634
long_tail-3685,long_tail,37.2488
long_tail-3686,long_tail,38.752
long_tail-3687,long_tail,17.8168
long_tail-3688,long_tail,31.2691
long_tail-3689,long_tail,91.3605
long_tail-3690,long_tail,32.5783
long_tail-3691,long_tail,33.4615
long_tail-3692,long_tail,71.7785
long_tail-3693,long_tail,14.696
long_tail-3694,long_tail,49.9384
long_tail-3695,long_tail,90.5871
long_tail-3696,long_tail,44.21
long_tail-3697,long_tail,20.4285
long_tail-3698,long_tail,68.1889
long_tail-3699,long_tail,44.1566
long_tail-3700,long_tail,33.2305
long_tail-3701,long_tail,14.3832
long_tail-3702,long_tail,66.4813
long_tail-3703,long_tail,10.732
long_tail-3704,long_tail,25.6324
long_tail-3705,long_tail,17.1884
long_tail-3706,long_tail,31.3413
long_tail-3707,long_tail,21.4293
long_tail-3708,long_tail,37.1615
long_tail-3709,long_tail,26.7048
long_tail-3710,long_tail,160.7127
long_tail-3711,long_tail,10.2667
long_tail-3712,long_tail,40.5991
long_tail-3713,long_tail,63.9164
long_tail-3714,long_tail,225.0575
long_tail-3715,long_tail,43.1984
long_tail-3716,long_tail,20.1002
long_tail-3717,long_tail,17.5365
long_tail-3718,long_tail,21.359
long_tail-3719,long_tail,38.8954
long_tail-3720,long_tail,49.5739
long_tail-3721,long_tail,21.3836
long_tail-3722,long_tail,28.2727
long_tail-3723,long_tail,35.6311
long_tail-3724,long_tail,16.4611
long_tail-3725,long_tail,64.4282
long_tail-3726,long_tail,85.933
long_tail-3727,long_tail,11.2293
long_tail-3728,long_tail,88.0823
long_tail-3729,long_tail,92.3949
long_tail-3730,long_tail,21.4558
long_tail-3731,long_tail,67.7532
long_tail-3732,long_tail,8.9028
long_tail-3733,long_tail,3.7138
long_tail-3734,long_tail,95.5776
long_tail-3735,long_tail,11.9763
long_tail-3736,long_tail,95.9372
long_tail-3737,long_tail,20.9303
long_tail-3738,long_tail,18.9558
long_tail-3739,long_tail,25.1387
long_tail-3740,long_tail,16.5175
long_tail-3741,long_tail,64.1067
long_tail-3742,long_tail,13.0295
long_tail-3743,long_tail,16.8491
long_tail-3744,long_tail,38.0236
long_tail-3745,long_tail,12.1755
long_tail-3746,long_tail,24.1261
long_tail-3747,long_tail,16.7778
long_tail-3748,long_tail,13.9092
long_tail-3749,long_tail,57.7899
long_tail-3750,long_tail,27.7291
long_tail-3751,long_tail,50.1927
long_tail-3752,long_tail,16.5045
long_tail-3753,long_tail,18.1978
long_tail-3754,long_tail,21.6099
long_tail-3755,long_tail,29.5719
long_tail-3756,long_tail,107.0135
long_tail-3757,long_tail,27.9719
long_tail-3758,long_tail,113.1516
long_tail-3759,long_tail,45.4641
long_tail-3760,long_tail,63.987
long_tail-3761,long_tail,25.1573
long_tail-3762,long_tail,33.3267
long_tail-3763,long_tail,4.5692
long_tail-3764,long_tail,20.9825
long_tail-3765,long_tail,50.1966
long_tail-3766,long_tail,25.0172
long_tail-3767,long_tail,33.2589
long_tail-3768,long_tail,50.6602
long_tail-3769,long_tail,12.7988
long_tail-3770,long_tail,44.4036
long_tail-3771,long_tail,13.6403
long_tail-3772,long_tail,63.6592
long_tail-3773,long_tail,32.418
long_tail-3774,long_tail,11.4907
long_tail-3775,long_tail,42.4331
long_tail-3776,long_tail,34.4187
long_tail-3777,long_tail,26.0595
long_tail-3778,long_tail,22.0773
long_tail-3779,long_tail,140.5289
long_tail-3780,long_tail,4.8707
long_tail-3781,long_tail,8.7521
long_tail-3782,long_tail,26.8259
long_tail-3783,long_tail,36.6333
long_tail-3784,long_tail,37.7706
long_tail-3785,long_tail,91.849
long_tail-3786,long_tail,29.0332
long_tail-3787,long_tail,7.5172
long_tail-3788,long_tail,10.1137
long_tail-3789,long_tail,19.3922
long_tail-3790,long_tail,47.5676
long_tail-3791,long_tail,13.7142
long_tail-3792,long_tail,65.4435
long_tail-3793,long_tail,258.362
long_tail-3794,long_tail,34.1105
long_tail-3795,long_tail,40.7628
long_tail-3796,long_tail,16.8386
long_tail-3797,long_tail,13.4034
long_tail-3798,long_tail,33.6868
long_tail-3799,long_tail,56.2021
long_tail-3800,long_tail,28.6018
long_tail-3801,long_tail,21.6745
long_tail-3802,long_tail,56.8582
long_tail-3803,long_tail,28.006
long_tail-3804,long_tail,53.5468
long_tail-3805,long_tail,69.6282
long_tail-3806,long_tail,11.2999
long_tail-3807,long_tail,18.394
long_tail-3808,long_tail,27.4893
long_tail-3809,long_tail,9.669
long_tail-3810,long_tail,11.1464
long_tail-3811,long_tail,25.3554
long_tail-3812,long_tail,11.5272
long_tail-3813,long_tail,12.7376
long_tail-3814,long_tail,40.9445
long_tail-3815,long_tail,59.4201
long_tail-3816,long_tail,19.3025
long_tail-3817,long_tail,88.187
long_tail-3818,long_tail,94.252
long_tail-3819,long_tail,200.3116
long_tail-3820,long_tail,12.2035
long_tail-3821,long_tail,24.6799
long_tail-3822,long_tail,53.9679
long_tail-3823,long_tail,15.6267
long_tail-3824,long_tail,8.6012
long_tail-3825,long_tail,28.665
long_tail-3826,long_tail,79.3993
long_tail-3827,long_tail,135.9281
long_tail-3828,long_tail,38.9831
long_tail-3829,long_tail,14.3736
long_tail-3830,long_tail,25.9784
long_tail-3831,long_tail,17.3695
long_tail-3832,long_tail,35.3266
long_tail-3833,long_tail,50.391
long_tail-3834,long_tail,28.553
long_tail-3835,long_tail,31.6212
long_tail-3836,long_tail,87.1767
long_tail-3837,long_tail,83.7169
long_tail-3838,long_tail,124.2715
long_tail-3839,long_tail,26.1345
long_tail-3840,long_tail,9.8361
long_tail-3841,long_tail,27.7789
long_tail-3842,long_tail,53.4255
long_tail-3843,long_tail,60.2411
long_tail-3844,long_tail,14.8093
long_tail-3845,long_tail,30.5673
long_tail-3846,long_tail,32.4217
long_tail-3847,long_tail,35.4517
long_tail-3848,long_tail,98.248
long_tail-3849,long_tail,4.7328
long_tail-3850,long_tail,19.9601
long_tail-3851,long_tail,21.6401
long_tail-3852,long_tail,55.2679
long_tail-3853,long_tail,31.1654
long_tail-3854,long_tail,30.1026
long_tail-3855,long_tail,16.1475
long_tail-3856,long_tail,81.6976
long_tail-3857,long_tail,35.6433
long_tail-3858,long_tail,25.0622
long_tail-3859,long_tail,34.0922
long_tail-3860,long_tail,15.6095
long_tail-3861,long_tail,13.1963
long_tail-3862,long_tail,43.455
long_tail-3863,long_tail,29.9481
long_tail-3864,long_tail,77.7415
long_tail-3865,long_tail,38.7872
long_tail-3866,long_tail,47.3487
long_tail-3867,long_tail,16.3283
long_tail-3868,long_tail,62.1815
long_tail-3869,long_tail,68.2651
long_tail-3870,long_tail,84.9947
long_tail-3871,long_tail,10.1842
long_tail-3872,long_tail,56.3117
long_tail-3873,long_tail,20.9346
long_tail-3874,long_tail,12.5914
long_tail-3875,long_tail,64.3045
long_tail-3876,long_tail,29.6738
long_tail-3877,long_tail,13.4565
long_tail-3878,long_tail,107.2243
long_tail-3879,long_tail,8.2143
long_tail-3880,long_tail,4.456
long_tail-3881,long_tail,15.4863
long_tail-3882,long_tail,13.1558
long_tail-3883,long_tail,64.9766
long_tail-3884,long_tail,25.4689
long_tail-3885,long_tail,27.5945
long_tail-3886,long_tail,17.2816
long_tail-3887,long_tail,29.7553
long_tail-3888,long_tail,52.7427
long_tail-3889,long_tail,486.7433
long_tail-3890,long_tail,102.1258
long_tail-3891,long_tail,10.6444
long_tail-3892,long_tail,60.8098
long_tail-3893,long_tail,135.6186
long_tail-3894,long_tail,64.3953
long_tail-3895,long_tail,30.2348
long_tail-3896,long_tail,14.9765
long_tail-3897,long_tail,20.2185
long_tail-3898,long_tail,22.2987
long_tail-3899,long_tail,13.1398
long_tail-3900,long_tail,14.3423
long_tail-3901,long_tail,5.8673
long_tail-3902,long_tail,18.6681
long_tail-3903,long_tail,23.0596
long_tail-3904,long_tail,75.616
long_tail-3905,long_tail,28.5997
long_tail-3906,long_tail,73.2793
long_tail-3907,long_tail,14.8797
long_tail-3908,long_tail,38.6557
long_tail-3909,long_tail,23.4479
long_tail-3910,long_tail,22.1828
long_tail-3911,long_tail,23.6012
long_tail-3912,long_tail,17.6238
long_tail-3913,long_tail,36.0227
long_tail-3914,long_tail,41.2571
long_tail-3915,long_tail,101.985
long_tail-3916,long_tail,27.6012
long_tail-3917,long_tail,50.0713
long_tail-3918,long_tail,12.8161
long_tail-3919,long_tail,51.4353
long_tail-3920,long_tail,56.8393
long_tail-3921,long_tail,9.2605
long_tail-3922,long_tail,38.8223
long_tail-3923,long_tail,13.2142
long_tail-3924,long_tail,10.8046
long_tail-3925,long_tail,63.9094
long_tail-3926,long_tail,116.9413
long_tail-3927,long_tail,77.8519
long_tail-3928,long_tail,276.336
long_tail-3929,long_tail,28.9211
long_tail-3930,long_tail,7.837
long_tail-3931,long_tail,37.1932
long_tail-3932,long_tail,10.2425
long_tail-3933,long_tail,32.2473
long_tail-3934,long_tail,37.0542
long_tail-3935,long_tail,37.6885
long_tail-3936,long_tail,17.2111
long_tail-3937,long_tail,33.281
long_tail-3938,long_tail,31.5804
long_tail-3939,long_tail,22.3314
long_tail-3940,long_tail,26.9084
long_tail-3941,long_tail,57.0856
long_tail-3942,long_tail,43.8596
long_tail-3943,long_tail,98.5544
long_tail-3944,long_tail,60.0239
long_tail-3945,long_tail,15.4125
long_tail-3946,long_tail,78.0417
long_tail-3947,long_tail,37.5321
long_tail-3948,long_tail,107.1745
long_tail-3949,long_tail,47.0898
long_tail-3950,long_tail,86.1808
long_tail-3951,long_tail,11.4951
long_tail-3952,long_tail,25.5626
long_tail-3953,long_tail,15.9507
long_tail-3954,long_tail,24.2422
long_tail-3955,long_tail,46.1501
long_tail-3956,long_tail,56.245
long_tail-3957,long_tail,59.6043
long_tail-3958,long_tail,10.7232
long_tail-3959,long_tail,5.4557
long_tail-3960,long_tail,125.1577
long_tail-3961,long_tail,93.9416
long_tail-3962,long_tail,30.5912
long_tail-3963,long_tail,20.9554
long_tail-3964,long_tail,8.0611
long_tail-3965,long_tail,77.7467
long_tail-3966,long_tail,5.1615
long_tail-3967,long_tail,27.4186
long_tail-3968,long_tail,31.2168
long_tail-3969,long_tail,55.0476
long_tail-3970,long_tail,408.8627
long_tail-3971,long_tail,11.0081
long_tail-3972,long_tail,34.077
long_tail-3973,long_tail,5.3994
long_tail-3974,long_tail,108.639
long_tail-3975,long_tail,22.5986
long_tail-3976,long_tail,52.7646
long_tail-3977,long_tail,52.014
long_tail-3978,long_tail,41.1784
long_tail-3979,long_tail,51.9332
long_tail-3980,long_tail,42.6553
long_tail-3981,long_tail,40.1028
long_tail-3982,long_tail,20.5055
long_tail-3983,long_tail,26.3277
long_tail-3984,long_tail,33.2852
long_tail-3985,long_tail,61.0239
long_tail-3986,long_tail,15.3256
long_tail-3987,long_tail,41.5569
long_tail-3988,long_tail,167.3478
long_tail-3989,long_tail,18.8086
long_tail-3990,long_tail,14.6708
long_tail-3991,long_tail,27.1201
long_tail-3992,long_tail,53.0054
long_tail-3993,long_tail,70.3305
long_tail-3994,long_tail,5.5256
long_tail-3995,long_tail,18.953
long_tail-3996,long_tail,13.9053
long_tail-3997,long_tail,20.4241
long_tail-3998,long_tail,17.7692
long_tail-3999,long_tail,65.3597
long_tail-4000,long_tail,33.832
long_tail-4001,long_tail,10.3584
long_tail-4002,long_tail,125.8705
long_tail-4003,long_tail,16.9917
long_tail-4004,long_tail,13.1949
long_tail-4005,long_tail,25.6563
long_tail-4006,long_tail,97.0262
long_tail-4007,long_tail,66.7318
long_tail-4008,long_tail,35.4384
long_tail-4009,long_tail,29.978
long_tail-4010,long_tail,35.6341
long_tail-4011,long_tail,24.3786
long_tail-4012,long_tail,24.8425
long_tail-4013,long_tail,69.9192
long_tail-4014,long_tail,87.7612
long_tail-4015,long_tail,13.8087
long_tail-4016,long_tail,19.7125
long_tail-4017,long_tail,59.0767
long_tail-4018,long_tail,19.2843
long_tail-4019,long_tail,19.2315
long_tail-4020,long_tail,12.0857
long_tail-4021,long_tail,30.2723
long_tail-4022,long_tail,100.0703
long_tail-4023,long_tail,6.4797
long_tail-4024,long_tail,28.6648
long_tail-4025,long_tail,43.5597
long_tail-4026,long_tail,36.5828
long_tail-4027,long_tail,20.5867
long_tail-4028,long_tail,45.2347
long_tail-4029,long_tail,24.9289
long_tail-4030,long_tail,8.296
long_tail-4031,long_tail,52.7213
long_tail-4032,long_tail,42.0618
long_tail-4033,long_tail,21.548
long_tail-4034,long_tail,35.7149
long_tail-4035,long_tail,14.6889
long_tail-4036,long_tail,14.0104
long_tail-4037,long_tail,26.8303
long_tail-4038,long_tail,23.044
long_tail-4039,long_tail,34.834
long_tail-4040,long_tail,22.7897
long_tail-4041,long_tail,24.423
long_tail-4042,long_tail,21.1803
long_tail-4043,long_tail,20.8535
long_tail-4044,long_tail,26.3721
long_tail-4045,long_tail,45.4607
long_tail-4046,long_tail,41.4458
long_tail-4047,long_tail,46.0156
long_tail-4048,long_tail,17.8639
long_tail-4049,long_tail,55.8103
long_tail-4050,long_tail,25.7979
long_tail-4051,long_tail,51.4435
long_tail-4052,long_tail,52.9049
long_tail-4053,long_tail,9.8706
long_tail-4054,long_tail,30.2677
long_tail-4055,long_tail,16.3407
long_tail-4056,long_tail,25.5014
long_tail-4057,long_tail,32.3589
long_tail-4058,long_tail,4.5963
long_tail-4059,long_tail,147.1848
long_tail-4060,long_tail,39.5212
long_tail-4061,long_tail,41.7138
long_tail-4062,long_tail,55.3873
long_tail-4063,long_tail,79.6082
long_tail-4064,long_tail,39.7061
long_tail-4065,long_tail,37.5845
long_tail-4066,long_tail,21.9116
long_tail-4067,long_tail,24.3114
long_tail-4068,long_tail,41.4867
long_tail-4069,long_tail,46.2468
long_tail-4070,long_tail,22.3291
long_tail-4071,long_tail,19.2169
long_tail-4072,long_tail,13.5634
long_tail-4073,long_tail,14.6691
long_tail-4074,long_tail,12.0379
long_tail-4075,long_tail,24.9635
long_tail-4076,long_tail,25.4362
long_tail-4077,long_tail,52.8457
long_tail-4078,long_tail,279.7653
long_tail-4079,long_tail,23.0554
long_tail-4080,long_tail,80.9506
long_tail-4081,long_tail,36.4263
long_tail-4082,long_tail,5.682
long_tail-4083,long_tail,84.3959
long_tail-4084,long_tail,13.0545
long_tail-4085,long_tail,12.3458
long_tail-4086,long_tail,80.3601
long_tail-4087,long_tail,38.1091
long_tail-4088,long_tail,85.8747
long_tail-4089,long_tail,31.7523
long_tail-4090,long_tail,56.4974
long_tail-4091,long_tail,20.8831
long_tail-4092,long_tail,5.8523
long_tail-4093,long_tail,30.1911
long_tail-4094,long_tail,27.5684
long_tail-4095,long_tail,152.152
long_tail-4096,long_tail,155.6671
long_tail-4097,long_tail,47.4212
long_tail-4098,long_tail,40.387
long_tail-4099,long_tail,71.5814
long_tail-4100,long_tail,74.609
long_tail-4101,long_tail,9.7473
long_tail-4102,long_tail,11.5133
long_tail-4103,long_tail,72.845
long_tail-4104,long_tail,8.6589
long_tail-4105,long_tail,27.5515
long_tail-4106,long_tail,62.506
long_tail-4107,long_tail,35.1843
long_tail-4108,long_tail,54.1252
long_tail-4109,long_tail,13.1496
long_tail-4110,long_tail,2.8563
long_tail-4111,long_tail,66.3289
long_tail-4112,long_tail,20.8876
long_tail-4113,long_tail,13.497
long_tail-4114,long_tail,90.338
long_tail-4115,long_tail,22.4494
long_tail-4116,long_tail,138.9651
long_tail-4117,long_tail,26.0452
long_tail-4118,long_tail,15.3966
long_tail-4119,long_tail,30.2254
long_tail-4120,long_tail,20.895
long_tail-4121,long_tail,18.7085
long_tail-4122,long_tail,3.6357
long_tail-4123,long_tail,28.9315
long_tail-4124,long_tail,68.5125
long_tail-4125,long_tail,69.1246
long_tail-4126,long_tail,31.7466
long_tail-4127,long_tail,20.8131
long_tail-4128,long_tail,14.97
long_tail-4129,long_tail,10.562
long_tail-4130,long_tail,11.1439
long_tail-4131,long_tail,48.4339
long_tail-4132,long_tail,20.4928
long_tail-4133,long_tail,73.6922
long_tail-4134,long_tail,42.2853
long_tail-4135,long_tail,9.2494
long_tail-4136,long_tail,80.219
long_tail-4137,long_tail,35.1094
long_tail-4138,long_tail,63.8489
long_tail-4139,long_tail,8.5461
long_tail-4140,long_tail,56.3723
long_tail-4141,long_tail,18.0917
long_tail-4142,long_tail,6.0919
long_tail-4143,long_tail,6.4839
long_tail-4144,long_tail,93.4678
long_tail-4145,long_tail,28.5962
long_tail-4146,long_tail,98.7535
long_tail-4147,long_tail,10.8274
long_tail-4148,long_tail,62.6945
long_tail-4149,long_tail,44.9865
long_tail-4150,long_tail,40.2163
long_tail-4151,long_tail,26.4154
long_tail-4152,long_tail,48.3471
long_tail-4153,long_tail,40.3973
long_tail-4154,long_tail,10.5823
long_tail-4155,long_tail,68.2056
long_tail-4156,long_tail,29.5786
long_tail-4157,long_tail,87.8897
long_tail-4158,long_tail,16.9314
long_tail-4159,long_tail,48.578
long_tail-4160,long_tail,55.1007
long_tail-4161,long_tail,33.0607
long_tail-4162,long_tail,74.0043
long_tail-4163,long_tail,43.2364
long_tail-4164,long_tail,33.4106
long_tail-4165,long_tail,41.9376
long_tail-4166,long_tail,35.4343
long_tail-4167,long_tail,38.5956
long_tail-4168,long_tail,135.0096
long_tail-4169,long_tail,13.424
long_tail-4170,long_tail,38.7156
long_tail-4171,long_tail,41.1222
long_tail-4172,long_tail,34.0796
long_tail-4173,long_tail,66.1657
long_tail-4174,long_tail,59.5501
long_tail-4175,long_tail,13.5785
long_tail-4176,long_tail,9.3936
long_tail-4177,long_tail,70.726
long_tail-4178,long_tail,252.5619
long_tail-4179,long_tail,14.1634
long_tail-4180,long_tail,10.6292
long_tail-4181,long_tail,36.1937
long_tail-4182,long_tail,33.6675
long_tail-4183,long_tail,17.4473
long_tail-4184,long_tail,36.014
long_tail-4185,long_tail,54.8935
long_tail-4186,long_tail,28.3051
long_tail-4187,long_tail,60.9651
long_tail-4188,long_tail,68.4718
long_tail-4189,long_tail,80.6869
long_tail-4190,long_tail,10.5089
long_tail-4191,long_tail,30.9076
long_tail-4192,long_tail,114.6489
long_tail-4193,long_tail,21.6154
long_tail-4194,long_tail,9.2067
long_tail-4195,long_tail,29.3109
long_tail-4196,long_tail,93.923
long_tail-4197,long_tail,40.422
long_tail-4198,long_tail,58.8307
long_tail-4199,long_tail,25.3505
long_tail-4200,long_tail,15.7482
long_tail-4201,long_tail,14.0406
long_tail-4202,long_tail,32.7836
long_tail-4203,long_tail,42.8789
long_tail-4204,long_tail,28.7553
long_tail-4205,long_tail,28.2919
long_tail-4206,long_tail,130.5463
long_tail-4207,long_tail,374.4358
long_tail-4208,long_tail,33.3155
long_tail-4209,long_tail,23.9276
long_tail-4210,long_tail,19.4182
long_tail-4211,long_tail,21.7193
long_tail-4212,long_tail,39.5308
long_tail-4213,long_tail,33.1082
long_tail-4214,long_tail,105.2054
long_tail-4215,long_tail,9.2188
long_tail-4216,long_tail,9.22
long_tail-4217,long_tail,47.7191
long_tail-4218,long_tail,15.9536
long_tail-4219,long_tail,22.451
long_tail-4220,long_tail,42.361
long_tail-4221,long_tail,37.9462
long_tail-4222,long_tail,22.8189
long_tail-4223,long_tail,30.4334
long_tail-4224,long_tail,74.7167
long_tail-4225,long_tail,91.6233
long_tail-4226,long_tail,34.4918
long_tail-4227,long_tail,97.1101
long_tail-4228,long_tail,31.4822
long_tail-4229,long_tail,45.0104
long_tail-4230,long_tail,42.757
long_tail-4231,long_tail,21.8055
long_tail-4232,long_tail,45.9276
long_tail-4233,long_tail,15.8719
long_tail-4234,long_tail,95.101
long_tail-4235,long_tail,5.4754
long_tail-4236,long_tail,12.6952
long_tail-4237,long_tail,11.1812
long_tail-4238,long_tail,52.1205
long_tail-4239,long_tail,13.6397
long_tail-4240,long_tail,17.3554
long_tail-4241,long_tail,54.0824
long_tail-4242,long_tail,21.4111
long_tail-4243,long_tail,35.3984
long_tail-4244,long_tail,15.2435
long_tail-4245,long_tail,18.578
long_tail-4246,long_tail,50.5531
long_tail-4247,long_tail,182.4404
long_tail-4248,long_tail,39.0113
long_tail-4249,long_tail,6.3349
long_tail-4250,long_tail,22.1773
long_tail-4251,long_tail,37.5953
long_tail-4252,long_tail,5.9529
long_tail-4253,long_tail,60.8956
long_tail-4254,long_tail,25.9276
long_tail-4255,long_tail,64.9693
long_tail-4256,long_tail,67.2267
long_tail-4257,long_tail,238.5733
long_tail-4258,long_tail,84.5093
long_tail-4259,long_tail,34.3632
long_tail-4260,long_tail,51.7656
long_tail-4261,long_tail,13.2707
long_tail-4262,long_tail,6.226
long_tail-4263,long_tail,7.9006
long_tail-4264,long_tail,13.9505
long_tail-4265,long_tail,15.9916
long_tail-4266,long_tail,12.6949
long_tail-4267,long_tail,9.807
long_tail-4268,long_tail,47.3148
long_tail-4269,long_tail,33.1109
long_tail-4270,long_tail,27.9036
long_tail-4271,long_tail,29.0438
long_tail-4272,long_tail,100.7089
long_tail-4273,long_tail,16.2164
long_tail-4274,long_tail,8.4963
long_tail-4275,long_tail,14.165
long_tail-4276,long_tail,32.4784
long_tail-4277,long_tail,55.0536
long_tail-4278,long_tail,52.1765
long_tail-4279,long_tail,14.9722
long_tail-4280,long_tail,24.417
long_tail-4281,long_tail,19.3512
long_tail-4282,long_tail,53.0083
long_tail-4283,long_tail,141.5565
long_tail-4284,long_tail,36.8658
long_tail-4285,long_tail,16.381
long_tail-4286,long_tail,43.6475
long_tail-4287,long_tail,17.3634
long_tail-4288,long_tail,8.2891
long_tail-4289,long_tail,51.7867
long_tail-4290,long_tail,5.7665
long_tail-4291,long_tail,9.3566
long_tail-4292,long_tail,26.0289
long_tail-4293,long_tail,23.4094
long_tail-4294,long_tail,17.1741
long_tail-4295,long_tail,15.4843
long_tail-4296,long_tail,24.1606
long_tail-4297,long_tail,70.0581
long_tail-4298,long_tail,97.3598
long_tail-4299,long_tail,40.9163
long_tail-4300,long_tail,247.4032
long_tail-4301,long_tail,45.3623
long_tail-4302,long_tail,30.6278
long_tail-4303,long_tail,12.7431
long_tail-4304,long_tail,30.261
long_tail-4305,long_tail,4.8721
long_tail-4306,long_tail,50.0055
long_tail-4307,long_tail,20.3896
long_tail-4308,long_tail,28.9367
long_tail-4309,long_tail,10.1833
long_tail-4310,long_tail,14.8834
long_tail-4311,long_tail,16.0055
long_tail-4312,long_tail,19.4597
long_tail-4313,long_tail,119.3389
long_tail-4314,long_tail,12.7581
long_tail-4315,long_tail,61.1771
long_tail-4316,long_tail,13.2368
long_tail-4317,long_tail,18.5237
long_tail-4318,long_tail,107.2757
long_tail-4319,long_tail,5.6617
long_tail-4320,long_tail,9.6313
long_tail-4321,long_tail,24.8123
long_tail-4322,long_tail,61.5799
long_tail-4323,long_tail,45.3338
long_tail-4324,long_tail,25.5084
long_tail-4325,long_tail,30.4273
long_tail-4326,long_tail,17.0996
long_tail-4327,long_tail,71.7028
long_tail-4328,long_tail,58.4799
long_tail-4329,long_tail,19.3456
long_tail-4330,long_tail,22.2895
long_tail-4331,long_tail,122.4456
long_tail-4332,long_tail,15.4212
long_tail-4333,long_tail,7.6646
long_tail-4334,long_tail,21.3509
long_tail-4335,long_tail,7.2359
long_tail-4336,long_tail,49.3069
long_tail-4337,long_tail,26.3721
long_tail-4338,long_tail,10.8156
long_tail-4339,long_tail,35.8045
long_tail-4340,long_tail,18.8376
long_tail-4341,long_tail,32.0865
long_tail-4342,long_tail,46.5449
long_tail-4343,long_tail,21.405
long_tail-4344,long_tail,36.5771
long_tail-4345,long_tail,50.1824
long_tail-4346,long_tail,57.5853
long_tail-4347,long_tail,37.5931
long_tail-4348,long_tail,41.3314
long_tail-4349,long_tail,96.6217
long_tail-4350,long_tail,30.2452
long_tail-4351,long_tail,76.4758
long_tail-4352,long_tail,29.1352
long_tail-4353,long_tail,22.6212
long_tail-4354,long_tail,18.9698
long_tail-4355,long_tail,5.4265
long_tail-4356,long_tail,266.0922
long_tail-4357,long_tail,99.0963
long_tail-4358,long_tail,9.6363
long_tail-4359,long_tail,77.0082
long_tail-4360,long_tail,53.7917
long_tail-4361,long_tail,48.8144
long_tail-4362,long_tail,61.4104
long_tail-4363,long_tail,191.2502
long_tail-4364,long_tail,42.3957
long_tail-4365,long_tail,42.0602
long_tail-4366,long_tail,29.4257
long_tail-4367,long_tail,15.3019
long_tail-4368,long_tail,374.7112
long_tail-4369,long_tail,22.5357
long_tail-4370,long_tail,52.0674
long_tail-4371,long_tail,89.2071
long_tail-4372,long_tail,57.3337
long_tail-4373,long_tail,35.4795
long_tail-4374,long_tail,11.6489
long_tail-4375,long_tail,36.7613
long_tail-4376,long_tail,39.9696
long_tail-4377,long_tail,179.8917
long_tail-4378,long_tail,32.7412
long_tail-4379,long_tail,57.1257
long_tail-4380,long_tail,10.2103
long_tail-4381,long_tail,42.5003
long_tail-4382,long_tail,63.7113
long_tail-4383,long_tail,22.4104
long_tail-4384,long_tail,15.1804
long_tail-4385,long_tail,15.1888
long_tail-4386,long_tail,6.5098
long_tail-4387,long_tail,72.9003
long_tail-4388,long_tail,37.3714
long_tail-4389,long_tail,86.8972
long_tail-4390,long_tail,27.9287
long_tail-4391,long_tail,89.0238
long_tail-4392,long_tail,19.6002
long_tail-4393,long_tail,114.8742
long_tail-4394,long_tail,9.8771
long_tail-4395,long_tail,19.6879
long_tail-4396,long_tail,161.4383
long_tail-4397,long_tail,78.0249
long_tail-4398,long_tail,92.4188
long_tail-4399,long_tail,111.1781
long_tail-4400,long_tail,551.7554
long_tail-4401,long_tail,14.7076
long_tail-4402,long_tail,63.8095
long_tail-4403,long_tail,17.695
long_tail-4404,long_tail,15.0082
long_tail-4405,long_tail,27.9466
long_tail-4406,long_tail,26.0466
long_tail-4407,long_tail,194.7646
long_tail-4408,long_tail,19.6684
long_tail-4409,long_tail,38.1875
long_tail-4410,long_tail,26.2945
long_tail-4411,long_tail,28.8327
long_tail-4412,long_tail,45.0878
long_tail-4413,long_tail,24.551
long_tail-4414,long_tail,61.9804
long_tail-4415,long_tail,29.4006
long_tail-4416,long_tail,50.4112
long_tail-4417,long_tail,113.2036
long_tail-4418,long_tail,106.8792
long_tail-4419,long_tail,67.4136
long_tail-4420,long_tail,107.6682
long_tail-4421,long_tail,110.6963
long_tail-4422,long_tail,135.5923
long_tail-4423,long_tail,5.6079
long_tail-4424,long_tail,69.4153
long_tail-4425,long_tail,63.0198
long_tail-4426,long_tail,67.5095
long_tail-4427,long_tail,26.9412
long_tail-4428,long_tail,34.7349
long_tail-4429,long_tail,20.8916
long_tail-4430,long_tail,202.5161
long_tail-4431,long_tail,19.2244
long_tail-4432,long_tail,55.6884
long_tail-4433,long_tail,93.1751
long_tail-4434,long_tail,21.9182
long_tail-4435,long_tail,13.0333
long_tail-4436,long_tail,106.3341
long_tail-4437,long_tail,72.8167
long_tail-4438,long_tail,4.0273
long_tail-4439,long_tail,17.5963
long_tail-4440,long_tail,21.1081
long_tail-4441,long_tail,98.1087
long_tail-4442,long_tail,10.7761
long_tail-4443,long_tail,34.8237
long_tail-4444,long_tail,24.1776
long_tail-4445,long_tail,15.5007
long_tail-4446,long_tail,25.5593
long_tail-4447,long_tail,38.3149
long_tail-4448,long_tail,7.6932
long_tail-4449,long_tail,35.5656
long_tail-4450,long_tail,46.7459
long_tail-4451,long_tail,54.6543
long_tail-4452,long_tail,32.1105
long_tail-4453,long_tail,25.8177
long_tail-4454,long_tail,31.3424
long_tail-4455,long_tail,90.5546
long_tail-4456,long_tail,132.3807
long_tail-4457,long_tail,39.7025
long_tail-4458,long_tail,14.7821
long_tail-4459,long_tail,68.5566
long_tail-4460,long_tail,14.7914
long_tail-4461,long_tail,167.2274
long_tail-4462,long_tail,36.5374
long_tail-4463,long_tail,96.2733
long_tail-4464,long_tail,30.1647
long_tail-4465,long_tail,21.939
long_tail-4466,long_tail,23.0261
long_tail-4467,long_tail,33.4781
long_tail-4468,long_tail,15.922
long_tail-4469,long_tail,19.7942
long_tail-4470,long_tail,30.7386
long_tail-4471,long_tail,45.8308
long_tail-4472,long_tail,68.8775
long_tail-4473,long_tail,42.1427
long_tail-4474,long_tail,52.251
long_tail-4475,long_tail,15.4681
long_tail-4476,long_tail,21.6183
long_tail-4477,long_tail,6.9509
long_tail-4478,long_tail,20.9359
long_tail-4479,long_tail,180.1883
long_tail-4480,long_tail,75.6899
long_tail-4481,long_tail,66.8401
long_tail-4482,long_tail,36.4492
long_tail-4483,long_tail,37.3329
long_tail-4484,long_tail,49.2023
long_tail-4485,long_tail,11.5383
long_tail-4486,long_tail,54.0862
long_tail-4487,long_tail,57.0332
long_tail-4488,long_tail,7.4862
long_tail-4489,long_tail,177.7408
long_tail-4490,long_tail,34.9246
long_tail-4491,long_tail,175.8268
long_tail-4492,long_tail,29.8807
long_tail-4493,long_tail,14.6538
long_tail-4494,long_tail,79.0196
long_tail-4495,long_tail,9.2063
long_tail-4496,long_tail,53.546
long_tail-4497,long_tail,168.3986
long_tail-4498,long_tail,22.1723
long_tail-4499,long_tail,21.1789
long_tail-4500,long_tail,12.0503
long_tail-4501,long_tail,35.0105
long_tail-4502,long_tail,29.214
long_tail-4503,long_tail,40.0365
long_tail-4504,long_tail,49.4264
long_tail-4505,long_tail,16.623
long_tail-4506,long_tail,62.0835
long_tail-4507,long_tail,35.482
long_tail-4508,long_tail,21.548
long_tail-4509,long_tail,34.864
long_tail-4510,long_tail,29.0936
long_tail-4511,long_tail,142.3345
long_tail-4512,long_tail,38.2496
long_tail-4513,long_tail,6.6245
long_tail-4514,long_tail,21.5609
long_tail-4515,long_tail,25.1198
long_tail-4516,long_tail,92.8468
long_tail-4517,long_tail,33.3011
long_tail-4518,long_tail,7.1689
long_tail-4519,long_tail,37.1574
long_tail-4520,long_tail,52.787
long_tail-4521,long_tail,52.9663
long_tail-4522,long_tail,23.6103
long_tail-4523,long_tail,8.1775
long_tail-4524,long_tail,15.3084
long_tail-4525,long_tail,23.6061
long_tail-4526,long_tail,12.5737
long_tail-4527,long_tail,79.0222
long_tail-4528,long_tail,9.0363
long_tail-4529,long_tail,48.5721
long_tail-4530,long_tail,18.3414
long_tail-4531,long_tail,31.5871
long_tail-4532,long_tail,60.3445
long_tail-4533,long_tail,23.2901
long_tail-4534,long_tail,26.4798
long_tail-4535,long_tail,64.8444
long_tail-4536,long_tail,41.3995
long_tail-4537,long_tail,82.3795
long_tail-4538,long_tail,6.7746
long_tail-4539,long_tail,17.6692
long_tail-4540,long_tail,124.1175
long_tail-4541,long_tail,22.2964
long_tail-4542,long_tail,30.0155
long_tail-4543,long_tail,13.783
long_tail-4544,long_tail,23.1747
long_tail-4545,long_tail,36.6174
long_tail-4546,long_tail,63.0289
long_tail-4547,long_tail,22.2489
long_tail-4548,long_tail,41.2642
long_tail-4549,long_tail,15.3663
long_tail-4550,long_tail,48.6431
long_tail-4551,long_tail,46.9263
long_tail-4552,long_tail,52.9881
long_tail-4553,long_tail,26.5657
long_tail-4554,long_tail,54.8511
long_tail-4555,long_tail,24.1849
long_tail-4556,long_tail,24.4295
long_tail-4557,long_tail,108.3154
long_tail-4558,long_tail,43.0101
long_tail-4559,long_tail,8.7695
long_tail-4560,long_tail,19.4685
long_tail-4561,long_tail,30.7948
long_tail-4562,long_tail,52.456
long_tail-4563,long_tail,23.6997
long_tail-4564,long_tail,65.6064
long_tail-4565,long_tail,57.5855
long_tail-4566,long_tail,153.1024
long_tail-4567,long_tail,33.4542
long_tail-4568,long_tail,45.4773
long_tail-4569,long_tail,25.779
long_tail-4570,long_tail,7.489
long_tail-4571,long_tail,40.7013
long_tail-4572,long_tail,113.5238
long_tail-4573,long_tail,6.9118
long_tail-4574,long_tail,20.7987
long_tail-4575,long_tail,10.31
long_tail-4576,long_tail,19.881
long_tail-4577,long_tail,29.3715
long_tail-4578,long_tail,90.3512
long_tail-4579,long_tail,2.6018
long_tail-4580,long_tail,25.1087
long_tail-4581,long_tail,114.5763
long_tail-4582,long_tail,19.5339
long_tail-4583,long_tail,19.5649
long_tail-4584,long_tail,29.8943
long_tail-4585,long_tail,117.0518
long_tail-4586,long_tail,24.4648
long_tail-4587,long_tail,78.9729
long_tail-4588,long_tail,5.7018
long_tail-4589,long_tail,22.624
long_tail-4590,long_tail,17.0069
long_tail-4591,long_tail,23.3666
long_tail-4592,long_tail,91.3227
long_tail-4593,long_tail,17.7339
long_tail-4594,long_tail,28.7952
long_tail-4595,long_tail,34.3584
long_tail-4596,long_tail,76.4414
long_tail-4597,long_tail,24.9192
long_tail-4598,long_tail,102.8237
long_tail-4599,long_tail,73.0788
long_tail-4600,long_tail,78.5194
long_tail-4601,long_tail,87.2508
long_tail-4602,long_tail,20.1168
long_tail-4603,long_tail,185.7198
long_tail-4604,long_tail,35.2705
long_tail-4605,long_tail,18.3317
long_tail-4606,long_tail,60.5491
long_tail-4607,long_tail,23.7669
long_tail-4608,long_tail,86.9638
long_tail-4609,long_tail,76.7989
long_tail-4610,long_tail,12.6937
long_tail-4611,long_tail,45.3365
long_tail-4612,long_tail,40.5696
long_tail-4613,long_tail,34.9255
long_tail-4614,long_tail,18.1264
long_tail-4615,long_tail,18.2488
long_tail-4616,long_tail,44.8598
long_tail-4617,long_tail,66.5956
long_tail-4618,long_tail,15.1171
long_tail-4619,long_tail,10.2352
long_tail-4620,long_tail,17.1807
long_tail-4621,long_tail,82.9182
long_tail-4622,long_tail,15.5048
long_tail-4623,long_tail,15.787
long_tail-4624,long_tail,47.4622
long_tail-4625,long_tail,44.7966
long_tail-4626,long_tail,35.4979
long_tail-4627,long_tail,52.4591
long_tail-4628,long_tail,23.773
long_tail-4629,long_tail,18.771
long_tail-4630,long_tail,101.0411
long_tail-4631,long_tail,15.7885
long_tail-4632,long_tail,17.3132
long_tail-4633,long_tail,14.6183
long_tail-4634,long_tail,40.5128
long_tail-4635,long_tail,186.4875
long_tail-4636,long_tail,153.9792
long_tail-4637,long_tail,16.6487
long_tail-4638,long_tail,27.707
long_tail-4639,long_tail,66.5831
long_tail-4640,long_tail,49.6202
long_tail-4641,long_tail,18.2046
long_tail-4642,long_tail,94.1463
long_tail-4643,long_tail,33.1396
long_tail-4644,long_tail,49.1488
long_tail-4645,long_tail,277.9904
long_tail-4646,long_tail,29.1416
long_tail-4647,long_tail,21.5698
long_tail-4648,long_tail,78.656
long_tail-4649,long_tail,194.599
long_tail-4650,long_tail,46.4379
long_tail-4651,long_tail,15.813
long_tail-4652,long_tail,65.47
long_tail-4653,long_tail,51.7673
long_tail-4654,long_tail,20.5627
long_tail-4655,long_tail,32.7114
long_tail-4656,long_tail,18.4573
long_tail-4657,long_tail,7.0975
long_tail-4658,long_tail,30.3839
long_tail-4659,long_tail,48.8006
long_tail-4660,long_tail,90.6976
long_tail-4661,long_tail,43.8323
long_tail-4662,long_tail,3.4169
long_tail-4663,long_tail,27.5651
long_tail-4664,long_tail,89.0431
long_tail-4665,long_tail,197.7605
long_tail-4666,long_tail,28.8758
long_tail-4667,long_tail,24.1718
long_tail-4668,long_tail,38.479
long_tail-4669,long_tail,42.4879
long_tail-4670,long_tail,33.8486
long_tail-4671,long_tail,15.7208
long_tail-4672,long_tail,25.0331
long_tail-4673,long_tail,51.2125
long_tail-4674,long_tail,25.8342
long_tail-4675,long_tail,19.8295
long_tail-4676,long_tail,53.45
long_tail-4677,long_tail,63.4635
long_tail-4678,long_tail,20.1388
long_tail-4679,long_tail,166.9568
long_tail-4680,long_tail,43.4614
long_tail-4681,long_tail,21.7065
long_tail-4682,long_tail,54.6624
long_tail-4683,long_tail,276.6298
long_tail-4684,long_tail,8.7231
long_tail-4685,long_tail,122.8206
long_tail-4686,long_tail,19.8026
long_tail-4687,long_tail,18.6269
long_tail-4688,long_tail,48.3014
long_tail-4689,long_tail,32.2376
long_tail-4690,long_tail,186.5155
long_tail-4691,long_tail,31.4363
long_tail-4692,long_tail,28.2011
long_tail-4693,long_tail,23.2519
long_tail-4694,long_tail,11.5643
long_tail-4695,long_tail,43.7691
long_tail-4696,long_tail,7.4784
long_tail-4697,long_tail,51.5099
long_tail-4698,long_tail,29.9726
long_tail-4699,long_tail,2.2323
long_tail-4700,long_tail,57.7444
long_tail-4701,long_tail,16.3115
long_tail-4702,long_tail,22.4322
long_tail-4703,long_tail,17.1382
long_tail-4704,long_tail,95.1416
long_tail-4705,long_tail,122.7628
long_tail-4706,long_tail,34.6181
long_tail-4707,long_tail,36.6983
long_tail-4708,long_tail,104.67
long_tail-4709,long_tail,109.45
long_tail-4710,long_tail,21.8938
long_tail-4711,long_tail,27.3256
long_tail-4712,long_tail,58.1748
long_tail-4713,long_tail,45.7593
long_tail-4714,long_tail,28.0837
long_tail-4715,long_tail,41.2684
long_tail-4716,long_tail,17.1767
long_tail-4717,long_tail,18.3488
long_tail-4718,long_tail,28.6504
long_tail-4719,long_tail,5.8563
long_tail-4720,long_tail,130.5086
long_tail-4721,long_tail,46.1531
long_tail-4722,long_tail,26.7026
long_tail-4723,long_tail,90.5957
long_tail-4724,long_tail,141.5792
long_tail-4725,long_tail,27.1305
long_tail-4726,long_tail,51.1844
long_tail-4727,long_tail,32.8484
long_tail-4728,long_tail,80.3675
long_tail-4729,long_tail,249.2203
long_tail-4730,long_tail,140.8416
long_tail-4731,long_tail,33.6778
long_tail-4732,long_tail,45.2364
long_tail-4733,long_tail,191.2704
long_tail-4734,long_tail,58.6831
long_tail-4735,long_tail,28.5079
long_tail-4736,long_tail,32.9579
long_tail-4737,long_tail,59.5634
long_tail-4738,long_tail,17.2994
long_tail-4739,long_tail,22.4835
long_tail-4740,long_tail,23.9413
long_tail-4741,long_tail,35.7708
long_tail-4742,long_tail,220.8628
long_tail-4743,long_tail,19.8353
long_tail-4744,long_tail,10.5553
long_tail-4745,long_tail,23.6293
long_tail-4746,long_tail,19.5101
long_tail-4747,long_tail,21.9587
long_tail-4748,long_tail,19.7048
long_tail-4749,long_tail,60.5317
long_tail-4750,long_tail,11.1293
long_tail-4751,long_tail,111.0909
long_tail-4752,long_tail,73.4315
long_tail-4753,long_tail,280.2961
long_tail-4754,long_tail,172.2714
long_tail-4755,long_tail,154.7972
long_tail-4756,long_tail,36.2171
long_tail-4757,long_tail,278.0844
long_tail-4758,long_tail,50.6738
long_tail-4759,long_tail,32.5956
long_tail-4760,long_tail,49.0537
long_tail-4761,long_tail,27.561
long_tail-4762,long_tail,42.5137
long_tail-4763,long_tail,25.4988
long_tail-4764,long_tail,23.2806
long_tail-4765,long_tail,17.1906
long_tail-4766,long_tail,45.3549
long_tail-4767,long_tail,59.6582
long_tail-4768,long_tail,19.7085
long_tail-4769,long_tail,26.3149
long_tail-4770,long_tail,52.8663
long_tail-4771,long_tail,74.4355
long_tail-4772,long_tail,12.196
long_tail-4773,long_tail,15.6456
long_tail-4774,long_tail,9.8732
long_tail-4775,long_tail,58.5325
long_tail-4776,long_tail,28.0776
long_tail-4777,long_tail,27.0259
long_tail-4778,long_tail,40.7044
long_tail-4779,long_tail,88.5693
long_tail-4780,long_tail,20.4621
long_tail-4781,long_tail,36.8744
long_tail-4782,long_tail,49.278
long_tail-4783,long_tail,37.9286
long_tail-4784,long_tail,63.1409
long_tail-4785,long_tail,21.787
long_tail-4786,long_tail,117.5426
long_tail-4787,long_tail,34.5732
long_tail-4788,long_tail,45.4689
long_tail-4789,long_tail,62.1051
long_tail-4790,long_tail,35.4651
long_tail-4791,long_tail,12.5059
long_tail-4792,long_tail,10.358
long_tail-4793,long_tail,33.5563
long_tail-4794,long_tail,17.2148
long_tail-4795,long_tail,21.2042
long_tail-4796,long_tail,4.1215
long_tail-4797,long_tail,46.0994
long_tail-4798,long_tail,92.4018
long_tail-4799,long_tail,38.9333
long_tail-4800,long_tail,46.1866
long_tail-4801,long_tail,10.177
long_tail-4802,long_tail,8.255
long_tail-4803,long_tail,48.1711
long_tail-4804,long_tail,35.3894
long_tail-4805,long_tail,69.8963
long_tail-4806,long_tail,12.9257
long_tail-4807,long_tail,11.1457
long_tail-4808,long_tail,89.7365
long_tail-4809,long_tail,9.2342
long_tail-4810,long_tail,40.7635
long_tail-4811,long_tail,46.8756
long_tail-4812,long_tail,50.2974
long_tail-4813,long_tail,11.9636
long_tail-4814,long_tail,79.5079
long_tail-4815,long_tail,133.1289
long_tail-4816,long_tail,22.9344
long_tail-4817,long_tail,15.2986
long_tail-4818,long_tail,11.711
long_tail-4819,long_tail,21.3152
long_tail-4820,long_tail,22.7248
long_tail-4821,long_tail,166.5412
long_tail-4822,long_tail,27.7149
long_tail-4823,long_tail,11.3796
long_tail-4824,long_tail,48.3648
long_tail-4825,long_tail,13.0342
long_tail-4826,long_tail,56.7736
long_tail-4827,long_tail,21.3744
long_tail-4828,long_tail,51.8018
long_tail-4829,long_tail,11.5699
long_tail-4830,long_tail,22.6494
long_tail-4831,long_tail,10.8648
long_tail-4832,long_tail,77.0872
long_tail-4833,long_tail,14.0597
long_tail-4834,long_tail,49.2778
long_tail-4835,long_tail,150.5768
long_tail-4836,long_tail,67.8657
long_tail-4837,long_tail,49.6479
long_tail-4838,long_tail,32.6078
long_tail-4839,long_tail,16.7732
long_tail-4840,long_tail,49.1354
long_tail-4841,long_tail,27.4534
long_tail-4842,long_tail,17.6834
long_tail-4843,long_tail,33.2064
long_tail-4844,long_tail,20.0362
long_tail-4845,long_tail,71.5146
long_tail-4846,long_tail,68.35
long_tail-4847,long_tail,40.7509
long_tail-4848,long_tail,5.377
long_tail-4849,long_tail,10.5714
long_tail-4850,long_tail,59.3927
long_tail-4851,long_tail,50.9858
long_tail-4852,long_tail,23.7627
long_tail-4853,long_tail,190.2481
long_tail-4854,long_tail,34.5074
long_tail-4855,long_tail,47.2354
long_tail-4856,long_tail,28.2981
long_tail-4857,long_tail,78.8434
long_tail-4858,long_tail,22.4473
long_tail-4859,long_tail,21.7637
long_tail-4860,long_tail,8.9435
long_tail-4861,long_tail,114.9939
long_tail-4862,long_tail,14.3379
long_tail-4863,long_tail,33.4684
long_tail-4864,long_tail,8.5073
long_tail-4865,long_tail,18.2155
long_tail-4866,long_tail,49.9256
long_tail-4867,long_tail,6.1412
long_tail-4868,long_tail,70.1534
long_tail-4869,long_tail,34.0336
long_tail-4870,long_tail,22.1698
long_tail-4871,long_tail,43.3057
long_tail-4872,long_tail,115.6138
long_tail-4873,long_tail,107.5816
long_tail-4874,long_tail,100.8937
long_tail-4875,long_tail,25.3053
long_tail-4876,long_tail,14.6406
long_tail-4877,long_tail,14.1204
long_tail-4878,long_tail,33.9762
long_tail-4879,long_tail,29.6825
long_tail-4880,long_tail,35.468
long_tail-4881,long_tail,41.2839
long_tail-4882,long_tail,25.1824
long_tail-4883,long_tail,5.435
long_tail-4884,long_tail,185.3746
long_tail-4885,long_tail,21.1954
long_tail-4886,long_tail,17.0265
long_tail-4887,long_tail,12.5119
long_tail-4888,long_tail,72.7581
long_tail-4889,long_tail,60.026
long_tail-4890,long_tail,11.4082
long_tail-4891,long_tail,5.4897
long_tail-4892,long_tail,31.138
long_tail-4893,long_tail,40.5883
long_tail-4894,long_tail,21.4032
long_tail-4895,long_tail,38.3429
long_tail-4896,long_tail,27.034
long_tail-4897,long_tail,32.5798
long_tail-4898,long_tail,10.357
long_tail-4899,long_tail,121.9741
long_tail-4900,long_tail,27.6951
long_tail-4901,long_tail,5.7414
long_tail-4902,long_tail,20.5291
long_tail-4903,long_tail,33.2892
long_tail-4904,long_tail,28.9501
long_tail-4905,long_tail,20.6108
long_tail-4906,long_tail,97.2087
long_tail-4907,long_tail,77.1315
long_tail-4908,long_tail,37.5087
long_tail-4909,long_tail,8.5209
long_tail-4910,long_tail,24.4972
long_tail-4911,long_tail,48.6363
long_tail-4912,long_tail,24.8068
long_tail-4913,long_tail,50.4302
long_tail-4914,long_tail,13.3577
long_tail-4915,long_tail,27.682
long_tail-4916,long_tail,62.3095
long_tail-4917,long_tail,51.9826
long_tail-4918,long_tail,17.39
long_tail-4919,long_tail,78.6989
long_tail-4920,long_tail,72.8105
long_tail-4921,long_tail,6.6366
long_tail-4922,long_tail,78.0057
long_tail-4923,long_tail,35.4901
long_tail-4924,long_tail,18.2016
long_tail-4925,long_tail,34.6171
long_tail-4926,long_tail,24.8237
long_tail-4927,long_tail,7.5894
long_tail-4928,long_tail,29.1413
long_tail-4929,long_tail,65.6098
long_tail-4930,long_tail,28.3861
long_tail-4931,long_tail,31.3103
long_tail-4932,long_tail,53.3777
long_tail-4933,long_tail,26.2921
long_tail-4934,long_tail,82.6457
long_tail-4935,long_tail,57.3132
long_tail-4936,long_tail,51.7602
long_tail-4937,long_tail,34.3628
long_tail-4938,long_tail,32.606
long_tail-4939,long_tail,47.0224
long_tail-4940,long_tail,27.3765
long_tail-4941,long_tail,64.38
long_tail-4942,long_tail,21.6611
long_tail-4943,long_tail,55.8489
long_tail-4944,long_tail,54.9643
long_tail-4945,long_tail,127.5397
long_tail-4946,long_tail,15.6901
long_tail-4947,long_tail,14.6987
long_tail-4948,long_tail,8.0609
long_tail-4949,long_tail,18.6873
long_tail-4950,long_tail,163.8159
long_tail-4951,long_tail,36.7146
long_tail-4952,long_tail,61.4376
long_tail-4953,long_tail,39.9401
long_tail-4954,long_tail,36.9494
long_tail-4955,long_tail,14.9133
long_tail-4956,long_tail,24.3183
long_tail-4957,long_tail,37.6718
long_tail-4958,long_tail,10.1162
long_tail-4959,long_tail,12.9005
long_tail-4960,long_tail,58.953
long_tail-4961,long_tail,18.9288
long_tail-4962,long_tail,18.7816
long_tail-4963,long_tail,99.8302
long_tail-4964,long_tail,44.7087
long_tail-4965,long_tail,19.8111
long_tail-4966,long_tail,57.2443
long_tail-4967,long_tail,11.1757
long_tail-4968,long_tail,59.0045
long_tail-4969,long_tail,89.8172
long_tail-4970,long_tail,6.4472
long_tail-4971,long_tail,475.6955
long_tail-4972,long_tail,43.2003
long_tail-4973,long_tail,74.0035
long_tail-4974,long_tail,127.7646
long_tail-4975,long_tail,32.1726
long_tail-4976,long_tail,35.8404
long_tail-4977,long_tail,74.843
long_tail-4978,long_tail,12.8996
long_tail-4979,long_tail,69.9934
long_tail-4980,long_tail,51.0661
long_tail-4981,long_tail,5.0504
long_tail-4982,long_tail,49.8015
long_tail-4983,long_tail,36.4786
long_tail-4984,long_tail,48.7611
long_tail-4985,long_tail,83.1458
long_tail-4986,long_tail,14.2066
long_tail-4987,long_tail,12.4459
long_tail-4988,long_tail,27.8647
long_tail-4989,long_tail,174.9939
long_tail-4990,long_tail,25.3208
long_tail-4991,long_tail,38.3158
long_tail-4992,long_tail,12.5144
long_tail-4993,long_tail,11.5656
long_tail-4994,long_tail,139.4744
long_tail-4995,long_tail,14.4223
long_tail-4996,long_tail,83.9095
long_tail-4997,long_tail,30.384
long_tail-4998,long_tail,127.9541
long_tail-4999,long_tail,15.8871
long_tail-5000,long_tail,97.7113
long_tail-5001,long_tail,19.4569
long_tail-5002,long_tail,95.8426
long_tail-5003,long_tail,113.4423
long_tail-5004,long_tail,31.7972
long_tail-5005,long_tail,138.2012
long_tail-5006,long_tail,128.6291
long_tail-5007,long_tail,22.1778
long_tail-5008,long_tail,148.4634
long_tail-5009,long_tail,26.28
long_tail-5010,long_tail,36.4908
long_tail-5011,long_tail,6.5028
long_tail-5012,long_tail,242.0757
long_tail-5013,long_tail,61.8341
long_tail-5014,long_tail,47.1646
long_tail-5015,long_tail,10.1536
long_tail-5016,long_tail,9.9667
long_tail-5017,long_tail,16.106
long_tail-5018,long_tail,4.9569
long_tail-5019,long_tail,104.8686
long_tail-5020,long_tail,35.1821
long_tail-5021,long_tail,53.7521
long_tail-5022,long_tail,66.2146
long_tail-5023,long_tail,159.4481
long_tail-5024,long_tail,18.2987
long_tail-5025,long_tail,57.0442
long_tail-5026,long_tail,103.0522
long_tail-5027,long_tail,9.5673
long_tail-5028,long_tail,23.0056
long_tail-5029,long_tail,44.286
long_tail-5030,long_tail,21.2122
long_tail-5031,long_tail,51.6042
long_tail-5032,long_tail,180.6102
long_tail-5033,long_tail,21.2049
long_tail-5034,long_tail,34.4919
long_tail-5035,long_tail,21.8213
long_tail-5036,long_tail,18.9373
long_tail-5037,long_tail,5.1128
long_tail-5038,long_tail,274.7391
long_tail-5039,long_tail,60.5661
long_tail-5040,long_tail,146.7254
long_tail-5041,long_tail,45.606
long_tail-5042,long_tail,28.0986
long_tail-5043,long_tail,36.7098
long_tail-5044,long_tail,37.5916
long_tail-5045,long_tail,88.6587
long_tail-5046,long_tail,22.9284
long_tail-5047,long_tail,12.1372
long_tail-5048,long_tail,31.3792
long_tail-5049,long_tail,17.1637
long_tail-5050,long_tail,47.1214
long_tail-5051,long_tail,25.2608
long_tail-5052,long_tail,119.1657
long_tail-5053,long_tail,62.0126
long_tail-5054,long_tail,62.1234
long_tail-5055,long_tail,27.7945
long_tail-5056,long_tail,28.4769
long_tail-5057,long_tail,83.0279
long_tail-5058,long_tail,47.1506
long_tail-5059,long_tail,15.3221
long_tail-5060,long_tail,12.9207
long_tail-5061,long_tail,66.8024
long_tail-5062,long_tail,12.6563
long_tail-5063,long_tail,75.0428
long_tail-5064,long_tail,20.1906
long_tail-5065,long_tail,101.8561
long_tail-5066,long_tail,43.3497
long_tail-5067,long_tail,43.1731
long_tail-5068,long_tail,32.1089
long_tail-5069,long_tail,31.7653
long_tail-5070,long_tail,18.2103
long_tail-5071,long_tail,56.0371
long_tail-5072,long_tail,10.9886
long_tail-5073,long_tail,23.4461
long_tail-5074,long_tail,76.6988
long_tail-5075,long_tail,31.047
long_tail-5076,long_tail,22.2365
long_tail-5077,long_tail,43.08
long_tail-5078,long_tail,69.6361
long_tail-5079,long_tail,23.29
long_tail-5080,long_tail,18.1023
long_tail-5081,long_tail,19.7244
long_tail-5082,long_tail,10.836
long_tail-5083,long_tail,8.5504
long_tail-5084,long_tail,165.3171
long_tail-5085,long_tail,24.029
long_tail-5086,long_tail,16.4094
long_tail-5087,long_tail,95.3655
long_tail-5088,long_tail,65.2873
long_tail-5089,long_tail,28.8404
long_tail-5090,long_tail,4.2303
long_tail-5091,long_tail,48.4987
long_tail-5092,long_tail,63.932
long_tail-5093,long_tail,48.0615
long_tail-5094,long_tail,50.2206
long_tail-5095,long_tail,18.3502
long_tail-5096,long_tail,5.771
long_tail-5097,long_tail,84.4994
long_tail-5098,long_tail,20.7487
long_tail-5099,long_tail,35.3101
long_tail-5100,long_tail,12.9938
long_tail-5101,long_tail,38.7145
long_tail-5102,long_tail,28.746
long_tail-5103,long_tail,37.504
long_tail-5104,long_tail,39.6327
long_tail-5105,long_tail,62.1244
long_tail-5106,long_tail,7.8463
long_tail-5107,long_tail,60.4804
long_tail-5108,long_tail,11.3378
long_tail-5109,long_tail,51.0591
long_tail-5110,long_tail,34.9736
long_tail-5111,long_tail,15.4382
long_tail-5112,long_tail,121.1354
long_tail-5113,long_tail,17.0485
long_tail-5114,long_tail,61.6816
long_tail-5115,long_tail,10.1439
long_tail-5116,long_tail,20.6534
long_tail-5117,long_tail,30.0997
long_tail-5118,long_tail,31.4303
long_tail-5119,long_tail,21.6867
long_tail-5120,long_tail,30.7379
long_tail-5121,long_tail,57.2523
long_tail-5122,long_tail,77.9876
long_tail-5123,long_tail,36.4713
long_tail-5124,long_tail,11.4139
long_tail-5125,long_tail,35.1193
long_tail-5126,long_tail,76.7449
long_tail-5127,long_tail,27.4929
long_tail-5128,long_tail,24.1567
long_tail-5129,long_tail,27.9083
long_tail-5130,long_tail,7.1008
long_tail-5131,long_tail,40.6872
long_tail-5132,long_tail,38.2753
long_tail-5133,long_tail,43.9036
long_tail-5134,long_tail,41.2858
long_tail-5135,long_tail,27.7501
long_tail-5136,long_tail,9.6687
long_tail-5137,long_tail,36.3216
long_tail-5138,long_tail,24.8706
long_tail-5139,long_tail,45.6757
long_tail-5140,long_tail,49.8328
long_tail-5141,long_tail,77.2296
long_tail-5142,long_tail,17.9141
long_tail-5143,long_tail,16.4598
long_tail-5144,long_tail,24.3221
long_tail-5145,long_tail,42.5137
long_tail-5146,long_tail,8.3128
long_tail-5147,long_tail,21.3554
long_tail-5148,long_tail,95.8411
long_tail-5149,long_tail,63.4839
long_tail-5150,long_tail,36.8532
long_tail-5151,long_tail,25.8396
long_tail-5152,long_tail,3.7052
long_tail-5153,long_tail,36.6336
long_tail-5154,long_tail,102.9287
long_tail-5155,long_tail,43.3196
long_tail-5156,long_tail,238.0466
long_tail-5157,long_tail,76.5815
long_tail-5158,long_tail,26.6704
long_tail-5159,long_tail,34.2273
long_tail-5160,long_tail,52.4456
long_tail-5161,long_tail,44.9049
long_tail-5162,long_tail,24.88
long_tail-5163,long_tail,8.1106
long_tail-5164,long_tail,3.8578
long_tail-5165,long_tail,19.9437
long_tail-5166,long_tail,64.4932
long_tail-5167,long_tail,17.8591
long_tail-5168,long_tail,25.0837
long_tail-5169,long_tail,11.593
long_tail-5170,long_tail,10.813
long_tail-5171,long_tail,8.8898
long_tail-5172,long_tail,4.1096
long_tail-5173,long_tail,286.9316
long_tail-5174,long_tail,14.7784
long_tail-5175,long_tail,39.1005
long_tail-5176,long_tail,26.4325
long_tail-5177,long_tail,37.0103
long_tail-5178,long_tail,62.8998
long_tail-5179,long_tail,51.3031
long_tail-5180,long_tail,46.426
long_tail-5181,long_tail,113.596
long_tail-5182,long_tail,24.2997
long_tail-5183,long_tail,51.8473
long_tail-5184,long_tail,11.5646
long_tail-5185,long_tail,20.9748
long_tail-5186,long_tail,1.484
long_tail-5187,long_tail,47.1901
long_tail-5188,long_tail,74.3587
long_tail-5189,long_tail,28.636
long_tail-5190,long_tail,4.2889
long_tail-5191,long_tail,17.1961
long_tail-5192,long_tail,6.4266
long_tail-5193,long_tail,106.4665
long_tail-5194,long_tail,51.8932
long_tail-5195,long_tail,12.3108
long_tail-5196,long_tail,37.4688
long_tail-5197,long_tail,58.349
long_tail-5198,long_tail,6.1609
long_tail-5199,long_tail,68.4774
long_tail-5200,long_tail,38.1108
long_tail-5201,long_tail,11.408
long_tail-5202,long_tail,68.3534
long_tail-5203,long_tail,76.1346
long_tail-5204,long_tail,29.0045
long_tail-5205,long_tail,18.1622
long_tail-5206,long_tail,88.6752
long_tail-5207,long_tail,45.3653
long_tail-5208,long_tail,80.1468
long_tail-5209,long_tail,92.4009
long_tail-5210,long_tail,33.6684
long_tail-5211,long_tail,15.329
long_tail-5212,long_tail,15.6854
long_tail-5213,long_tail,34.6251
long_tail-5214,long_tail,28.185
long_tail-5215,long_tail,189.7736
long_tail-5216,long_tail,13.8878
long_tail-5217,long_tail,7.8105
long_tail-5218,long_tail,12.3679
long_tail-5219,long_tail,225.8422
long_tail-5220,long_tail,70.2568
long_tail-5221,long_tail,18.9829
long_tail-5222,long_tail,31.7752
long_tail-5223,long_tail,6.3731
long_tail-5224,long_tail,19.4949
long_tail-5225,long_tail,96.5676
long_tail-5226,long_tail,4.484
long_tail-5227,long_tail,91.6837
long_tail-5228,long_tail,42.3213
long_tail-5229,long_tail,38.2815
long_tail-5230,long_tail,16.1993
long_tail-5231,long_tail,34.2104
long_tail-5232,long_tail,21.2374
long_tail-5233,long_tail,4.6583
long_tail-5234,long_tail,7.5071
long_tail-5235,long_tail,38.0617
long_tail-5236,long_tail,6.9667
long_tail-5237,long_tail,80.21
long_tail-5238,long_tail,32.6599
long_tail-5239,long_tail,45.8485
long_tail-5240,long_tail,12.7084
long_tail-5241,long_tail,25.2503
long_tail-5242,long_tail,12.7607
long_tail-5243,long_tail,86.4265
long_tail-5244,long_tail,208.5339
long_tail-5245,long_tail,16.731
long_tail-5246,long_tail,14.755
long_tail-5247,long_tail,28.2017
long_tail-5248,long_tail,44.4551
long_tail-5249,long_tail,77.8489
long_tail-5250,long_tail,53.0068
long_tail-5251,long_tail,19.8541
long_tail-5252,long_tail,36.1778
long_tail-5253,long_tail,38.8764
long_tail-5254,long_tail,14.958
long_tail-5255,long_tail,64.8274
long_tail-5256,long_tail,106.6204
long_tail-5257,long_tail,20.0121
long_tail-5258,long_tail,21.6351
long_tail-5259,long_tail,16.7611
long_tail-5260,long_tail,47.7493
long_tail-5261,long_tail,26.5334
long_tail-5262,long_tail,22.5422
long_tail-5263,long_tail,8.7743
long_tail-5264,long_tail,53.4882
long_tail-5265,long_tail,33.588
long_tail-5266,long_tail,34.9389
long_tail-5267,long_tail,40.9343
long_tail-5268,long_tail,67.0839
long_tail-5269,long_tail,32.0274
long_tail-5270,long_tail,15.1746
long_tail-5271,long_tail,20.7893
long_tail-5272,long_tail,20.7563
long_tail-5273,long_tail,115.6695
long_tail-5274,long_tail,5.3062
long_tail-5275,long_tail,104.3643
long_tail-5276,long_tail,20.8209
long_tail-5277,long_tail,139.9943
long_tail-5278,long_tail,129.6291
long_tail-5279,long_tail,75.8622
long_tail-5280,long_tail,202.6516
long_tail-5281,long_tail,203.6882
long_tail-5282,long_tail,66.4994
long_tail-5283,long_tail,68.2867
long_tail-5284,long_tail,54.0795
long_tail-5285,long_tail,11.9753
long_tail-5286,long_tail,19.3464
long_tail-5287,long_tail,49.6233
long_tail-5288,long_tail,1.2318
long_tail-5289,long_tail,43.4069
long_tail-5290,long_tail,108.9144
long_tail-5291,long_tail,23.3118
long_tail-5292,long_tail,69.3674
long_tail-5293,long_tail,104.9078
long_tail-5294,long_tail,8.9161
long_tail-5295,long_tail,17.931
long_tail-5296,long_tail,26.3963
long_tail-5297,long_tail,107.0545
long_tail-5298,long_tail,13.1129
long_tail-5299,long_tail,48.5655
long_tail-5300,long_tail,15.8469
long_tail-5301,long_tail,78.2472
long_tail-5302,long_tail,12.9319
long_tail-5303,long_tail,36.3652
long_tail-5304,long_tail,39.4983
long_tail-5305,long_tail,151.2913
long_tail-5306,long_tail,12.2822
long_tail-5307,long_tail,64.6935
long_tail-5308,long_tail,47.8772
long_tail-5309,long_tail,37.0117
long_tail-5310,long_tail,53.5933
long_tail-5311,long_tail,73.3859
long_tail-5312,long_tail,149.858
long_tail-5313,long_tail,29.6902
long_tail-5314,long_tail,117.2424
long_tail-5315,long_tail,38.9318
long_tail-5316,long_tail,42.6362
long_tail-5317,long_tail,13.4663
long_tail-5318,long_tail,10.9128
long_tail-5319,long_tail,40.2006
long_tail-5320,long_tail,43.1592
long_tail-5321,long_tail,18.5515
long_tail-5322,long_tail,57.458
long_tail-5323,long_tail,37.2992
long_tail-5324,long_tail,77.6859
long_tail-5325,long_tail,141.7935
long_tail-5326,long_tail,26.1244
long_tail-5327,long_tail,75.4096
long_tail-5328,long_tail,29.7735
long_tail-5329,long_tail,10.6899
long_tail-5330,long_tail,4.2693
long_tail-5331,long_tail,35.5211
long_tail-5332,long_tail,128.0783
long_tail-5333,long_tail,53.686
long_tail-5334,long_tail,59.6697
long_tail-5335,long_tail,15.2456
long_tail-5336,long_tail,77.2556
long_tail-5337,long_tail,26.7616
long_tail-5338,long_tail,22.3032
long_tail-5339,long_tail,34.6311
long_tail-5340,long_tail,24.9702
long_tail-5341,long_tail,39.6141
long_tail-5342,long_tail,23.1824
long_tail-5343,long_tail,126.6257
long_tail-5344,long_tail,150.2986
long_tail-5345,long_tail,39.1039
long_tail-5346,long_tail,121.1061
long_tail-5347,long_tail,6.2087
long_tail-5348,long_tail,10.2486
long_tail-5349,long_tail,12.0329
long_tail-5350,long_tail,13.8205
long_tail-5351,long_tail,32.8393
long_tail-5352,long_tail,13.896
long_tail-5353,long_tail,17.4927
long_tail-5354,long_tail,57.1115
long_tail-5355,long_tail,31.3119
long_tail-5356,long_tail,70.451
long_tail-5357,long_tail,25.6089
long_tail-5358,long_tail,39.1328
long_tail-5359,long_tail,3.2183
long_tail-5360,long_tail,117.0834
long_tail-5361,long_tail,184.8902
long_tail-5362,long_tail,71.2403
long_tail-5363,long_tail,6.3779
long_tail-5364,long_tail,25.661
long_tail-5365,long_tail,34.7066
long_tail-5366,long_tail,29.4912
long_tail-5367,long_tail,28.3207
long_tail-5368,long_tail,11.8058
long_tail-5369,long_tail,23.5088
long_tail-5370,long_tail,2.3267
long_tail-5371,long_tail,24.6791
long_tail-5372,long_tail,65.0901
long_tail-5373,long_tail,14.9829
long_tail-5374,long_tail,10.1363
long_tail-5375,long_tail,129.9968
long_tail-5376,long_tail,9.8119
long_tail-5377,long_tail,8.733
long_tail-5378,long_tail,78.9869
long_tail-5379,long_tail,28.386
long_tail-5380,long_tail,13.6608
long_tail-5381,long_tail,22.1511
long_tail-5382,long_tail,25.649
long_tail-5383,long_tail,45.2196
long_tail-5384,long_tail,47.2849
long_tail-5385,long_tail,64.8035
long_tail-5386,long_tail,35.2868
long_tail-5387,long_tail,13.4241
long_tail-5388,long_tail,106.1796
long_tail-5389,long_tail,204.5202
long_tail-5390,long_tail,20.2743
long_tail-5391,long_tail,153.3217
long_tail-5392,long_tail,36.5284
long_tail-5393,long_tail,12.6532
long_tail-5394,long_tail,41.2291
long_tail-5395,long_tail,15.5389
long_tail-5396,long_tail,36.2651
long_tail-5397,long_tail,31.4769
long_tail-5398,long_tail,17.8581
long_tail-5399,long_tail,11.662
long_tail-5400,long_tail,33.3599
long_tail-5401,long_tail,9.9452
long_tail-5402,long_tail,47.777
long_tail-5403,long_tail,49.9076
long_tail-5404,long_tail,15.2491
long_tail-5405,long_tail,19.6723
long_tail-5406,long_tail,112.6089
long_tail-5407,long_tail,42.9475
long_tail-5408,long_tail,99.1092
long_tail-5409,long_tail,42.4152
long_tail-5410,long_tail,43.8416
long_tail-5411,long_tail,23.0438
long_tail-5412,long_tail,40.2928
long_tail-5413,long_tail,12.0979
long_tail-5414,long_tail,80.7015
long_tail-5415,long_tail,38.9237
long_tail-5416,long_tail,23.7386
long_tail-5417,long_tail,34.4099
long_tail-5418,long_tail,34.3075
long_tail-5419,long_tail,35.8106
long_tail-5420,long_tail,31.6028
long_tail-5421,long_tail,61.7885
long_tail-5422,long_tail,14.211
long_tail-5423,long_tail,83.1059
long_tail-5424,long_tail,67.6281
long_tail-5425,long_tail,27.8647
long_tail-5426,long_tail,20.9642
long_tail-5427,long_tail,146.3107
long_tail-5428,long_tail,85.4101
long_tail-5429,long_tail,28.7181
long_tail-5430,long_tail,80.0765
long_tail-5431,long_tail,28.1798
long_tail-5432,long_tail,36.9829
long_tail-5433,long_tail,5.3453
long_tail-5434,long_tail,9.9808
long_tail-5435,long_tail,6.4129
long_tail-5436,long_tail,28.9004
long_tail-5437,long_tail,8.8253
long_tail-5438,long_tail,8.7358
long_tail-5439,long_tail,16.7209
long_tail-5440,long_tail,30.0585
long_tail-5441,long_tail,54.2417
long_tail-5442,long_tail,157.2478
long_tail-5443,long_tail,14.184
long_tail-5444,long_tail,15.7675
long_tail-5445,long_tail,87.4434
long_tail-5446,long_tail,71.9136
long_tail-5447,long_tail,81.639
long_tail-5448,long_tail,18.4114
long_tail-5449,long_tail,14.0094
long_tail-5450,long_tail,34.6421
long_tail-5451,long_tail,9.2354
long_tail-5452,long_tail,81.6292
long_tail-5453,long_tail,16.7193
long_tail-5454,long_tail,47.305
long_tail-5455,long_tail,231.2233
long_tail-5456,long_tail,16.851
long_tail-5457,long_tail,24.5857
long_tail-5458,long_tail,33.7565
long_tail-5459,long_tail,49.9826
long_tail-5460,long_tail,20.5545
long_tail-5461,long_tail,35.225
long_tail-5462,long_tail,317.6698
long_tail-5463,long_tail,8.7921
long_tail-5464,long_tail,55.6348
long_tail-5465,long_tail,57.8147
long_tail-5466,long_tail,31.0588
long_tail-5467,long_tail,287.9878
long_tail-5468,long_tail,24.42
long_tail-5469,long_tail,27.2009
long_tail-5470,long_tail,246.7788
long_tail-5471,long_tail,63.2113
long_tail-5472,long_tail,73.4002
long_tail-5473,long_tail,21.7869
long_tail-5474,long_tail,13.8653
long_tail-5475,long_tail,8.4997
long_tail-5476,long_tail,7.854
long_tail-5477,long_tail,53.0982
long_tail-5478,long_tail,38.8728
long_tail-5479,long_tail,50.6202
long_tail-5480,long_tail,27.3163
long_tail-5481,long_tail,60.2765
long_tail-5482,long_tail,29.6199
long_tail-5483,long_tail,46.4854
long_tail-5484,long_tail,21.6179
long_tail-5485,long_tail,9.1833
long_tail-5486,long_tail,31.5206
long_tail-5487,long_tail,50.1041
long_tail-5488,long_tail,33.8266
long_tail-5489,long_tail,48.5376
long_tail-5490,long_tail,82.508
long_tail-5491,long_tail,11.7209
long_tail-5492,long_tail,50.3628
long_tail-5493,long_tail,211.4844
long_tail-5494,long_tail,96.4501
long_tail-5495,long_tail,54.0397
long_tail-5496,long_tail,83.6558
long_tail-5497,long_tail,11.578
long_tail-5498,long_tail,155.9755
long_tail-5499,long_tail,20.5564
long_tail-5500,long_tail,29.5858
long_tail-5501,long_tail,57.946
long_tail-5502,long_tail,39.8203
long_tail-5503,long_tail,57.2699
long_tail-5504,long_tail,87.2992
long_tail-5505,long_tail,30.7624
long_tail-5506,long_tail,2.5222
long_tail-5507,long_tail,28.5383
long_tail-5508,long_tail,41.5847
long_tail-5509,long_tail,31.2627
long_tail-5510,long_tail,115.4651
long_tail-5511,long_tail,25.9104
long_tail-5512,long_tail,10.7788
long_tail-5513,long_tail,20.957
long_tail-5514,long_tail,43.6893
long_tail-5515,long_tail,10.5934
long_tail-5516,long_tail,16.754
long_tail-5517,long_tail,56.29
long_tail-5518,long_tail,25.914
long_tail-5519,long_tail,31.2697
long_tail-5520,long_tail,37.0603
long_tail-5521,long_tail,28.1091
long_tail-5522,long_tail,57.623
long_tail-5523,long_tail,54.16
long_tail-5524,long_tail,148.1112
long_tail-5525,long_tail,59.7086
long_tail-5526,long_tail,568.292
long_tail-5527,long_tail,17.3495
long_tail-5528,long_tail,63.3255
long_tail-5529,long_tail,60.1998
long_tail-5530,long_tail,63.5775
long_tail-5531,long_tail,22.9746
long_tail-5532,long_tail,16.9054
long_tail-5533,long_tail,112.1134
long_tail-5534,long_tail,13.8251
long_tail-5535,long_tail,118.9124
long_tail-5536,long_tail,5.7624
long_tail-5537,long_tail,29.8781
long_tail-5538,long_tail,11.0365
long_tail-5539,long_tail,87.0047
long_tail-5540,long_tail,14.6562
long_tail-5541,long_tail,21.5419
long_tail-5542,long_tail,16.3761
long_tail-5543,long_tail,40.4495
long_tail-5544,long_tail,19.4973
long_tail-5545,long_tail,39.1823
long_tail-5546,long_tail,49.0102
long_tail-5547,long_tail,34.3595
long_tail-5548,long_tail,21.8894
long_tail-5549,long_tail,47.6662
long_tail-5550,long_tail,47.8889
long_tail-5551,long_tail,269.5079
long_tail-5552,long_tail,50.7046
long_tail-5553,long_tail,31.9157
long_tail-5554,long_tail,71.8635
long_tail-5555,long_tail,20.4982
long_tail-5556,long_tail,17.5503
long_tail-5557,long_tail,26.7911
long_tail-5558,long_tail,29.7316
long_tail-5559,long_tail,63.3892
long_tail-5560,long_tail,13.3054
long_tail-5561,long_tail,80.8774
long_tail-5562,long_tail,15.1072
long_tail-5563,long_tail,123.4428
long_tail-5564,long_tail,128.2982
long_tail-5565,long_tail,28.2071
long_tail-5566,long_tail,15.8641
long_tail-5567,long_tail,156.7246
long_tail-5568,long_tail,16.6582
long_tail-5569,long_tail,58.4311
long_tail-5570,long_tail,55.4738
long_tail-5571,long_tail,26.3059
long_tail-5572,long_tail,22.5063
long_tail-5573,long_tail,79.9491
long_tail-5574,long_tail,21.8853
long_tail-5575,long_tail,134.6028
long_tail-5576,long_tail,18.313
long_tail-5577,long_tail,9.1814
long_tail-5578,long_tail,28.5533
long_tail-5579,long_tail,14.3857
long_tail-5580,long_tail,34.7206
long_tail-5581,long_tail,25.345
long_tail-5582,long_tail,127.9853
long_tail-5583,long_tail,11.1312
long_tail-5584,long_tail,119.2318
long_tail-5585,long_tail,101.0286
long_tail-5586,long_tail,43.629
long_tail-5587,long_tail,71.1877
long_tail-5588,long_tail,17.7392
long_tail-5589,long_tail,46.3145
long_tail-5590,long_tail,18.0552
long_tail-5591,long_tail,70.5881
long_tail-5592,long_tail,21.7576
long_tail-5593,long_tail,218.5188
long_tail-5594,long_tail,24.396
long_tail-5595,long_tail,32.772
long_tail-5596,long_tail,17.5677
long_tail-5597,long_tail,16.6762
long_tail-5598,long_tail,25.5099
long_tail-5599,long_tail,27.5402
long_tail-5600,long_tail,20.587
long_tail-5601,long_tail,52.4028
long_tail-5602,long_tail,74.9323
long_tail-5603,long_tail,166.8892
long_tail-5604,long_tail,32.3466
long_tail-5605,long_tail,34.4986
long_tail-5606,long_tail,35.3847
long_tail-5607,long_tail,13.5764
long_tail-5608,long_tail,104.3021
long_tail-5609,long_tail,40.9401
long_tail-5610,long_tail,13.2534
long_tail-5611,long_tail,17.7671
long_tail-5612,long_tail,50.283
long_tail-5613,long_tail,38.1732
long_tail-5614,long_tail,25.4197
long_tail-5615,long_tail,11.7446
long_tail-5616,long_tail,23.6457
long_tail-5617,long_tail,13.7842
long_tail-5618,long_tail,10.948
long_tail-5619,long_tail,48.8982
long_tail-5620,long_tail,77.2864
long_tail-5621,long_tail,64.6381
long_tail-5622,long_tail,41.1411
long_tail-5623,long_tail,19.1412
long_tail-5624,long_tail,129.3781
long_tail-5625,long_tail,53.9719
long_tail-5626,long_tail,26.5138
long_tail-5627,long_tail,14.2329
long_tail-5628,long_tail,61.3416
long_tail-5629,long_tail,180.1958
long_tail-5630,long_tail,134.286
long_tail-5631,long_tail,13.5289
long_tail-5632,long_tail,108.2216
long_tail-5633,long_tail,30.7782
long_tail-5634,long_tail,31.0072
long_tail-5635,long_tail,11.2326
long_tail-5636,long_tail,16.3055
long_tail-5637,long_tail,37.9742
long_tail-5638,long_tail,9.6705
long_tail-5639,long_tail,20.3291
long_tail-5640,long_tail,29.9143
long_tail-5641,long_tail,37.8062
long_tail-5642,long_tail,11.8382
long_tail-5643,long_tail,98.2631
long_tail-5644,long_tail,37.5576
long_tail-5645,long_tail,21.9391
long_tail-5646,long_tail,99.3631
long_tail-5647,long_tail,81.4666
long_tail-5648,long_tail,31.9815
long_tail-5649,long_tail,119.4764
long_tail-5650,long_tail,17.919
long_tail-5651,long_tail,26.2887
long_tail-5652,long_tail,46.2871
long_tail-5653,long_tail,57.3862
long_tail-5654,long_tail,29.1106
long_tail-5655,long_tail,49.0824
long_tail-5656,long_tail,29.0194
long_tail-5657,long_tail,54.9668
long_tail-5658,long_tail,40.9539
long_tail-5659,long_tail,73.3762
long_tail-5660,long_tail,73.3245
long_tail-5661,long_tail,43.1164
long_tail-5662,long_tail,52.6086
long_tail-5663,long_tail,25.9916
long_tail-5664,long_tail,49.5972
long_tail-5665,long_tail,94.104
long_tail-5666,long_tail,42.4088
long_tail-5667,long_tail,5.4737
long_tail-5668,long_tail,23.0009
long_tail-5669,long_tail,42.6807
long_tail-5670,long_tail,89.9331
long_tail-5671,long_tail,40.0691
long_tail-5672,long_tail,7.6447
long_tail-5673,long_tail,5.3565
long_tail-5674,long_tail,24.2884
long_tail-5675,long_tail,42.4444
long_tail-5676,long_tail,69.9888
long_tail-5677,long_tail,11.4036
long_tail-5678,long_tail,70.4533
long_tail-5679,long_tail,58.0491
long_tail-5680,long_tail,35.8954
long_tail-5681,long_tail,66.1239
long_tail-5682,long_tail,22.6438
long_tail-5683,long_tail,45.6878
long_tail-5684,long_tail,115.8338
long_tail-5685,long_tail,14.2288
long_tail-5686,long_tail,196.8513
long_tail-5687,long_tail,20.5992
long_tail-5688,long_tail,74.6954
long_tail-5689,long_tail,90.9496
long_tail-5690,long_tail,21.5448
long_tail-5691,long_tail,38.9946
long_tail-5692,long_tail,111.6505
long_tail-5693,long_tail,32.2784
long_tail-5694,long_tail,3.7525
long_tail-5695,long_tail,90.327
long_tail-5696,long_tail,10.0647
long_tail-5697,long_tail,10.9293
long_tail-5698,long_tail,54.3516
long_tail-5699,long_tail,103.1962
long_tail-5700,long_tail,63.8941
long_tail-5701,long_tail,113.5835
long_tail-5702,long_tail,58.9364
long_tail-5703,long_tail,14.6597
long_tail-5704,long_tail,4.3209
long_tail-5705,long_tail,22.903
long_tail-5706,long_tail,16.408
long_tail-5707,long_tail,34.4428
long_tail-5708,long_tail,55.5994
long_tail-5709,long_tail,14.1049
long_tail-5710,long_tail,11.7906
long_tail-5711,long_tail,14.0972
long_tail-5712,long_tail,52.4765
long_tail-5713,long_tail,29.2738
long_tail-5714,long_tail,72.7685
long_tail-5715,long_tail,52.25
long_tail-5716,long_tail,41.6802
long_tail-5717,long_tail,19.5448
long_tail-5718,long_tail,68.5511
long_tail-5719,long_tail,140.9542
long_tail-5720,long_tail,14.7332
long_tail-5721,long_tail,8.7185
long_tail-5722,long_tail,48.6577
long_tail-5723,long_tail,43.2099
long_tail-5724,long_tail,12.9176
long_tail-5725,long_tail,64.3088
long_tail-5726,long_tail,405.9109
long_tail-5727,long_tail,128.9472
long_tail-5728,long_tail,16.6777
long_tail-5729,long_tail,21.9326
long_tail-5730,long_tail,6.4774
long_tail-5731,long_tail,46.4661
long_tail-5732,long_tail,38.4209
long_tail-5733,long_tail,22.0028
long_tail-5734,long_tail,52.8417
long_tail-5735,long_tail,35.3523
long_tail-5736,long_tail,47.787
long_tail-5737,long_tail,33.1135
long_tail-5738,long_tail,28.078
long_tail-5739,long_tail,52.6795
long_tail-5740,long_tail,5.956
long_tail-5741,long_tail,4.2666
long_tail-5742,long_tail,49.0764
long_tail-5743,long_tail,24.1947
long_tail-5744,long_tail,174.0747
long_tail-5745,long_tail,47.7458
long_tail-5746,long_tail,89.9983
long_tail-5747,long_tail,81.1198
long_tail-5748,long_tail,69.523
long_tail-5749,long_tail,74.8115
long_tail-5750,long_tail,9.8262
long_tail-5751,long_tail,7.5438
long_tail-5752,long_tail,6.0171
long_tail-5753,long_tail,35.7536
long_tail-5754,long_tail,36.734
long_tail-5755,long_tail,14.6091
long_tail-5756,long_tail,23.0642
long_tail-5757,long_tail,38.926
long_tail-5758,long_tail,13.9029
long_tail-5759,long_tail,57.9109
long_tail-5760,long_tail,25.3879
long_tail-5761,long_tail,52.2406
long_tail-5762,long_tail,45.1756
long_tail-5763,long_tail,65.7722
long_tail-5764,long_tail,121.1018
long_tail-5765,long_tail,40.7008
long_tail-5766,long_tail,143.3232
long_tail-5767,long_tail,16.7511
long_tail-5768,long_tail,45.5744
long_tail-5769,long_tail,3.0837
long_tail-5770,long_tail,98.9851
long_tail-5771,long_tail,40.0132
long_tail-5772,long_tail,22.7661
long_tail-5773,long_tail,22.9233
long_tail-5774,long_tail,41.0277
long_tail-5775,long_tail,36.0767
long_tail-5776,long_tail,73.4294
long_tail-5777,long_tail,11.4521
long_tail-5778,long_tail,18.7341
long_tail-5779,long_tail,10.9465
long_tail-5780,long_tail,70.1372
long_tail-5781,long_tail,30.0412
long_tail-5782,long_tail,98.5433
long_tail-5783,long_tail,49.1751
long_tail-5784,long_tail,99.104
long_tail-5785,long_tail,101.1182
long_tail-5786,long_tail,40.4045
long_tail-5787,long_tail,40.5015
long_tail-5788,long_tail,22.7307
long_tail-5789,long_tail,20.8703
long_tail-5790,long_tail,18.8633
long_tail-5791,long_tail,23.6574
long_tail-5792,long_tail,92.5185
long_tail-5793,long_tail,40.9259
long_tail-5794,long_tail,136.6898
long_tail-5795,long_tail,248.9456
long_tail-5796,long_tail,100.7151
long_tail-5797,long_tail,54.5349
long_tail-5798,long_tail,37.3844
long_tail-5799,long_tail,23.1478
long_tail-5800,long_tail,58.1468
long_tail-5801,long_tail,16.8161
long_tail-5802,long_tail,460.1974
long_tail-5803,long_tail,35.1229
long_tail-5804,long_tail,10.8291
long_tail-5805,long_tail,24.4912
long_tail-5806,long_tail,30.6054
long_tail-5807,long_tail,20.5937
long_tail-5808,long_tail,88.6047
long_tail-5809,long_tail,17.4028
long_tail-5810,long_tail,23.3755
long_tail-5811,long_tail,28.6668
long_tail-5812,long_tail,31.7884
long_tail-5813,long_tail,42.9649
long_tail-5814,long_tail,40.3381
long_tail-5815,long_tail,53.5874
long_tail-5816,long_tail,44.8665
long_tail-5817,long_tail,67.0856
long_tail-5818,long_tail,64.7692
long_tail-5819,long_tail,17.9646
long_tail-5820,long_tail,29.6381
long_tail-5821,long_tail,21.1263
long_tail-5822,long_tail,32.9443
long_tail-5823,long_tail,16.4046
long_tail-5824,long_tail,13.169
long_tail-5825,long_tail,32.5407
long_tail-5826,long_tail,33.5594
long_tail-5827,long_tail,43.9964
long_tail-5828,long_tail,21.8627
long_tail-5829,long_tail,24.8648
long_tail-5830,long_tail,22.2041
long_tail-5831,long_tail,191.4021
long_tail-5832,long_tail,26.2278
long_tail-5833,long_tail,77.0193
long_tail-5834,long_tail,4.1213
long_tail-5835,long_tail,62.696
long_tail-5836,long_tail,71.9622
long_tail-5837,long_tail,100.4477
long_tail-5838,long_tail,63.4004
long_tail-5839,long_tail,20.6478
long_tail-5840,long_tail,33.7138
long_tail-5841,long_tail,61.5397
long_tail-5842,long_tail,17.2239
long_tail-5843,long_tail,75.4473
long_tail-5844,long_tail,155.8829
long_tail-5845,long_tail,48.5217
long_tail-5846,long_tail,37.3239
long_tail-5847,long_tail,15.3082
long_tail-5848,long_tail,22.2925
long_tail-5849,long_tail,70.0027
long_tail-5850,long_tail,8.3093
long_tail-5851,long_tail,183.1591
long_tail-5852,long_tail,293.9336
long_tail-5853,long_tail,20.4099
long_tail-5854,long_tail,39.0879
long_tail-5855,long_tail,25.2209
long_tail-5856,long_tail,47.1878
long_tail-5857,long_tail,100.1997
long_tail-5858,long_tail,10.6194
long_tail-5859,long_tail,64.3571
long_tail-5860,long_tail,51.0239
long_tail-5861,long_tail,29.0712
long_tail-5862,long_tail,111.2717
long_tail-5863,long_tail,33.3779
long_tail-5864,long_tail,25.0541
long_tail-5865,long_tail,116.2429
long_tail-5866,long_tail,17.2133
long_tail-5867,long_tail,16.5357
long_tail-5868,long_tail,32.8468
long_tail-5869,long_tail,80.2756
long_tail-5870,long_tail,29.6068
long_tail-5871,long_tail,77.7393
long_tail-5872,long_tail,19.2846
long_tail-5873,long_tail,25.0604
long_tail-5874,long_tail,32.9613
long_tail-5875,long_tail,22.5353
long_tail-5876,long_tail,21.6228
long_tail-5877,long_tail,73.295
long_tail-5878,long_tail,48.9197
long_tail-5879,long_tail,10.1988
long_tail-5880,long_tail,27.5977
long_tail-5881,long_tail,70.0402
long_tail-5882,long_tail,83.7621
long_tail-5883,long_tail,7.4052
long_tail-5884,long_tail,42.1883
long_tail-5885,long_tail,8.0387
long_tail-5886,long_tail,58.2022
long_tail-5887,long_tail,51.9734
long_tail-5888,long_tail,128.8707
long_tail-5889,long_tail,36.6957
long_tail-5890,long_tail,14.7769
long_tail-5891,long_tail,26.2534
long_tail-5892,long_tail,80.3018
long_tail-5893,long_tail,37.5818
long_tail-5894,long_tail,30.0741
long_tail-5895,long_tail,26.3808
long_tail-5896,long_tail,109.5705
long_tail-5897,long_tail,6.1018
long_tail-5898,long_tail,15.6698
long_tail-5899,long_tail,43.4539
long_tail-5900,long_tail,16.2558
long_tail-5901,long_tail,59.3297
long_tail-5902,long_tail,13.1813
long_tail-5903,long_tail,4.0792
long_tail-5904,long_tail,106.4677
long_tail-5905,long_tail,55.835
long_tail-5906,long_tail,34.7666
long_tail-5907,long_tail,101.6118
long_tail-5908,long_tail,25.2241
long_tail-5909,long_tail,102.1684
long_tail-5910,long_tail,13.7495
long_tail-5911,long_tail,17.8205
long_tail-5912,long_tail,69.4529
long_tail-5913,long_tail,48.2876
long_tail-5914,long_tail,46.853
long_tail-5915,long_tail,52.0238
long_tail-5916,long_tail,16.8572
long_tail-5917,long_tail,30.5677
long_tail-5918,long_tail,34.4206
long_tail-5919,long_tail,97.4368
long_tail-5920,long_tail,30.1488
long_tail-5921,long_tail,73.874
long_tail-5922,long_tail,36.7395
long_tail-5923,long_tail,34.0397
long_tail-5924,long_tail,21.3174
long_tail-5925,long_tail,53.9866
long_tail-5926,long_tail,13.5937
long_tail-5927,long_tail,22.0184
long_tail-5928,long_tail,30.4519
long_tail-5929,long_tail,8.0947
long_tail-5930,long_tail,32.3781
long_tail-5931,long_tail,61.717
long_tail-5932,long_tail,153.2073
long_tail-5933,long_tail,34.1116
long_tail-5934,long_tail,17.1143
long_tail-5935,long_tail,19.9457
long_tail-5936,long_tail,8.3527
long_tail-5937,long_tail,44.0359
long_tail-5938,long_tail,14.3477
long_tail-5939,long_tail,30.2523
long_tail-5940,long_tail,393.5506
long_tail-5941,long_tail,18.0807
long_tail-5942,long_tail,4.7844
long_tail-5943,long_tail,89.7959
long_tail-5944,long_tail,12.3332
long_tail-5945,long_tail,28.8323
long_tail-5946,long_tail,14.3883
long_tail-5947,long_tail,7.0778
long_tail-5948,long_tail,66.8799
long_tail-5949,long_tail,313.2732
long_tail-5950,long_tail,20.1408
long_tail-5951,long_tail,52.1611
long_tail-5952,long_tail,20.1089
long_tail-5953,long_tail,28.1524
long_tail-5954,long_tail,175.6058
long_tail-5955,long_tail,48.5033
long_tail-5956,long_tail,33.9772
long_tail-5957,long_tail,12.5846
long_tail-5958,long_tail,33.4211
long_tail-5959,long_tail,42.343
long_tail-5960,long_tail,77.7231
long_tail-5961,long_tail,10.2242
long_tail-5962,long_tail,17.4488
long_tail-5963,long_tail,28.0513
long_tail-5964,long_tail,43.3919
long_tail-5965,long_tail,160.7699
long_tail-5966,long_tail,163.3951
long_tail-5967,long_tail,11.6411
long_tail-5968,long_tail,20.7282
long_tail-5969,long_tail,38.379
long_tail-5970,long_tail,8.2344
long_tail-5971,long_tail,107.638
long_tail-5972,long_tail,14.1553
long_tail-5973,long_tail,13.7549
long_tail-5974,long_tail,14.999
long_tail-5975,long_tail,7.0073
long_tail-5976,long_tail,115.4887
long_tail-5977,long_tail,40.8132
long_tail-5978,long_tail,106.0478
long_tail-5979,long_tail,14.8563
long_tail-5980,long_tail,14.5967
long_tail-5981,long_tail,95.9277
long_tail-5982,long_tail,6.1029
long_tail-5983,long_tail,42.2156
long_tail-5984,long_tail,100.5498
long_tail-5985,long_tail,49.3735
long_tail-5986,long_tail,102.8846
long_tail-5987,long_tail,20.1083
long_tail-5988,long_tail,13.4193
long_tail-5989,long_tail,28.4116
long_tail-5990,long_tail,76.3313
long_tail-5991,long_tail,64.6241
long_tail-5992,long_tail,29.5804
long_tail-5993,long_tail,103.9302
long_tail-5994,long_tail,163.5146
long_tail-5995,long_tail,16.3392
long_tail-5996,long_tail,36.2489
long_tail-5997,long_tail,34.9516
long_tail-5998,long_tail,7.8113
long_tail-5999,long_tail,123.416
long_tail-6000,long_tail,30.5058
rare_cost-0001,rare_cost,22.0478
rare_cost-0002,rare_cost,20.5255
rare_cost-0003,rare_cost,13.5313
rare_cost-0004,rare_cost,19.654
rare_cost-0005,rare_cost,20.0118
rare_cost-0006,rare_cost,18.775
rare_cost-0007,rare_cost,21.9879
rare_cost-0008,rare_cost,18.9819
rare_cost-0009,rare_cost,18.8048
rare_cost-0010,rare_cost,161.4126
rare_cost-0011,rare_cost,24.8455
rare_cost-0012,rare_cost,21.3302
rare_cost-0013,rare_cost,19.37
rare_cost-0014,rare_cost,17.2384
rare_cost-0015,rare_cost,15.1924
rare_cost-0016,rare_cost,20.4186
rare_cost-0017,rare_cost,16.8273
rare_cost-0018,rare_cost,184.3807
rare_cost-0019,rare_cost,19.992
rare_cost-0020,rare_cost,17.2554
rare_cost-0021,rare_cost,20.4234
rare_cost-0022,rare_cost,21.4293
rare_cost-0023,rare_cost,17.9969
rare_cost-0024,rare_cost,19.4007
rare_cost-0025,rare_cost,16.9589
rare_cost-0026,rare_cost,15.7738
rare_cost-0027,rare_cost,18.6999
rare_cost-0028,rare_cost,21.1845
rare_cost-0029,rare_cost,22.063
rare_cost-0030,rare_cost,18.7477
rare_cost-0031,rare_cost,19.2375
rare_cost-0032,rare_cost,25.2854
rare_cost-0033,rare_cost,13.3524
rare_cost-0034,rare_cost,24.6333
rare_cost-0035,rare_cost,18.9729
rare_cost-0036,rare_cost,22.6714
rare_cost-0037,rare_cost,17.0886
rare_cost-0038,rare_cost,19.6677
rare_cost-0039,rare_cost,15.6358
rare_cost-0040,rare_cost,17.16
rare_cost-0041,rare_cost,23.1079
rare_cost-0042,rare_cost,16.8502
rare_cost-0043,rare_cost,20.0542
rare_cost-0044,rare_cost,23.3089
rare_cost-0045,rare_cost,18.0992
rare_cost-0046,rare_cost,18.681
rare_cost-0047,rare_cost,16.4634
rare_cost-0048,rare_cost,23.3674
rare_cost-0049,rare_cost,22.8007
rare_cost-0050,rare_cost,19.45
rare_cost-0051,rare_cost,14.3419
rare_cost-0052,rare_cost,18.5736
rare_cost-0053,rare_cost,14.3478
rare_cost-0054,rare_cost,22.7522
rare_cost-0055,rare_cost,15.9243
rare_cost-0056,rare_cost,22.7087
rare_cost-0057,rare_cost,20.8503
rare_cost-0058,rare_cost,23.9918
rare_cost-0059,rare_cost,18.5088
rare_cost-0060,rare_cost,153.95
rare_cost-0061,rare_cost,20.0926
rare_cost-0062,rare_cost,21.5898
rare_cost-0063,rare_cost,18.9317
rare_cost-0064,rare_cost,16.587
rare_cost-0065,rare_cost,18.3829
rare_cost-0066,rare_cost,19.3731
rare_cost-0067,rare_cost,19.472
rare_cost-0068,rare_cost,20.3266
rare_cost-0069,rare_cost,18.7072
rare_cost-0070,rare_cost,15.6982
rare_cost-0071,rare_cost,18.4349
rare_cost-0072,rare_cost,19.5418
rare_cost-0073,rare_cost,25.328
rare_cost-0074,rare_cost,15.3663
rare_cost-0075,rare_cost,21.7852
rare_cost-0076,rare_cost,22.8741
rare_cost-0077,rare_cost,20.7044
rare_cost-0078,rare_cost,22.778
rare_cost-0079,rare_cost,18.7063
rare_cost-0080,rare_cost,23.8382
rare_cost-0081,rare_cost,25.221
rare_cost-0082,rare_cost,13.2534
rare_cost-0083,rare_cost,22.1293
rare_cost-0084,rare_cost,19.3819
rare_cost-0085,rare_cost,23.5631
rare_cost-0086,rare_cost,21.0826
rare_cost-0087,rare_cost,17.2923
rare_cost-0088,rare_cost,16.0152
rare_cost-0089,rare_cost,23.0016
rare_cost-0090,rare_cost,17.2022
rare_cost-0091,rare_cost,14.8277
rare_cost-0092,rare_cost,19.2413
rare_cost-0093,rare_cost,19.1238
rare_cost-0094,rare_cost,24.4728
rare_cost-0095,rare_cost,18.9091
rare_cost-0096,rare_cost,20.1199
rare_cost-0097,rare_cost,18.3421
rare_cost-0098,rare_cost,17.4792
rare_cost-0099,rare_cost,25.3776
rare_cost-0100,rare_cost,17.7932
rare_cost-0101,rare_cost,22.4877
rare_cost-0102,rare_cost,22.2108
rare_cost-0103,rare_cost,139.5003
rare_cost-0104,rare_cost,18.5759
rare_cost-0105,rare_cost,22.7704
rare_cost-0106,rare_cost,15.8567
rare_cost-0107,rare_cost,17.0634
rare_cost-0108,rare_cost,17.7946
rare_cost-0109,rare_cost,17.0501
rare_cost-0110,rare_cost,23.6347
rare_cost-0111,rare_cost,20.1994
rare_cost-0112,rare_cost,16.5947
rare_cost-0113,rare_cost,18.2885
rare_cost-0114,rare_cost,19.9399
rare_cost-0115,rare_cost,17.5619
rare_cost-0116,rare_cost,20.5036
rare_cost-0117,rare_cost,20.959
rare_cost-0118,rare_cost,23.3665
rare_cost-0119,rare_cost,16.5755
rare_cost-0120,rare_cost,23.7773
rare_cost-0121,rare_cost,14.8854
rare_cost-0122,rare_cost,12.3092
rare_cost-0123,rare_cost,18.1375
rare_cost-0124,rare_cost,22.1261
rare_cost-0125,rare_cost,19.1537
rare_cost-0126,rare_cost,24.7521
rare_cost-0127,rare_cost,21.2768
rare_cost-0128,rare_cost,14.1366
rare_cost-0129,rare_cost,19.8105
rare_cost-0130,rare_cost,20.1482
rare_cost-0131,rare_cost,21.6149
rare_cost-0132,rare_cost,17.2385
rare_cost-0133,rare_cost,18.9935
rare_cost-0134,rare_cost,17.5516
rare_cost-0135,rare_cost,23.565
rare_cost-0136,rare_cost,19.9788
rare_cost-0137,rare_cost,13.4961
rare_cost-0138,rare_cost,20.3638
rare_cost-0139,rare_cost,23.2255
rare_cost-0140,rare_cost,17.5591
rare_cost-0141,rare_cost,18.4184
rare_cost-0142,rare_cost,19.172
rare_cost-0143,rare_cost,19.7016
rare_cost-0144,rare_cost,18.9562
rare_cost-0145,rare_cost,25.3097
rare_cost-0146,rare_cost,15.2414
rare_cost-0147,rare_cost,21.329
rare_cost-0148,rare_cost,21.6728
rare_cost-0149,rare_cost,24.0557
rare_cost-0150,rare_cost,23.6356
rare_cost-0151,rare_cost,17.739
rare_cost-0152,rare_cost,22.2418
rare_cost-0153,rare_cost,22.0202
rare_cost-0154,rare_cost,22.4794
rare_cost-0155,rare_cost,13.5444
rare_cost-0156,rare_cost,24.6839
rare_cost-0157,rare_cost,19.0007
rare_cost-0158,rare_cost,22.26
rare_cost-0159,rare_cost,19.8959
rare_cost-0160,rare_cost,17.2336
rare_cost-0161,rare_cost,22.133
rare_cost-0162,rare_cost,18.5997
rare_cost-0163,rare_cost,14.7734
rare_cost-0164,rare_cost,19.0053
rare_cost-0165,rare_cost,21.4662
rare_cost-0166,rare_cost,19.4263
rare_cost-0167,rare_cost,15.2422
rare_cost-0168,rare_cost,19.8008
rare_cost-0169,rare_cost,21.6589
rare_cost-0170,rare_cost,17.9841
rare_cost-0171,rare_cost,18.753
rare_cost-0172,rare_cost,19.0925
rare_cost-0173,rare_cost,162.4331
rare_cost-0174,rare_cost,19.5863
rare_cost-0175,rare_cost,19.2041
rare_cost-0176,rare_cost,26.8758
rare_cost-0177,rare_cost,23.9359
rare_cost-0178,rare_cost,21.7808
rare_cost-0179,rare_cost,22.319
rare_cost-0180,rare_cost,21.2369
rare_cost-0181,rare_cost,20.5687
rare_cost-0182,rare_cost,19.6369
rare_cost-0183,rare_cost,19.008
rare_cost-0184,rare_cost,13.7642
rare_cost-0185,rare_cost,20.969
rare_cost-0186,rare_cost,21.1007
rare_cost-0187,rare_cost,26.2325
rare_cost-0188,rare_cost,22.1668
rare_cost-0189,rare_cost,21.2262
rare_cost-0190,rare_cost,16.3196
rare_cost-0191,rare_cost,18.403
rare_cost-0192,rare_cost,21.902
rare_cost-0193,rare_cost,22.0578
rare_cost-0194,rare_cost,15.7877
rare_cost-0195,rare_cost,19.1387
rare_cost-0196,rare_cost,21.7507
rare_cost-0197,rare_cost,18.649
rare_cost-0198,rare_cost,18.4938
rare_cost-0199,rare_cost,23.159
rare_cost-0200,rare_cost,18.9356
rare_cost-0201,rare_cost,16.3771
rare_cost-0202,rare_cost,19.179
rare_cost-0203,rare_cost,173.0602
rare_cost-0204,rare_cost,17.8693
rare_cost-0205,rare_cost,22.1999
rare_cost-0206,rare_cost,20.1002
rare_cost-0207,rare_cost,17.5906
rare_cost-0208,rare_cost,21.9443
rare_cost-0209,rare_cost,21.2555
rare_cost-0210,rare_cost,21.2682
rare_cost-0211,rare_cost,16.2001
rare_cost-0212,rare_cost,15.435
rare_cost-0213,rare_cost,20.6783
rare_cost-0214,rare_cost,23.1789
rare_cost-0215,rare_cost,19.1652
rare_cost-0216,rare_cost,20.0846
rare_cost-0217,rare_cost,20.6598
rare_cost-0218,rare_cost,21.244
rare_cost-0219,rare_cost,20.9762
rare_cost-0220,rare_cost,20.459
rare_cost-0221,rare_cost,25.7769
rare_cost-0222,rare_cost,17.6329
rare_cost-0223,rare_cost,21.1988
rare_cost-0224,rare_cost,21.2825
rare_cost-0225,rare_cost,176.7039
rare_cost-0226,rare_cost,20.9116
rare_cost-0227,rare_cost,17.3314
rare_cost-0228,rare_cost,20.9935
rare_cost-0229,rare_cost,18.3886
rare_cost-0230,rare_cost,21.8427
rare_cost-0231,rare_cost,18.2478
rare_cost-0232,rare_cost,17.4883
rare_cost-0233,rare_cost,21.7346
rare_cost-0234,rare_cost,15.6017
rare_cost-0235,rare_cost,25.4619
rare_cost-0236,rare_cost,19.1968
rare_cost-0237,rare_cost,22.7523
rare_cost-0238,rare_cost,20.4918
rare_cost-0239,rare_cost,22.3921
rare_cost-0240,rare_cost,18.323
rare_cost-0241,rare_cost,20.5329
rare_cost-0242,rare_cost,17.067
rare_cost-0243,rare_cost,19.0692
rare_cost-0244,rare_cost,21.4553
rare_cost-0245,rare_cost,17.8063
rare_cost-0246,rare_cost,22.2346
rare_cost-0247,rare_cost,21.134
rare_cost-0248,rare_cost,22.3019
rare_cost-0249,rare_cost,16.4419
rare_cost-0250,rare_cost,21.1336
rare_cost-0251,rare_cost,20.9149
rare_cost-0252,rare_cost,17.2702
rare_cost-0253,rare_cost,22.8992
rare_cost-0254,rare_cost,18.8382
rare_cost-0255,rare_cost,16.344
rare_cost-0256,rare_cost,20.2479
rare_cost-0257,rare_cost,22.1257
rare_cost-0258,rare_cost,18.5771
rare_cost-0259,rare_cost,22.7816
rare_cost-0260,rare_cost,20.7915
rare_cost-0261,rare_cost,17.6683
rare_cost-0262,rare_cost,22.3155
rare_cost-0263,rare_cost,14.344
rare_cost-0264,rare_cost,21.5101
rare_cost-0265,rare_cost,20.0524
rare_cost-0266,rare_cost,24.1038
rare_cost-0267,rare_cost,19.7369
rare_cost-0268,rare_cost,24.3936
rare_cost-0269,rare_cost,15.4463
rare_cost-0270,rare_cost,17.2071
rare_cost-0271,rare_cost,18.495
rare_cost-0272,rare_cost,23.2823
rare_cost-0273,rare_cost,24.4723
rare_cost-0274,rare_cost,22.9721
rare_cost-0275,rare_cost,16.5694
rare_cost-0276,rare_cost,17.7538
rare_cost-0277,rare_cost,22.1995
rare_cost-0278,rare_cost,13.7848
rare_cost-0279,rare_cost,21.5419
rare_cost-0280,rare_cost,18.2369
rare_cost-0281,rare_cost,19.101
rare_cost-0282,rare_cost,17.2644
rare_cost-0283,rare_cost,164.0185
rare_cost-0284,rare_cost,18.5415
rare_cost-0285,rare_cost,18.0221
rare_cost-0286,rare_cost,21.9286
rare_cost-0287,rare_cost,21.3795
rare_cost-0288,rare_cost,16.6043
rare_cost-0289,rare_cost,188.8895
rare_cost-0290,rare_cost,21.4064
rare_cost-0291,rare_cost,17.938
rare_cost-0292,rare_cost,22.7771
rare_cost-0293,rare_cost,21.159
rare_cost-0294,rare_cost,18.8354
rare_cost-0295,rare_cost,12.3743
rare_cost-0296,rare_cost,20.8813
rare_cost-0297,rare_cost,14.0785
rare_cost-0298,rare_cost,16.8028
rare_cost-0299,rare_cost,21.1231
rare_cost-0300,rare_cost,17.313
rare_cost-0301,rare_cost,21.9509
rare_cost-0302,rare_cost,21.5233
rare_cost-0303,rare_cost,182.7791
rare_cost-0304,rare_cost,22.4451
rare_cost-0305,rare_cost,18.0348
rare_cost-0306,rare_cost,21.0018
rare_cost-0307,rare_cost,21.3564
rare_cost-0308,rare_cost,24.3979
rare_cost-0309,rare_cost,17.0228
rare_cost-0310,rare_cost,20.0034
rare_cost-0311,rare_cost,22.22
rare_cost-0312,rare_cost,19.8354
rare_cost-0313,rare_cost,150.9551
rare_cost-0314,rare_cost,13.8583
rare_cost-0315,rare_cost,16.3802
rare_cost-0316,rare_cost,17.3514
rare_cost-0317,rare_cost,15.9807
rare_cost-0318,rare_cost,22.0065
rare_cost-0319,rare_cost,18.706
rare_cost-0320,rare_cost,19.2293
rare_cost-0321,rare_cost,18.8305
rare_cost-0322,rare_cost,22.5516
rare_cost-0323,rare_cost,20.3311
rare_cost-0324,rare_cost,21.5143
rare_cost-0325,rare_cost,22.8265
rare_cost-0326,rare_cost,20.4492
rare_cost-0327,rare_cost,184.0274
rare_cost-0328,rare_cost,16.685
rare_cost-0329,rare_cost,19.5815
rare_cost-0330,rare_cost,16.8217
rare_cost-0331,rare_cost,23.0494
rare_cost-0332,rare_cost,15.5313
rare_cost-0333,rare_cost,22.3118
rare_cost-0334,rare_cost,16.9165
rare_cost-0335,rare_cost,20.1786
rare_cost-0336,rare_cost,12.6953
rare_cost-0337,rare_cost,18.0767
rare_cost-0338,rare_cost,18.3957
rare_cost-0339,rare_cost,18.2504
rare_cost-0340,rare_cost,18.2965
rare_cost-0341,rare_cost,21.9475
rare_cost-0342,rare_cost,20.8712
rare_cost-0343,rare_cost,20.0869
rare_cost-0344,rare_cost,20.5232
rare_cost-0345,rare_cost,21.5213
rare_cost-0346,rare_cost,15.9505
rare_cost-0347,rare_cost,20.4393
rare_cost-0348,rare_cost,23.1745
rare_cost-0349,rare_cost,21.7368
rare_cost-0350,rare_cost,15.8419
rare_cost-0351,rare_cost,20.7941
rare_cost-0352,rare_cost,17.1286
rare_cost-0353,rare_cost,15.3353
rare_cost-0354,rare_cost,16.4178
rare_cost-0355,rare_cost,18.691
rare_cost-0356,rare_cost,19.9015
rare_cost-0357,rare_cost,18.1616
rare_cost-0358,rare_cost,16.8676
rare_cost-0359,rare_cost,20.3499
rare_cost-0360,rare_cost,21.9747
rare_cost-0361,rare_cost,17.3196
rare_cost-0362,rare_cost,193.5316
rare_cost-0363,rare_cost,20.6445
rare_cost-0364,rare_cost,17.7542
rare_cost-0365,rare_cost,20.5457
rare_cost-0366,rare_cost,19.2336
rare_cost-0367,rare_cost,164.3909
rare_cost-0368,rare_cost,11.2135
rare_cost-0369,rare_cost,14.5767
rare_cost-0370,rare_cost,26.9143
rare_cost-0371,rare_cost,179.3823
rare_cost-0372,rare_cost,25.821
rare_cost-0373,rare_cost,17.668
rare_cost-0374,rare_cost,16.9093
rare_cost-0375,rare_cost,17.4911
rare_cost-0376,rare_cost,16.3814
rare_cost-0377,rare_cost,21.5124
rare_cost-0378,rare_cost,22.2248
rare_cost-0379,rare_cost,21.3522
rare_cost-0380,rare_cost,24.5019
rare_cost-0381,rare_cost,21.4853
rare_cost-0382,rare_cost,26.6093
rare_cost-0383,rare_cost,20.3458
rare_cost-0384,rare_cost,19.1398
rare_cost-0385,rare_cost,24.3461
rare_cost-0386,rare_cost,18.6351
rare_cost-0387,rare_cost,21.2763
rare_cost-0388,rare_cost,22.6367
rare_cost-0389,rare_cost,19.6518
rare_cost-0390,rare_cost,17.7053
rare_cost-0391,rare_cost,21.0447
rare_cost-0392,rare_cost,14.9218
rare_cost-0393,rare_cost,15.9269
rare_cost-0394,rare_cost,14.9445
rare_cost-0395,rare_cost,19.9849
rare_cost-0396,rare_cost,15.3742
rare_cost-0397,rare_cost,25.2246
rare_cost-0398,rare_cost,16.5161
rare_cost-0399,rare_cost,14.0944
rare_cost-0400,rare_cost,19.0642
rare_cost-0401,rare_cost,22.8183
rare_cost-0402,rare_cost,21.4427
rare_cost-0403,rare_cost,23.6175
rare_cost-0404,rare_cost,23.6613
rare_cost-0405,rare_cost,16.3812
rare_cost-0406,rare_cost,21.5058
rare_cost-0407,rare_cost,18.3658
rare_cost-0408,rare_cost,25.3469
rare_cost-0409,rare_cost,22.1906
rare_cost-0410,rare_cost,20.0937
rare_cost-0411,rare_cost,16.4316
rare_cost-0412,rare_cost,21.6352
rare_cost-0413,rare_cost,18.4035
rare_cost-0414,rare_cost,21.1451
rare_cost-0415,rare_cost,27.5941
rare_cost-0416,rare_cost,20.2545
rare_cost-0417,rare_cost,23.2227
rare_cost-0418,rare_cost,24.9626
rare_cost-0419,rare_cost,20.3038
rare_cost-0420,rare_cost,17.6534
rare_cost-0421,rare_cost,189.8483
rare_cost-0422,rare_cost,17.064
rare_cost-0423,rare_cost,18.0632
rare_cost-0424,rare_cost,19.3058
rare_cost-0425,rare_cost,18.712
rare_cost-0426,rare_cost,19.7093
rare_cost-0427,rare_cost,19.7935
rare_cost-0428,rare_cost,17.1733
rare_cost-0429,rare_cost,19.8942
rare_cost-0430,rare_cost,22.2932
rare_cost-0431,rare_cost,24.3589
rare_cost-0432,rare_cost,22.2482
rare_cost-0433,rare_cost,16.779
rare_cost-0434,rare_cost,25.3335
rare_cost-0435,rare_cost,25.7871
rare_cost-0436,rare_cost,215.8381
rare_cost-0437,rare_cost,19.0163
rare_cost-0438,rare_cost,20.5291
rare_cost-0439,rare_cost,17.1818
rare_cost-0440,rare_cost,23.3567
rare_cost-0441,rare_cost,16.9812
rare_cost-0442,rare_cost,21.3511
rare_cost-0443,rare_cost,19.5314
rare_cost-0444,rare_cost,21.6079
rare_cost-0445,rare_cost,18.4001
rare_cost-0446,rare_cost,19.8366
rare_cost-0447,rare_cost,25.044
rare_cost-0448,rare_cost,19.8434
rare_cost-0449,rare_cost,25.1339
rare_cost-0450,rare_cost,23.3765
rare_cost-0451,rare_cost,21.1939
rare_cost-0452,rare_cost,211.2518
rare_cost-0453,rare_cost,21.8849
rare_cost-0454,rare_cost,21.9758
rare_cost-0455,rare_cost,21.769
rare_cost-0456,rare_cost,18.3554
rare_cost-0457,rare_cost,20.8788
rare_cost-0458,rare_cost,25.5823
rare_cost-0459,rare_cost,170.89
rare_cost-0460,rare_cost,18.7027
rare_cost-0461,rare_cost,18.494
rare_cost-0462,rare_cost,24.3132
rare_cost-0463,rare_cost,19.7301
rare_cost-0464,rare_cost,20.7169
rare_cost-0465,rare_cost,10.4902
rare_cost-0466,rare_cost,19.9658
rare_cost-0467,rare_cost,18.8914
rare_cost-0468,rare_cost,18.6355
rare_cost-0469,rare_cost,21.5274
rare_cost-0470,rare_cost,21.4865
rare_cost-0471,rare_cost,19.5423
rare_cost-0472,rare_cost,22.015
rare_cost-0473,rare_cost,19.0262
rare_cost-0474,rare_cost,18.554
rare_cost-0475,rare_cost,17.4799
rare_cost-0476,rare_cost,166.3703
rare_cost-0477,rare_cost,24.6069
rare_cost-0478,rare_cost,17.5294
rare_cost-0479,rare_cost,22.8155
rare_cost-0480,rare_cost,15.8838
rare_cost-0481,rare_cost,26.3487
rare_cost-0482,rare_cost,19.5611
rare_cost-0483,rare_cost,21.7833
rare_cost-0484,rare_cost,23.6326
rare_cost-0485,rare_cost,18.6599
rare_cost-0486,rare_cost,17.8491
rare_cost-0487,rare_cost,21.6576
rare_cost-0488,rare_cost,22.4243
rare_cost-0489,rare_cost,20.3752
rare_cost-0490,rare_cost,21.4257
rare_cost-0491,rare_cost,25.9504
rare_cost-0492,rare_cost,19.8652
rare_cost-0493,rare_cost,21.4802
rare_cost-0494,rare_cost,24.2736
rare_cost-0495,rare_cost,12.0095
rare_cost-0496,rare_cost,19.6069
rare_cost-0497,rare_cost,20.0894
rare_cost-0498,rare_cost,22.5546
rare_cost-0499,rare_cost,15.4529
rare_cost-0500,rare_cost,18.0031
rare_cost-0501,rare_cost,15.155
rare_cost-0502,rare_cost,20.38
rare_cost-0503,rare_cost,18.4905
rare_cost-0504,rare_cost,15.7388
rare_cost-0505,rare_cost,24.2182
rare_cost-0506,rare_cost,20.6804
rare_cost-0507,rare_cost,14.239
rare_cost-0508,rare_cost,17.2736
rare_cost-0509,rare_cost,16.756
rare_cost-0510,rare_cost,18.1985
rare_cost-0511,rare_cost,17.8151
rare_cost-0512,rare_cost,25.4564
rare_cost-0513,rare_cost,16.7272
rare_cost-0514,rare_cost,21.7641
rare_cost-0515,rare_cost,20.6043
rare_cost-0516,rare_cost,16.2156
rare_cost-0517,rare_cost,14.6405
rare_cost-0518,rare_cost,23.3204
rare_cost-0519,rare_cost,17.4278
rare_cost-0520,rare_cost,18.0785
rare_cost-0521,rare_cost,17.2582
rare_cost-0522,rare_cost,20.8311
rare_cost-0523,rare_cost,18.6925
rare_cost-0524,rare_cost,22.0339
rare_cost-0525,rare_cost,15.6051
rare_cost-0526,rare_cost,20.0374
rare_cost-0527,rare_cost,19.1452
rare_cost-0528,rare_cost,20.8261
rare_cost-0529,rare_cost,20.1638
rare_cost-0530,rare_cost,22.5665
rare_cost-0531,rare_cost,20.3557
rare_cost-0532,rare_cost,18.0865
rare_cost-0533,rare_cost,27.0526
rare_cost-0534,rare_cost,17.4606
rare_cost-0535,rare_cost,20.2426
rare_cost-0536,rare_cost,16.3779
rare_cost-0537,rare_cost,14.1744
rare_cost-0538,rare_cost,21.2981
rare_cost-0539,rare_cost,21.537
rare_cost-0540,rare_cost,19.9208
rare_cost-0541,rare_cost,18.9685
rare_cost-0542,rare_cost,15.0887
rare_cost-0543,rare_cost,22.178
rare_cost-0544,rare_cost,21.6037
rare_cost-0545,rare_cost,17.9107
rare_cost-0546,rare_cost,18.5399
rare_cost-0547,rare_cost,25.2856
rare_cost-0548,rare_cost,23.916
rare_cost-0549,rare_cost,22.4505
rare_cost-0550,rare_cost,20.45
rare_cost-0551,rare_cost,20.8007
rare_cost-0552,rare_cost,18.9554
rare_cost-0553,rare_cost,22.4807
rare_cost-0554,rare_cost,19.8081
rare_cost-0555,rare_cost,18.3014
rare_cost-0556,rare_cost,20.1728
rare_cost-0557,rare_cost,21.4956
rare_cost-0558,rare_cost,23.2559
rare_cost-0559,rare_cost,18.766
rare_cost-0560,rare_cost,19.6539
rare_cost-0561,rare_cost,19.9296
rare_cost-0562,rare_cost,23.2749
rare_cost-0563,rare_cost,12.8165
rare_cost-0564,rare_cost,21.2121
rare_cost-0565,rare_cost,21.4279
rare_cost-0566,rare_cost,18.7634
rare_cost-0567,rare_cost,15.5747
rare_cost-0568,rare_cost,19.1803
rare_cost-0569,rare_cost,20.602
rare_cost-0570,rare_cost,16.7405
rare_cost-0571,rare_cost,20.1873
rare_cost-0572,rare_cost,26.8395
rare_cost-0573,rare_cost,21.5998
rare_cost-0574,rare_cost,17.6463
rare_cost-0575,rare_cost,21.2665
rare_cost-0576,rare_cost,23.3226
rare_cost-0577,rare_cost,21.8459
rare_cost-0578,rare_cost,21.1677
rare_cost-0579,rare_cost,23.4051
rare_cost-0580,rare_cost,18.6834
rare_cost-0581,rare_cost,215.835
rare_cost-0582,rare_cost,26.5695
rare_cost-0583,rare_cost,16.3014
rare_cost-0584,rare_cost,22.1011
rare_cost-0585,rare_cost,191.7992
rare_cost-0586,rare_cost,19.0632
rare_cost-0587,rare_cost,20.9073
rare_cost-0588,rare_cost,16.2992
rare_cost-0589,rare_cost,21.3247
rare_cost-0590,rare_cost,16.597
rare_cost-0591,rare_cost,18.1933
rare_cost-0592,rare_cost,20.0459
rare_cost-0593,rare_cost,20.347
rare_cost-0594,rare_cost,17.0118
rare_cost-0595,rare_cost,22.1935
rare_cost-0596,rare_cost,185.6892
rare_cost-0597,rare_cost,17.6599
rare_cost-0598,rare_cost,17.4527
rare_cost-0599,rare_cost,17.904
rare_cost-0600,rare_cost,18.231
rare_cost-0601,rare_cost,20.734
rare_cost-0602,rare_cost,22.0009
rare_cost-0603,rare_cost,23.5394
rare_cost-0604,rare_cost,16.9531
rare_cost-0605,rare_cost,18.1616
rare_cost-0606,rare_cost,22.726
rare_cost-0607,rare_cost,16.5755
rare_cost-0608,rare_cost,20.2325
rare_cost-0609,rare_cost,20.4953
rare_cost-0610,rare_cost,22.8581
rare_cost-0611,rare_cost,19.8898
rare_cost-0612,rare_cost,19.3233
rare_cost-0613,rare_cost,19.0956
rare_cost-0614,rare_cost,15.2464
rare_cost-0615,rare_cost,15.1964
rare_cost-0616,rare_cost,25.0264
rare_cost-0617,rare_cost,20.2071
rare_cost-0618,rare_cost,23.0716
rare_cost-0619,rare_cost,15.3104
rare_cost-0620,rare_cost,190.7839
rare_cost-0621,rare_cost,27.9776
rare_cost-0622,rare_cost,20.7249
rare_cost-0623,rare_cost,23.4993
rare_cost-0624,rare_cost,19.7031
rare_cost-0625,rare_cost,20.4034
rare_cost-0626,rare_cost,19.5744
rare_cost-0627,rare_cost,18.0768
rare_cost-0628,rare_cost,20.2461
rare_cost-0629,rare_cost,18.184
rare_cost-0630,rare_cost,26.8464
rare_cost-0631,rare_cost,17.4887
rare_cost-0632,rare_cost,23.0482
rare_cost-0633,rare_cost,20.6981
rare_cost-0634,rare_cost,22.2725
rare_cost-0635,rare_cost,22.931
rare_cost-0636,rare_cost,17.627
rare_cost-0637,rare_cost,22.4884
rare_cost-0638,rare_cost,10.9432
rare_cost-0639,rare_cost,14.5903
rare_cost-0640,rare_cost,20.8878
rare_cost-0641,rare_cost,21.142
rare_cost-0642,rare_cost,23.2481
rare_cost-0643,rare_cost,22.9367
rare_cost-0644,rare_cost,22.2059
rare_cost-0645,rare_cost,14.8632
rare_cost-0646,rare_cost,21.6982
rare_cost-0647,rare_cost,22.2338
rare_cost-0648,rare_cost,22.2753
rare_cost-0649,rare_cost,21.1559
rare_cost-0650,rare_cost,15.0617
rare_cost-0651,rare_cost,15.6478
rare_cost-0652,rare_cost,19.8932
rare_cost-0653,rare_cost,15.8953
rare_cost-0654,rare_cost,18.1111
rare_cost-0655,rare_cost,17.9448
rare_cost-0656,rare_cost,23.0141
rare_cost-0657,rare_cost,23.051
rare_cost-0658,rare_cost,22.4992
rare_cost-0659,rare_cost,25.3827
rare_cost-0660,rare_cost,23.9409
rare_cost-0661,rare_cost,16.5035
rare_cost-0662,rare_cost,20.2489
rare_cost-0663,rare_cost,22.5566
rare_cost-0664,rare_cost,17.9836
rare_cost-0665,rare_cost,22.5676
rare_cost-0666,rare_cost,17.6044
rare_cost-0667,rare_cost,16.4434
rare_cost-0668,rare_cost,19.9216
rare_cost-0669,rare_cost,17.1971
rare_cost-0670,rare_cost,20.2594
rare_cost-0671,rare_cost,18.9473
rare_cost-0672,rare_cost,18.4279
rare_cost-0673,rare_cost,17.6824
rare_cost-0674,rare_cost,24.0205
rare_cost-0675,rare_cost,20.803
rare_cost-0676,rare_cost,22.2638
rare_cost-0677,rare_cost,190.6476
rare_cost-0678,rare_cost,19.7896
rare_cost-0679,rare_cost,15.8155
rare_cost-0680,rare_cost,20.4932
rare_cost-0681,rare_cost,16.7786
rare_cost-0682,rare_cost,17.8776
rare_cost-0683,rare_cost,170.0452
rare_cost-0684,rare_cost,22.0483
rare_cost-0685,rare_cost,20.004
rare_cost-0686,rare_cost,16.08
rare_cost-0687,rare_cost,22.6676
rare_cost-0688,rare_cost,22.0712
rare_cost-0689,rare_cost,19.0128
rare_cost-0690,rare_cost,23.4822
rare_cost-0691,rare_cost,21.5307
rare_cost-0692,rare_cost,23.603
rare_cost-0693,rare_cost,20.5321
rare_cost-0694,rare_cost,21.2239
rare_cost-0695,rare_cost,21.0643
rare_cost-0696,rare_cost,26.0258
rare_cost-0697,rare_cost,20.0607
rare_cost-0698,rare_cost,19.5906
rare_cost-0699,rare_cost,16.568
rare_cost-0700,rare_cost,15.3183
rare_cost-0701,rare_cost,22.8045
rare_cost-0702,rare_cost,17.7411
rare_cost-0703,rare_cost,200.3835
rare_cost-0704,rare_cost,16.8318
rare_cost-0705,rare_cost,18.7786
rare_cost-0706,rare_cost,23.3813
rare_cost-0707,rare_cost,19.5752
rare_cost-0708,rare_cost,22.5904
rare_cost-0709,rare_cost,19.1267
rare_cost-0710,rare_cost,20.6593
rare_cost-0711,rare_cost,24.4263
rare_cost-0712,rare_cost,19.2583
rare_cost-0713,rare_cost,17.0116
rare_cost-0714,rare_cost,18.4018
rare_cost-0715,rare_cost,14.7873
rare_cost-0716,rare_cost,21.8448
rare_cost-0717,rare_cost,21.9037
rare_cost-0718,rare_cost,20.0388
rare_cost-0719,rare_cost,22.9027
rare_cost-0720,rare_cost,11.2278
rare_cost-0721,rare_cost,19.6835
rare_cost-0722,rare_cost,20.9608
rare_cost-0723,rare_cost,20.665
rare_cost-0724,rare_cost,18.9808
rare_cost-0725,rare_cost,23.0111
rare_cost-0726,rare_cost,22.2709
rare_cost-0727,rare_cost,27.4797
rare_cost-0728,rare_cost,26.339
rare_cost-0729,rare_cost,18.6634
rare_cost-0730,rare_cost,19.729
rare_cost-0731,rare_cost,25.4116
rare_cost-0732,rare_cost,22.7141
rare_cost-0733,rare_cost,12.9691
rare_cost-0734,rare_cost,17.3592
rare_cost-0735,rare_cost,21.6326
rare_cost-0736,rare_cost,18.7397
rare_cost-0737,rare_cost,17.9786
rare_cost-0738,rare_cost,21.6442
rare_cost-0739,rare_cost,15.2203
rare_cost-0740,rare_cost,22.9963
rare_cost-0741,rare_cost,20.2519
rare_cost-0742,rare_cost,21.1067
rare_cost-0743,rare_cost,16.6519
rare_cost-0744,rare_cost,22.1422
rare_cost-0745,rare_cost,21.0466
rare_cost-0746,rare_cost,21.32
rare_cost-0747,rare_cost,182.7251
rare_cost-0748,rare_cost,17.4763
rare_cost-0749,rare_cost,19.0174
rare_cost-0750,rare_cost,16.0871
rare_cost-0751,rare_cost,22.1616
rare_cost-0752,rare_cost,21.0567
rare_cost-0753,rare_cost,15.8384
rare_cost-0754,rare_cost,211.1233
rare_cost-0755,rare_cost,17.2507
rare_cost-0756,rare_cost,16.1279
rare_cost-0757,rare_cost,23.5806
rare_cost-0758,rare_cost,19.1504
rare_cost-0759,rare_cost,19.6996
rare_cost-0760,rare_cost,16.4655
rare_cost-0761,rare_cost,200.6537
rare_cost-0762,rare_cost,19.085
rare_cost-0763,rare_cost,20.6342
rare_cost-0764,rare_cost,17.009
rare_cost-0765,rare_cost,14.4866
rare_cost-0766,rare_cost,17.4161
rare_cost-0767,rare_cost,17.3029
rare_cost-0768,rare_cost,19.0105
rare_cost-0769,rare_cost,19.4846
rare_cost-0770,rare_cost,23.4869
rare_cost-0771,rare_cost,18.4828
rare_cost-0772,rare_cost,17.3689
rare_cost-0773,rare_cost,15.3187
rare_cost-0774,rare_cost,21.7783
rare_cost-0775,rare_cost,20.234
rare_cost-0776,rare_cost,18.0682
rare_cost-0777,rare_cost,17.2139
rare_cost-0778,rare_cost,16.8253
rare_cost-0779,rare_cost,19.2812
rare_cost-0780,rare_cost,18.287
rare_cost-0781,rare_cost,24.2087
rare_cost-0782,rare_cost,20.6874
rare_cost-0783,rare_cost,20.7026
rare_cost-0784,rare_cost,24.06
rare_cost-0785,rare_cost,21.2731
rare_cost-0786,rare_cost,19.9149
rare_cost-0787,rare_cost,21.0428
rare_cost-0788,rare_cost,24.7629
rare_cost-0789,rare_cost,22.0412
rare_cost-0790,rare_cost,19.8879
rare_cost-0791,rare_cost,17.8859
rare_cost-0792,rare_cost,17.2006
rare_cost-0793,rare_cost,23.3657
rare_cost-0794,rare_cost,18.0219
rare_cost-0795,rare_cost,21.7987
rare_cost-0796,rare_cost,185.7663
rare_cost-0797,rare_cost,23.227
rare_cost-0798,rare_cost,15.7779
rare_cost-0799,rare_cost,20.7308
rare_cost-0800,rare_cost,20.1325
rare_cost-0801,rare_cost,19.236
rare_cost-0802,rare_cost,22.8145
rare_cost-0803,rare_cost,16.9531
rare_cost-0804,rare_cost,14.5689
rare_cost-0805,rare_cost,16.3363
rare_cost-0806,rare_cost,19.4679
rare_cost-0807,rare_cost,18.2563
rare_cost-0808,rare_cost,21.7564
rare_cost-0809,rare_cost,19.797
rare_cost-0810,rare_cost,23.7006
rare_cost-0811,rare_cost,22.0565
rare_cost-0812,rare_cost,23.4683
rare_cost-0813,rare_cost,25.7196
rare_cost-0814,rare_cost,24.6365
rare_cost-0815,rare_cost,159.6272
rare_cost-0816,rare_cost,25.1111
rare_cost-0817,rare_cost,20.1081
rare_cost-0818,rare_cost,19.0128
rare_cost-0819,rare_cost,20.5199
rare_cost-0820,rare_cost,25.8371
rare_cost-0821,rare_cost,19.3386
rare_cost-0822,rare_cost,17.1816
rare_cost-0823,rare_cost,21.2354
rare_cost-0824,rare_cost,19.5327
rare_cost-0825,rare_cost,27.7729
rare_cost-0826,rare_cost,20.6205
rare_cost-0827,rare_cost,21.3806
rare_cost-0828,rare_cost,20.0106
rare_cost-0829,rare_cost,11.1169
rare_cost-0830,rare_cost,22.4127
rare_cost-0831,rare_cost,21.0604
rare_cost-0832,rare_cost,23.1158
rare_cost-0833,rare_cost,17.3721
rare_cost-0834,rare_cost,17.8369
rare_cost-0835,rare_cost,19.3155
rare_cost-0836,rare_cost,20.827
rare_cost-0837,rare_cost,21.7304
rare_cost-0838,rare_cost,19.0583
rare_cost-0839,rare_cost,20.3262
rare_cost-0840,rare_cost,16.4569
rare_cost-0841,rare_cost,192.477
rare_cost-0842,rare_cost,24.1826
rare_cost-0843,rare_cost,21.2244
rare_cost-0844,rare_cost,21.0
rare_cost-0845,rare_cost,18.4237
rare_cost-0846,rare_cost,15.5153
rare_cost-0847,rare_cost,21.9849
rare_cost-0848,rare_cost,14.2161
rare_cost-0849,rare_cost,20.7011
rare_cost-0850,rare_cost,18.7096
rare_cost-0851,rare_cost,17.7086
rare_cost-0852,rare_cost,18.0938
rare_cost-0853,rare_cost,20.0976
rare_cost-0854,rare_cost,23.7049
rare_cost-0855,rare_cost,16.3398
rare_cost-0856,rare_cost,18.85
rare_cost-0857,rare_cost,15.1271
rare_cost-0858,rare_cost,19.9517
rare_cost-0859,rare_cost,19.714
rare_cost-0860,rare_cost,19.0486
rare_cost-0861,rare_cost,19.5942
rare_cost-0862,rare_cost,23.9004
rare_cost-0863,rare_cost,14.9674
rare_cost-0864,rare_cost,18.2724
rare_cost-0865,rare_cost,18.0642
rare_cost-0866,rare_cost,18.6635
rare_cost-0867,rare_cost,17.0139
rare_cost-0868,rare_cost,18.6305
rare_cost-0869,rare_cost,19.5751
rare_cost-0870,rare_cost,19.6262
rare_cost-0871,rare_cost,22.628
rare_cost-0872,rare_cost,186.9416
rare_cost-0873,rare_cost,19.5272
rare_cost-0874,rare_cost,23.7523
rare_cost-0875,rare_cost,20.7803
rare_cost-0876,rare_cost,26.2056
rare_cost-0877,rare_cost,14.6458
rare_cost-0878,rare_cost,15.8646
rare_cost-0879,rare_cost,22.9293
rare_cost-0880,rare_cost,22.5276
rare_cost-0881,rare_cost,17.1043
rare_cost-0882,rare_cost,20.2702
rare_cost-0883,rare_cost,21.86
rare_cost-0884,rare_cost,18.2221
rare_cost-0885,rare_cost,17.4621
rare_cost-0886,rare_cost,19.552
rare_cost-0887,rare_cost,17.4589
rare_cost-0888,rare_cost,17.4018
rare_cost-0889,rare_cost,18.1657
rare_cost-0890,rare_cost,23.9205
rare_cost-0891,rare_cost,19.0324
rare_cost-0892,rare_cost,23.7607
rare_cost-0893,rare_cost,20.8054
rare_cost-0894,rare_cost,21.9125
rare_cost-0895,rare_cost,21.5256
rare_cost-0896,rare_cost,131.2639
rare_cost-0897,rare_cost,18.4174
rare_cost-0898,rare_cost,25.1053
rare_cost-0899,rare_cost,194.0072
rare_cost-0900,rare_cost,24.4701
rare_cost-0901,rare_cost,19.4448
rare_cost-0902,rare_cost,22.3893
rare_cost-0903,rare_cost,21.1853
rare_cost-0904,rare_cost,24.1608
rare_cost-0905,rare_cost,16.784
rare_cost-0906,rare_cost,17.3149
rare_cost-0907,rare_cost,26.2808
rare_cost-0908,rare_cost,16.5796
rare_cost-0909,rare_cost,187.366
rare_cost-0910,rare_cost,22.7038
rare_cost-0911,rare_cost,23.9088
rare_cost-0912,rare_cost,20.5176
rare_cost-0913,rare_cost,15.0977
rare_cost-0914,rare_cost,190.0421
rare_cost-0915,rare_cost,25.0718
rare_cost-0916,rare_cost,21.9965
rare_cost-0917,rare_cost,19.9935
rare_cost-0918,rare_cost,21.8683
rare_cost-0919,rare_cost,16.2026
rare_cost-0920,rare_cost,18.9971
rare_cost-0921,rare_cost,22.095
rare_cost-0922,rare_cost,21.8032
rare_cost-0923,rare_cost,19.7131
rare_cost-0924,rare_cost,18.7014
rare_cost-0925,rare_cost,16.1345
rare_cost-0926,rare_cost,18.0498
rare_cost-0927,rare_cost,17.0077
rare_cost-0928,rare_cost,24.557
rare_cost-0929,rare_cost,19.1098
rare_cost-0930,rare_cost,23.344
rare_cost-0931,rare_cost,23.8173
rare_cost-0932,rare_cost,23.3864
rare_cost-0933,rare_cost,20.44
rare_cost-0934,rare_cost,20.2026
rare_cost-0935,rare_cost,19.0506
rare_cost-0936,rare_cost,20.6412
rare_cost-0937,rare_cost,22.3757
rare_cost-0938,rare_cost,23.7941
rare_cost-0939,rare_cost,22.143
rare_cost-0940,rare_cost,16.246
rare_cost-0941,rare_cost,16.7198
rare_cost-0942,rare_cost,24.9819
rare_cost-0943,rare_cost,19.0382
rare_cost-0944,rare_cost,21.1378
rare_cost-0945,rare_cost,19.996
rare_cost-0946,rare_cost,23.6014
rare_cost-0947,rare_cost,25.3399
rare_cost-0948,rare_cost,19.8646
rare_cost-0949,rare_cost,23.5451
rare_cost-0950,rare_cost,17.8375
rare_cost-0951,rare_cost,14.5626
rare_cost-0952,rare_cost,180.4924
rare_cost-0953,rare_cost,19.5585
rare_cost-0954,rare_cost,174.1294
rare_cost-0955,rare_cost,19.5382
rare_cost-0956,rare_cost,17.5017
rare_cost-0957,rare_cost,17.3706
rare_cost-0958,rare_cost,15.9008
rare_cost-0959,rare_cost,19.7647
rare_cost-0960,rare_cost,18.9039
rare_cost-0961,rare_cost,23.4305
rare_cost-0962,rare_cost,17.9228
rare_cost-0963,rare_cost,17.2153
rare_cost-0964,rare_cost,20.1459
rare_cost-0965,rare_cost,20.8189
rare_cost-0966,rare_cost,19.4379
rare_cost-0967,rare_cost,20.2192
rare_cost-0968,rare_cost,23.6347
rare_cost-0969,rare_cost,17.1737
rare_cost-0970,rare_cost,17.5354
rare_cost-0971,rare_cost,23.2224
rare_cost-0972,rare_cost,15.6446
rare_cost-0973,rare_cost,22.1034
rare_cost-0974,rare_cost,21.1356
rare_cost-0975,rare_cost,18.5928
rare_cost-0976,rare_cost,23.5164
rare_cost-0977,rare_cost,20.1307
rare_cost-0978,rare_cost,18.1062
rare_cost-0979,rare_cost,20.9205
rare_cost-0980,rare_cost,22.4983
rare_cost-0981,rare_cost,21.9924
rare_cost-0982,rare_cost,23.1531
rare_cost-0983,rare_cost,24.0572
rare_cost-0984,rare_cost,24.3729
rare_cost-0985,rare_cost,18.2118
rare_cost-0986,rare_cost,19.9667
rare_cost-0987,rare_cost,22.9901
rare_cost-0988,rare_cost,13.0063
rare_cost-0989,rare_cost,15.0098
rare_cost-0990,rare_cost,17.2814
rare_cost-0991,rare_cost,22.2151
rare_cost-0992,rare_cost,16.727
rare_cost-0993,rare_cost,21.2528
rare_cost-0994,rare_cost,208.9794
rare_cost-0995,rare_cost,18.0691
rare_cost-0996,rare_cost,195.5528
rare_cost-0997,rare_cost,17.6264
rare_cost-0998,rare_cost,21.6468
rare_cost-0999,rare_cost,16.0801
rare_cost-1000,rare_cost,22.5875
rare_cost-1001,rare_cost,20.9933
rare_cost-1002,rare_cost,19.3299
rare_cost-1003,rare_cost,15.5372
rare_cost-1004,rare_cost,19.9526
rare_cost-1005,rare_cost,21.1889
rare_cost-1006,rare_cost,19.4017
rare_cost-1007,rare_cost,21.7154
rare_cost-1008,rare_cost,22.9984
rare_cost-1009,rare_cost,17.6095
rare_cost-1010,rare_cost,17.5915
rare_cost-1011,rare_cost,205.2652
rare_cost-1012,rare_cost,20.7266
rare_cost-1013,rare_cost,22.7588
rare_cost-1014,rare_cost,16.8413
rare_cost-1015,rare_cost,22.4942
rare_cost-1016,rare_cost,238.1222
rare_cost-1017,rare_cost,24.3375
rare_cost-1018,rare_cost,26.352
rare_cost-1019,rare_cost,16.7036
rare_cost-1020,rare_cost,162.8747
rare_cost-1021,rare_cost,20.8132
rare_cost-1022,rare_cost,19.4684
rare_cost-1023,rare_cost,151.3954
rare_cost-1024,rare_cost,18.5604
rare_cost-1025,rare_cost,21.2983
rare_cost-1026,rare_cost,20.8312
rare_cost-1027,rare_cost,23.4044
rare_cost-1028,rare_cost,21.8045
rare_cost-1029,rare_cost,22.5483
rare_cost-1030,rare_cost,19.8342
rare_cost-1031,rare_cost,19.5106
rare_cost-1032,rare_cost,18.8931
rare_cost-1033,rare_cost,20.4266
rare_cost-1034,rare_cost,22.7439
rare_cost-1035,rare_cost,15.7624
rare_cost-1036,rare_cost,20.4679
rare_cost-1037,rare_cost,23.2151
rare_cost-1038,rare_cost,21.9074
rare_cost-1039,rare_cost,18.2268
rare_cost-1040,rare_cost,18.8985
rare_cost-1041,rare_cost,19.8289
rare_cost-1042,rare_cost,24.165
rare_cost-1043,rare_cost,17.6291
rare_cost-1044,rare_cost,27.1219
rare_cost-1045,rare_cost,162.9315
rare_cost-1046,rare_cost,21.7929
rare_cost-1047,rare_cost,17.9397
rare_cost-1048,rare_cost,23.0161
rare_cost-1049,rare_cost,24.4236
rare_cost-1050,rare_cost,17.6068
rare_cost-1051,rare_cost,18.3562
rare_cost-1052,rare_cost,192.1778
rare_cost-1053,rare_cost,17.7119
rare_cost-1054,rare_cost,19.77
rare_cost-1055,rare_cost,20.3148
rare_cost-1056,rare_cost,15.3941
rare_cost-1057,rare_cost,15.2426
rare_cost-1058,rare_cost,15.4731
rare_cost-1059,rare_cost,22.5887
rare_cost-1060,rare_cost,17.1579
rare_cost-1061,rare_cost,20.8836
rare_cost-1062,rare_cost,14.1191
rare_cost-1063,rare_cost,23.1143
rare_cost-1064,rare_cost,16.634
rare_cost-1065,rare_cost,21.6182
rare_cost-1066,rare_cost,20.4106
rare_cost-1067,rare_cost,17.5731
rare_cost-1068,rare_cost,18.762
rare_cost-1069,rare_cost,13.9867
rare_cost-1070,rare_cost,21.3517
rare_cost-1071,rare_cost,18.3428
rare_cost-1072,rare_cost,21.6035
rare_cost-1073,rare_cost,14.254
rare_cost-1074,rare_cost,19.9184
rare_cost-1075,rare_cost,23.3738
rare_cost-1076,rare_cost,19.4822
rare_cost-1077,rare_cost,16.6199
rare_cost-1078,rare_cost,17.3761
rare_cost-1079,rare_cost,22.1294
rare_cost-1080,rare_cost,25.9469
rare_cost-1081,rare_cost,25.3834
rare_cost-1082,rare_cost,15.1057
rare_cost-1083,rare_cost,24.3684
rare_cost-1084,rare_cost,157.0453
rare_cost-1085,rare_cost,162.2759
rare_cost-1086,rare_cost,18.9596
rare_cost-1087,rare_cost,20.5478
rare_cost-1088,rare_cost,22.2717
rare_cost-1089,rare_cost,21.781
rare_cost-1090,rare_cost,18.0202
rare_cost-1091,rare_cost,21.2252
rare_cost-1092,rare_cost,15.7911
rare_cost-1093,rare_cost,18.833
rare_cost-1094,rare_cost,18.0702
rare_cost-1095,rare_cost,17.0556
rare_cost-1096,rare_cost,23.311
rare_cost-1097,rare_cost,19.1646
rare_cost-1098,rare_cost,139.0193
rare_cost-1099,rare_cost,16.3103
rare_cost-1100,rare_cost,21.3244
rare_cost-1101,rare_cost,21.2925
rare_cost-1102,rare_cost,20.6341
rare_cost-1103,rare_cost,17.6706
rare_cost-1104,rare_cost,21.9806
rare_cost-1105,rare_cost,22.6515
rare_cost-1106,rare_cost,19.494
rare_cost-1107,rare_cost,15.827
rare_cost-1108,rare_cost,15.2613
rare_cost-1109,rare_cost,22.4934
rare_cost-1110,rare_cost,17.4026
rare_cost-1111,rare_cost,21.6091
rare_cost-1112,rare_cost,21.2144
rare_cost-1113,rare_cost,15.395
rare_cost-1114,rare_cost,22.7198
rare_cost-1115,rare_cost,23.1136
rare_cost-1116,rare_cost,19.4608
rare_cost-1117,rare_cost,20.3196
rare_cost-1118,rare_cost,15.889
rare_cost-1119,rare_cost,20.8558
rare_cost-1120,rare_cost,23.7048
rare_cost-1121,rare_cost,19.0743
rare_cost-1122,rare_cost,18.8614
rare_cost-1123,rare_cost,21.0496
rare_cost-1124,rare_cost,24.1276
rare_cost-1125,rare_cost,17.03
rare_cost-1126,rare_cost,21.6833
rare_cost-1127,rare_cost,16.508
rare_cost-1128,rare_cost,23.0544
rare_cost-1129,rare_cost,20.0486
rare_cost-1130,rare_cost,19.9368
rare_cost-1131,rare_cost,12.9733
rare_cost-1132,rare_cost,23.5071
rare_cost-1133,rare_cost,18.6309
rare_cost-1134,rare_cost,19.4141
rare_cost-1135,rare_cost,155.8077
rare_cost-1136,rare_cost,20.4646
rare_cost-1137,rare_cost,21.2252
rare_cost-1138,rare_cost,20.48
rare_cost-1139,rare_cost,19.3497
rare_cost-1140,rare_cost,19.1351
rare_cost-1141,rare_cost,17.2133
rare_cost-1142,rare_cost,16.4224
rare_cost-1143,rare_cost,18.649
rare_cost-1144,rare_cost,21.7983
rare_cost-1145,rare_cost,19.0236
rare_cost-1146,rare_cost,24.6413
rare_cost-1147,rare_cost,21.994
rare_cost-1148,rare_cost,20.8084
rare_cost-1149,rare_cost,17.436
rare_cost-1150,rare_cost,20.477
rare_cost-1151,rare_cost,20.2719
rare_cost-1152,rare_cost,18.3157
rare_cost-1153,rare_cost,16.7435
rare_cost-1154,rare_cost,165.6648
rare_cost-1155,rare_cost,19.6645
rare_cost-1156,rare_cost,24.5573
rare_cost-1157,rare_cost,26.0403
rare_cost-1158,rare_cost,20.6399
rare_cost-1159,rare_cost,20.5301
rare_cost-1160,rare_cost,15.5952
rare_cost-1161,rare_cost,22.6687
rare_cost-1162,rare_cost,22.1134
rare_cost-1163,rare_cost,16.925
rare_cost-1164,rare_cost,19.2215
rare_cost-1165,rare_cost,17.0934
rare_cost-1166,rare_cost,19.5955
rare_cost-1167,rare_cost,21.3419
rare_cost-1168,rare_cost,21.6151
rare_cost-1169,rare_cost,17.6857
rare_cost-1170,rare_cost,20.7833
rare_cost-1171,rare_cost,22.3744
rare_cost-1172,rare_cost,16.3292
rare_cost-1173,rare_cost,16.7902
rare_cost-1174,rare_cost,22.4561
rare_cost-1175,rare_cost,20.636
rare_cost-1176,rare_cost,16.9894
rare_cost-1177,rare_cost,186.8497
rare_cost-1178,rare_cost,19.2846
rare_cost-1179,rare_cost,19.4241
rare_cost-1180,rare_cost,17.5925
rare_cost-1181,rare_cost,22.3839
rare_cost-1182,rare_cost,17.5226
rare_cost-1183,rare_cost,21.6534
rare_cost-1184,rare_cost,18.9768
rare_cost-1185,rare_cost,19.7691
rare_cost-1186,rare_cost,23.1225
rare_cost-1187,rare_cost,21.3928
rare_cost-1188,rare_cost,26.2827
rare_cost-1189,rare_cost,19.5733
rare_cost-1190,rare_cost,22.2995
rare_cost-1191,rare_cost,21.8571
rare_cost-1192,rare_cost,158.0531
rare_cost-1193,rare_cost,18.9675
rare_cost-1194,rare_cost,23.2423
rare_cost-1195,rare_cost,17.9472
rare_cost-1196,rare_cost,23.2555
rare_cost-1197,rare_cost,23.219
rare_cost-1198,rare_cost,171.7106
rare_cost-1199,rare_cost,22.5076
rare_cost-1200,rare_cost,16.9138
rare_cost-1201,rare_cost,20.4837
rare_cost-1202,rare_cost,17.8963
rare_cost-1203,rare_cost,18.1755
rare_cost-1204,rare_cost,21.9123
rare_cost-1205,rare_cost,13.4948
rare_cost-1206,rare_cost,22.5474
rare_cost-1207,rare_cost,17.6808
rare_cost-1208,rare_cost,19.3257
rare_cost-1209,rare_cost,19.6599
rare_cost-1210,rare_cost,16.7539
rare_cost-1211,rare_cost,18.9514
rare_cost-1212,rare_cost,15.4071
rare_cost-1213,rare_cost,23.1936
rare_cost-1214,rare_cost,16.3557
rare_cost-1215,rare_cost,19.1747
rare_cost-1216,rare_cost,19.9835
rare_cost-1217,rare_cost,17.5705
rare_cost-1218,rare_cost,19.1486
rare_cost-1219,rare_cost,144.0486
rare_cost-1220,rare_cost,17.1312
rare_cost-1221,rare_cost,20.6005
rare_cost-1222,rare_cost,19.4013
rare_cost-1223,rare_cost,27.5704
rare_cost-1224,rare_cost,13.8166
rare_cost-1225,rare_cost,14.8028
rare_cost-1226,rare_cost,18.6441
rare_cost-1227,rare_cost,16.2336
rare_cost-1228,rare_cost,21.0931
rare_cost-1229,rare_cost,20.678
rare_cost-1230,rare_cost,17.4832
rare_cost-1231,rare_cost,19.0874
rare_cost-1232,rare_cost,20.0224
rare_cost-1233,rare_cost,20.3199
rare_cost-1234,rare_cost,19.7105
rare_cost-1235,rare_cost,22.6577
rare_cost-1236,rare_cost,21.3929
rare_cost-1237,rare_cost,19.3432
rare_cost-1238,rare_cost,18.8475
rare_cost-1239,rare_cost,18.233
rare_cost-1240,rare_cost,20.4558
rare_cost-1241,rare_cost,20.8068
rare_cost-1242,rare_cost,18.1443
rare_cost-1243,rare_cost,23.4517
rare_cost-1244,rare_cost,17.5097
rare_cost-1245,rare_cost,17.8523
rare_cost-1246,rare_cost,22.4126
rare_cost-1247,rare_cost,18.655
rare_cost-1248,rare_cost,18.2395
rare_cost-1249,rare_cost,24.4979
rare_cost-1250,rare_cost,14.0178
rare_cost-1251,rare_cost,17.4889
rare_cost-1252,rare_cost,20.213
rare_cost-1253,rare_cost,23.6545
rare_cost-1254,rare_cost,14.3334
rare_cost-1255,rare_cost,16.7703
rare_cost-1256,rare_cost,22.1046
rare_cost-1257,rare_cost,20.8066
rare_cost-1258,rare_cost,20.4446
rare_cost-1259,rare_cost,22.7745
rare_cost-1260,rare_cost,19.277
rare_cost-1261,rare_cost,22.9076
rare_cost-1262,rare_cost,18.885
rare_cost-1263,rare_cost,23.8154
rare_cost-1264,rare_cost,12.9165
rare_cost-1265,rare_cost,16.1816
rare_cost-1266,rare_cost,195.0558
rare_cost-1267,rare_cost,161.0193
rare_cost-1268,rare_cost,20.6209
rare_cost-1269,rare_cost,20.3253
rare_cost-1270,rare_cost,20.3574
rare_cost-1271,rare_cost,17.2277
rare_cost-1272,rare_cost,13.7493
rare_cost-1273,rare_cost,16.7439
rare_cost-1274,rare_cost,14.4165
rare_cost-1275,rare_cost,18.1003
rare_cost-1276,rare_cost,21.3656
rare_cost-1277,rare_cost,178.68
rare_cost-1278,rare_cost,21.1863
rare_cost-1279,rare_cost,15.9739
rare_cost-1280,rare_cost,24.0682
rare_cost-1281,rare_cost,18.6951
rare_cost-1282,rare_cost,20.3152
rare_cost-1283,rare_cost,19.304
rare_cost-1284,rare_cost,17.1014
rare_cost-1285,rare_cost,153.3487
rare_cost-1286,rare_cost,22.3852
rare_cost-1287,rare_cost,17.5838
rare_cost-1288,rare_cost,18.9807
rare_cost-1289,rare_cost,24.8016
rare_cost-1290,rare_cost,21.9195
rare_cost-1291,rare_cost,14.8396
rare_cost-1292,rare_cost,17.3436
rare_cost-1293,rare_cost,23.4371
rare_cost-1294,rare_cost,19.5292
rare_cost-1295,rare_cost,12.7883
rare_cost-1296,rare_cost,16.6057
rare_cost-1297,rare_cost,19.7665
rare_cost-1298,rare_cost,21.2617
rare_cost-1299,rare_cost,22.284
rare_cost-1300,rare_cost,20.8423
rare_cost-1301,rare_cost,16.4344
rare_cost-1302,rare_cost,24.5863
rare_cost-1303,rare_cost,20.6407
rare_cost-1304,rare_cost,22.6101
rare_cost-1305,rare_cost,21.4131
rare_cost-1306,rare_cost,18.4176
rare_cost-1307,rare_cost,18.6821
rare_cost-1308,rare_cost,17.9659
rare_cost-1309,rare_cost,18.7201
rare_cost-1310,rare_cost,20.6487
rare_cost-1311,rare_cost,16.5922
rare_cost-1312,rare_cost,18.3375
rare_cost-1313,rare_cost,23.7478
rare_cost-1314,rare_cost,17.4735
rare_cost-1315,rare_cost,22.3875
rare_cost-1316,rare_cost,22.3893
rare_cost-1317,rare_cost,24.1265
rare_cost-1318,rare_cost,17.2261
rare_cost-1319,rare_cost,11.1553
rare_cost-1320,rare_cost,18.8582
rare_cost-1321,rare_cost,13.6731
rare_cost-1322,rare_cost,19.5131
rare_cost-1323,rare_cost,24.1563
rare_cost-1324,rare_cost,19.2541
rare_cost-1325,rare_cost,18.515
rare_cost-1326,rare_cost,27.4746
rare_cost-1327,rare_cost,21.2529
rare_cost-1328,rare_cost,21.4428
rare_cost-1329,rare_cost,20.7787
rare_cost-1330,rare_cost,21.0379
rare_cost-1331,rare_cost,15.3478
rare_cost-1332,rare_cost,19.1708
rare_cost-1333,rare_cost,12.4012
rare_cost-1334,rare_cost,18.1423
rare_cost-1335,rare_cost,20.9694
rare_cost-1336,rare_cost,23.8741
rare_cost-1337,rare_cost,19.4709
rare_cost-1338,rare_cost,20.927
rare_cost-1339,rare_cost,21.96
rare_cost-1340,rare_cost,178.2101
rare_cost-1341,rare_cost,21.0804
rare_cost-1342,rare_cost,16.8914
rare_cost-1343,rare_cost,21.9118
rare_cost-1344,rare_cost,22.4246
rare_cost-1345,rare_cost,21.8819
rare_cost-1346,rare_cost,17.8761
rare_cost-1347,rare_cost,13.8967
rare_cost-1348,rare_cost,22.6594
rare_cost-1349,rare_cost,22.9089
rare_cost-1350,rare_cost,22.9904
rare_cost-1351,rare_cost,22.0341
rare_cost-1352,rare_cost,20.9264
rare_cost-1353,rare_cost,17.6818
rare_cost-1354,rare_cost,20.5987
rare_cost-1355,rare_cost,13.6028
rare_cost-1356,rare_cost,18.5064
rare_cost-1357,rare_cost,21.6945
rare_cost-1358,rare_cost,16.5031
rare_cost-1359,rare_cost,17.4171
rare_cost-1360,rare_cost,17.4992
rare_cost-1361,rare_cost,11.2273
rare_cost-1362,rare_cost,18.5592
rare_cost-1363,rare_cost,14.1565
rare_cost-1364,rare_cost,24.4382
rare_cost-1365,rare_cost,22.455
rare_cost-1366,rare_cost,22.831
rare_cost-1367,rare_cost,22.4823
rare_cost-1368,rare_cost,21.8274
rare_cost-1369,rare_cost,25.5638
rare_cost-1370,rare_cost,20.4885
rare_cost-1371,rare_cost,20.7693
rare_cost-1372,rare_cost,19.9578
rare_cost-1373,rare_cost,18.0527
rare_cost-1374,rare_cost,18.7211
rare_cost-1375,rare_cost,22.7922
rare_cost-1376,rare_cost,19.7433
rare_cost-1377,rare_cost,18.2625
rare_cost-1378,rare_cost,22.5868
rare_cost-1379,rare_cost,18.5639
rare_cost-1380,rare_cost,20.4423
rare_cost-1381,rare_cost,19.5585
rare_cost-1382,rare_cost,172.4809
rare_cost-1383,rare_cost,16.7575
rare_cost-1384,rare_cost,23.4178
rare_cost-1385,rare_cost,25.7036
rare_cost-1386,rare_cost,18.5754
rare_cost-1387,rare_cost,21.3477
rare_cost-1388,rare_cost,15.6599
rare_cost-1389,rare_cost,23.0497
rare_cost-1390,rare_cost,22.5059
rare_cost-1391,rare_cost,27.4924
rare_cost-1392,rare_cost,20.6698
rare_cost-1393,rare_cost,24.5803
rare_cost-1394,rare_cost,16.2506
rare_cost-1395,rare_cost,22.6639
rare_cost-1396,rare_cost,23.3518
rare_cost-1397,rare_cost,23.0922
rare_cost-1398,rare_cost,17.8651
rare_cost-1399,rare_cost,19.4186
rare_cost-1400,rare_cost,20.7807
rare_cost-1401,rare_cost,20.6269
rare_cost-1402,rare_cost,22.6722
rare_cost-1403,rare_cost,18.8405
rare_cost-1404,rare_cost,20.0367
rare_cost-1405,rare_cost,20.1453
rare_cost-1406,rare_cost,14.2439
rare_cost-1407,rare_cost,25.0991
rare_cost-1408,rare_cost,15.2786
rare_cost-1409,rare_cost,23.8673
rare_cost-1410,rare_cost,21.1322
rare_cost-1411,rare_cost,19.2028
rare_cost-1412,rare_cost,21.9078
rare_cost-1413,rare_cost,25.4075
rare_cost-1414,rare_cost,20.5769
rare_cost-1415,rare_cost,16.1953
rare_cost-1416,rare_cost,18.7339
rare_cost-1417,rare_cost,19.4192
rare_cost-1418,rare_cost,25.5434
rare_cost-1419,rare_cost,26.4744
rare_cost-1420,rare_cost,19.319
rare_cost-1421,rare_cost,19.4943
rare_cost-1422,rare_cost,21.0509
rare_cost-1423,rare_cost,16.5757
rare_cost-1424,rare_cost,14.0533
rare_cost-1425,rare_cost,16.3451
rare_cost-1426,rare_cost,17.036
rare_cost-1427,rare_cost,23.4097
rare_cost-1428,rare_cost,16.6776
rare_cost-1429,rare_cost,20.6355
rare_cost-1430,rare_cost,22.8758
rare_cost-1431,rare_cost,28.1625
rare_cost-1432,rare_cost,24.1959
rare_cost-1433,rare_cost,17.4602
rare_cost-1434,rare_cost,18.5156
rare_cost-1435,rare_cost,19.7714
rare_cost-1436,rare_cost,17.9794
rare_cost-1437,rare_cost,15.8621
rare_cost-1438,rare_cost,19.9069
rare_cost-1439,rare_cost,18.8455
rare_cost-1440,rare_cost,26.1268
rare_cost-1441,rare_cost,19.6561
rare_cost-1442,rare_cost,18.2263
rare_cost-1443,rare_cost,20.7061
rare_cost-1444,rare_cost,17.606
rare_cost-1445,rare_cost,18.8828
rare_cost-1446,rare_cost,21.3227
rare_cost-1447,rare_cost,24.2889
rare_cost-1448,rare_cost,18.0141
rare_cost-1449,rare_cost,24.1614
rare_cost-1450,rare_cost,20.1656
rare_cost-1451,rare_cost,21.722
rare_cost-1452,rare_cost,21.6441
rare_cost-1453,rare_cost,24.1713
rare_cost-1454,rare_cost,21.0008
rare_cost-1455,rare_cost,15.7734
rare_cost-1456,rare_cost,21.0146
rare_cost-1457,rare_cost,16.9869
rare_cost-1458,rare_cost,162.1127
rare_cost-1459,rare_cost,17.814
rare_cost-1460,rare_cost,23.2555
rare_cost-1461,rare_cost,19.1718
rare_cost-1462,rare_cost,18.2666
rare_cost-1463,rare_cost,19.1173
rare_cost-1464,rare_cost,19.7842
rare_cost-1465,rare_cost,19.7734
rare_cost-1466,rare_cost,20.3911
rare_cost-1467,rare_cost,18.4952
rare_cost-1468,rare_cost,18.438
rare_cost-1469,rare_cost,19.1594
rare_cost-1470,rare_cost,18.714
rare_cost-1471,rare_cost,19.4403
rare_cost-1472,rare_cost,18.3495
rare_cost-1473,rare_cost,21.3856
rare_cost-1474,rare_cost,17.6534
rare_cost-1475,rare_cost,19.4516
rare_cost-1476,rare_cost,15.6362
rare_cost-1477,rare_cost,15.6411
rare_cost-1478,rare_cost,23.141
rare_cost-1479,rare_cost,17.282
rare_cost-1480,rare_cost,19.7204
rare_cost-1481,rare_cost,19.2649
rare_cost-1482,rare_cost,14.7223
rare_cost-1483,rare_cost,18.948
rare_cost-1484,rare_cost,23.763
rare_cost-1485,rare_cost,18.4876
rare_cost-1486,rare_cost,21.6112
rare_cost-1487,rare_cost,18.1754
rare_cost-1488,rare_cost,18.1224
rare_cost-1489,rare_cost,20.6009
rare_cost-1490,rare_cost,24.5735
rare_cost-1491,rare_cost,18.1448
rare_cost-1492,rare_cost,22.9099
rare_cost-1493,rare_cost,17.0652
rare_cost-1494,rare_cost,19.2635
rare_cost-1495,rare_cost,22.6952
rare_cost-1496,rare_cost,16.2283
rare_cost-1497,rare_cost,23.804
rare_cost-1498,rare_cost,17.9528
rare_cost-1499,rare_cost,22.857
rare_cost-1500,rare_cost,21.788
rare_cost-1501,rare_cost,23.1767
rare_cost-1502,rare_cost,17.9199
rare_cost-1503,rare_cost,21.9277
rare_cost-1504,rare_cost,23.8785
rare_cost-1505,rare_cost,16.13
rare_cost-1506,rare_cost,24.0148
rare_cost-1507,rare_cost,14.7129
rare_cost-1508,rare_cost,21.7625
rare_cost-1509,rare_cost,23.3125
rare_cost-1510,rare_cost,21.3774
rare_cost-1511,rare_cost,19.5086
rare_cost-1512,rare_cost,21.4337
rare_cost-1513,rare_cost,22.5891
rare_cost-1514,rare_cost,17.1481
rare_cost-1515,rare_cost,15.8375
rare_cost-1516,rare_cost,185.7101
rare_cost-1517,rare_cost,14.2276
rare_cost-1518,rare_cost,15.1287
rare_cost-1519,rare_cost,20.0523
rare_cost-1520,rare_cost,20.86
rare_cost-1521,rare_cost,18.5258
rare_cost-1522,rare_cost,18.4816
rare_cost-1523,rare_cost,22.2321
rare_cost-1524,rare_cost,19.5966
rare_cost-1525,rare_cost,20.3363
rare_cost-1526,rare_cost,17.4121
rare_cost-1527,rare_cost,23.8051
rare_cost-1528,rare_cost,27.374
rare_cost-1529,rare_cost,21.1388
rare_cost-1530,rare_cost,18.3225
rare_cost-1531,rare_cost,23.4724
rare_cost-1532,rare_cost,18.2504
rare_cost-1533,rare_cost,18.1764
rare_cost-1534,rare_cost,21.6058
rare_cost-1535,rare_cost,24.9172
rare_cost-1536,rare_cost,20.9558
rare_cost-1537,rare_cost,207.5908
rare_cost-1538,rare_cost,22.9105
rare_cost-1539,rare_cost,24.1044
rare_cost-1540,rare_cost,155.7856
rare_cost-1541,rare_cost,17.181
rare_cost-1542,rare_cost,24.9195
rare_cost-1543,rare_cost,20.418
rare_cost-1544,rare_cost,16.5731
rare_cost-1545,rare_cost,13.3451
rare_cost-1546,rare_cost,15.7822
rare_cost-1547,rare_cost,14.6265
rare_cost-1548,rare_cost,21.0725
rare_cost-1549,rare_cost,19.124
rare_cost-1550,rare_cost,15.6578
rare_cost-1551,rare_cost,19.9349
rare_cost-1552,rare_cost,22.2502
rare_cost-1553,rare_cost,19.9503
rare_cost-1554,rare_cost,17.9756
rare_cost-1555,rare_cost,20.4717
rare_cost-1556,rare_cost,23.5665
rare_cost-1557,rare_cost,21.5043
rare_cost-1558,rare_cost,15.8093
rare_cost-1559,rare_cost,20.6799
rare_cost-1560,rare_cost,20.7735
rare_cost-1561,rare_cost,20.1027
rare_cost-1562,rare_cost,24.9031
rare_cost-1563,rare_cost,15.8984
rare_cost-1564,rare_cost,22.2538
rare_cost-1565,rare_cost,18.9183
rare_cost-1566,rare_cost,24.5155
rare_cost-1567,rare_cost,23.4413
rare_cost-1568,rare_cost,18.2179
rare_cost-1569,rare_cost,23.1609
rare_cost-1570,rare_cost,23.3055
rare_cost-1571,rare_cost,20.8695
rare_cost-1572,rare_cost,19.1179
rare_cost-1573,rare_cost,18.1515
rare_cost-1574,rare_cost,21.0389
rare_cost-1575,rare_cost,19.441
rare_cost-1576,rare_cost,22.7129
rare_cost-1577,rare_cost,21.8091
rare_cost-1578,rare_cost,21.4849
rare_cost-1579,rare_cost,14.751
rare_cost-1580,rare_cost,22.9749
rare_cost-1581,rare_cost,23.1481
rare_cost-1582,rare_cost,23.3718
rare_cost-1583,rare_cost,19.4814
rare_cost-1584,rare_cost,17.0825
rare_cost-1585,rare_cost,22.2864
rare_cost-1586,rare_cost,14.2056
rare_cost-1587,rare_cost,22.8305
rare_cost-1588,rare_cost,20.0706
rare_cost-1589,rare_cost,13.7047
rare_cost-1590,rare_cost,23.0735
rare_cost-1591,rare_cost,17.4278
rare_cost-1592,rare_cost,18.4565
rare_cost-1593,rare_cost,23.4017
rare_cost-1594,rare_cost,20.7706
rare_cost-1595,rare_cost,14.4306
rare_cost-1596,rare_cost,26.9377
rare_cost-1597,rare_cost,19.5436
rare_cost-1598,rare_cost,14.998
rare_cost-1599,rare_cost,202.0614
rare_cost-1600,rare_cost,13.5632
rare_cost-1601,rare_cost,22.0047
rare_cost-1602,rare_cost,19.6566
rare_cost-1603,rare_cost,15.6535
rare_cost-1604,rare_cost,20.5582
rare_cost-1605,rare_cost,17.2122
rare_cost-1606,rare_cost,18.3816
rare_cost-1607,rare_cost,19.3476
rare_cost-1608,rare_cost,18.2657
rare_cost-1609,rare_cost,16.3274
rare_cost-1610,rare_cost,19.3436
rare_cost-1611,rare_cost,18.0759
rare_cost-1612,rare_cost,20.3344
rare_cost-1613,rare_cost,20.9842
rare_cost-1614,rare_cost,19.708
rare_cost-1615,rare_cost,21.2056
rare_cost-1616,rare_cost,22.8403
rare_cost-1617,rare_cost,21.6752
rare_cost-1618,rare_cost,168.7485
rare_cost-1619,rare_cost,19.4076
rare_cost-1620,rare_cost,25.1493
rare_cost-1621,rare_cost,19.6662
rare_cost-1622,rare_cost,20.16
rare_cost-1623,rare_cost,19.0959
rare_cost-1624,rare_cost,23.3159
rare_cost-1625,rare_cost,15.8152
rare_cost-1626,rare_cost,25.5253
rare_cost-1627,rare_cost,22.4191
rare_cost-1628,rare_cost,23.4316
rare_cost-1629,rare_cost,20.4726
rare_cost-1630,rare_cost,163.6947
rare_cost-1631,rare_cost,17.1605
rare_cost-1632,rare_cost,14.0984
rare_cost-1633,rare_cost,21.9875
rare_cost-1634,rare_cost,23.0826
rare_cost-1635,rare_cost,18.0227
rare_cost-1636,rare_cost,17.9241
rare_cost-1637,rare_cost,16.9534
rare_cost-1638,rare_cost,194.6775
rare_cost-1639,rare_cost,25.2904
rare_cost-1640,rare_cost,201.6959
rare_cost-1641,rare_cost,19.3859
rare_cost-1642,rare_cost,24.8307
rare_cost-1643,rare_cost,21.4709
rare_cost-1644,rare_cost,21.012
rare_cost-1645,rare_cost,15.152
rare_cost-1646,rare_cost,24.5751
rare_cost-1647,rare_cost,16.5625
rare_cost-1648,rare_cost,19.9551
rare_cost-1649,rare_cost,18.1176
rare_cost-1650,rare_cost,18.6774
rare_cost-1651,rare_cost,22.1476
rare_cost-1652,rare_cost,22.9976
rare_cost-1653,rare_cost,20.1685
rare_cost-1654,rare_cost,17.8105
rare_cost-1655,rare_cost,19.4472
rare_cost-1656,rare_cost,25.4045
rare_cost-1657,rare_cost,23.9455
rare_cost-1658,rare_cost,21.5386
rare_cost-1659,rare_cost,16.7798
rare_cost-1660,rare_cost,18.9402
rare_cost-1661,rare_cost,19.3541
rare_cost-1662,rare_cost,17.1584
rare_cost-1663,rare_cost,20.6436
rare_cost-1664,rare_cost,178.8509
rare_cost-1665,rare_cost,13.5136
rare_cost-1666,rare_cost,16.141
rare_cost-1667,rare_cost,17.0305
rare_cost-1668,rare_cost,16.2664
rare_cost-1669,rare_cost,20.5743
rare_cost-1670,rare_cost,22.6505
rare_cost-1671,rare_cost,17.0637
rare_cost-1672,rare_cost,19.8697
rare_cost-1673,rare_cost,18.0742
rare_cost-1674,rare_cost,26.1046
rare_cost-1675,rare_cost,20.2795
rare_cost-1676,rare_cost,23.3159
rare_cost-1677,rare_cost,24.7435
rare_cost-1678,rare_cost,19.9593
rare_cost-1679,rare_cost,17.3463
rare_cost-1680,rare_cost,21.6274
rare_cost-1681,rare_cost,18.7855
rare_cost-1682,rare_cost,21.6193
rare_cost-1683,rare_cost,14.503
rare_cost-1684,rare_cost,19.841
rare_cost-1685,rare_cost,16.2517
rare_cost-1686,rare_cost,19.8944
rare_cost-1687,rare_cost,161.2018
rare_cost-1688,rare_cost,20.656
rare_cost-1689,rare_cost,19.3742
rare_cost-1690,rare_cost,14.1398
rare_cost-1691,rare_cost,20.9307
rare_cost-1692,rare_cost,23.7788
rare_cost-1693,rare_cost,19.9499
rare_cost-1694,rare_cost,15.7913
rare_cost-1695,rare_cost,30.7553
rare_cost-1696,rare_cost,18.2363
rare_cost-1697,rare_cost,23.9751
rare_cost-1698,rare_cost,23.4631
rare_cost-1699,rare_cost,21.8829
rare_cost-1700,rare_cost,15.5489
rare_cost-1701,rare_cost,21.5952
rare_cost-1702,rare_cost,20.4794
rare_cost-1703,rare_cost,16.3408
rare_cost-1704,rare_cost,22.6145
rare_cost-1705,rare_cost,18.1955
rare_cost-1706,rare_cost,17.4869
rare_cost-1707,rare_cost,19.5089
rare_cost-1708,rare_cost,21.6695
rare_cost-1709,rare_cost,19.6181
rare_cost-1710,rare_cost,19.2789
rare_cost-1711,rare_cost,17.6681
rare_cost-1712,rare_cost,14.2517
rare_cost-1713,rare_cost,18.1774
rare_cost-1714,rare_cost,18.3302
rare_cost-1715,rare_cost,14.4845
rare_cost-1716,rare_cost,18.5387
rare_cost-1717,rare_cost,17.0673
rare_cost-1718,rare_cost,18.2438
rare_cost-1719,rare_cost,12.9282
rare_cost-1720,rare_cost,17.2166
rare_cost-1721,rare_cost,23.7012
rare_cost-1722,rare_cost,20.967
rare_cost-1723,rare_cost,21.7013
rare_cost-1724,rare_cost,26.0177
rare_cost-1725,rare_cost,166.7643
rare_cost-1726,rare_cost,23.1521
rare_cost-1727,rare_cost,21.2629
rare_cost-1728,rare_cost,20.7859
rare_cost-1729,rare_cost,22.1929
rare_cost-1730,rare_cost,20.6246
rare_cost-1731,rare_cost,23.5092
rare_cost-1732,rare_cost,19.9109
rare_cost-1733,rare_cost,17.7739
rare_cost-1734,rare_cost,205.4505
rare_cost-1735,rare_cost,20.5312
rare_cost-1736,rare_cost,20.7163
rare_cost-1737,rare_cost,145.431
rare_cost-1738,rare_cost,19.8587
rare_cost-1739,rare_cost,28.2621
rare_cost-1740,rare_cost,14.2719
rare_cost-1741,rare_cost,16.5487
rare_cost-1742,rare_cost,208.8186
rare_cost-1743,rare_cost,23.9084
rare_cost-1744,rare_cost,19.3715
rare_cost-1745,rare_cost,16.7407
rare_cost-1746,rare_cost,22.0698
rare_cost-1747,rare_cost,19.5778
rare_cost-1748,rare_cost,19.4893
rare_cost-1749,rare_cost,25.4875
rare_cost-1750,rare_cost,27.1183
rare_cost-1751,rare_cost,23.0867
rare_cost-1752,rare_cost,20.8558
rare_cost-1753,rare_cost,20.6578
rare_cost-1754,rare_cost,19.5061
rare_cost-1755,rare_cost,20.1159
rare_cost-1756,rare_cost,25.1808
rare_cost-1757,rare_cost,20.6454
rare_cost-1758,rare_cost,25.5106
rare_cost-1759,rare_cost,21.1377
rare_cost-1760,rare_cost,17.5954
rare_cost-1761,rare_cost,22.1108
rare_cost-1762,rare_cost,22.7491
rare_cost-1763,rare_cost,24.6124
rare_cost-1764,rare_cost,23.9121
rare_cost-1765,rare_cost,17.5445
rare_cost-1766,rare_cost,155.8044
rare_cost-1767,rare_cost,22.3515
rare_cost-1768,rare_cost,20.6563
rare_cost-1769,rare_cost,23.9818
rare_cost-1770,rare_cost,20.8275
rare_cost-1771,rare_cost,20.1372
rare_cost-1772,rare_cost,20.1146
rare_cost-1773,rare_cost,17.3543
rare_cost-1774,rare_cost,18.9509
rare_cost-1775,rare_cost,18.4501
rare_cost-1776,rare_cost,20.2133
rare_cost-1777,rare_cost,23.0941
rare_cost-1778,rare_cost,183.2355
rare_cost-1779,rare_cost,22.2293
rare_cost-1780,rare_cost,16.6261
rare_cost-1781,rare_cost,15.1775
rare_cost-1782,rare_cost,21.8828
rare_cost-1783,rare_cost,23.4831
rare_cost-1784,rare_cost,18.803
rare_cost-1785,rare_cost,20.7269
rare_cost-1786,rare_cost,19.1179
rare_cost-1787,rare_cost,15.0163
rare_cost-1788,rare_cost,21.4897
rare_cost-1789,rare_cost,17.9053
rare_cost-1790,rare_cost,17.517
rare_cost-1791,rare_cost,19.8816
rare_cost-1792,rare_cost,19.9404
rare_cost-1793,rare_cost,18.6517
rare_cost-1794,rare_cost,20.8836
rare_cost-1795,rare_cost,166.9737
rare_cost-1796,rare_cost,18.4055
rare_cost-1797,rare_cost,15.6777
rare_cost-1798,rare_cost,22.9121
rare_cost-1799,rare_cost,19.4169
rare_cost-1800,rare_cost,21.9278
rare_cost-1801,rare_cost,21.3298
rare_cost-1802,rare_cost,20.7119
rare_cost-1803,rare_cost,14.6521
rare_cost-1804,rare_cost,21.281
rare_cost-1805,rare_cost,21.9011
rare_cost-1806,rare_cost,20.7059
rare_cost-1807,rare_cost,20.5742
rare_cost-1808,rare_cost,16.3734
rare_cost-1809,rare_cost,19.7052
rare_cost-1810,rare_cost,156.4112
rare_cost-1811,rare_cost,21.2511
rare_cost-1812,rare_cost,17.0839
rare_cost-1813,rare_cost,24.2276
rare_cost-1814,rare_cost,21.6537
rare_cost-1815,rare_cost,20.3625
rare_cost-1816,rare_cost,17.5059
rare_cost-1817,rare_cost,19.479
rare_cost-1818,rare_cost,18.0578
rare_cost-1819,rare_cost,19.2914
rare_cost-1820,rare_cost,18.705
rare_cost-1821,rare_cost,24.0278
rare_cost-1822,rare_cost,23.3319
rare_cost-1823,rare_cost,15.7895
rare_cost-1824,rare_cost,25.2314
rare_cost-1825,rare_cost,21.8095
rare_cost-1826,rare_cost,16.98
rare_cost-1827,rare_cost,23.5582
rare_cost-1828,rare_cost,19.1607
rare_cost-1829,rare_cost,20.9277
rare_cost-1830,rare_cost,21.5317
rare_cost-1831,rare_cost,26.6119
rare_cost-1832,rare_cost,18.7245
rare_cost-1833,rare_cost,18.708
rare_cost-1834,rare_cost,15.5407
rare_cost-1835,rare_cost,23.4158
rare_cost-1836,rare_cost,20.4252
rare_cost-1837,rare_cost,22.2002
rare_cost-1838,rare_cost,26.5467
rare_cost-1839,rare_cost,18.0579
rare_cost-1840,rare_cost,23.4874
rare_cost-1841,rare_cost,14.7321
rare_cost-1842,rare_cost,13.8513
rare_cost-1843,rare_cost,21.6929
rare_cost-1844,rare_cost,28.2595
rare_cost-1845,rare_cost,15.7234
rare_cost-1846,rare_cost,18.3667
rare_cost-1847,rare_cost,17.5834
rare_cost-1848,rare_cost,20.4451
rare_cost-1849,rare_cost,19.8751
rare_cost-1850,rare_cost,18.8099
rare_cost-1851,rare_cost,21.4764
rare_cost-1852,rare_cost,24.4076
rare_cost-1853,rare_cost,22.7839
rare_cost-1854,rare_cost,21.0023
rare_cost-1855,rare_cost,239.6298
rare_cost-1856,rare_cost,18.8929
rare_cost-1857,rare_cost,19.3954
rare_cost-1858,rare_cost,18.9004
rare_cost-1859,rare_cost,18.4036
rare_cost-1860,rare_cost,15.7641
rare_cost-1861,rare_cost,20.9207
rare_cost-1862,rare_cost,18.1848
rare_cost-1863,rare_cost,17.4239
rare_cost-1864,rare_cost,18.9424
rare_cost-1865,rare_cost,19.6366
rare_cost-1866,rare_cost,24.1217
rare_cost-1867,rare_cost,22.0879
rare_cost-1868,rare_cost,18.2538
rare_cost-1869,rare_cost,18.7899
rare_cost-1870,rare_cost,23.4336
rare_cost-1871,rare_cost,20.4263
rare_cost-1872,rare_cost,18.7364
rare_cost-1873,rare_cost,21.9527
rare_cost-1874,rare_cost,19.8171
rare_cost-1875,rare_cost,18.3636
rare_cost-1876,rare_cost,19.6666
rare_cost-1877,rare_cost,19.2987
rare_cost-1878,rare_cost,18.7114
rare_cost-1879,rare_cost,19.9501
rare_cost-1880,rare_cost,17.9757
rare_cost-1881,rare_cost,21.5282
rare_cost-1882,rare_cost,15.6187
rare_cost-1883,rare_cost,14.2288
rare_cost-1884,rare_cost,16.0675
rare_cost-1885,rare_cost,17.3128
rare_cost-1886,rare_cost,16.3748
rare_cost-1887,rare_cost,16.6026
rare_cost-1888,rare_cost,19.8402
rare_cost-1889,rare_cost,24.5731
rare_cost-1890,rare_cost,18.5037
rare_cost-1891,rare_cost,13.8642
rare_cost-1892,rare_cost,19.4856
rare_cost-1893,rare_cost,17.4336
rare_cost-1894,rare_cost,19.9698
rare_cost-1895,rare_cost,17.139
rare_cost-1896,rare_cost,216.4738
rare_cost-1897,rare_cost,20.77
rare_cost-1898,rare_cost,15.3232
rare_cost-1899,rare_cost,19.433
rare_cost-1900,rare_cost,19.6608
rare_cost-1901,rare_cost,22.6467
rare_cost-1902,rare_cost,17.9888
rare_cost-1903,rare_cost,11.987
rare_cost-1904,rare_cost,16.9054
rare_cost-1905,rare_cost,22.6399
rare_cost-1906,rare_cost,21.3724
rare_cost-1907,rare_cost,21.7886
rare_cost-1908,rare_cost,13.4965
rare_cost-1909,rare_cost,17.7831
rare_cost-1910,rare_cost,19.107
rare_cost-1911,rare_cost,18.2688
rare_cost-1912,rare_cost,16.5162
rare_cost-1913,rare_cost,16.1883
rare_cost-1914,rare_cost,21.5239
rare_cost-1915,rare_cost,17.0945
rare_cost-1916,rare_cost,21.385
rare_cost-1917,rare_cost,22.3868
rare_cost-1918,rare_cost,154.9506
rare_cost-1919,rare_cost,19.522
rare_cost-1920,rare_cost,17.7673
rare_cost-1921,rare_cost,16.8603
rare_cost-1922,rare_cost,20.6501
rare_cost-1923,rare_cost,17.48
rare_cost-1924,rare_cost,15.0498
rare_cost-1925,rare_cost,18.9429
rare_cost-1926,rare_cost,18.5072
rare_cost-1927,rare_cost,17.7005
rare_cost-1928,rare_cost,21.9749
rare_cost-1929,rare_cost,16.9975
rare_cost-1930,rare_cost,18.176
rare_cost-1931,rare_cost,21.6921
rare_cost-1932,rare_cost,22.26
rare_cost-1933,rare_cost,17.5708
rare_cost-1934,rare_cost,17.7837
rare_cost-1935,rare_cost,16.2364
rare_cost-1936,rare_cost,16.9921
rare_cost-1937,rare_cost,17.4676
rare_cost-1938,rare_cost,22.9567
rare_cost-1939,rare_cost,18.9713
rare_cost-1940,rare_cost,18.9407
rare_cost-1941,rare_cost,15.1665
rare_cost-1942,rare_cost,20.9911
rare_cost-1943,rare_cost,24.5226
rare_cost-1944,rare_cost,20.0355
rare_cost-1945,rare_cost,23.025
rare_cost-1946,rare_cost,14.9782
rare_cost-1947,rare_cost,21.0747
rare_cost-1948,rare_cost,17.9079
rare_cost-1949,rare_cost,22.3134
rare_cost-1950,rare_cost,16.086
rare_cost-1951,rare_cost,18.5636
rare_cost-1952,rare_cost,20.8286
rare_cost-1953,rare_cost,19.2161
rare_cost-1954,rare_cost,16.2822
rare_cost-1955,rare_cost,26.6248
rare_cost-1956,rare_cost,18.1466
rare_cost-1957,rare_cost,22.7806
rare_cost-1958,rare_cost,25.8321
rare_cost-1959,rare_cost,20.8814
rare_cost-1960,rare_cost,21.8122
rare_cost-1961,rare_cost,16.3924
rare_cost-1962,rare_cost,19.2327
rare_cost-1963,rare_cost,23.1192
rare_cost-1964,rare_cost,20.359
rare_cost-1965,rare_cost,15.2621
rare_cost-1966,rare_cost,213.4339
rare_cost-1967,rare_cost,13.4634
rare_cost-1968,rare_cost,20.3026
rare_cost-1969,rare_cost,23.3475
rare_cost-1970,rare_cost,22.5432
rare_cost-1971,rare_cost,20.3381
rare_cost-1972,rare_cost,16.4598
rare_cost-1973,rare_cost,22.61
rare_cost-1974,rare_cost,19.3587
rare_cost-1975,rare_cost,22.9091
rare_cost-1976,rare_cost,18.5561
rare_cost-1977,rare_cost,24.4695
rare_cost-1978,rare_cost,146.8138
rare_cost-1979,rare_cost,16.2581
rare_cost-1980,rare_cost,18.3609
rare_cost-1981,rare_cost,22.1161
rare_cost-1982,rare_cost,22.2576
rare_cost-1983,rare_cost,20.4725
rare_cost-1984,rare_cost,22.486
rare_cost-1985,rare_cost,18.2109
rare_cost-1986,rare_cost,19.935
rare_cost-1987,rare_cost,21.523
rare_cost-1988,rare_cost,20.4775
rare_cost-1989,rare_cost,17.7973
rare_cost-1990,rare_cost,24.232
rare_cost-1991,rare_cost,24.3577
rare_cost-1992,rare_cost,25.9197
rare_cost-1993,rare_cost,20.9584
rare_cost-1994,rare_cost,21.684
rare_cost-1995,rare_cost,22.5008
rare_cost-1996,rare_cost,22.3416
rare_cost-1997,rare_cost,20.8442
rare_cost-1998,rare_cost,19.7994
rare_cost-1999,rare_cost,20.4904
rare_cost-2000,rare_cost,21.0208
rare_cost-2001,rare_cost,22.0957
rare_cost-2002,rare_cost,22.05
rare_cost-2003,rare_cost,21.9355
rare_cost-2004,rare_cost,15.3171
rare_cost-2005,rare_cost,20.6188
rare_cost-2006,rare_cost,19.6931
rare_cost-2007,rare_cost,19.2268
rare_cost-2008,rare_cost,26.2299
rare_cost-2009,rare_cost,23.0487
rare_cost-2010,rare_cost,24.3099
rare_cost-2011,rare_cost,23.5713
rare_cost-2012,rare_cost,18.3476
rare_cost-2013,rare_cost,20.0442
rare_cost-2014,rare_cost,21.1144
rare_cost-2015,rare_cost,19.4427
rare_cost-2016,rare_cost,19.2474
rare_cost-2017,rare_cost,174.7107
rare_cost-2018,rare_cost,20.7238
rare_cost-2019,rare_cost,26.7517
rare_cost-2020,rare_cost,20.4515
rare_cost-2021,rare_cost,16.3891
rare_cost-2022,rare_cost,22.3781
rare_cost-2023,rare_cost,18.86
rare_cost-2024,rare_cost,23.0587
rare_cost-2025,rare_cost,17.1642
rare_cost-2026,rare_cost,20.9922
rare_cost-2027,rare_cost,18.6353
rare_cost-2028,rare_cost,16.924
rare_cost-2029,rare_cost,18.8911
rare_cost-2030,rare_cost,15.1939
rare_cost-2031,rare_cost,16.8455
rare_cost-2032,rare_cost,199.096
rare_cost-2033,rare_cost,17.8408
rare_cost-2034,rare_cost,25.2639
rare_cost-2035,rare_cost,19.8211
rare_cost-2036,rare_cost,25.49
rare_cost-2037,rare_cost,19.6175
rare_cost-2038,rare_cost,18.5573
rare_cost-2039,rare_cost,22.3054
rare_cost-2040,rare_cost,17.9333
rare_cost-2041,rare_cost,21.3723
rare_cost-2042,rare_cost,19.7222
rare_cost-2043,rare_cost,20.9133
rare_cost-2044,rare_cost,21.6947
rare_cost-2045,rare_cost,21.2833
rare_cost-2046,rare_cost,20.5843
rare_cost-2047,rare_cost,22.9333
rare_cost-2048,rare_cost,20.9985
rare_cost-2049,rare_cost,25.0876
rare_cost-2050,rare_cost,20.8002
rare_cost-2051,rare_cost,21.1409
rare_cost-2052,rare_cost,17.607
rare_cost-2053,rare_cost,18.4984
rare_cost-2054,rare_cost,20.8312
rare_cost-2055,rare_cost,22.7171
rare_cost-2056,rare_cost,24.532
rare_cost-2057,rare_cost,22.1342
rare_cost-2058,rare_cost,18.5988
rare_cost-2059,rare_cost,14.7628
rare_cost-2060,rare_cost,17.839
rare_cost-2061,rare_cost,21.1097
rare_cost-2062,rare_cost,16.4987
rare_cost-2063,rare_cost,20.2152
rare_cost-2064,rare_cost,19.2867
rare_cost-2065,rare_cost,21.5246
rare_cost-2066,rare_cost,18.6009
rare_cost-2067,rare_cost,23.213
rare_cost-2068,rare_cost,14.9728
rare_cost-2069,rare_cost,23.6713
rare_cost-2070,rare_cost,18.6125
rare_cost-2071,rare_cost,24.3784
rare_cost-2072,rare_cost,20.9791
rare_cost-2073,rare_cost,16.4764
rare_cost-2074,rare_cost,24.7474
rare_cost-2075,rare_cost,18.6295
rare_cost-2076,rare_cost,23.7376
rare_cost-2077,rare_cost,140.0512
rare_cost-2078,rare_cost,18.8533
rare_cost-2079,rare_cost,20.3941
rare_cost-2080,rare_cost,15.6336
rare_cost-2081,rare_cost,21.8425
rare_cost-2082,rare_cost,21.4944
rare_cost-2083,rare_cost,23.1448
rare_cost-2084,rare_cost,21.3671
rare_cost-2085,rare_cost,14.0224
rare_cost-2086,rare_cost,24.8908
rare_cost-2087,rare_cost,21.0697
rare_cost-2088,rare_cost,19.7266
rare_cost-2089,rare_cost,19.4124
rare_cost-2090,rare_cost,17.791
rare_cost-2091,rare_cost,26.8201
rare_cost-2092,rare_cost,17.8119
rare_cost-2093,rare_cost,18.9261
rare_cost-2094,rare_cost,17.35
rare_cost-2095,rare_cost,16.4268
rare_cost-2096,rare_cost,20.9045
rare_cost-2097,rare_cost,21.7902
rare_cost-2098,rare_cost,20.8433
rare_cost-2099,rare_cost,25.0894
rare_cost-2100,rare_cost,19.2785
rare_cost-2101,rare_cost,22.9425
rare_cost-2102,rare_cost,21.4451
rare_cost-2103,rare_cost,18.6836
rare_cost-2104,rare_cost,21.9753
rare_cost-2105,rare_cost,135.7155
rare_cost-2106,rare_cost,21.0455
rare_cost-2107,rare_cost,18.7476
rare_cost-2108,rare_cost,19.2617
rare_cost-2109,rare_cost,18.8006
rare_cost-2110,rare_cost,25.4748
rare_cost-2111,rare_cost,17.815
rare_cost-2112,rare_cost,18.1913
rare_cost-2113,rare_cost,20.4135
rare_cost-2114,rare_cost,174.4241
rare_cost-2115,rare_cost,19.5164
rare_cost-2116,rare_cost,18.4454
rare_cost-2117,rare_cost,17.7547
rare_cost-2118,rare_cost,12.858
rare_cost-2119,rare_cost,16.4838
rare_cost-2120,rare_cost,19.8033
rare_cost-2121,rare_cost,21.8863
rare_cost-2122,rare_cost,19.486
rare_cost-2123,rare_cost,22.7591
rare_cost-2124,rare_cost,23.317
rare_cost-2125,rare_cost,20.2436
rare_cost-2126,rare_cost,15.902
rare_cost-2127,rare_cost,18.3708
rare_cost-2128,rare_cost,24.0251
rare_cost-2129,rare_cost,18.214
rare_cost-2130,rare_cost,20.366
rare_cost-2131,rare_cost,26.9516
rare_cost-2132,rare_cost,17.2567
rare_cost-2133,rare_cost,14.2888
rare_cost-2134,rare_cost,22.0487
rare_cost-2135,rare_cost,14.4433
rare_cost-2136,rare_cost,22.2013
rare_cost-2137,rare_cost,18.3716
rare_cost-2138,rare_cost,24.2005
rare_cost-2139,rare_cost,16.9746
rare_cost-2140,rare_cost,16.3772
rare_cost-2141,rare_cost,19.3642
rare_cost-2142,rare_cost,20.9465
rare_cost-2143,rare_cost,18.5631
rare_cost-2144,rare_cost,23.8214
rare_cost-2145,rare_cost,20.42
rare_cost-2146,rare_cost,26.9568
rare_cost-2147,rare_cost,194.4437
rare_cost-2148,rare_cost,16.1289
rare_cost-2149,rare_cost,25.6548
rare_cost-2150,rare_cost,18.199
rare_cost-2151,rare_cost,19.9969
rare_cost-2152,rare_cost,20.2684
rare_cost-2153,rare_cost,21.7832
rare_cost-2154,rare_cost,24.5752
rare_cost-2155,rare_cost,12.6836
rare_cost-2156,rare_cost,20.8511
rare_cost-2157,rare_cost,13.4787
rare_cost-2158,rare_cost,15.0618
rare_cost-2159,rare_cost,21.3728
rare_cost-2160,rare_cost,20.7521
rare_cost-2161,rare_cost,15.0847
rare_cost-2162,rare_cost,23.2063
rare_cost-2163,rare_cost,23.9351
rare_cost-2164,rare_cost,22.9718
rare_cost-2165,rare_cost,22.0854
rare_cost-2166,rare_cost,21.107
rare_cost-2167,rare_cost,19.5324
rare_cost-2168,rare_cost,18.8613
rare_cost-2169,rare_cost,16.163
rare_cost-2170,rare_cost,20.0635
rare_cost-2171,rare_cost,17.4916
rare_cost-2172,rare_cost,13.1176
rare_cost-2173,rare_cost,16.9001
rare_cost-2174,rare_cost,23.2601
rare_cost-2175,rare_cost,19.993
rare_cost-2176,rare_cost,21.5366
rare_cost-2177,rare_cost,15.3987
rare_cost-2178,rare_cost,19.7618
rare_cost-2179,rare_cost,25.6877
rare_cost-2180,rare_cost,178.9501
rare_cost-2181,rare_cost,19.9608
rare_cost-2182,rare_cost,19.9211
rare_cost-2183,rare_cost,188.7775
rare_cost-2184,rare_cost,216.1612
rare_cost-2185,rare_cost,21.8885
rare_cost-2186,rare_cost,21.0034
rare_cost-2187,rare_cost,19.9654
rare_cost-2188,rare_cost,16.2808
rare_cost-2189,rare_cost,17.7398
rare_cost-2190,rare_cost,17.5099
rare_cost-2191,rare_cost,16.9973
rare_cost-2192,rare_cost,22.6931
rare_cost-2193,rare_cost,21.9883
rare_cost-2194,rare_cost,20.0305
rare_cost-2195,rare_cost,15.0282
rare_cost-2196,rare_cost,19.1906
rare_cost-2197,rare_cost,20.6084
rare_cost-2198,rare_cost,25.9873
rare_cost-2199,rare_cost,14.6393
rare_cost-2200,rare_cost,26.2376
rare_cost-2201,rare_cost,19.9899
rare_cost-2202,rare_cost,19.8884
rare_cost-2203,rare_cost,19.7579
rare_cost-2204,rare_cost,16.5942
rare_cost-2205,rare_cost,12.6302
rare_cost-2206,rare_cost,19.4497
rare_cost-2207,rare_cost,18.8614
rare_cost-2208,rare_cost,20.832
rare_cost-2209,rare_cost,17.1584
rare_cost-2210,rare_cost,23.1427
rare_cost-2211,rare_cost,19.8791
rare_cost-2212,rare_cost,19.1817
rare_cost-2213,rare_cost,18.1303
rare_cost-2214,rare_cost,17.6525
rare_cost-2215,rare_cost,18.2535
rare_cost-2216,rare_cost,17.8311
rare_cost-2217,rare_cost,18.5639
rare_cost-2218,rare_cost,23.9341
rare_cost-2219,rare_cost,19.5163
rare_cost-2220,rare_cost,16.8471
rare_cost-2221,rare_cost,19.3503
rare_cost-2222,rare_cost,20.9937
rare_cost-2223,rare_cost,20.3393
rare_cost-2224,rare_cost,17.9546
rare_cost-2225,rare_cost,23.2891
rare_cost-2226,rare_cost,14.9451
rare_cost-2227,rare_cost,15.8366
rare_cost-2228,rare_cost,18.4696
rare_cost-2229,rare_cost,17.51
rare_cost-2230,rare_cost,22.7794
rare_cost-2231,rare_cost,21.2288
rare_cost-2232,rare_cost,180.7144
rare_cost-2233,rare_cost,22.9124
rare_cost-2234,rare_cost,19.0177
rare_cost-2235,rare_cost,17.4052
rare_cost-2236,rare_cost,18.1692
rare_cost-2237,rare_cost,26.7132
rare_cost-2238,rare_cost,27.8855
rare_cost-2239,rare_cost,21.8874
rare_cost-2240,rare_cost,19.3893
rare_cost-2241,rare_cost,19.78
rare_cost-2242,rare_cost,21.6243
rare_cost-2243,rare_cost,21.0161
rare_cost-2244,rare_cost,17.0844
rare_cost-2245,rare_cost,19.7992
rare_cost-2246,rare_cost,14.7041
rare_cost-2247,rare_cost,20.347
rare_cost-2248,rare_cost,25.0485
rare_cost-2249,rare_cost,28.6756
rare_cost-2250,rare_cost,12.0929
rare_cost-2251,rare_cost,17.3896
rare_cost-2252,rare_cost,23.03
rare_cost-2253,rare_cost,21.7837
rare_cost-2254,rare_cost,19.2888
rare_cost-2255,rare_cost,18.9052
rare_cost-2256,rare_cost,171.6003
rare_cost-2257,rare_cost,18.8025
rare_cost-2258,rare_cost,17.5645
rare_cost-2259,rare_cost,23.351
rare_cost-2260,rare_cost,20.1955
rare_cost-2261,rare_cost,17.6455
rare_cost-2262,rare_cost,17.6153
rare_cost-2263,rare_cost,19.046
rare_cost-2264,rare_cost,20.4297
rare_cost-2265,rare_cost,22.821
rare_cost-2266,rare_cost,17.1361
rare_cost-2267,rare_cost,23.2877
rare_cost-2268,rare_cost,16.5914
rare_cost-2269,rare_cost,20.4235
rare_cost-2270,rare_cost,19.0685
rare_cost-2271,rare_cost,24.2088
rare_cost-2272,rare_cost,23.4832
rare_cost-2273,rare_cost,19.1848
rare_cost-2274,rare_cost,21.3505
rare_cost-2275,rare_cost,20.0891
rare_cost-2276,rare_cost,21.9963
rare_cost-2277,rare_cost,20.1369
rare_cost-2278,rare_cost,23.3975
rare_cost-2279,rare_cost,16.0734
rare_cost-2280,rare_cost,16.594
rare_cost-2281,rare_cost,16.7178
rare_cost-2282,rare_cost,157.6045
rare_cost-2283,rare_cost,19.8991
rare_cost-2284,rare_cost,21.9647
rare_cost-2285,rare_cost,18.9934
rare_cost-2286,rare_cost,20.5117
rare_cost-2287,rare_cost,23.1535
rare_cost-2288,rare_cost,18.7186
rare_cost-2289,rare_cost,25.0254
rare_cost-2290,rare_cost,15.8566
rare_cost-2291,rare_cost,17.7695
rare_cost-2292,rare_cost,24.0272
rare_cost-2293,rare_cost,20.4782
rare_cost-2294,rare_cost,15.7253
rare_cost-2295,rare_cost,22.4376
rare_cost-2296,rare_cost,16.932
rare_cost-2297,rare_cost,24.0926
rare_cost-2298,rare_cost,14.828
rare_cost-2299,rare_cost,23.1503
rare_cost-2300,rare_cost,16.4163
rare_cost-2301,rare_cost,14.3989
rare_cost-2302,rare_cost,17.5736
rare_cost-2303,rare_cost,18.3841
rare_cost-2304,rare_cost,18.2105
rare_cost-2305,rare_cost,13.7617
rare_cost-2306,rare_cost,17.2429
rare_cost-2307,rare_cost,18.7593
rare_cost-2308,rare_cost,226.3784
rare_cost-2309,rare_cost,16.7678
rare_cost-2310,rare_cost,20.9018
rare_cost-2311,rare_cost,22.0753
rare_cost-2312,rare_cost,13.9459
rare_cost-2313,rare_cost,25.5702
rare_cost-2314,rare_cost,23.5164
rare_cost-2315,rare_cost,21.651
rare_cost-2316,rare_cost,171.8945
rare_cost-2317,rare_cost,21.2205
rare_cost-2318,rare_cost,164.4876
rare_cost-2319,rare_cost,15.195
rare_cost-2320,rare_cost,26.3665
rare_cost-2321,rare_cost,18.9416
rare_cost-2322,rare_cost,20.3217
rare_cost-2323,rare_cost,18.1394
rare_cost-2324,rare_cost,22.6379
rare_cost-2325,rare_cost,17.3527
rare_cost-2326,rare_cost,17.672
rare_cost-2327,rare_cost,16.3587
rare_cost-2328,rare_cost,21.1738
rare_cost-2329,rare_cost,19.8935
rare_cost-2330,rare_cost,26.0481
rare_cost-2331,rare_cost,18.6633
rare_cost-2332,rare_cost,22.8034
rare_cost-2333,rare_cost,21.548
rare_cost-2334,rare_cost,25.9953
rare_cost-2335,rare_cost,197.6295
rare_cost-2336,rare_cost,19.9463
rare_cost-2337,rare_cost,14.9189
rare_cost-2338,rare_cost,16.0204
rare_cost-2339,rare_cost,15.775
rare_cost-2340,rare_cost,17.172
rare_cost-2341,rare_cost,19.2717
rare_cost-2342,rare_cost,14.8032
rare_cost-2343,rare_cost,20.2182
rare_cost-2344,rare_cost,16.9126
rare_cost-2345,rare_cost,26.8043
rare_cost-2346,rare_cost,14.423
rare_cost-2347,rare_cost,20.3667
rare_cost-2348,rare_cost,19.2458
rare_cost-2349,rare_cost,13.4571
rare_cost-2350,rare_cost,16.0243
rare_cost-2351,rare_cost,24.3629
rare_cost-2352,rare_cost,22.1068
rare_cost-2353,rare_cost,19.0325
rare_cost-2354,rare_cost,23.3607
rare_cost-2355,rare_cost,188.8
rare_cost-2356,rare_cost,19.6985
rare_cost-2357,rare_cost,25.8795
rare_cost-2358,rare_cost,15.8468
rare_cost-2359,rare_cost,19.2355
rare_cost-2360,rare_cost,23.8558
rare_cost-2361,rare_cost,26.1701
rare_cost-2362,rare_cost,24.8983
rare_cost-2363,rare_cost,14.7422
rare_cost-2364,rare_cost,20.3472
rare_cost-2365,rare_cost,17.6791
rare_cost-2366,rare_cost,15.9883
rare_cost-2367,rare_cost,24.2889
rare_cost-2368,rare_cost,21.5082
rare_cost-2369,rare_cost,18.0516
rare_cost-2370,rare_cost,15.3387
rare_cost-2371,rare_cost,20.5094
rare_cost-2372,rare_cost,22.9136
rare_cost-2373,rare_cost,19.1302
rare_cost-2374,rare_cost,17.5588
rare_cost-2375,rare_cost,15.247
rare_cost-2376,rare_cost,16.2581
rare_cost-2377,rare_cost,192.9881
rare_cost-2378,rare_cost,13.3744
rare_cost-2379,rare_cost,180.4345
rare_cost-2380,rare_cost,22.9364
rare_cost-2381,rare_cost,19.3726
rare_cost-2382,rare_cost,20.3811
rare_cost-2383,rare_cost,21.6212
rare_cost-2384,rare_cost,25.8502
rare_cost-2385,rare_cost,16.4778
rare_cost-2386,rare_cost,20.1451
rare_cost-2387,rare_cost,18.6848
rare_cost-2388,rare_cost,23.402
rare_cost-2389,rare_cost,19.409
rare_cost-2390,rare_cost,26.468
rare_cost-2391,rare_cost,20.0297
rare_cost-2392,rare_cost,22.878
rare_cost-2393,rare_cost,23.4181
rare_cost-2394,rare_cost,23.2564
rare_cost-2395,rare_cost,13.8922
rare_cost-2396,rare_cost,17.1312
rare_cost-2397,rare_cost,19.9453
rare_cost-2398,rare_cost,149.2716
rare_cost-2399,rare_cost,20.0852
rare_cost-2400,rare_cost,22.2508
rare_cost-2401,rare_cost,21.0353
rare_cost-2402,rare_cost,22.5994
rare_cost-2403,rare_cost,21.6102
rare_cost-2404,rare_cost,17.7706
rare_cost-2405,rare_cost,18.53
rare_cost-2406,rare_cost,25.302
rare_cost-2407,rare_cost,19.68
rare_cost-2408,rare_cost,19.5672
rare_cost-2409,rare_cost,23.2988
rare_cost-2410,rare_cost,17.3031
rare_cost-2411,rare_cost,25.8724
rare_cost-2412,rare_cost,21.4758
rare_cost-2413,rare_cost,21.9039
rare_cost-2414,rare_cost,11.2419
rare_cost-2415,rare_cost,17.4446
rare_cost-2416,rare_cost,20.7127
rare_cost-2417,rare_cost,14.6702
rare_cost-2418,rare_cost,16.9903
rare_cost-2419,rare_cost,25.0412
rare_cost-2420,rare_cost,28.0758
rare_cost-2421,rare_cost,16.5761
rare_cost-2422,rare_cost,22.8502
rare_cost-2423,rare_cost,21.9682
rare_cost-2424,rare_cost,17.8123
rare_cost-2425,rare_cost,20.1845
rare_cost-2426,rare_cost,19.2226
rare_cost-2427,rare_cost,17.2953
rare_cost-2428,rare_cost,20.8172
rare_cost-2429,rare_cost,20.5786
rare_cost-2430,rare_cost,16.2666
rare_cost-2431,rare_cost,20.3276
rare_cost-2432,rare_cost,25.3638
rare_cost-2433,rare_cost,21.211
rare_cost-2434,rare_cost,21.0457
rare_cost-2435,rare_cost,17.6168
rare_cost-2436,rare_cost,15.8333
rare_cost-2437,rare_cost,17.9326
rare_cost-2438,rare_cost,21.0226
rare_cost-2439,rare_cost,16.3398
rare_cost-2440,rare_cost,22.7807
rare_cost-2441,rare_cost,18.4381
rare_cost-2442,rare_cost,17.7399
rare_cost-2443,rare_cost,184.5398
rare_cost-2444,rare_cost,18.9311
rare_cost-2445,rare_cost,179.2727
rare_cost-2446,rare_cost,19.3823
rare_cost-2447,rare_cost,16.5068
rare_cost-2448,rare_cost,17.4228
rare_cost-2449,rare_cost,191.4449
rare_cost-2450,rare_cost,19.9562
rare_cost-2451,rare_cost,20.0589
rare_cost-2452,rare_cost,19.6319
rare_cost-2453,rare_cost,17.6705
rare_cost-2454,rare_cost,17.0776
rare_cost-2455,rare_cost,21.5303
rare_cost-2456,rare_cost,19.9665
rare_cost-2457,rare_cost,180.1644
rare_cost-2458,rare_cost,22.5827
rare_cost-2459,rare_cost,18.0739
rare_cost-2460,rare_cost,19.1614
rare_cost-2461,rare_cost,21.6484
rare_cost-2462,rare_cost,20.4986
rare_cost-2463,rare_cost,20.7494
rare_cost-2464,rare_cost,24.769
rare_cost-2465,rare_cost,14.3954
rare_cost-2466,rare_cost,17.5224
rare_cost-2467,rare_cost,18.826
rare_cost-2468,rare_cost,183.4839
rare_cost-2469,rare_cost,18.82
rare_cost-2470,rare_cost,23.1666
rare_cost-2471,rare_cost,22.8376
rare_cost-2472,rare_cost,20.2325
rare_cost-2473,rare_cost,17.2339
rare_cost-2474,rare_cost,11.2804
rare_cost-2475,rare_cost,21.5562
rare_cost-2476,rare_cost,15.212
rare_cost-2477,rare_cost,15.4129
rare_cost-2478,rare_cost,18.8479
rare_cost-2479,rare_cost,15.9832
rare_cost-2480,rare_cost,17.2408
rare_cost-2481,rare_cost,147.6128
rare_cost-2482,rare_cost,17.513
rare_cost-2483,rare_cost,19.4569
rare_cost-2484,rare_cost,20.8456
rare_cost-2485,rare_cost,21.5834
rare_cost-2486,rare_cost,18.2877
rare_cost-2487,rare_cost,16.8709
rare_cost-2488,rare_cost,20.5083
rare_cost-2489,rare_cost,21.1489
rare_cost-2490,rare_cost,15.4626
rare_cost-2491,rare_cost,20.6339
rare_cost-2492,rare_cost,23.7394
rare_cost-2493,rare_cost,22.1334
rare_cost-2494,rare_cost,17.0891
rare_cost-2495,rare_cost,19.6906
rare_cost-2496,rare_cost,16.9905
rare_cost-2497,rare_cost,22.623
rare_cost-2498,rare_cost,20.8563
rare_cost-2499,rare_cost,14.927
rare_cost-2500,rare_cost,24.6639
rare_cost-2501,rare_cost,23.9675
rare_cost-2502,rare_cost,23.6186
rare_cost-2503,rare_cost,20.9324
rare_cost-2504,rare_cost,20.6255
rare_cost-2505,rare_cost,22.0433
rare_cost-2506,rare_cost,11.806
rare_cost-2507,rare_cost,22.6303
rare_cost-2508,rare_cost,21.0484
rare_cost-2509,rare_cost,23.7101
rare_cost-2510,rare_cost,23.7954
rare_cost-2511,rare_cost,17.2885
rare_cost-2512,rare_cost,17.6432
rare_cost-2513,rare_cost,19.0297
rare_cost-2514,rare_cost,21.7472
rare_cost-2515,rare_cost,26.4809
rare_cost-2516,rare_cost,18.5984
rare_cost-2517,rare_cost,25.412
rare_cost-2518,rare_cost,18.4691
rare_cost-2519,rare_cost,21.3406
rare_cost-2520,rare_cost,20.6127
rare_cost-2521,rare_cost,22.5769
rare_cost-2522,rare_cost,17.9758
rare_cost-2523,rare_cost,18.7756
rare_cost-2524,rare_cost,21.6743
rare_cost-2525,rare_cost,216.8551
rare_cost-2526,rare_cost,21.7001
rare_cost-2527,rare_cost,24.8411
rare_cost-2528,rare_cost,20.9744
rare_cost-2529,rare_cost,13.4829
rare_cost-2530,rare_cost,23.3074
rare_cost-2531,rare_cost,18.7545
rare_cost-2532,rare_cost,18.436
rare_cost-2533,rare_cost,18.752
rare_cost-2534,rare_cost,17.3388
rare_cost-2535,rare_cost,18.786
rare_cost-2536,rare_cost,24.3958
rare_cost-2537,rare_cost,23.6832
rare_cost-2538,rare_cost,20.9477
rare_cost-2539,rare_cost,21.8919
rare_cost-2540,rare_cost,21.1048
rare_cost-2541,rare_cost,15.9146
rare_cost-2542,rare_cost,14.6769
rare_cost-2543,rare_cost,16.8104
rare_cost-2544,rare_cost,17.0778
rare_cost-2545,rare_cost,18.6914
rare_cost-2546,rare_cost,20.325
rare_cost-2547,rare_cost,21.8587
rare_cost-2548,rare_cost,15.0814
rare_cost-2549,rare_cost,18.7167
rare_cost-2550,rare_cost,16.094
rare_cost-2551,rare_cost,18.2309
rare_cost-2552,rare_cost,16.8381
rare_cost-2553,rare_cost,16.5501
rare_cost-2554,rare_cost,19.1055
rare_cost-2555,rare_cost,17.8494
rare_cost-2556,rare_cost,16.6929
rare_cost-2557,rare_cost,20.5736
rare_cost-2558,rare_cost,20.9246
rare_cost-2559,rare_cost,17.714
rare_cost-2560,rare_cost,14.3139
rare_cost-2561,rare_cost,15.4476
rare_cost-2562,rare_cost,16.9945
rare_cost-2563,rare_cost,22.3758
rare_cost-2564,rare_cost,19.7748
rare_cost-2565,rare_cost,19.6981
rare_cost-2566,rare_cost,15.5882
rare_cost-2567,rare_cost,18.5431
rare_cost-2568,rare_cost,16.2772
rare_cost-2569,rare_cost,18.2122
rare_cost-2570,rare_cost,17.2831
rare_cost-2571,rare_cost,18.3597
rare_cost-2572,rare_cost,19.5536
rare_cost-2573,rare_cost,18.3939
rare_cost-2574,rare_cost,16.0637
rare_cost-2575,rare_cost,21.4109
rare_cost-2576,rare_cost,164.0974
rare_cost-2577,rare_cost,22.1377
rare_cost-2578,rare_cost,14.9127
rare_cost-2579,rare_cost,22.8045
rare_cost-2580,rare_cost,19.8438
rare_cost-2581,rare_cost,19.325
rare_cost-2582,rare_cost,16.7487
rare_cost-2583,rare_cost,19.4759
rare_cost-2584,rare_cost,21.0943
rare_cost-2585,rare_cost,19.5661
rare_cost-2586,rare_cost,22.4428
rare_cost-2587,rare_cost,21.4518
rare_cost-2588,rare_cost,21.5322
rare_cost-2589,rare_cost,214.0112
rare_cost-2590,rare_cost,21.2244
rare_cost-2591,rare_cost,19.3493
rare_cost-2592,rare_cost,14.5147
rare_cost-2593,rare_cost,18.181
rare_cost-2594,rare_cost,21.2905
rare_cost-2595,rare_cost,19.5633
rare_cost-2596,rare_cost,21.5702
rare_cost-2597,rare_cost,15.0431
rare_cost-2598,rare_cost,19.8942
rare_cost-2599,rare_cost,19.7073
rare_cost-2600,rare_cost,22.8378
rare_cost-2601,rare_cost,24.9114
rare_cost-2602,rare_cost,23.2495
rare_cost-2603,rare_cost,21.6021
rare_cost-2604,rare_cost,19.399
rare_cost-2605,rare_cost,23.1435
rare_cost-2606,rare_cost,163.5901
rare_cost-2607,rare_cost,18.7388
rare_cost-2608,rare_cost,17.7865
rare_cost-2609,rare_cost,14.7906
rare_cost-2610,rare_cost,24.4823
rare_cost-2611,rare_cost,17.9093
rare_cost-2612,rare_cost,19.571
rare_cost-2613,rare_cost,24.0079
rare_cost-2614,rare_cost,19.6123
rare_cost-2615,rare_cost,23.9215
rare_cost-2616,rare_cost,16.3872
rare_cost-2617,rare_cost,214.718
rare_cost-2618,rare_cost,20.1947
rare_cost-2619,rare_cost,19.6672
rare_cost-2620,rare_cost,14.4548
rare_cost-2621,rare_cost,21.8922
rare_cost-2622,rare_cost,20.3778
rare_cost-2623,rare_cost,17.4248
rare_cost-2624,rare_cost,20.216
rare_cost-2625,rare_cost,20.5781
rare_cost-2626,rare_cost,19.4308
rare_cost-2627,rare_cost,19.9422
rare_cost-2628,rare_cost,16.8716
rare_cost-2629,rare_cost,17.9611
rare_cost-2630,rare_cost,20.2199
rare_cost-2631,rare_cost,15.0547
rare_cost-2632,rare_cost,14.4825
rare_cost-2633,rare_cost,21.1133
rare_cost-2634,rare_cost,21.3379
rare_cost-2635,rare_cost,24.455
rare_cost-2636,rare_cost,18.4684
rare_cost-2637,rare_cost,17.5375
rare_cost-2638,rare_cost,15.2344
rare_cost-2639,rare_cost,20.1135
rare_cost-2640,rare_cost,23.8767
rare_cost-2641,rare_cost,19.8967
rare_cost-2642,rare_cost,21.411
rare_cost-2643,rare_cost,20.6217
rare_cost-2644,rare_cost,20.5942
rare_cost-2645,rare_cost,22.7815
rare_cost-2646,rare_cost,20.3293
rare_cost-2647,rare_cost,21.6221
rare_cost-2648,rare_cost,22.4657
rare_cost-2649,rare_cost,22.9219
rare_cost-2650,rare_cost,18.9726
rare_cost-2651,rare_cost,23.4565
rare_cost-2652,rare_cost,19.5177
rare_cost-2653,rare_cost,18.1461
rare_cost-2654,rare_cost,22.4723
rare_cost-2655,rare_cost,18.718
rare_cost-2656,rare_cost,18.7091
rare_cost-2657,rare_cost,24.0051
rare_cost-2658,rare_cost,161.2421
rare_cost-2659,rare_cost,20.663
rare_cost-2660,rare_cost,21.8328
rare_cost-2661,rare_cost,210.8032
rare_cost-2662,rare_cost,15.0151
rare_cost-2663,rare_cost,17.7176
rare_cost-2664,rare_cost,19.6403
rare_cost-2665,rare_cost,19.7969
rare_cost-2666,rare_cost,16.1514
rare_cost-2667,rare_cost,23.4797
rare_cost-2668,rare_cost,196.6282
rare_cost-2669,rare_cost,14.9586
rare_cost-2670,rare_cost,15.1732
rare_cost-2671,rare_cost,20.6774
rare_cost-2672,rare_cost,22.1569
rare_cost-2673,rare_cost,15.4776
rare_cost-2674,rare_cost,17.2742
rare_cost-2675,rare_cost,22.5567
rare_cost-2676,rare_cost,18.1306
rare_cost-2677,rare_cost,17.1679
rare_cost-2678,rare_cost,20.2686
rare_cost-2679,rare_cost,20.9597
rare_cost-2680,rare_cost,25.2112
rare_cost-2681,rare_cost,19.0005
rare_cost-2682,rare_cost,23.4187
rare_cost-2683,rare_cost,19.5505
rare_cost-2684,rare_cost,198.2312
rare_cost-2685,rare_cost,17.489
rare_cost-2686,rare_cost,24.0001
rare_cost-2687,rare_cost,16.6682
rare_cost-2688,rare_cost,17.1917
rare_cost-2689,rare_cost,16.686
rare_cost-2690,rare_cost,153.2967
rare_cost-2691,rare_cost,15.37
rare_cost-2692,rare_cost,24.2997
rare_cost-2693,rare_cost,190.5854
rare_cost-2694,rare_cost,26.0885
rare_cost-2695,rare_cost,19.5693
rare_cost-2696,rare_cost,20.9259
rare_cost-2697,rare_cost,16.0345
rare_cost-2698,rare_cost,18.9251
rare_cost-2699,rare_cost,18.9984
rare_cost-2700,rare_cost,16.0128
rare_cost-2701,rare_cost,17.1439
rare_cost-2702,rare_cost,24.7905
rare_cost-2703,rare_cost,23.2238
rare_cost-2704,rare_cost,21.7253
rare_cost-2705,rare_cost,20.2364
rare_cost-2706,rare_cost,21.208
rare_cost-2707,rare_cost,20.6663
rare_cost-2708,rare_cost,22.0955
rare_cost-2709,rare_cost,20.6835
rare_cost-2710,rare_cost,17.2874
rare_cost-2711,rare_cost,15.6659
rare_cost-2712,rare_cost,15.3073
rare_cost-2713,rare_cost,21.5046
rare_cost-2714,rare_cost,20.0579
rare_cost-2715,rare_cost,25.1224
rare_cost-2716,rare_cost,26.2909
rare_cost-2717,rare_cost,19.0057
rare_cost-2718,rare_cost,23.3641
rare_cost-2719,rare_cost,19.5183
rare_cost-2720,rare_cost,20.9553
rare_cost-2721,rare_cost,19.6488
rare_cost-2722,rare_cost,21.9241
rare_cost-2723,rare_cost,145.0072
rare_cost-2724,rare_cost,23.8747
rare_cost-2725,rare_cost,17.8765
rare_cost-2726,rare_cost,25.3221
rare_cost-2727,rare_cost,20.7855
rare_cost-2728,rare_cost,22.5833
rare_cost-2729,rare_cost,19.4897
rare_cost-2730,rare_cost,14.2669
rare_cost-2731,rare_cost,23.9743
rare_cost-2732,rare_cost,21.7443
rare_cost-2733,rare_cost,21.6064
rare_cost-2734,rare_cost,21.4228
rare_cost-2735,rare_cost,20.8224
rare_cost-2736,rare_cost,24.8062
rare_cost-2737,rare_cost,16.8747
rare_cost-2738,rare_cost,23.8986
rare_cost-2739,rare_cost,22.3839
rare_cost-2740,rare_cost,22.8089
rare_cost-2741,rare_cost,28.1325
rare_cost-2742,rare_cost,17.5595
rare_cost-2743,rare_cost,19.4093
rare_cost-2744,rare_cost,16.5437
rare_cost-2745,rare_cost,17.8756
rare_cost-2746,rare_cost,23.3594
rare_cost-2747,rare_cost,25.0211
rare_cost-2748,rare_cost,19.6744
rare_cost-2749,rare_cost,12.2693
rare_cost-2750,rare_cost,23.0211
rare_cost-2751,rare_cost,20.3605
rare_cost-2752,rare_cost,19.3884
rare_cost-2753,rare_cost,23.0689
rare_cost-2754,rare_cost,18.5688
rare_cost-2755,rare_cost,19.559
rare_cost-2756,rare_cost,209.5035
rare_cost-2757,rare_cost,19.7431
rare_cost-2758,rare_cost,18.4583
rare_cost-2759,rare_cost,20.7679
rare_cost-2760,rare_cost,19.3507
rare_cost-2761,rare_cost,22.7626
rare_cost-2762,rare_cost,20.9061
rare_cost-2763,rare_cost,21.6561
rare_cost-2764,rare_cost,28.6341
rare_cost-2765,rare_cost,22.7952
rare_cost-2766,rare_cost,17.9634
rare_cost-2767,rare_cost,17.3918
rare_cost-2768,rare_cost,19.1092
rare_cost-2769,rare_cost,20.5279
rare_cost-2770,rare_cost,19.9718
rare_cost-2771,rare_cost,18.0088
rare_cost-2772,rare_cost,19.6366
rare_cost-2773,rare_cost,21.1534
rare_cost-2774,rare_cost,22.1944
rare_cost-2775,rare_cost,22.0615
rare_cost-2776,rare_cost,24.2501
rare_cost-2777,rare_cost,18.0807
rare_cost-2778,rare_cost,15.1517
rare_cost-2779,rare_cost,22.7109
rare_cost-2780,rare_cost,182.0342
rare_cost-2781,rare_cost,24.575
rare_cost-2782,rare_cost,14.7426
rare_cost-2783,rare_cost,14.9168
rare_cost-2784,rare_cost,17.6626
rare_cost-2785,rare_cost,18.2022
rare_cost-2786,rare_cost,22.373
rare_cost-2787,rare_cost,23.3836
rare_cost-2788,rare_cost,175.4652
rare_cost-2789,rare_cost,25.4522
rare_cost-2790,rare_cost,18.0795
rare_cost-2791,rare_cost,17.1957
rare_cost-2792,rare_cost,17.8359
rare_cost-2793,rare_cost,19.5158
rare_cost-2794,rare_cost,19.6074
rare_cost-2795,rare_cost,20.775
rare_cost-2796,rare_cost,20.7339
rare_cost-2797,rare_cost,17.6969
rare_cost-2798,rare_cost,22.8376
rare_cost-2799,rare_cost,23.6604
rare_cost-2800,rare_cost,18.6086
rare_cost-2801,rare_cost,20.9297
rare_cost-2802,rare_cost,17.6773
rare_cost-2803,rare_cost,209.7244
rare_cost-2804,rare_cost,184.9943
rare_cost-2805,rare_cost,20.7172
rare_cost-2806,rare_cost,16.3655
rare_cost-2807,rare_cost,21.0743
rare_cost-2808,rare_cost,18.8028
rare_cost-2809,rare_cost,17.9387
rare_cost-2810,rare_cost,27.0304
rare_cost-2811,rare_cost,21.4345
rare_cost-2812,rare_cost,13.2146
rare_cost-2813,rare_cost,21.94
rare_cost-2814,rare_cost,19.1046
rare_cost-2815,rare_cost,173.644
rare_cost-2816,rare_cost,18.534
rare_cost-2817,rare_cost,21.0047
rare_cost-2818,rare_cost,17.6719
rare_cost-2819,rare_cost,19.0256
rare_cost-2820,rare_cost,21.9874
rare_cost-2821,rare_cost,16.1394
rare_cost-2822,rare_cost,15.8417
rare_cost-2823,rare_cost,20.488
rare_cost-2824,rare_cost,23.1404
rare_cost-2825,rare_cost,22.9587
rare_cost-2826,rare_cost,17.9751
rare_cost-2827,rare_cost,17.0337
rare_cost-2828,rare_cost,20.9229
rare_cost-2829,rare_cost,21.4347
rare_cost-2830,rare_cost,18.483
rare_cost-2831,rare_cost,18.3528
rare_cost-2832,rare_cost,24.1956
rare_cost-2833,rare_cost,18.058
rare_cost-2834,rare_cost,20.1061
rare_cost-2835,rare_cost,19.1045
rare_cost-2836,rare_cost,18.9327
rare_cost-2837,rare_cost,17.7156
rare_cost-2838,rare_cost,23.9
rare_cost-2839,rare_cost,24.0315
rare_cost-2840,rare_cost,15.1753
rare_cost-2841,rare_cost,24.3538
rare_cost-2842,rare_cost,19.5776
rare_cost-2843,rare_cost,26.9715
rare_cost-2844,rare_cost,20.9611
rare_cost-2845,rare_cost,22.2877
rare_cost-2846,rare_cost,21.9522
rare_cost-2847,rare_cost,17.5686
rare_cost-2848,rare_cost,28.5185
rare_cost-2849,rare_cost,24.1921
rare_cost-2850,rare_cost,185.8607
rare_cost-2851,rare_cost,16.841
rare_cost-2852,rare_cost,19.4608
rare_cost-2853,rare_cost,18.3984
rare_cost-2854,rare_cost,14.0461
rare_cost-2855,rare_cost,16.3955
rare_cost-2856,rare_cost,18.9408
rare_cost-2857,rare_cost,19.5227
rare_cost-2858,rare_cost,25.6718
rare_cost-2859,rare_cost,21.0801
rare_cost-2860,rare_cost,158.1593
rare_cost-2861,rare_cost,16.5474
rare_cost-2862,rare_cost,17.6314
rare_cost-2863,rare_cost,21.4551
rare_cost-2864,rare_cost,18.501
rare_cost-2865,rare_cost,20.8362
rare_cost-2866,rare_cost,20.6676
rare_cost-2867,rare_cost,22.9632
rare_cost-2868,rare_cost,23.7606
rare_cost-2869,rare_cost,22.5149
rare_cost-2870,rare_cost,16.3642
rare_cost-2871,rare_cost,19.4566
rare_cost-2872,rare_cost,19.8053
rare_cost-2873,rare_cost,22.3748
rare_cost-2874,rare_cost,17.8749
rare_cost-2875,rare_cost,21.1739
rare_cost-2876,rare_cost,174.2059
rare_cost-2877,rare_cost,18.4891
rare_cost-2878,rare_cost,20.3144
rare_cost-2879,rare_cost,25.4474
rare_cost-2880,rare_cost,26.7719
rare_cost-2881,rare_cost,16.6921
rare_cost-2882,rare_cost,19.3859
rare_cost-2883,rare_cost,20.2884
rare_cost-2884,rare_cost,23.7759
rare_cost-2885,rare_cost,20.5377
rare_cost-2886,rare_cost,26.743
rare_cost-2887,rare_cost,21.452
rare_cost-2888,rare_cost,22.5521
rare_cost-2889,rare_cost,18.475
rare_cost-2890,rare_cost,18.1824
rare_cost-2891,rare_cost,178.5316
rare_cost-2892,rare_cost,19.8166
rare_cost-2893,rare_cost,21.2331
rare_cost-2894,rare_cost,19.6976
rare_cost-2895,rare_cost,19.5211
rare_cost-2896,rare_cost,15.4166
rare_cost-2897,rare_cost,17.7723
rare_cost-2898,rare_cost,23.4844
rare_cost-2899,rare_cost,20.7173
rare_cost-2900,rare_cost,17.6629
rare_cost-2901,rare_cost,22.6878
rare_cost-2902,rare_cost,14.8556
rare_cost-2903,rare_cost,22.5945
rare_cost-2904,rare_cost,20.6033
rare_cost-2905,rare_cost,25.3522
rare_cost-2906,rare_cost,22.8695
rare_cost-2907,rare_cost,17.8916
rare_cost-2908,rare_cost,25.1621
rare_cost-2909,rare_cost,20.3168
rare_cost-2910,rare_cost,19.9474
rare_cost-2911,rare_cost,13.9831
rare_cost-2912,rare_cost,22.4924
rare_cost-2913,rare_cost,18.3432
rare_cost-2914,rare_cost,18.3795
rare_cost-2915,rare_cost,170.5762
rare_cost-2916,rare_cost,23.604
rare_cost-2917,rare_cost,21.7553
rare_cost-2918,rare_cost,21.1957
rare_cost-2919,rare_cost,17.6325
rare_cost-2920,rare_cost,23.0422
rare_cost-2921,rare_cost,26.8388
rare_cost-2922,rare_cost,21.1006
rare_cost-2923,rare_cost,213.5898
rare_cost-2924,rare_cost,21.6391
rare_cost-2925,rare_cost,20.4755
rare_cost-2926,rare_cost,24.6777
rare_cost-2927,rare_cost,18.4316
rare_cost-2928,rare_cost,18.2235
rare_cost-2929,rare_cost,19.5627
rare_cost-2930,rare_cost,20.0219
rare_cost-2931,rare_cost,19.1284
rare_cost-2932,rare_cost,20.6545
rare_cost-2933,rare_cost,23.7151
rare_cost-2934,rare_cost,17.8054
rare_cost-2935,rare_cost,16.3977
rare_cost-2936,rare_cost,20.1831
rare_cost-2937,rare_cost,20.4224
rare_cost-2938,rare_cost,21.1964
rare_cost-2939,rare_cost,17.4499
rare_cost-2940,rare_cost,25.261
rare_cost-2941,rare_cost,19.3407
rare_cost-2942,rare_cost,21.5204
rare_cost-2943,rare_cost,21.5891
rare_cost-2944,rare_cost,193.3436
rare_cost-2945,rare_cost,21.3705
rare_cost-2946,rare_cost,22.8746
rare_cost-2947,rare_cost,17.0912
rare_cost-2948,rare_cost,23.3061
rare_cost-2949,rare_cost,20.3451
rare_cost-2950,rare_cost,23.209
rare_cost-2951,rare_cost,26.5091
rare_cost-2952,rare_cost,18.1797
rare_cost-2953,rare_cost,21.8579
rare_cost-2954,rare_cost,16.5742
rare_cost-2955,rare_cost,20.1026
rare_cost-2956,rare_cost,179.4138
rare_cost-2957,rare_cost,23.4806
rare_cost-2958,rare_cost,20.2058
rare_cost-2959,rare_cost,23.6463
rare_cost-2960,rare_cost,16.0762
rare_cost-2961,rare_cost,18.1285
rare_cost-2962,rare_cost,18.22
rare_cost-2963,rare_cost,18.6448
rare_cost-2964,rare_cost,23.8194
rare_cost-2965,rare_cost,13.0469
rare_cost-2966,rare_cost,21.1979
rare_cost-2967,rare_cost,23.8731
rare_cost-2968,rare_cost,25.3585
rare_cost-2969,rare_cost,21.0767
rare_cost-2970,rare_cost,18.9779
rare_cost-2971,rare_cost,16.7453
rare_cost-2972,rare_cost,19.6896
rare_cost-2973,rare_cost,25.4671
rare_cost-2974,rare_cost,17.9082
rare_cost-2975,rare_cost,24.173
rare_cost-2976,rare_cost,18.6552
rare_cost-2977,rare_cost,22.7705
rare_cost-2978,rare_cost,200.9364
rare_cost-2979,rare_cost,18.1666
rare_cost-2980,rare_cost,15.7261
rare_cost-2981,rare_cost,17.4339
rare_cost-2982,rare_cost,18.3731
rare_cost-2983,rare_cost,24.0106
rare_cost-2984,rare_cost,17.5596
rare_cost-2985,rare_cost,16.9047
rare_cost-2986,rare_cost,17.8182
rare_cost-2987,rare_cost,19.0133
rare_cost-2988,rare_cost,21.2573
rare_cost-2989,rare_cost,18.279
rare_cost-2990,rare_cost,18.938
rare_cost-2991,rare_cost,24.5534
rare_cost-2992,rare_cost,18.5109
rare_cost-2993,rare_cost,16.5223
rare_cost-2994,rare_cost,18.8779
rare_cost-2995,rare_cost,15.8342
rare_cost-2996,rare_cost,22.7392
rare_cost-2997,rare_cost,21.3349
rare_cost-2998,rare_cost,20.5893
rare_cost-2999,rare_cost,19.4421
rare_cost-3000,rare_cost,17.3932
rare_cost-3001,rare_cost,22.4897
rare_cost-3002,rare_cost,23.8357
rare_cost-3003,rare_cost,19.6526
rare_cost-3004,rare_cost,23.9006
rare_cost-3005,rare_cost,22.346
rare_cost-3006,rare_cost,19.0098
rare_cost-3007,rare_cost,19.3711
rare_cost-3008,rare_cost,19.738
rare_cost-3009,rare_cost,22.4915
rare_cost-3010,rare_cost,19.4413
rare_cost-3011,rare_cost,19.8099
rare_cost-3012,rare_cost,18.307
rare_cost-3013,rare_cost,190.3188
rare_cost-3014,rare_cost,20.8031
rare_cost-3015,rare_cost,17.6424
rare_cost-3016,rare_cost,19.7758
rare_cost-3017,rare_cost,19.5893
rare_cost-3018,rare_cost,19.0057
rare_cost-3019,rare_cost,191.2964
rare_cost-3020,rare_cost,19.2328
rare_cost-3021,rare_cost,19.9418
rare_cost-3022,rare_cost,24.6853
rare_cost-3023,rare_cost,19.9885
rare_cost-3024,rare_cost,18.018
rare_cost-3025,rare_cost,24.2667
rare_cost-3026,rare_cost,17.3082
rare_cost-3027,rare_cost,19.7025
rare_cost-3028,rare_cost,17.9016
rare_cost-3029,rare_cost,21.7583
rare_cost-3030,rare_cost,19.4754
rare_cost-3031,rare_cost,24.9283
rare_cost-3032,rare_cost,22.3866
rare_cost-3033,rare_cost,20.4915
rare_cost-3034,rare_cost,25.2497
rare_cost-3035,rare_cost,23.5407
rare_cost-3036,rare_cost,18.2175
rare_cost-3037,rare_cost,24.8169
rare_cost-3038,rare_cost,19.7791
rare_cost-3039,rare_cost,18.8083
rare_cost-3040,rare_cost,25.1585
rare_cost-3041,rare_cost,20.2014
rare_cost-3042,rare_cost,17.1556
rare_cost-3043,rare_cost,16.8228
rare_cost-3044,rare_cost,11.3648
rare_cost-3045,rare_cost,22.5013
rare_cost-3046,rare_cost,20.902
rare_cost-3047,rare_cost,19.5756
rare_cost-3048,rare_cost,22.0252
rare_cost-3049,rare_cost,21.0428
rare_cost-3050,rare_cost,16.3732
rare_cost-3051,rare_cost,20.4056
rare_cost-3052,rare_cost,20.3619
rare_cost-3053,rare_cost,22.1948
rare_cost-3054,rare_cost,18.739
rare_cost-3055,rare_cost,17.5606
rare_cost-3056,rare_cost,23.4316
rare_cost-3057,rare_cost,15.458
rare_cost-3058,rare_cost,17.1342
rare_cost-3059,rare_cost,23.5649
rare_cost-3060,rare_cost,17.6905
rare_cost-3061,rare_cost,17.9336
rare_cost-3062,rare_cost,22.4331
rare_cost-3063,rare_cost,20.6341
rare_cost-3064,rare_cost,16.9782
rare_cost-3065,rare_cost,19.1187
rare_cost-3066,rare_cost,22.6086
rare_cost-3067,rare_cost,161.3159
rare_cost-3068,rare_cost,18.3877
rare_cost-3069,rare_cost,19.9525
rare_cost-3070,rare_cost,18.6403
rare_cost-3071,rare_cost,20.0695
rare_cost-3072,rare_cost,23.5546
rare_cost-3073,rare_cost,21.7148
rare_cost-3074,rare_cost,21.8825
rare_cost-3075,rare_cost,20.5024
rare_cost-3076,rare_cost,18.8933
rare_cost-3077,rare_cost,23.9727
rare_cost-3078,rare_cost,13.569
rare_cost-3079,rare_cost,20.0977
rare_cost-3080,rare_cost,21.0367
rare_cost-3081,rare_cost,168.5148
rare_cost-3082,rare_cost,22.3253
rare_cost-3083,rare_cost,17.7648
rare_cost-3084,rare_cost,25.0342
rare_cost-3085,rare_cost,15.3684
rare_cost-3086,rare_cost,21.9237
rare_cost-3087,rare_cost,20.7293
rare_cost-3088,rare_cost,17.2778
rare_cost-3089,rare_cost,18.1329
rare_cost-3090,rare_cost,19.6168
rare_cost-3091,rare_cost,18.0948
rare_cost-3092,rare_cost,25.0464
rare_cost-3093,rare_cost,20.3455
rare_cost-3094,rare_cost,17.083
rare_cost-3095,rare_cost,14.929
rare_cost-3096,rare_cost,21.3563
rare_cost-3097,rare_cost,21.7863
rare_cost-3098,rare_cost,190.1852
rare_cost-3099,rare_cost,26.8476
rare_cost-3100,rare_cost,21.2213
rare_cost-3101,rare_cost,20.8032
rare_cost-3102,rare_cost,16.7337
rare_cost-3103,rare_cost,24.4853
rare_cost-3104,rare_cost,18.1084
rare_cost-3105,rare_cost,23.7871
rare_cost-3106,rare_cost,21.1236
rare_cost-3107,rare_cost,17.484
rare_cost-3108,rare_cost,19.8395
rare_cost-3109,rare_cost,18.3668
rare_cost-3110,rare_cost,22.4903
rare_cost-3111,rare_cost,24.0199
rare_cost-3112,rare_cost,23.4023
rare_cost-3113,rare_cost,14.7976
rare_cost-3114,rare_cost,197.3939
rare_cost-3115,rare_cost,163.6712
rare_cost-3116,rare_cost,17.9104
rare_cost-3117,rare_cost,24.8682
rare_cost-3118,rare_cost,19.5084
rare_cost-3119,rare_cost,20.9782
rare_cost-3120,rare_cost,176.8332
rare_cost-3121,rare_cost,14.9408
rare_cost-3122,rare_cost,23.1484
rare_cost-3123,rare_cost,20.5036
rare_cost-3124,rare_cost,24.4343
rare_cost-3125,rare_cost,23.1312
rare_cost-3126,rare_cost,21.2902
rare_cost-3127,rare_cost,12.0512
rare_cost-3128,rare_cost,141.8065
rare_cost-3129,rare_cost,19.6956
rare_cost-3130,rare_cost,22.2361
rare_cost-3131,rare_cost,16.6565
rare_cost-3132,rare_cost,20.3218
rare_cost-3133,rare_cost,16.1983
rare_cost-3134,rare_cost,19.5117
rare_cost-3135,rare_cost,20.5407
rare_cost-3136,rare_cost,22.2007
rare_cost-3137,rare_cost,19.4316
rare_cost-3138,rare_cost,17.6939
rare_cost-3139,rare_cost,18.1452
rare_cost-3140,rare_cost,21.2716
rare_cost-3141,rare_cost,13.8229
rare_cost-3142,rare_cost,24.9047
rare_cost-3143,rare_cost,19.7758
rare_cost-3144,rare_cost,199.1229
rare_cost-3145,rare_cost,24.1676
rare_cost-3146,rare_cost,23.6131
rare_cost-3147,rare_cost,22.462
rare_cost-3148,rare_cost,23.0819
rare_cost-3149,rare_cost,27.7127
rare_cost-3150,rare_cost,16.9429
rare_cost-3151,rare_cost,16.3203
rare_cost-3152,rare_cost,19.1296
rare_cost-3153,rare_cost,187.8185
rare_cost-3154,rare_cost,19.1282
rare_cost-3155,rare_cost,16.3339
rare_cost-3156,rare_cost,19.3277
rare_cost-3157,rare_cost,21.3877
rare_cost-3158,rare_cost,16.552
rare_cost-3159,rare_cost,20.7948
rare_cost-3160,rare_cost,22.8872
rare_cost-3161,rare_cost,21.1972
rare_cost-3162,rare_cost,20.8776
rare_cost-3163,rare_cost,20.8704
rare_cost-3164,rare_cost,19.31
rare_cost-3165,rare_cost,20.8258
rare_cost-3166,rare_cost,22.2354
rare_cost-3167,rare_cost,17.3225
rare_cost-3168,rare_cost,18.9551
rare_cost-3169,rare_cost,21.0691
rare_cost-3170,rare_cost,18.4314
rare_cost-3171,rare_cost,18.3322
rare_cost-3172,rare_cost,23.619
rare_cost-3173,rare_cost,18.989
rare_cost-3174,rare_cost,27.0755
rare_cost-3175,rare_cost,20.7218
rare_cost-3176,rare_cost,16.9957
rare_cost-3177,rare_cost,23.0338
rare_cost-3178,rare_cost,23.7053
rare_cost-3179,rare_cost,17.6238
rare_cost-3180,rare_cost,18.3133
rare_cost-3181,rare_cost,20.4956
rare_cost-3182,rare_cost,23.0688
rare_cost-3183,rare_cost,20.4893
rare_cost-3184,rare_cost,16.5452
rare_cost-3185,rare_cost,19.7184
rare_cost-3186,rare_cost,23.1303
rare_cost-3187,rare_cost,18.7437
rare_cost-3188,rare_cost,21.1081
rare_cost-3189,rare_cost,21.9615
rare_cost-3190,rare_cost,17.175
rare_cost-3191,rare_cost,220.4524
rare_cost-3192,rare_cost,21.1979
rare_cost-3193,rare_cost,21.6954
rare_cost-3194,rare_cost,16.8432
rare_cost-3195,rare_cost,21.4102
rare_cost-3196,rare_cost,20.2512
rare_cost-3197,rare_cost,22.5693
rare_cost-3198,rare_cost,20.401
rare_cost-3199,rare_cost,19.0938
rare_cost-3200,rare_cost,18.5389
rare_cost-3201,rare_cost,19.094
rare_cost-3202,rare_cost,23.4498
rare_cost-3203,rare_cost,18.3358
rare_cost-3204,rare_cost,14.7188
rare_cost-3205,rare_cost,20.2073
rare_cost-3206,rare_cost,18.5003
rare_cost-3207,rare_cost,21.5527
rare_cost-3208,rare_cost,26.4627
rare_cost-3209,rare_cost,18.7169
rare_cost-3210,rare_cost,147.124
rare_cost-3211,rare_cost,27.7003
rare_cost-3212,rare_cost,16.4699
rare_cost-3213,rare_cost,21.418
rare_cost-3214,rare_cost,17.6882
rare_cost-3215,rare_cost,24.3689
rare_cost-3216,rare_cost,18.4807
rare_cost-3217,rare_cost,20.0311
rare_cost-3218,rare_cost,15.2444
rare_cost-3219,rare_cost,21.8141
rare_cost-3220,rare_cost,17.9417
rare_cost-3221,rare_cost,19.1451
rare_cost-3222,rare_cost,18.115
rare_cost-3223,rare_cost,19.8746
rare_cost-3224,rare_cost,29.5308
rare_cost-3225,rare_cost,17.9848
rare_cost-3226,rare_cost,20.6643
rare_cost-3227,rare_cost,17.2378
rare_cost-3228,rare_cost,20.2237
rare_cost-3229,rare_cost,17.1563
rare_cost-3230,rare_cost,18.9915
rare_cost-3231,rare_cost,17.1288
rare_cost-3232,rare_cost,23.8356
rare_cost-3233,rare_cost,22.6487
rare_cost-3234,rare_cost,16.7882
rare_cost-3235,rare_cost,19.9282
rare_cost-3236,rare_cost,15.9344
rare_cost-3237,rare_cost,20.1605
rare_cost-3238,rare_cost,16.7154
rare_cost-3239,rare_cost,21.5116
rare_cost-3240,rare_cost,17.3548
rare_cost-3241,rare_cost,19.3331
rare_cost-3242,rare_cost,18.2768
rare_cost-3243,rare_cost,16.7122
rare_cost-3244,rare_cost,14.1471
rare_cost-3245,rare_cost,20.4154
rare_cost-3246,rare_cost,20.6755
rare_cost-3247,rare_cost,21.0095
rare_cost-3248,rare_cost,16.342
rare_cost-3249,rare_cost,22.6846
rare_cost-3250,rare_cost,21.1987
rare_cost-3251,rare_cost,20.6999
rare_cost-3252,rare_cost,24.194
rare_cost-3253,rare_cost,19.0095
rare_cost-3254,rare_cost,24.5199
rare_cost-3255,rare_cost,161.8436
rare_cost-3256,rare_cost,17.9876
rare_cost-3257,rare_cost,21.0095
rare_cost-3258,rare_cost,20.3511
rare_cost-3259,rare_cost,22.5968
rare_cost-3260,rare_cost,16.5221
rare_cost-3261,rare_cost,24.4066
rare_cost-3262,rare_cost,22.9378
rare_cost-3263,rare_cost,26.0318
rare_cost-3264,rare_cost,25.7108
rare_cost-3265,rare_cost,16.7126
rare_cost-3266,rare_cost,20.9728
rare_cost-3267,rare_cost,17.9375
rare_cost-3268,rare_cost,14.9124
rare_cost-3269,rare_cost,21.5667
rare_cost-3270,rare_cost,17.1769
rare_cost-3271,rare_cost,19.7512
rare_cost-3272,rare_cost,24.3324
rare_cost-3273,rare_cost,18.4334
rare_cost-3274,rare_cost,16.8408
rare_cost-3275,rare_cost,26.5413
rare_cost-3276,rare_cost,26.1128
rare_cost-3277,rare_cost,16.258
rare_cost-3278,rare_cost,168.8946
rare_cost-3279,rare_cost,19.0206
rare_cost-3280,rare_cost,19.6039
rare_cost-3281,rare_cost,21.0329
rare_cost-3282,rare_cost,16.9716
rare_cost-3283,rare_cost,16.5105
rare_cost-3284,rare_cost,24.0839
rare_cost-3285,rare_cost,22.3215
rare_cost-3286,rare_cost,175.6398
rare_cost-3287,rare_cost,19.8659
rare_cost-3288,rare_cost,21.9319
rare_cost-3289,rare_cost,21.3774
rare_cost-3290,rare_cost,22.5834
rare_cost-3291,rare_cost,18.7649
rare_cost-3292,rare_cost,23.8577
rare_cost-3293,rare_cost,24.6484
rare_cost-3294,rare_cost,21.4867
rare_cost-3295,rare_cost,17.8743
rare_cost-3296,rare_cost,19.9044
rare_cost-3297,rare_cost,20.2406
rare_cost-3298,rare_cost,20.1089
rare_cost-3299,rare_cost,19.1382
rare_cost-3300,rare_cost,21.6718
rare_cost-3301,rare_cost,23.719
rare_cost-3302,rare_cost,24.2226
rare_cost-3303,rare_cost,22.4514
rare_cost-3304,rare_cost,21.7946
rare_cost-3305,rare_cost,23.6902
rare_cost-3306,rare_cost,20.5844
rare_cost-3307,rare_cost,23.0456
rare_cost-3308,rare_cost,14.664
rare_cost-3309,rare_cost,24.9966
rare_cost-3310,rare_cost,22.2505
rare_cost-3311,rare_cost,17.3008
rare_cost-3312,rare_cost,18.4227
rare_cost-3313,rare_cost,22.4207
rare_cost-3314,rare_cost,17.0856
rare_cost-3315,rare_cost,18.5731
rare_cost-3316,rare_cost,24.2492
rare_cost-3317,rare_cost,18.8771
rare_cost-3318,rare_cost,15.3513
rare_cost-3319,rare_cost,21.0059
rare_cost-3320,rare_cost,21.9764
rare_cost-3321,rare_cost,16.4811
rare_cost-3322,rare_cost,16.6208
rare_cost-3323,rare_cost,15.0532
rare_cost-3324,rare_cost,17.8252
rare_cost-3325,rare_cost,186.6207
rare_cost-3326,rare_cost,18.9576
rare_cost-3327,rare_cost,18.1726
rare_cost-3328,rare_cost,17.7892
rare_cost-3329,rare_cost,23.3944
rare_cost-3330,rare_cost,20.7207
rare_cost-3331,rare_cost,21.1703
rare_cost-3332,rare_cost,20.9913
rare_cost-3333,rare_cost,16.3571
rare_cost-3334,rare_cost,15.4596
rare_cost-3335,rare_cost,142.7486
rare_cost-3336,rare_cost,21.5231
rare_cost-3337,rare_cost,24.1454
rare_cost-3338,rare_cost,20.5657
rare_cost-3339,rare_cost,19.5437
rare_cost-3340,rare_cost,24.5928
rare_cost-3341,rare_cost,21.3836
rare_cost-3342,rare_cost,19.1142
rare_cost-3343,rare_cost,25.4477
rare_cost-3344,rare_cost,21.8001
rare_cost-3345,rare_cost,20.3936
rare_cost-3346,rare_cost,18.4164
rare_cost-3347,rare_cost,19.0568
rare_cost-3348,rare_cost,23.1439
rare_cost-3349,rare_cost,19.9033
rare_cost-3350,rare_cost,18.892
rare_cost-3351,rare_cost,19.7342
rare_cost-3352,rare_cost,18.5629
rare_cost-3353,rare_cost,18.6019
rare_cost-3354,rare_cost,179.0379
rare_cost-3355,rare_cost,22.0995
rare_cost-3356,rare_cost,18.0618
rare_cost-3357,rare_cost,19.9971
rare_cost-3358,rare_cost,21.9429
rare_cost-3359,rare_cost,19.6191
rare_cost-3360,rare_cost,20.4881
rare_cost-3361,rare_cost,22.911
rare_cost-3362,rare_cost,18.7334
rare_cost-3363,rare_cost,20.3415
rare_cost-3364,rare_cost,20.4428
rare_cost-3365,rare_cost,25.1535
rare_cost-3366,rare_cost,20.6792
rare_cost-3367,rare_cost,190.8206
rare_cost-3368,rare_cost,16.7858
rare_cost-3369,rare_cost,25.1585
rare_cost-3370,rare_cost,19.4534
rare_cost-3371,rare_cost,18.4488
rare_cost-3372,rare_cost,21.309
rare_cost-3373,rare_cost,16.959
rare_cost-3374,rare_cost,20.8286
rare_cost-3375,rare_cost,21.706
rare_cost-3376,rare_cost,20.9566
rare_cost-3377,rare_cost,21.4232
rare_cost-3378,rare_cost,20.3727
rare_cost-3379,rare_cost,23.9346
rare_cost-3380,rare_cost,24.7839
rare_cost-3381,rare_cost,23.4306
rare_cost-3382,rare_cost,18.6864
rare_cost-3383,rare_cost,22.042
rare_cost-3384,rare_cost,16.073
rare_cost-3385,rare_cost,190.5834
rare_cost-3386,rare_cost,20.5909
rare_cost-3387,rare_cost,21.3247
rare_cost-3388,rare_cost,25.4073
rare_cost-3389,rare_cost,16.4421
rare_cost-3390,rare_cost,24.2682
rare_cost-3391,rare_cost,21.7684
rare_cost-3392,rare_cost,14.606
rare_cost-3393,rare_cost,23.8516
rare_cost-3394,rare_cost,18.5813
rare_cost-3395,rare_cost,14.9153
rare_cost-3396,rare_cost,12.8451
rare_cost-3397,rare_cost,18.8492
rare_cost-3398,rare_cost,17.093
rare_cost-3399,rare_cost,18.3396
rare_cost-3400,rare_cost,23.0268
rare_cost-3401,rare_cost,20.7727
rare_cost-3402,rare_cost,22.4655
rare_cost-3403,rare_cost,20.6938
rare_cost-3404,rare_cost,18.4003
rare_cost-3405,rare_cost,20.0872
rare_cost-3406,rare_cost,19.207
rare_cost-3407,rare_cost,16.752
rare_cost-3408,rare_cost,12.3731
rare_cost-3409,rare_cost,23.4233
rare_cost-3410,rare_cost,20.9521
rare_cost-3411,rare_cost,18.8538
rare_cost-3412,rare_cost,20.3557
rare_cost-3413,rare_cost,18.6547
rare_cost-3414,rare_cost,18.2433
rare_cost-3415,rare_cost,14.8284
rare_cost-3416,rare_cost,20.5994
rare_cost-3417,rare_cost,18.1411
rare_cost-3418,rare_cost,22.8801
rare_cost-3419,rare_cost,17.3559
rare_cost-3420,rare_cost,21.688
rare_cost-3421,rare_cost,20.2168
rare_cost-3422,rare_cost,20.788
rare_cost-3423,rare_cost,21.7618
rare_cost-3424,rare_cost,22.9765
rare_cost-3425,rare_cost,28.8119
rare_cost-3426,rare_cost,21.2014
rare_cost-3427,rare_cost,20.6675
rare_cost-3428,rare_cost,18.383
rare_cost-3429,rare_cost,21.8543
rare_cost-3430,rare_cost,23.2401
rare_cost-3431,rare_cost,18.6855
rare_cost-3432,rare_cost,19.6738
rare_cost-3433,rare_cost,21.7213
rare_cost-3434,rare_cost,20.0437
rare_cost-3435,rare_cost,21.7297
rare_cost-3436,rare_cost,24.82
rare_cost-3437,rare_cost,24.1607
rare_cost-3438,rare_cost,20.8594
rare_cost-3439,rare_cost,20.1907
rare_cost-3440,rare_cost,19.7201
rare_cost-3441,rare_cost,24.3362
rare_cost-3442,rare_cost,21.4143
rare_cost-3443,rare_cost,18.7586
rare_cost-3444,rare_cost,21.1194
rare_cost-3445,rare_cost,22.8414
rare_cost-3446,rare_cost,14.3061
rare_cost-3447,rare_cost,18.4223
rare_cost-3448,rare_cost,18.5178
rare_cost-3449,rare_cost,21.2352
rare_cost-3450,rare_cost,22.2637
rare_cost-3451,rare_cost,21.6094
rare_cost-3452,rare_cost,22.5376
rare_cost-3453,rare_cost,17.6553
rare_cost-3454,rare_cost,20.6685
rare_cost-3455,rare_cost,23.3391
rare_cost-3456,rare_cost,18.1651
rare_cost-3457,rare_cost,22.0748
rare_cost-3458,rare_cost,13.528
rare_cost-3459,rare_cost,16.583
rare_cost-3460,rare_cost,24.7383
rare_cost-3461,rare_cost,23.9601
rare_cost-3462,rare_cost,19.2671
rare_cost-3463,rare_cost,20.1585
rare_cost-3464,rare_cost,25.2376
rare_cost-3465,rare_cost,23.5503
rare_cost-3466,rare_cost,20.1764
rare_cost-3467,rare_cost,16.0491
rare_cost-3468,rare_cost,16.6004
rare_cost-3469,rare_cost,21.7716
rare_cost-3470,rare_cost,20.8451
rare_cost-3471,rare_cost,18.6463
rare_cost-3472,rare_cost,19.546
rare_cost-3473,rare_cost,16.2252
rare_cost-3474,rare_cost,25.5277
rare_cost-3475,rare_cost,19.51
rare_cost-3476,rare_cost,19.6146
rare_cost-3477,rare_cost,19.5067
rare_cost-3478,rare_cost,15.9069
rare_cost-3479,rare_cost,19.7688
rare_cost-3480,rare_cost,20.5139
rare_cost-3481,rare_cost,16.8125
rare_cost-3482,rare_cost,16.2381
rare_cost-3483,rare_cost,22.4167
rare_cost-3484,rare_cost,18.6626
rare_cost-3485,rare_cost,18.6045
rare_cost-3486,rare_cost,18.6747
rare_cost-3487,rare_cost,17.3595
rare_cost-3488,rare_cost,22.7819
rare_cost-3489,rare_cost,18.6226
rare_cost-3490,rare_cost,25.3159
rare_cost-3491,rare_cost,27.4248
rare_cost-3492,rare_cost,21.8342
rare_cost-3493,rare_cost,22.918
rare_cost-3494,rare_cost,23.0621
rare_cost-3495,rare_cost,16.3789
rare_cost-3496,rare_cost,22.4101
rare_cost-3497,rare_cost,21.4473
rare_cost-3498,rare_cost,24.7921
rare_cost-3499,rare_cost,16.946
rare_cost-3500,rare_cost,15.5578
rare_cost-3501,rare_cost,24.0273
rare_cost-3502,rare_cost,20.6983
rare_cost-3503,rare_cost,18.1803
rare_cost-3504,rare_cost,19.6993
rare_cost-3505,rare_cost,18.5185
rare_cost-3506,rare_cost,19.1354
rare_cost-3507,rare_cost,16.3814
rare_cost-3508,rare_cost,20.852
rare_cost-3509,rare_cost,17.2108
rare_cost-3510,rare_cost,18.5119
rare_cost-3511,rare_cost,19.4075
rare_cost-3512,rare_cost,16.8362
rare_cost-3513,rare_cost,158.3032
rare_cost-3514,rare_cost,15.0224
rare_cost-3515,rare_cost,21.3307
rare_cost-3516,rare_cost,15.1107
rare_cost-3517,rare_cost,21.7648
rare_cost-3518,rare_cost,17.5802
rare_cost-3519,rare_cost,17.1112
rare_cost-3520,rare_cost,19.5637
rare_cost-3521,rare_cost,19.3559
rare_cost-3522,rare_cost,14.9844
rare_cost-3523,rare_cost,20.9605
rare_cost-3524,rare_cost,23.2536
rare_cost-3525,rare_cost,16.5152
rare_cost-3526,rare_cost,20.3998
rare_cost-3527,rare_cost,19.9246
rare_cost-3528,rare_cost,25.5987
rare_cost-3529,rare_cost,22.8868
rare_cost-3530,rare_cost,18.826
rare_cost-3531,rare_cost,23.7177
rare_cost-3532,rare_cost,20.7181
rare_cost-3533,rare_cost,20.8332
rare_cost-3534,rare_cost,19.968
rare_cost-3535,rare_cost,13.5923
rare_cost-3536,rare_cost,19.7653
rare_cost-3537,rare_cost,26.4366
rare_cost-3538,rare_cost,20.3621
rare_cost-3539,rare_cost,18.3174
rare_cost-3540,rare_cost,21.9344
rare_cost-3541,rare_cost,16.1479
rare_cost-3542,rare_cost,21.0967
rare_cost-3543,rare_cost,21.5254
rare_cost-3544,rare_cost,21.2269
rare_cost-3545,rare_cost,19.4619
rare_cost-3546,rare_cost,19.3083
rare_cost-3547,rare_cost,22.8755
rare_cost-3548,rare_cost,23.5977
rare_cost-3549,rare_cost,16.9701
rare_cost-3550,rare_cost,17.5865
rare_cost-3551,rare_cost,27.6826
rare_cost-3552,rare_cost,20.6283
rare_cost-3553,rare_cost,19.2691
rare_cost-3554,rare_cost,24.2139
rare_cost-3555,rare_cost,14.2506
rare_cost-3556,rare_cost,21.8704
rare_cost-3557,rare_cost,18.4843
rare_cost-3558,rare_cost,20.9072
rare_cost-3559,rare_cost,19.0852
rare_cost-3560,rare_cost,199.0466
rare_cost-3561,rare_cost,17.5764
rare_cost-3562,rare_cost,24.9784
rare_cost-3563,rare_cost,17.6999
rare_cost-3564,rare_cost,16.7184
rare_cost-3565,rare_cost,20.0167
rare_cost-3566,rare_cost,20.9171
rare_cost-3567,rare_cost,20.452
rare_cost-3568,rare_cost,16.7549
rare_cost-3569,rare_cost,16.2215
rare_cost-3570,rare_cost,18.1565
rare_cost-3571,rare_cost,189.7653
rare_cost-3572,rare_cost,21.7007
rare_cost-3573,rare_cost,21.1853
rare_cost-3574,rare_cost,21.7026
rare_cost-3575,rare_cost,20.3066
rare_cost-3576,rare_cost,16.5542
rare_cost-3577,rare_cost,19.6926
rare_cost-3578,rare_cost,18.4929
rare_cost-3579,rare_cost,17.4469
rare_cost-3580,rare_cost,15.2375
rare_cost-3581,rare_cost,23.881
rare_cost-3582,rare_cost,22.5656
rare_cost-3583,rare_cost,23.9366
rare_cost-3584,rare_cost,20.1734
rare_cost-3585,rare_cost,18.4703
rare_cost-3586,rare_cost,22.1842
rare_cost-3587,rare_cost,20.1201
rare_cost-3588,rare_cost,17.7409
rare_cost-3589,rare_cost,24.0742
rare_cost-3590,rare_cost,24.4845
rare_cost-3591,rare_cost,21.3458
rare_cost-3592,rare_cost,23.7481
rare_cost-3593,rare_cost,26.2506
rare_cost-3594,rare_cost,24.0905
rare_cost-3595,rare_cost,20.7597
rare_cost-3596,rare_cost,18.0824
rare_cost-3597,rare_cost,23.4377
rare_cost-3598,rare_cost,21.4696
rare_cost-3599,rare_cost,17.6659
rare_cost-3600,rare_cost,16.4843
rare_cost-3601,rare_cost,17.2891
rare_cost-3602,rare_cost,21.3358
rare_cost-3603,rare_cost,22.3223
rare_cost-3604,rare_cost,21.1951
rare_cost-3605,rare_cost,20.0292
rare_cost-3606,rare_cost,18.2452
rare_cost-3607,rare_cost,188.8581
rare_cost-3608,rare_cost,18.7428
rare_cost-3609,rare_cost,21.1611
rare_cost-3610,rare_cost,19.8187
rare_cost-3611,rare_cost,18.6723
rare_cost-3612,rare_cost,14.8873
rare_cost-3613,rare_cost,16.9339
rare_cost-3614,rare_cost,19.8731
rare_cost-3615,rare_cost,21.3281
rare_cost-3616,rare_cost,20.2981
rare_cost-3617,rare_cost,21.0475
rare_cost-3618,rare_cost,20.6293
rare_cost-3619,rare_cost,21.9884
rare_cost-3620,rare_cost,171.5663
rare_cost-3621,rare_cost,14.2362
rare_cost-3622,rare_cost,25.2352
rare_cost-3623,rare_cost,20.0403
rare_cost-3624,rare_cost,22.7277
rare_cost-3625,rare_cost,21.8799
rare_cost-3626,rare_cost,18.4254
rare_cost-3627,rare_cost,22.1179
rare_cost-3628,rare_cost,22.6794
rare_cost-3629,rare_cost,12.8613
rare_cost-3630,rare_cost,16.656
rare_cost-3631,rare_cost,22.1675
rare_cost-3632,rare_cost,17.9572
rare_cost-3633,rare_cost,20.5415
rare_cost-3634,rare_cost,17.4319
rare_cost-3635,rare_cost,21.6612
rare_cost-3636,rare_cost,18.7111
rare_cost-3637,rare_cost,19.6362
rare_cost-3638,rare_cost,25.371
rare_cost-3639,rare_cost,181.1365
rare_cost-3640,rare_cost,17.1698
rare_cost-3641,rare_cost,24.0945
rare_cost-3642,rare_cost,20.7073
rare_cost-3643,rare_cost,23.668
rare_cost-3644,rare_cost,21.2862
rare_cost-3645,rare_cost,18.061
rare_cost-3646,rare_cost,26.7346
rare_cost-3647,rare_cost,20.8287
rare_cost-3648,rare_cost,21.8815
rare_cost-3649,rare_cost,24.4635
rare_cost-3650,rare_cost,17.8301
rare_cost-3651,rare_cost,20.638
rare_cost-3652,rare_cost,12.5345
rare_cost-3653,rare_cost,22.1279
rare_cost-3654,rare_cost,20.0676
rare_cost-3655,rare_cost,180.2656
rare_cost-3656,rare_cost,20.3445
rare_cost-3657,rare_cost,20.9783
rare_cost-3658,rare_cost,17.5247
rare_cost-3659,rare_cost,24.696
rare_cost-3660,rare_cost,26.325
rare_cost-3661,rare_cost,19.1694
rare_cost-3662,rare_cost,16.6801
rare_cost-3663,rare_cost,21.2357
rare_cost-3664,rare_cost,24.7913
rare_cost-3665,rare_cost,25.5202
rare_cost-3666,rare_cost,18.1595
rare_cost-3667,rare_cost,16.2939
rare_cost-3668,rare_cost,26.1559
rare_cost-3669,rare_cost,15.2482
rare_cost-3670,rare_cost,26.0223
rare_cost-3671,rare_cost,21.6788
rare_cost-3672,rare_cost,13.3352
rare_cost-3673,rare_cost,23.3784
rare_cost-3674,rare_cost,17.3873
rare_cost-3675,rare_cost,20.869
rare_cost-3676,rare_cost,20.4001
rare_cost-3677,rare_cost,11.4924
rare_cost-3678,rare_cost,23.4108
rare_cost-3679,rare_cost,206.5199
rare_cost-3680,rare_cost,165.8113
rare_cost-3681,rare_cost,19.0527
rare_cost-3682,rare_cost,18.0593
rare_cost-3683,rare_cost,17.401
rare_cost-3684,rare_cost,18.5841
rare_cost-3685,rare_cost,15.5094
rare_cost-3686,rare_cost,15.5839
rare_cost-3687,rare_cost,20.8689
rare_cost-3688,rare_cost,17.8797
rare_cost-3689,rare_cost,22.6008
rare_cost-3690,rare_cost,19.7034
rare_cost-3691,rare_cost,23.1644
rare_cost-3692,rare_cost,21.1977
rare_cost-3693,rare_cost,18.9805
rare_cost-3694,rare_cost,24.3638
rare_cost-3695,rare_cost,23.0439
rare_cost-3696,rare_cost,22.0332
rare_cost-3697,rare_cost,23.9275
rare_cost-3698,rare_cost,21.3333
rare_cost-3699,rare_cost,14.9777
rare_cost-3700,rare_cost,21.9203
rare_cost-3701,rare_cost,17.0768
rare_cost-3702,rare_cost,21.6974
rare_cost-3703,rare_cost,22.7926
rare_cost-3704,rare_cost,14.4856
rare_cost-3705,rare_cost,19.2342
rare_cost-3706,rare_cost,19.5618
rare_cost-3707,rare_cost,17.0904
rare_cost-3708,rare_cost,15.1704
rare_cost-3709,rare_cost,19.2019
rare_cost-3710,rare_cost,19.5745
rare_cost-3711,rare_cost,17.5277
rare_cost-3712,rare_cost,19.2069
rare_cost-3713,rare_cost,22.2503
rare_cost-3714,rare_cost,20.2547
rare_cost-3715,rare_cost,18.2534
rare_cost-3716,rare_cost,15.6451
rare_cost-3717,rare_cost,20.6133
rare_cost-3718,rare_cost,18.1103
rare_cost-3719,rare_cost,17.3062
rare_cost-3720,rare_cost,26.6651
rare_cost-3721,rare_cost,20.4117
rare_cost-3722,rare_cost,24.3563
rare_cost-3723,rare_cost,17.6942
rare_cost-3724,rare_cost,20.7511
rare_cost-3725,rare_cost,18.6614
rare_cost-3726,rare_cost,26.2429
rare_cost-3727,rare_cost,17.3209
rare_cost-3728,rare_cost,16.0283
rare_cost-3729,rare_cost,21.9325
rare_cost-3730,rare_cost,16.2479
rare_cost-3731,rare_cost,15.8469
rare_cost-3732,rare_cost,227.3494
rare_cost-3733,rare_cost,22.9676
rare_cost-3734,rare_cost,25.218
rare_cost-3735,rare_cost,22.1391
rare_cost-3736,rare_cost,29.7695
rare_cost-3737,rare_cost,20.3342
rare_cost-3738,rare_cost,18.1466
rare_cost-3739,rare_cost,21.1646
rare_cost-3740,rare_cost,17.4408
rare_cost-3741,rare_cost,19.2526
rare_cost-3742,rare_cost,20.497
rare_cost-3743,rare_cost,19.6555
rare_cost-3744,rare_cost,14.8339
rare_cost-3745,rare_cost,204.9124
rare_cost-3746,rare_cost,198.0317
rare_cost-3747,rare_cost,22.2845
rare_cost-3748,rare_cost,21.7654
rare_cost-3749,rare_cost,17.7673
rare_cost-3750,rare_cost,19.6478
rare_cost-3751,rare_cost,22.1933
rare_cost-3752,rare_cost,20.024
rare_cost-3753,rare_cost,23.2461
rare_cost-3754,rare_cost,24.4103
rare_cost-3755,rare_cost,17.8506
rare_cost-3756,rare_cost,191.0931
rare_cost-3757,rare_cost,18.0883
rare_cost-3758,rare_cost,22.6238
rare_cost-3759,rare_cost,16.5155
rare_cost-3760,rare_cost,19.3862
rare_cost-3761,rare_cost,22.0544
rare_cost-3762,rare_cost,21.4293
rare_cost-3763,rare_cost,19.6093
rare_cost-3764,rare_cost,22.5955
rare_cost-3765,rare_cost,23.9136
rare_cost-3766,rare_cost,17.8399
rare_cost-3767,rare_cost,19.2597
rare_cost-3768,rare_cost,17.2899
rare_cost-3769,rare_cost,15.9389
rare_cost-3770,rare_cost,17.4682
rare_cost-3771,rare_cost,20.3985
rare_cost-3772,rare_cost,20.5896
rare_cost-3773,rare_cost,20.6126
rare_cost-3774,rare_cost,18.0049
rare_cost-3775,rare_cost,18.7755
rare_cost-3776,rare_cost,20.7806
rare_cost-3777,rare_cost,19.347
rare_cost-3778,rare_cost,16.571
rare_cost-3779,rare_cost,19.6745
rare_cost-3780,rare_cost,20.8603
rare_cost-3781,rare_cost,16.2037
rare_cost-3782,rare_cost,18.9874
rare_cost-3783,rare_cost,17.217
rare_cost-3784,rare_cost,15.4877
rare_cost-3785,rare_cost,20.3708
rare_cost-3786,rare_cost,16.3135
rare_cost-3787,rare_cost,21.5873
rare_cost-3788,rare_cost,19.093
rare_cost-3789,rare_cost,19.3089
rare_cost-3790,rare_cost,20.2209
rare_cost-3791,rare_cost,12.8303
rare_cost-3792,rare_cost,17.9688
rare_cost-3793,rare_cost,21.2599
rare_cost-3794,rare_cost,22.1065
rare_cost-3795,rare_cost,19.7417
rare_cost-3796,rare_cost,15.4745
rare_cost-3797,rare_cost,19.7534
rare_cost-3798,rare_cost,9.5254
rare_cost-3799,rare_cost,17.7704
rare_cost-3800,rare_cost,19.3312
rare_cost-3801,rare_cost,22.4871
rare_cost-3802,rare_cost,18.6986
rare_cost-3803,rare_cost,21.1651
rare_cost-3804,rare_cost,19.4982
rare_cost-3805,rare_cost,20.5352
rare_cost-3806,rare_cost,182.1561
rare_cost-3807,rare_cost,24.7527
rare_cost-3808,rare_cost,21.131
rare_cost-3809,rare_cost,13.8108
rare_cost-3810,rare_cost,17.3485
rare_cost-3811,rare_cost,22.3457
rare_cost-3812,rare_cost,19.1862
rare_cost-3813,rare_cost,24.8656
rare_cost-3814,rare_cost,21.6836
rare_cost-3815,rare_cost,21.0334
rare_cost-3816,rare_cost,17.6953
rare_cost-3817,rare_cost,16.8997
rare_cost-3818,rare_cost,17.3095
rare_cost-3819,rare_cost,26.5278
rare_cost-3820,rare_cost,20.6931
rare_cost-3821,rare_cost,17.5996
rare_cost-3822,rare_cost,14.0407
rare_cost-3823,rare_cost,14.0808
rare_cost-3824,rare_cost,14.8902
rare_cost-3825,rare_cost,15.206
rare_cost-3826,rare_cost,16.5412
rare_cost-3827,rare_cost,22.7496
rare_cost-3828,rare_cost,21.3031
rare_cost-3829,rare_cost,22.6783
rare_cost-3830,rare_cost,22.9632
rare_cost-3831,rare_cost,24.0006
rare_cost-3832,rare_cost,19.5263
rare_cost-3833,rare_cost,20.3745
rare_cost-3834,rare_cost,18.7654
rare_cost-3835,rare_cost,20.4387
rare_cost-3836,rare_cost,19.7004
rare_cost-3837,rare_cost,20.6097
rare_cost-3838,rare_cost,23.4407
rare_cost-3839,rare_cost,15.8977
rare_cost-3840,rare_cost,21.1013
rare_cost-3841,rare_cost,23.2416
rare_cost-3842,rare_cost,164.174
rare_cost-3843,rare_cost,21.7773
rare_cost-3844,rare_cost,21.403
rare_cost-3845,rare_cost,22.2494
rare_cost-3846,rare_cost,18.6111
rare_cost-3847,rare_cost,18.8389
rare_cost-3848,rare_cost,15.9309
rare_cost-3849,rare_cost,20.8539
rare_cost-3850,rare_cost,22.5666
rare_cost-3851,rare_cost,23.3721
rare_cost-3852,rare_cost,23.0596
rare_cost-3853,rare_cost,10.7788
rare_cost-3854,rare_cost,19.2861
rare_cost-3855,rare_cost,16.7947
rare_cost-3856,rare_cost,20.1608
rare_cost-3857,rare_cost,20.085
rare_cost-3858,rare_cost,20.4588
rare_cost-3859,rare_cost,18.9835
rare_cost-3860,rare_cost,19.9343
rare_cost-3861,rare_cost,21.2067
rare_cost-3862,rare_cost,17.2872
rare_cost-3863,rare_cost,23.1319
rare_cost-3864,rare_cost,21.5465
rare_cost-3865,rare_cost,18.8358
rare_cost-3866,rare_cost,20.7637
rare_cost-3867,rare_cost,20.1375
rare_cost-3868,rare_cost,18.5448
rare_cost-3869,rare_cost,23.1321
rare_cost-3870,rare_cost,19.6089
rare_cost-3871,rare_cost,22.2102
rare_cost-3872,rare_cost,23.8515
rare_cost-3873,rare_cost,22.0763
rare_cost-3874,rare_cost,17.9695
rare_cost-3875,rare_cost,26.2244
rare_cost-3876,rare_cost,20.6796
rare_cost-3877,rare_cost,14.2213
rare_cost-3878,rare_cost,17.9224
rare_cost-3879,rare_cost,15.9423
rare_cost-3880,rare_cost,200.0678
rare_cost-3881,rare_cost,24.5758
rare_cost-3882,rare_cost,20.553
rare_cost-3883,rare_cost,162.8704
rare_cost-3884,rare_cost,19.6551
rare_cost-3885,rare_cost,25.3047
rare_cost-3886,rare_cost,17.749
rare_cost-3887,rare_cost,23.186
rare_cost-3888,rare_cost,22.752
rare_cost-3889,rare_cost,26.5192
rare_cost-3890,rare_cost,20.0067
rare_cost-3891,rare_cost,16.0891
rare_cost-3892,rare_cost,19.8802
rare_cost-3893,rare_cost,14.1193
rare_cost-3894,rare_cost,183.1248
rare_cost-3895,rare_cost,18.5691
rare_cost-3896,rare_cost,21.9044
rare_cost-3897,rare_cost,18.3229
rare_cost-3898,rare_cost,15.9272
rare_cost-3899,rare_cost,22.2773
rare_cost-3900,rare_cost,23.0904
rare_cost-3901,rare_cost,19.2114
rare_cost-3902,rare_cost,15.73
rare_cost-3903,rare_cost,22.5255
rare_cost-3904,rare_cost,22.1072
rare_cost-3905,rare_cost,20.1883
rare_cost-3906,rare_cost,23.1518
rare_cost-3907,rare_cost,26.9953
rare_cost-3908,rare_cost,24.0945
rare_cost-3909,rare_cost,22.9058
rare_cost-3910,rare_cost,22.7986
rare_cost-3911,rare_cost,24.3579
rare_cost-3912,rare_cost,19.9217
rare_cost-3913,rare_cost,16.4826
rare_cost-3914,rare_cost,20.6835
rare_cost-3915,rare_cost,18.6888
rare_cost-3916,rare_cost,16.7791
rare_cost-3917,rare_cost,16.8858
rare_cost-3918,rare_cost,19.0281
rare_cost-3919,rare_cost,24.6479
rare_cost-3920,rare_cost,19.2219
rare_cost-3921,rare_cost,18.3051
rare_cost-3922,rare_cost,21.1144
rare_cost-3923,rare_cost,21.5216
rare_cost-3924,rare_cost,17.8307
rare_cost-3925,rare_cost,17.1461
rare_cost-3926,rare_cost,20.9988
rare_cost-3927,rare_cost,23.6436
rare_cost-3928,rare_cost,22.9355
rare_cost-3929,rare_cost,25.2845
rare_cost-3930,rare_cost,24.9315
rare_cost-3931,rare_cost,20.6479
rare_cost-3932,rare_cost,20.9608
rare_cost-3933,rare_cost,21.4111
rare_cost-3934,rare_cost,19.2122
rare_cost-3935,rare_cost,16.445
rare_cost-3936,rare_cost,24.0537
rare_cost-3937,rare_cost,19.5323
rare_cost-3938,rare_cost,23.8382
rare_cost-3939,rare_cost,18.3687
rare_cost-3940,rare_cost,174.3693
rare_cost-3941,rare_cost,20.4851
rare_cost-3942,rare_cost,22.2147
rare_cost-3943,rare_cost,190.8862
rare_cost-3944,rare_cost,17.6969
rare_cost-3945,rare_cost,12.9426
rare_cost-3946,rare_cost,21.0463
rare_cost-3947,rare_cost,22.0854
rare_cost-3948,rare_cost,10.5406
rare_cost-3949,rare_cost,181.5903
rare_cost-3950,rare_cost,20.0664
rare_cost-3951,rare_cost,24.3885
rare_cost-3952,rare_cost,13.399
rare_cost-3953,rare_cost,20.6594
rare_cost-3954,rare_cost,18.8723
rare_cost-3955,rare_cost,20.343
rare_cost-3956,rare_cost,18.3542
rare_cost-3957,rare_cost,16.2166
rare_cost-3958,rare_cost,22.0447
rare_cost-3959,rare_cost,22.1297
rare_cost-3960,rare_cost,23.0794
rare_cost-3961,rare_cost,156.1218
rare_cost-3962,rare_cost,20.3942
rare_cost-3963,rare_cost,16.913
rare_cost-3964,rare_cost,20.7866
rare_cost-3965,rare_cost,15.1484
rare_cost-3966,rare_cost,22.7535
rare_cost-3967,rare_cost,21.3848
rare_cost-3968,rare_cost,21.0476
rare_cost-3969,rare_cost,12.0406
rare_cost-3970,rare_cost,18.4337
rare_cost-3971,rare_cost,22.094
rare_cost-3972,rare_cost,17.9554
rare_cost-3973,rare_cost,21.6524
rare_cost-3974,rare_cost,19.0116
rare_cost-3975,rare_cost,17.7868
rare_cost-3976,rare_cost,22.6249
rare_cost-3977,rare_cost,180.0436
rare_cost-3978,rare_cost,21.8954
rare_cost-3979,rare_cost,18.529
rare_cost-3980,rare_cost,15.5792
rare_cost-3981,rare_cost,22.144
rare_cost-3982,rare_cost,22.1697
rare_cost-3983,rare_cost,25.4976
rare_cost-3984,rare_cost,23.7403
rare_cost-3985,rare_cost,182.063
rare_cost-3986,rare_cost,20.292
rare_cost-3987,rare_cost,173.9098
rare_cost-3988,rare_cost,21.854
rare_cost-3989,rare_cost,20.1925
rare_cost-3990,rare_cost,19.1482
rare_cost-3991,rare_cost,19.4019
rare_cost-3992,rare_cost,15.6796
rare_cost-3993,rare_cost,20.3433
rare_cost-3994,rare_cost,18.5489
rare_cost-3995,rare_cost,18.4454
rare_cost-3996,rare_cost,20.9265
rare_cost-3997,rare_cost,23.4908
rare_cost-3998,rare_cost,15.4514
rare_cost-3999,rare_cost,19.091
rare_cost-4000,rare_cost,19.4582
rare_cost-4001,rare_cost,21.7705
rare_cost-4002,rare_cost,24.8371
rare_cost-4003,rare_cost,19.4356
rare_cost-4004,rare_cost,15.4397
rare_cost-4005,rare_cost,20.4315
rare_cost-4006,rare_cost,20.5242
rare_cost-4007,rare_cost,18.6803
rare_cost-4008,rare_cost,17.1186
rare_cost-4009,rare_cost,20.1966
rare_cost-4010,rare_cost,18.21
rare_cost-4011,rare_cost,18.0802
rare_cost-4012,rare_cost,19.7514
rare_cost-4013,rare_cost,24.0953
rare_cost-4014,rare_cost,15.8369
rare_cost-4015,rare_cost,15.3733
rare_cost-4016,rare_cost,23.8301
rare_cost-4017,rare_cost,21.74
rare_cost-4018,rare_cost,17.3383
rare_cost-4019,rare_cost,14.6994
rare_cost-4020,rare_cost,20.3766
rare_cost-4021,rare_cost,14.1551
rare_cost-4022,rare_cost,17.1089
rare_cost-4023,rare_cost,20.0563
rare_cost-4024,rare_cost,22.5879
rare_cost-4025,rare_cost,28.2331
rare_cost-4026,rare_cost,17.736
rare_cost-4027,rare_cost,14.5943
rare_cost-4028,rare_cost,19.8497
rare_cost-4029,rare_cost,21.9205
rare_cost-4030,rare_cost,21.2168
rare_cost-4031,rare_cost,22.1376
rare_cost-4032,rare_cost,17.9497
rare_cost-4033,rare_cost,19.7395
rare_cost-4034,rare_cost,21.7639
rare_cost-4035,rare_cost,17.653
rare_cost-4036,rare_cost,19.3354
rare_cost-4037,rare_cost,17.6051
rare_cost-4038,rare_cost,16.9565
rare_cost-4039,rare_cost,16.1275
rare_cost-4040,rare_cost,18.4369
rare_cost-4041,rare_cost,16.7242
rare_cost-4042,rare_cost,19.0077
rare_cost-4043,rare_cost,28.2607
rare_cost-4044,rare_cost,16.3065
rare_cost-4045,rare_cost,20.0531
rare_cost-4046,rare_cost,22.3172
rare_cost-4047,rare_cost,18.3704
rare_cost-4048,rare_cost,18.6374
rare_cost-4049,rare_cost,19.1055
rare_cost-4050,rare_cost,16.5023
rare_cost-4051,rare_cost,18.5844
rare_cost-4052,rare_cost,22.1623
rare_cost-4053,rare_cost,15.6817
rare_cost-4054,rare_cost,21.681
rare_cost-4055,rare_cost,18.2596
rare_cost-4056,rare_cost,18.2826
rare_cost-4057,rare_cost,19.9491
rare_cost-4058,rare_cost,21.8116
rare_cost-4059,rare_cost,18.6402
rare_cost-4060,rare_cost,28.3427
rare_cost-4061,rare_cost,11.7129
rare_cost-4062,rare_cost,17.7705
rare_cost-4063,rare_cost,21.3248
rare_cost-4064,rare_cost,18.2843
rare_cost-4065,rare_cost,24.1757
rare_cost-4066,rare_cost,20.4353
rare_cost-4067,rare_cost,24.0147
rare_cost-4068,rare_cost,21.541
rare_cost-4069,rare_cost,22.8615
rare_cost-4070,rare_cost,21.8102
rare_cost-4071,rare_cost,21.9793
rare_cost-4072,rare_cost,20.8669
rare_cost-4073,rare_cost,166.9462
rare_cost-4074,rare_cost,22.4401
rare_cost-4075,rare_cost,13.604
rare_cost-4076,rare_cost,21.5291
rare_cost-4077,rare_cost,21.7334
rare_cost-4078,rare_cost,19.9854
rare_cost-4079,rare_cost,16.2302
rare_cost-4080,rare_cost,20.7614
rare_cost-4081,rare_cost,23.44
rare_cost-4082,rare_cost,174.675
rare_cost-4083,rare_cost,16.962
rare_cost-4084,rare_cost,18.1595
rare_cost-4085,rare_cost,19.1131
rare_cost-4086,rare_cost,18.1775
rare_cost-4087,rare_cost,24.4709
rare_cost-4088,rare_cost,19.7996
rare_cost-4089,rare_cost,20.1661
rare_cost-4090,rare_cost,176.9936
rare_cost-4091,rare_cost,20.7328
rare_cost-4092,rare_cost,21.5216
rare_cost-4093,rare_cost,20.905
rare_cost-4094,rare_cost,24.1429
rare_cost-4095,rare_cost,23.8233
rare_cost-4096,rare_cost,19.6487
rare_cost-4097,rare_cost,23.6962
rare_cost-4098,rare_cost,19.8384
rare_cost-4099,rare_cost,18.1242
rare_cost-4100,rare_cost,25.0976
rare_cost-4101,rare_cost,20.2586
rare_cost-4102,rare_cost,21.5202
rare_cost-4103,rare_cost,26.6924
rare_cost-4104,rare_cost,18.6409
rare_cost-4105,rare_cost,16.2576
rare_cost-4106,rare_cost,21.4031
rare_cost-4107,rare_cost,20.5291
rare_cost-4108,rare_cost,23.0605
rare_cost-4109,rare_cost,21.0289
rare_cost-4110,rare_cost,19.327
rare_cost-4111,rare_cost,18.8223
rare_cost-4112,rare_cost,23.3351
rare_cost-4113,rare_cost,19.0992
rare_cost-4114,rare_cost,21.3114
rare_cost-4115,rare_cost,19.0097
rare_cost-4116,rare_cost,16.97
rare_cost-4117,rare_cost,22.5448
rare_cost-4118,rare_cost,22.4037
rare_cost-4119,rare_cost,19.5872
rare_cost-4120,rare_cost,16.0458
rare_cost-4121,rare_cost,23.4306
rare_cost-4122,rare_cost,21.1251
rare_cost-4123,rare_cost,20.866
rare_cost-4124,rare_cost,17.7934
rare_cost-4125,rare_cost,26.2602
rare_cost-4126,rare_cost,23.0668
rare_cost-4127,rare_cost,14.2641
rare_cost-4128,rare_cost,16.8346
rare_cost-4129,rare_cost,17.2478
rare_cost-4130,rare_cost,238.7971
rare_cost-4131,rare_cost,22.7046
rare_cost-4132,rare_cost,22.0397
rare_cost-4133,rare_cost,19.7139
rare_cost-4134,rare_cost,180.9031
rare_cost-4135,rare_cost,19.0296
rare_cost-4136,rare_cost,19.4708
rare_cost-4137,rare_cost,23.7504
rare_cost-4138,rare_cost,19.3212
rare_cost-4139,rare_cost,24.9671
rare_cost-4140,rare_cost,20.8207
rare_cost-4141,rare_cost,21.9589
rare_cost-4142,rare_cost,17.7834
rare_cost-4143,rare_cost,160.3648
rare_cost-4144,rare_cost,16.9277
rare_cost-4145,rare_cost,18.5088
rare_cost-4146,rare_cost,25.0777
rare_cost-4147,rare_cost,24.5857
rare_cost-4148,rare_cost,20.4282
rare_cost-4149,rare_cost,18.812
rare_cost-4150,rare_cost,18.8944
rare_cost-4151,rare_cost,19.2564
rare_cost-4152,rare_cost,20.7514
rare_cost-4153,rare_cost,28.8501
rare_cost-4154,rare_cost,14.0454
rare_cost-4155,rare_cost,18.4598
rare_cost-4156,rare_cost,22.6882
rare_cost-4157,rare_cost,20.5305
rare_cost-4158,rare_cost,22.2057
rare_cost-4159,rare_cost,176.1357
rare_cost-4160,rare_cost,23.8311
rare_cost-4161,rare_cost,217.5865
rare_cost-4162,rare_cost,19.1976
rare_cost-4163,rare_cost,19.5338
rare_cost-4164,rare_cost,185.5391
rare_cost-4165,rare_cost,16.1069
rare_cost-4166,rare_cost,168.9617
rare_cost-4167,rare_cost,22.814
rare_cost-4168,rare_cost,23.4259
rare_cost-4169,rare_cost,15.8335
rare_cost-4170,rare_cost,17.245
rare_cost-4171,rare_cost,18.6284
rare_cost-4172,rare_cost,14.7795
rare_cost-4173,rare_cost,22.7163
rare_cost-4174,rare_cost,18.3825
rare_cost-4175,rare_cost,21.0659
rare_cost-4176,rare_cost,18.6346
rare_cost-4177,rare_cost,18.9729
rare_cost-4178,rare_cost,16.9939
rare_cost-4179,rare_cost,20.6526
rare_cost-4180,rare_cost,13.9652
rare_cost-4181,rare_cost,17.0476
rare_cost-4182,rare_cost,16.2849
rare_cost-4183,rare_cost,13.7445
rare_cost-4184,rare_cost,18.09
rare_cost-4185,rare_cost,17.794
rare_cost-4186,rare_cost,22.3018
rare_cost-4187,rare_cost,27.5625
rare_cost-4188,rare_cost,20.5727
rare_cost-4189,rare_cost,24.5714
rare_cost-4190,rare_cost,21.0192
rare_cost-4191,rare_cost,25.3622
rare_cost-4192,rare_cost,17.1521
rare_cost-4193,rare_cost,15.4595
rare_cost-4194,rare_cost,14.749
rare_cost-4195,rare_cost,24.2074
rare_cost-4196,rare_cost,190.2922
rare_cost-4197,rare_cost,18.1913
rare_cost-4198,rare_cost,15.4234
rare_cost-4199,rare_cost,22.1414
rare_cost-4200,rare_cost,19.886
rare_cost-4201,rare_cost,21.407
rare_cost-4202,rare_cost,22.7917
rare_cost-4203,rare_cost,21.8247
rare_cost-4204,rare_cost,18.1788
rare_cost-4205,rare_cost,19.3437
rare_cost-4206,rare_cost,20.9581
rare_cost-4207,rare_cost,23.6134
rare_cost-4208,rare_cost,21.6133
rare_cost-4209,rare_cost,22.9385
rare_cost-4210,rare_cost,22.4605
rare_cost-4211,rare_cost,18.7811
rare_cost-4212,rare_cost,21.0678
rare_cost-4213,rare_cost,20.9475
rare_cost-4214,rare_cost,22.6912
rare_cost-4215,rare_cost,20.0873
rare_cost-4216,rare_cost,15.6768
rare_cost-4217,rare_cost,17.9867
rare_cost-4218,rare_cost,19.4084
rare_cost-4219,rare_cost,24.1955
rare_cost-4220,rare_cost,19.4527
rare_cost-4221,rare_cost,16.3217
rare_cost-4222,rare_cost,21.5983
rare_cost-4223,rare_cost,24.8492
rare_cost-4224,rare_cost,20.9854
rare_cost-4225,rare_cost,15.7828
rare_cost-4226,rare_cost,18.1646
rare_cost-4227,rare_cost,21.2038
rare_cost-4228,rare_cost,24.1267
rare_cost-4229,rare_cost,20.6097
rare_cost-4230,rare_cost,21.2338
rare_cost-4231,rare_cost,15.6854
rare_cost-4232,rare_cost,22.1468
rare_cost-4233,rare_cost,12.8897
rare_cost-4234,rare_cost,25.0941
rare_cost-4235,rare_cost,18.6247
rare_cost-4236,rare_cost,19.8876
rare_cost-4237,rare_cost,20.8873
rare_cost-4238,rare_cost,13.7249
rare_cost-4239,rare_cost,22.5082
rare_cost-4240,rare_cost,23.4908
rare_cost-4241,rare_cost,22.5952
rare_cost-4242,rare_cost,24.0986
rare_cost-4243,rare_cost,22.2278
rare_cost-4244,rare_cost,18.39
rare_cost-4245,rare_cost,18.0312
rare_cost-4246,rare_cost,20.0962
rare_cost-4247,rare_cost,16.8428
rare_cost-4248,rare_cost,20.0586
rare_cost-4249,rare_cost,17.7542
rare_cost-4250,rare_cost,19.216
rare_cost-4251,rare_cost,21.0749
rare_cost-4252,rare_cost,19.5756
rare_cost-4253,rare_cost,23.795
rare_cost-4254,rare_cost,18.1189
rare_cost-4255,rare_cost,20.4198
rare_cost-4256,rare_cost,20.7371
rare_cost-4257,rare_cost,16.5326
rare_cost-4258,rare_cost,23.8521
rare_cost-4259,rare_cost,20.4548
rare_cost-4260,rare_cost,19.8953
rare_cost-4261,rare_cost,14.0797
rare_cost-4262,rare_cost,16.8197
rare_cost-4263,rare_cost,20.4735
rare_cost-4264,rare_cost,21.1149
rare_cost-4265,rare_cost,14.7218
rare_cost-4266,rare_cost,25.8508
rare_cost-4267,rare_cost,17.6798
rare_cost-4268,rare_cost,15.9968
rare_cost-4269,rare_cost,24.024
rare_cost-4270,rare_cost,15.1771
rare_cost-4271,rare_cost,22.5176
rare_cost-4272,rare_cost,20.1642
rare_cost-4273,rare_cost,21.9529
rare_cost-4274,rare_cost,22.6577
rare_cost-4275,rare_cost,23.4307
rare_cost-4276,rare_cost,16.8365
rare_cost-4277,rare_cost,19.1732
rare_cost-4278,rare_cost,23.666
rare_cost-4279,rare_cost,165.6182
rare_cost-4280,rare_cost,18.9897
rare_cost-4281,rare_cost,19.2297
rare_cost-4282,rare_cost,20.2557
rare_cost-4283,rare_cost,18.7611
rare_cost-4284,rare_cost,16.6267
rare_cost-4285,rare_cost,22.5017
rare_cost-4286,rare_cost,20.7683
rare_cost-4287,rare_cost,25.3964
rare_cost-4288,rare_cost,23.1762
rare_cost-4289,rare_cost,18.6602
rare_cost-4290,rare_cost,18.3497
rare_cost-4291,rare_cost,14.8537
rare_cost-4292,rare_cost,20.2249
rare_cost-4293,rare_cost,16.2174
rare_cost-4294,rare_cost,20.638
rare_cost-4295,rare_cost,22.2419
rare_cost-4296,rare_cost,14.3635
rare_cost-4297,rare_cost,24.6851
rare_cost-4298,rare_cost,17.6843
rare_cost-4299,rare_cost,16.5414
rare_cost-4300,rare_cost,17.553
rare_cost-4301,rare_cost,17.6572
rare_cost-4302,rare_cost,19.199
rare_cost-4303,rare_cost,21.5888
rare_cost-4304,rare_cost,17.0037
rare_cost-4305,rare_cost,21.0247
rare_cost-4306,rare_cost,18.7696
rare_cost-4307,rare_cost,22.7322
rare_cost-4308,rare_cost,17.7801
rare_cost-4309,rare_cost,14.5498
rare_cost-4310,rare_cost,14.5043
rare_cost-4311,rare_cost,16.5054
rare_cost-4312,rare_cost,19.9507
rare_cost-4313,rare_cost,13.7781
rare_cost-4314,rare_cost,21.7967
rare_cost-4315,rare_cost,19.9468
rare_cost-4316,rare_cost,23.0371
rare_cost-4317,rare_cost,16.8001
rare_cost-4318,rare_cost,16.62
rare_cost-4319,rare_cost,22.2934
rare_cost-4320,rare_cost,19.5589
rare_cost-4321,rare_cost,24.4498
rare_cost-4322,rare_cost,13.4689
rare_cost-4323,rare_cost,23.5467
rare_cost-4324,rare_cost,17.7194
rare_cost-4325,rare_cost,23.191
rare_cost-4326,rare_cost,19.704
rare_cost-4327,rare_cost,19.8449
rare_cost-4328,rare_cost,23.096
rare_cost-4329,rare_cost,23.8417
rare_cost-4330,rare_cost,16.8747
rare_cost-4331,rare_cost,19.3603
rare_cost-4332,rare_cost,19.3937
rare_cost-4333,rare_cost,21.627
rare_cost-4334,rare_cost,21.3358
rare_cost-4335,rare_cost,20.315
rare_cost-4336,rare_cost,14.3464
rare_cost-4337,rare_cost,14.6218
rare_cost-4338,rare_cost,24.4575
rare_cost-4339,rare_cost,18.279
rare_cost-4340,rare_cost,17.8943
rare_cost-4341,rare_cost,18.7331
rare_cost-4342,rare_cost,21.1267
rare_cost-4343,rare_cost,19.0611
rare_cost-4344,rare_cost,17.9968
rare_cost-4345,rare_cost,22.29
rare_cost-4346,rare_cost,19.6291
rare_cost-4347,rare_cost,22.3551
rare_cost-4348,rare_cost,16.9917
rare_cost-4349,rare_cost,19.0495
rare_cost-4350,rare_cost,23.7176
rare_cost-4351,rare_cost,20.4743
rare_cost-4352,rare_cost,23.4038
rare_cost-4353,rare_cost,20.3122
rare_cost-4354,rare_cost,22.018
rare_cost-4355,rare_cost,21.0433
rare_cost-4356,rare_cost,19.3234
rare_cost-4357,rare_cost,23.2921
rare_cost-4358,rare_cost,16.9425
rare_cost-4359,rare_cost,24.3057
rare_cost-4360,rare_cost,15.7243
rare_cost-4361,rare_cost,23.3127
rare_cost-4362,rare_cost,22.1659
rare_cost-4363,rare_cost,20.5555
rare_cost-4364,rare_cost,24.5014
rare_cost-4365,rare_cost,20.3048
rare_cost-4366,rare_cost,18.8279
rare_cost-4367,rare_cost,16.3476
rare_cost-4368,rare_cost,21.6258
rare_cost-4369,rare_cost,20.9666
rare_cost-4370,rare_cost,17.2709
rare_cost-4371,rare_cost,20.4552
rare_cost-4372,rare_cost,14.7489
rare_cost-4373,rare_cost,18.5769
rare_cost-4374,rare_cost,22.5137
rare_cost-4375,rare_cost,19.3319
rare_cost-4376,rare_cost,23.1967
rare_cost-4377,rare_cost,24.0109
rare_cost-4378,rare_cost,20.2626
rare_cost-4379,rare_cost,21.1321
rare_cost-4380,rare_cost,15.3017
rare_cost-4381,rare_cost,17.7825
rare_cost-4382,rare_cost,23.1385
rare_cost-4383,rare_cost,21.2991
rare_cost-4384,rare_cost,21.1323
rare_cost-4385,rare_cost,16.4115
rare_cost-4386,rare_cost,194.0242
rare_cost-4387,rare_cost,19.9216
rare_cost-4388,rare_cost,15.7503
rare_cost-4389,rare_cost,17.6328
rare_cost-4390,rare_cost,20.6575
rare_cost-4391,rare_cost,17.6393
rare_cost-4392,rare_cost,21.6807
rare_cost-4393,rare_cost,18.7342
rare_cost-4394,rare_cost,26.7287
rare_cost-4395,rare_cost,22.2873
rare_cost-4396,rare_cost,20.9751
rare_cost-4397,rare_cost,20.162
rare_cost-4398,rare_cost,16.24
rare_cost-4399,rare_cost,19.1972
rare_cost-4400,rare_cost,24.4983
rare_cost-4401,rare_cost,16.4995
rare_cost-4402,rare_cost,186.3662
rare_cost-4403,rare_cost,18.4616
rare_cost-4404,rare_cost,20.8524
rare_cost-4405,rare_cost,144.4086
rare_cost-4406,rare_cost,22.0919
rare_cost-4407,rare_cost,15.7166
rare_cost-4408,rare_cost,18.3828
rare_cost-4409,rare_cost,20.769
rare_cost-4410,rare_cost,18.8814
rare_cost-4411,rare_cost,22.8468
rare_cost-4412,rare_cost,206.3371
rare_cost-4413,rare_cost,18.344
rare_cost-4414,rare_cost,15.6367
rare_cost-4415,rare_cost,15.2022
rare_cost-4416,rare_cost,16.9421
rare_cost-4417,rare_cost,22.6568
rare_cost-4418,rare_cost,22.1938
rare_cost-4419,rare_cost,18.3244
rare_cost-4420,rare_cost,20.505
rare_cost-4421,rare_cost,19.0318
rare_cost-4422,rare_cost,19.0176
rare_cost-4423,rare_cost,23.6829
rare_cost-4424,rare_cost,21.2351
rare_cost-4425,rare_cost,24.3668
rare_cost-4426,rare_cost,23.0193
rare_cost-4427,rare_cost,18.9441
rare_cost-4428,rare_cost,17.1459
rare_cost-4429,rare_cost,21.6337
rare_cost-4430,rare_cost,21.1455
rare_cost-4431,rare_cost,19.0589
rare_cost-4432,rare_cost,21.3008
rare_cost-4433,rare_cost,18.7816
rare_cost-4434,rare_cost,18.1553
rare_cost-4435,rare_cost,19.3346
rare_cost-4436,rare_cost,20.352
rare_cost-4437,rare_cost,16.8329
rare_cost-4438,rare_cost,18.6958
rare_cost-4439,rare_cost,16.3473
rare_cost-4440,rare_cost,229.124
rare_cost-4441,rare_cost,22.1627
rare_cost-4442,rare_cost,23.5607
rare_cost-4443,rare_cost,20.3293
rare_cost-4444,rare_cost,20.7552
rare_cost-4445,rare_cost,24.0985
rare_cost-4446,rare_cost,14.6997
rare_cost-4447,rare_cost,20.2102
rare_cost-4448,rare_cost,23.1797
rare_cost-4449,rare_cost,21.9842
rare_cost-4450,rare_cost,25.2131
rare_cost-4451,rare_cost,19.6115
rare_cost-4452,rare_cost,22.2826
rare_cost-4453,rare_cost,23.2685
rare_cost-4454,rare_cost,23.3138
rare_cost-4455,rare_cost,21.6344
rare_cost-4456,rare_cost,20.8175
rare_cost-4457,rare_cost,21.6016
rare_cost-4458,rare_cost,21.9708
rare_cost-4459,rare_cost,19.271
rare_cost-4460,rare_cost,14.6285
rare_cost-4461,rare_cost,192.2062
rare_cost-4462,rare_cost,167.9601
rare_cost-4463,rare_cost,20.7208
rare_cost-4464,rare_cost,22.4068
rare_cost-4465,rare_cost,14.8431
rare_cost-4466,rare_cost,19.2783
rare_cost-4467,rare_cost,188.6435
rare_cost-4468,rare_cost,23.8803
rare_cost-4469,rare_cost,21.6506
rare_cost-4470,rare_cost,22.8008
rare_cost-4471,rare_cost,20.9169
rare_cost-4472,rare_cost,17.7251
rare_cost-4473,rare_cost,165.9173
rare_cost-4474,rare_cost,20.042
rare_cost-4475,rare_cost,22.2424
rare_cost-4476,rare_cost,20.5858
rare_cost-4477,rare_cost,19.7891
rare_cost-4478,rare_cost,18.8292
rare_cost-4479,rare_cost,22.7016
rare_cost-4480,rare_cost,21.5159
rare_cost-4481,rare_cost,24.7048
rare_cost-4482,rare_cost,23.2627
rare_cost-4483,rare_cost,21.233
rare_cost-4484,rare_cost,21.5514
rare_cost-4485,rare_cost,18.2058
rare_cost-4486,rare_cost,20.3141
rare_cost-4487,rare_cost,22.2894
rare_cost-4488,rare_cost,18.0815
rare_cost-4489,rare_cost,24.774
rare_cost-4490,rare_cost,22.1367
rare_cost-4491,rare_cost,21.2266
rare_cost-4492,rare_cost,15.8717
rare_cost-4493,rare_cost,18.2484
rare_cost-4494,rare_cost,20.3398
rare_cost-4495,rare_cost,18.1528
rare_cost-4496,rare_cost,20.9736
rare_cost-4497,rare_cost,22.1356
rare_cost-4498,rare_cost,19.0637
rare_cost-4499,rare_cost,18.1312
rare_cost-4500,rare_cost,22.1439
rare_cost-4501,rare_cost,21.659
rare_cost-4502,rare_cost,14.7212
rare_cost-4503,rare_cost,22.5008
rare_cost-4504,rare_cost,186.2836
rare_cost-4505,rare_cost,14.6744
rare_cost-4506,rare_cost,23.6568
rare_cost-4507,rare_cost,20.4632
rare_cost-4508,rare_cost,24.9704
rare_cost-4509,rare_cost,15.189
rare_cost-4510,rare_cost,12.7848
rare_cost-4511,rare_cost,17.4606
rare_cost-4512,rare_cost,20.654
rare_cost-4513,rare_cost,17.7026
rare_cost-4514,rare_cost,17.6233
rare_cost-4515,rare_cost,21.6675
rare_cost-4516,rare_cost,23.3748
rare_cost-4517,rare_cost,23.7748
rare_cost-4518,rare_cost,20.9056
rare_cost-4519,rare_cost,19.4006
rare_cost-4520,rare_cost,23.2527
rare_cost-4521,rare_cost,24.6162
rare_cost-4522,rare_cost,17.3984
rare_cost-4523,rare_cost,18.9369
rare_cost-4524,rare_cost,22.6303
rare_cost-4525,rare_cost,22.7519
rare_cost-4526,rare_cost,196.7872
rare_cost-4527,rare_cost,14.9693
rare_cost-4528,rare_cost,18.8923
rare_cost-4529,rare_cost,22.0762
rare_cost-4530,rare_cost,14.8125
rare_cost-4531,rare_cost,23.802
rare_cost-4532,rare_cost,21.1657
rare_cost-4533,rare_cost,21.0434
rare_cost-4534,rare_cost,21.3444
rare_cost-4535,rare_cost,25.0046
rare_cost-4536,rare_cost,22.2506
rare_cost-4537,rare_cost,16.6687
rare_cost-4538,rare_cost,19.5634
rare_cost-4539,rare_cost,22.8474
rare_cost-4540,rare_cost,22.5844
rare_cost-4541,rare_cost,15.5101
rare_cost-4542,rare_cost,19.2428
rare_cost-4543,rare_cost,16.9693
rare_cost-4544,rare_cost,27.2153
rare_cost-4545,rare_cost,26.0684
rare_cost-4546,rare_cost,21.5395
rare_cost-4547,rare_cost,21.7818
rare_cost-4548,rare_cost,18.192
rare_cost-4549,rare_cost,21.2609
rare_cost-4550,rare_cost,20.6414
rare_cost-4551,rare_cost,13.8657
rare_cost-4552,rare_cost,210.5996
rare_cost-4553,rare_cost,20.8919
rare_cost-4554,rare_cost,23.3044
rare_cost-4555,rare_cost,20.5254
rare_cost-4556,rare_cost,16.531
rare_cost-4557,rare_cost,21.8785
rare_cost-4558,rare_cost,17.7127
rare_cost-4559,rare_cost,17.5541
rare_cost-4560,rare_cost,21.144
rare_cost-4561,rare_cost,21.4962
rare_cost-4562,rare_cost,16.3221
rare_cost-4563,rare_cost,19.7849
rare_cost-4564,rare_cost,22.4093
rare_cost-4565,rare_cost,26.766
rare_cost-4566,rare_cost,20.1764
rare_cost-4567,rare_cost,21.8738
rare_cost-4568,rare_cost,19.9503
rare_cost-4569,rare_cost,25.2039
rare_cost-4570,rare_cost,17.3671
rare_cost-4571,rare_cost,23.1112
rare_cost-4572,rare_cost,19.2265
rare_cost-4573,rare_cost,18.7077
rare_cost-4574,rare_cost,24.5006
rare_cost-4575,rare_cost,18.7703
rare_cost-4576,rare_cost,23.2784
rare_cost-4577,rare_cost,13.7797
rare_cost-4578,rare_cost,20.235
rare_cost-4579,rare_cost,21.119
rare_cost-4580,rare_cost,21.8866
rare_cost-4581,rare_cost,28.2053
rare_cost-4582,rare_cost,20.2157
rare_cost-4583,rare_cost,17.6935
rare_cost-4584,rare_cost,21.7047
rare_cost-4585,rare_cost,20.934
rare_cost-4586,rare_cost,172.0576
rare_cost-4587,rare_cost,23.6488
rare_cost-4588,rare_cost,217.6283
rare_cost-4589,rare_cost,19.1749
rare_cost-4590,rare_cost,22.8744
rare_cost-4591,rare_cost,175.4748
rare_cost-4592,rare_cost,17.4393
rare_cost-4593,rare_cost,15.3343
rare_cost-4594,rare_cost,20.6331
rare_cost-4595,rare_cost,18.7163
rare_cost-4596,rare_cost,21.8362
rare_cost-4597,rare_cost,22.4426
rare_cost-4598,rare_cost,18.9555
rare_cost-4599,rare_cost,19.8551
rare_cost-4600,rare_cost,24.2007
rare_cost-4601,rare_cost,18.1034
rare_cost-4602,rare_cost,24.3289
rare_cost-4603,rare_cost,26.5463
rare_cost-4604,rare_cost,23.8316
rare_cost-4605,rare_cost,153.8477
rare_cost-4606,rare_cost,20.2931
rare_cost-4607,rare_cost,18.5934
rare_cost-4608,rare_cost,20.2441
rare_cost-4609,rare_cost,18.9282
rare_cost-4610,rare_cost,19.4914
rare_cost-4611,rare_cost,17.443
rare_cost-4612,rare_cost,176.7744
rare_cost-4613,rare_cost,22.7903
rare_cost-4614,rare_cost,24.7401
rare_cost-4615,rare_cost,21.7811
rare_cost-4616,rare_cost,20.6511
rare_cost-4617,rare_cost,176.289
rare_cost-4618,rare_cost,20.6602
rare_cost-4619,rare_cost,24.3618
rare_cost-4620,rare_cost,21.9451
rare_cost-4621,rare_cost,22.9296
rare_cost-4622,rare_cost,20.8994
rare_cost-4623,rare_cost,18.5751
rare_cost-4624,rare_cost,20.0389
rare_cost-4625,rare_cost,24.1578
rare_cost-4626,rare_cost,17.9259
rare_cost-4627,rare_cost,12.2426
rare_cost-4628,rare_cost,16.5585
rare_cost-4629,rare_cost,18.0523
rare_cost-4630,rare_cost,172.0435
rare_cost-4631,rare_cost,23.8648
rare_cost-4632,rare_cost,21.0775
rare_cost-4633,rare_cost,13.1799
rare_cost-4634,rare_cost,20.5494
rare_cost-4635,rare_cost,25.1974
rare_cost-4636,rare_cost,20.3091
rare_cost-4637,rare_cost,12.1643
rare_cost-4638,rare_cost,20.9609
rare_cost-4639,rare_cost,15.351
rare_cost-4640,rare_cost,14.8603
rare_cost-4641,rare_cost,15.5258
rare_cost-4642,rare_cost,19.7309
rare_cost-4643,rare_cost,20.2342
rare_cost-4644,rare_cost,21.7621
rare_cost-4645,rare_cost,22.6342
rare_cost-4646,rare_cost,18.9116
rare_cost-4647,rare_cost,25.0768
rare_cost-4648,rare_cost,16.7054
rare_cost-4649,rare_cost,21.9543
rare_cost-4650,rare_cost,14.603
rare_cost-4651,rare_cost,18.6893
rare_cost-4652,rare_cost,15.6578
rare_cost-4653,rare_cost,20.1465
rare_cost-4654,rare_cost,20.2286
rare_cost-4655,rare_cost,24.4662
rare_cost-4656,rare_cost,21.4742
rare_cost-4657,rare_cost,24.0842
rare_cost-4658,rare_cost,24.9741
rare_cost-4659,rare_cost,22.5763
rare_cost-4660,rare_cost,22.649
rare_cost-4661,rare_cost,22.3102
rare_cost-4662,rare_cost,22.1038
rare_cost-4663,rare_cost,24.9488
rare_cost-4664,rare_cost,17.6052
rare_cost-4665,rare_cost,16.9606
rare_cost-4666,rare_cost,20.3518
rare_cost-4667,rare_cost,18.7918
rare_cost-4668,rare_cost,20.6928
rare_cost-4669,rare_cost,21.2803
rare_cost-4670,rare_cost,19.2327
rare_cost-4671,rare_cost,20.3317
rare_cost-4672,rare_cost,19.8737
rare_cost-4673,rare_cost,26.0825
rare_cost-4674,rare_cost,17.868
rare_cost-4675,rare_cost,19.2618
rare_cost-4676,rare_cost,16.7963
rare_cost-4677,rare_cost,14.6199
rare_cost-4678,rare_cost,12.8973
rare_cost-4679,rare_cost,21.4985
rare_cost-4680,rare_cost,24.5661
rare_cost-4681,rare_cost,16.4716
rare_cost-4682,rare_cost,20.8725
rare_cost-4683,rare_cost,19.9721
rare_cost-4684,rare_cost,17.0911
rare_cost-4685,rare_cost,23.5856
rare_cost-4686,rare_cost,22.3822
rare_cost-4687,rare_cost,20.9803
rare_cost-4688,rare_cost,20.0358
rare_cost-4689,rare_cost,22.0392
rare_cost-4690,rare_cost,21.3434
rare_cost-4691,rare_cost,22.5991
rare_cost-4692,rare_cost,200.4731
rare_cost-4693,rare_cost,193.6231
rare_cost-4694,rare_cost,22.3552
rare_cost-4695,rare_cost,18.3124
rare_cost-4696,rare_cost,17.3168
rare_cost-4697,rare_cost,183.212
rare_cost-4698,rare_cost,177.4293
rare_cost-4699,rare_cost,19.995
rare_cost-4700,rare_cost,23.9453
rare_cost-4701,rare_cost,22.1241
rare_cost-4702,rare_cost,23.211
rare_cost-4703,rare_cost,20.7684
rare_cost-4704,rare_cost,15.5993
rare_cost-4705,rare_cost,20.112
rare_cost-4706,rare_cost,18.3946
rare_cost-4707,rare_cost,23.0706
rare_cost-4708,rare_cost,22.9609
rare_cost-4709,rare_cost,21.1042
rare_cost-4710,rare_cost,194.2111
rare_cost-4711,rare_cost,20.7408
rare_cost-4712,rare_cost,18.711
rare_cost-4713,rare_cost,20.8655
rare_cost-4714,rare_cost,20.1358
rare_cost-4715,rare_cost,21.5094
rare_cost-4716,rare_cost,14.5183
rare_cost-4717,rare_cost,17.4419
rare_cost-4718,rare_cost,19.9564
rare_cost-4719,rare_cost,19.5039
rare_cost-4720,rare_cost,19.9278
rare_cost-4721,rare_cost,28.709
rare_cost-4722,rare_cost,19.2034
rare_cost-4723,rare_cost,17.5548
rare_cost-4724,rare_cost,20.3055
rare_cost-4725,rare_cost,175.6084
rare_cost-4726,rare_cost,157.1638
rare_cost-4727,rare_cost,18.6443
rare_cost-4728,rare_cost,21.825
rare_cost-4729,rare_cost,24.3251
rare_cost-4730,rare_cost,19.9743
rare_cost-4731,rare_cost,19.1147
rare_cost-4732,rare_cost,16.9541
rare_cost-4733,rare_cost,20.0147
rare_cost-4734,rare_cost,19.2627
rare_cost-4735,rare_cost,19.0729
rare_cost-4736,rare_cost,19.0881
rare_cost-4737,rare_cost,18.3433
rare_cost-4738,rare_cost,21.4981
rare_cost-4739,rare_cost,22.8152
rare_cost-4740,rare_cost,21.0564
rare_cost-4741,rare_cost,18.1095
rare_cost-4742,rare_cost,27.3199
rare_cost-4743,rare_cost,15.8604
rare_cost-4744,rare_cost,18.4454
rare_cost-4745,rare_cost,17.7359
rare_cost-4746,rare_cost,19.7038
rare_cost-4747,rare_cost,18.6914
rare_cost-4748,rare_cost,18.9381
rare_cost-4749,rare_cost,22.3704
rare_cost-4750,rare_cost,20.4513
rare_cost-4751,rare_cost,24.5875
rare_cost-4752,rare_cost,21.2304
rare_cost-4753,rare_cost,22.9479
rare_cost-4754,rare_cost,19.0778
rare_cost-4755,rare_cost,16.3967
rare_cost-4756,rare_cost,22.4529
rare_cost-4757,rare_cost,23.0293
rare_cost-4758,rare_cost,19.3413
rare_cost-4759,rare_cost,21.2104
rare_cost-4760,rare_cost,20.0818
rare_cost-4761,rare_cost,16.542
rare_cost-4762,rare_cost,24.3627
rare_cost-4763,rare_cost,22.2368
rare_cost-4764,rare_cost,21.1467
rare_cost-4765,rare_cost,19.5958
rare_cost-4766,rare_cost,20.553
rare_cost-4767,rare_cost,21.9798
rare_cost-4768,rare_cost,19.422
rare_cost-4769,rare_cost,19.9737
rare_cost-4770,rare_cost,22.156
rare_cost-4771,rare_cost,25.036
rare_cost-4772,rare_cost,21.6906
rare_cost-4773,rare_cost,22.8026
rare_cost-4774,rare_cost,19.1285
rare_cost-4775,rare_cost,17.6029
rare_cost-4776,rare_cost,19.9172
rare_cost-4777,rare_cost,18.7127
rare_cost-4778,rare_cost,20.5673
rare_cost-4779,rare_cost,19.7016
rare_cost-4780,rare_cost,17.5746
rare_cost-4781,rare_cost,18.4689
rare_cost-4782,rare_cost,17.7844
rare_cost-4783,rare_cost,23.911
rare_cost-4784,rare_cost,20.0638
rare_cost-4785,rare_cost,17.3875
rare_cost-4786,rare_cost,20.6538
rare_cost-4787,rare_cost,22.7769
rare_cost-4788,rare_cost,17.5292
rare_cost-4789,rare_cost,21.9215
rare_cost-4790,rare_cost,21.2894
rare_cost-4791,rare_cost,19.1909
rare_cost-4792,rare_cost,19.8116
rare_cost-4793,rare_cost,18.6004
rare_cost-4794,rare_cost,21.5514
rare_cost-4795,rare_cost,22.123
rare_cost-4796,rare_cost,20.2699
rare_cost-4797,rare_cost,18.5547
rare_cost-4798,rare_cost,23.6758
rare_cost-4799,rare_cost,14.3923
rare_cost-4800,rare_cost,16.544
rare_cost-4801,rare_cost,17.1988
rare_cost-4802,rare_cost,21.8531
rare_cost-4803,rare_cost,21.7893
rare_cost-4804,rare_cost,15.8534
rare_cost-4805,rare_cost,25.1357
rare_cost-4806,rare_cost,17.3225
rare_cost-4807,rare_cost,20.1969
rare_cost-4808,rare_cost,20.3831
rare_cost-4809,rare_cost,16.8775
rare_cost-4810,rare_cost,22.6819
rare_cost-4811,rare_cost,23.1491
rare_cost-4812,rare_cost,22.2879
rare_cost-4813,rare_cost,16.5988
rare_cost-4814,rare_cost,16.2731
rare_cost-4815,rare_cost,21.5239
rare_cost-4816,rare_cost,16.7398
rare_cost-4817,rare_cost,19.0044
rare_cost-4818,rare_cost,19.168
rare_cost-4819,rare_cost,19.9953
rare_cost-4820,rare_cost,19.1392
rare_cost-4821,rare_cost,12.7921
rare_cost-4822,rare_cost,23.5212
rare_cost-4823,rare_cost,18.7069
rare_cost-4824,rare_cost,16.1862
rare_cost-4825,rare_cost,20.3648
rare_cost-4826,rare_cost,21.8037
rare_cost-4827,rare_cost,22.0
rare_cost-4828,rare_cost,19.0062
rare_cost-4829,rare_cost,199.2579
rare_cost-4830,rare_cost,23.4198
rare_cost-4831,rare_cost,19.7853
rare_cost-4832,rare_cost,19.3203
rare_cost-4833,rare_cost,19.9097
rare_cost-4834,rare_cost,172.5966
rare_cost-4835,rare_cost,200.1695
rare_cost-4836,rare_cost,20.3915
rare_cost-4837,rare_cost,16.3714
rare_cost-4838,rare_cost,20.5091
rare_cost-4839,rare_cost,16.0768
rare_cost-4840,rare_cost,16.4639
rare_cost-4841,rare_cost,21.0716
rare_cost-4842,rare_cost,24.2294
rare_cost-4843,rare_cost,17.6679
rare_cost-4844,rare_cost,20.4336
rare_cost-4845,rare_cost,22.9633
rare_cost-4846,rare_cost,25.1023
rare_cost-4847,rare_cost,16.9257
rare_cost-4848,rare_cost,18.6352
rare_cost-4849,rare_cost,18.3586
rare_cost-4850,rare_cost,22.1097
rare_cost-4851,rare_cost,20.9584
rare_cost-4852,rare_cost,19.5742
rare_cost-4853,rare_cost,19.7386
rare_cost-4854,rare_cost,15.4227
rare_cost-4855,rare_cost,19.6966
rare_cost-4856,rare_cost,18.8589
rare_cost-4857,rare_cost,21.5456
rare_cost-4858,rare_cost,20.7
rare_cost-4859,rare_cost,21.8866
rare_cost-4860,rare_cost,21.2948
rare_cost-4861,rare_cost,23.4773
rare_cost-4862,rare_cost,16.3617
rare_cost-4863,rare_cost,24.6185
rare_cost-4864,rare_cost,21.4697
rare_cost-4865,rare_cost,19.7839
rare_cost-4866,rare_cost,21.3711
rare_cost-4867,rare_cost,15.669
rare_cost-4868,rare_cost,16.802
rare_cost-4869,rare_cost,18.6831
rare_cost-4870,rare_cost,25.6726
rare_cost-4871,rare_cost,13.51
rare_cost-4872,rare_cost,18.5592
rare_cost-4873,rare_cost,19.2298
rare_cost-4874,rare_cost,20.4394
rare_cost-4875,rare_cost,20.961
rare_cost-4876,rare_cost,22.3919
rare_cost-4877,rare_cost,166.3404
rare_cost-4878,rare_cost,19.576
rare_cost-4879,rare_cost,22.0949
rare_cost-4880,rare_cost,20.7519
rare_cost-4881,rare_cost,21.8004
rare_cost-4882,rare_cost,16.1919
rare_cost-4883,rare_cost,176.7232
rare_cost-4884,rare_cost,18.0094
rare_cost-4885,rare_cost,155.342
rare_cost-4886,rare_cost,21.7161
rare_cost-4887,rare_cost,21.6391
rare_cost-4888,rare_cost,14.4715
rare_cost-4889,rare_cost,22.4391
rare_cost-4890,rare_cost,17.7837
rare_cost-4891,rare_cost,22.8532
rare_cost-4892,rare_cost,166.6764
rare_cost-4893,rare_cost,18.5637
rare_cost-4894,rare_cost,21.1045
rare_cost-4895,rare_cost,25.2795
rare_cost-4896,rare_cost,23.9372
rare_cost-4897,rare_cost,20.6357
rare_cost-4898,rare_cost,17.1219
rare_cost-4899,rare_cost,14.6427
rare_cost-4900,rare_cost,21.9926
rare_cost-4901,rare_cost,22.374
rare_cost-4902,rare_cost,17.4185
rare_cost-4903,rare_cost,17.5688
rare_cost-4904,rare_cost,17.4063
rare_cost-4905,rare_cost,20.1396
rare_cost-4906,rare_cost,17.2963
rare_cost-4907,rare_cost,22.1626
rare_cost-4908,rare_cost,18.4335
rare_cost-4909,rare_cost,15.5476
rare_cost-4910,rare_cost,185.4601
rare_cost-4911,rare_cost,23.5685
rare_cost-4912,rare_cost,24.0242
rare_cost-4913,rare_cost,18.3048
rare_cost-4914,rare_cost,196.6538
rare_cost-4915,rare_cost,18.608
rare_cost-4916,rare_cost,19.4418
rare_cost-4917,rare_cost,18.3317
rare_cost-4918,rare_cost,18.4743
rare_cost-4919,rare_cost,19.7285
rare_cost-4920,rare_cost,21.5693
rare_cost-4921,rare_cost,23.5783
rare_cost-4922,rare_cost,14.2607
rare_cost-4923,rare_cost,17.6391
rare_cost-4924,rare_cost,19.2389
rare_cost-4925,rare_cost,19.8899
rare_cost-4926,rare_cost,17.4816
rare_cost-4927,rare_cost,20.6518
rare_cost-4928,rare_cost,17.022
rare_cost-4929,rare_cost,20.191
rare_cost-4930,rare_cost,16.7393
rare_cost-4931,rare_cost,22.2498
rare_cost-4932,rare_cost,20.0396
rare_cost-4933,rare_cost,16.1305
rare_cost-4934,rare_cost,15.5766
rare_cost-4935,rare_cost,15.8573
rare_cost-4936,rare_cost,18.0589
rare_cost-4937,rare_cost,21.338
rare_cost-4938,rare_cost,16.0531
rare_cost-4939,rare_cost,20.7692
rare_cost-4940,rare_cost,22.2748
rare_cost-4941,rare_cost,20.9009
rare_cost-4942,rare_cost,21.5706
rare_cost-4943,rare_cost,20.4463
rare_cost-4944,rare_cost,23.0917
rare_cost-4945,rare_cost,23.083
rare_cost-4946,rare_cost,18.7646
rare_cost-4947,rare_cost,17.4
rare_cost-4948,rare_cost,19.5307
rare_cost-4949,rare_cost,22.9064
rare_cost-4950,rare_cost,24.1892
rare_cost-4951,rare_cost,205.4412
rare_cost-4952,rare_cost,20.0727
rare_cost-4953,rare_cost,20.6907
rare_cost-4954,rare_cost,24.1731
rare_cost-4955,rare_cost,23.6594
rare_cost-4956,rare_cost,20.9237
rare_cost-4957,rare_cost,17.1216
rare_cost-4958,rare_cost,21.457
rare_cost-4959,rare_cost,25.3031
rare_cost-4960,rare_cost,20.0384
rare_cost-4961,rare_cost,20.5919
rare_cost-4962,rare_cost,12.8863
rare_cost-4963,rare_cost,19.6609
rare_cost-4964,rare_cost,28.129
rare_cost-4965,rare_cost,17.6908
rare_cost-4966,rare_cost,22.6084
rare_cost-4967,rare_cost,19.4775
rare_cost-4968,rare_cost,19.6376
rare_cost-4969,rare_cost,18.5513
rare_cost-4970,rare_cost,20.0023
rare_cost-4971,rare_cost,24.1367
rare_cost-4972,rare_cost,23.2273
rare_cost-4973,rare_cost,22.1967
rare_cost-4974,rare_cost,18.4618
rare_cost-4975,rare_cost,24.3568
rare_cost-4976,rare_cost,25.9337
rare_cost-4977,rare_cost,19.7063
rare_cost-4978,rare_cost,18.6282
rare_cost-4979,rare_cost,22.6448
rare_cost-4980,rare_cost,166.2277
rare_cost-4981,rare_cost,16.3781
rare_cost-4982,rare_cost,21.9697
rare_cost-4983,rare_cost,20.2905
rare_cost-4984,rare_cost,20.4935
rare_cost-4985,rare_cost,156.5364
rare_cost-4986,rare_cost,23.7535
rare_cost-4987,rare_cost,20.6603
rare_cost-4988,rare_cost,18.864
rare_cost-4989,rare_cost,24.0208
rare_cost-4990,rare_cost,16.7106
rare_cost-4991,rare_cost,12.8636
rare_cost-4992,rare_cost,20.5071
rare_cost-4993,rare_cost,19.338
rare_cost-4994,rare_cost,21.5528
rare_cost-4995,rare_cost,20.5823
rare_cost-4996,rare_cost,19.1262
rare_cost-4997,rare_cost,21.0023
rare_cost-4998,rare_cost,18.3133
rare_cost-4999,rare_cost,24.0526
rare_cost-5000,rare_cost,16.3452
rare_cost-5001,rare_cost,19.1901
rare_cost-5002,rare_cost,16.9929
rare_cost-5003,rare_cost,20.9032
rare_cost-5004,rare_cost,25.023
rare_cost-5005,rare_cost,23.7731
rare_cost-5006,rare_cost,22.4025
rare_cost-5007,rare_cost,24.1313
rare_cost-5008,rare_cost,18.4278
rare_cost-5009,rare_cost,181.212
rare_cost-5010,rare_cost,17.3006
rare_cost-5011,rare_cost,145.4666
rare_cost-5012,rare_cost,16.8769
rare_cost-5013,rare_cost,18.4171
rare_cost-5014,rare_cost,21.4198
rare_cost-5015,rare_cost,16.1901
rare_cost-5016,rare_cost,23.18
rare_cost-5017,rare_cost,22.8745
rare_cost-5018,rare_cost,19.3727
rare_cost-5019,rare_cost,21.0408
rare_cost-5020,rare_cost,21.327
rare_cost-5021,rare_cost,15.4257
rare_cost-5022,rare_cost,21.2809
rare_cost-5023,rare_cost,18.3762
rare_cost-5024,rare_cost,22.7055
rare_cost-5025,rare_cost,16.906
rare_cost-5026,rare_cost,16.7861
rare_cost-5027,rare_cost,23.2916
rare_cost-5028,rare_cost,18.0707
rare_cost-5029,rare_cost,17.9951
rare_cost-5030,rare_cost,20.9498
rare_cost-5031,rare_cost,16.5223
rare_cost-5032,rare_cost,20.8447
rare_cost-5033,rare_cost,15.8429
rare_cost-5034,rare_cost,20.8443
rare_cost-5035,rare_cost,26.1976
rare_cost-5036,rare_cost,17.8599
rare_cost-5037,rare_cost,19.0929
rare_cost-5038,rare_cost,20.5698
rare_cost-5039,rare_cost,21.5577
rare_cost-5040,rare_cost,21.5877
rare_cost-5041,rare_cost,25.8238
rare_cost-5042,rare_cost,22.1636
rare_cost-5043,rare_cost,30.1116
rare_cost-5044,rare_cost,17.6707
rare_cost-5045,rare_cost,20.7906
rare_cost-5046,rare_cost,18.7081
rare_cost-5047,rare_cost,21.8413
rare_cost-5048,rare_cost,18.7122
rare_cost-5049,rare_cost,16.7581
rare_cost-5050,rare_cost,19.3926
rare_cost-5051,rare_cost,11.6991
rare_cost-5052,rare_cost,21.172
rare_cost-5053,rare_cost,22.9053
rare_cost-5054,rare_cost,18.1876
rare_cost-5055,rare_cost,19.2585
rare_cost-5056,rare_cost,16.1764
rare_cost-5057,rare_cost,18.2497
rare_cost-5058,rare_cost,21.4593
rare_cost-5059,rare_cost,21.5492
rare_cost-5060,rare_cost,19.622
rare_cost-5061,rare_cost,20.0638
rare_cost-5062,rare_cost,157.6036
rare_cost-5063,rare_cost,26.1872
rare_cost-5064,rare_cost,10.825
rare_cost-5065,rare_cost,175.8778
rare_cost-5066,rare_cost,22.197
rare_cost-5067,rare_cost,18.633
rare_cost-5068,rare_cost,22.3476
rare_cost-5069,rare_cost,12.4821
rare_cost-5070,rare_cost,16.5676
rare_cost-5071,rare_cost,20.5131
rare_cost-5072,rare_cost,18.5205
rare_cost-5073,rare_cost,22.991
rare_cost-5074,rare_cost,23.4346
rare_cost-5075,rare_cost,24.7897
rare_cost-5076,rare_cost,18.9003
rare_cost-5077,rare_cost,19.045
rare_cost-5078,rare_cost,16.3333
rare_cost-5079,rare_cost,23.62
rare_cost-5080,rare_cost,26.3574
rare_cost-5081,rare_cost,19.3781
rare_cost-5082,rare_cost,21.7129
rare_cost-5083,rare_cost,20.8305
rare_cost-5084,rare_cost,17.4633
rare_cost-5085,rare_cost,17.397
rare_cost-5086,rare_cost,13.9309
rare_cost-5087,rare_cost,19.3126
rare_cost-5088,rare_cost,19.1317
rare_cost-5089,rare_cost,19.5207
rare_cost-5090,rare_cost,12.213
rare_cost-5091,rare_cost,18.5673
rare_cost-5092,rare_cost,25.0117
rare_cost-5093,rare_cost,17.6817
rare_cost-5094,rare_cost,18.275
rare_cost-5095,rare_cost,24.4445
rare_cost-5096,rare_cost,19.356
rare_cost-5097,rare_cost,17.4066
rare_cost-5098,rare_cost,22.8585
rare_cost-5099,rare_cost,21.0965
rare_cost-5100,rare_cost,13.0189
rare_cost-5101,rare_cost,18.5294
rare_cost-5102,rare_cost,21.576
rare_cost-5103,rare_cost,19.3106
rare_cost-5104,rare_cost,23.6701
rare_cost-5105,rare_cost,17.8182
rare_cost-5106,rare_cost,22.2134
rare_cost-5107,rare_cost,15.6054
rare_cost-5108,rare_cost,22.7879
rare_cost-5109,rare_cost,18.4844
rare_cost-5110,rare_cost,22.015
rare_cost-5111,rare_cost,24.7228
rare_cost-5112,rare_cost,19.7338
rare_cost-5113,rare_cost,20.2159
rare_cost-5114,rare_cost,18.4903
rare_cost-5115,rare_cost,185.76
rare_cost-5116,rare_cost,15.9372
rare_cost-5117,rare_cost,16.9209
rare_cost-5118,rare_cost,179.753
rare_cost-5119,rare_cost,187.8948
rare_cost-5120,rare_cost,20.237
rare_cost-5121,rare_cost,22.3209
rare_cost-5122,rare_cost,21.8616
rare_cost-5123,rare_cost,22.2885
rare_cost-5124,rare_cost,19.0953
rare_cost-5125,rare_cost,22.9483
rare_cost-5126,rare_cost,20.2147
rare_cost-5127,rare_cost,17.4497
rare_cost-5128,rare_cost,17.2549
rare_cost-5129,rare_cost,20.2865
rare_cost-5130,rare_cost,23.4548
rare_cost-5131,rare_cost,23.7931
rare_cost-5132,rare_cost,21.7678
rare_cost-5133,rare_cost,21.3031
rare_cost-5134,rare_cost,19.0522
rare_cost-5135,rare_cost,20.9908
rare_cost-5136,rare_cost,20.6301
rare_cost-5137,rare_cost,24.2317
rare_cost-5138,rare_cost,19.8389
rare_cost-5139,rare_cost,16.5437
rare_cost-5140,rare_cost,20.9155
rare_cost-5141,rare_cost,15.7663
rare_cost-5142,rare_cost,15.5984
rare_cost-5143,rare_cost,18.5122
rare_cost-5144,rare_cost,24.975
rare_cost-5145,rare_cost,24.2642
rare_cost-5146,rare_cost,16.1095
rare_cost-5147,rare_cost,15.7379
rare_cost-5148,rare_cost,20.5506
rare_cost-5149,rare_cost,21.4796
rare_cost-5150,rare_cost,17.0752
rare_cost-5151,rare_cost,21.9793
rare_cost-5152,rare_cost,22.8874
rare_cost-5153,rare_cost,20.6742
rare_cost-5154,rare_cost,19.7441
rare_cost-5155,rare_cost,13.5905
rare_cost-5156,rare_cost,20.479
rare_cost-5157,rare_cost,20.4676
rare_cost-5158,rare_cost,20.9844
rare_cost-5159,rare_cost,21.6612
rare_cost-5160,rare_cost,17.8501
rare_cost-5161,rare_cost,17.5904
rare_cost-5162,rare_cost,27.2437
rare_cost-5163,rare_cost,22.6196
rare_cost-5164,rare_cost,21.7311
rare_cost-5165,rare_cost,20.7416
rare_cost-5166,rare_cost,22.9853
rare_cost-5167,rare_cost,25.6373
rare_cost-5168,rare_cost,17.555
rare_cost-5169,rare_cost,16.7027
rare_cost-5170,rare_cost,19.5056
rare_cost-5171,rare_cost,14.9627
rare_cost-5172,rare_cost,21.0357
rare_cost-5173,rare_cost,21.7625
rare_cost-5174,rare_cost,18.8872
rare_cost-5175,rare_cost,22.9592
rare_cost-5176,rare_cost,25.5461
rare_cost-5177,rare_cost,19.2745
rare_cost-5178,rare_cost,13.8361
rare_cost-5179,rare_cost,18.0341
rare_cost-5180,rare_cost,23.4812
rare_cost-5181,rare_cost,13.3977
rare_cost-5182,rare_cost,18.1146
rare_cost-5183,rare_cost,20.8881
rare_cost-5184,rare_cost,21.6103
rare_cost-5185,rare_cost,23.3487
rare_cost-5186,rare_cost,19.8512
rare_cost-5187,rare_cost,16.7026
rare_cost-5188,rare_cost,26.7808
rare_cost-5189,rare_cost,22.6929
rare_cost-5190,rare_cost,17.2891
rare_cost-5191,rare_cost,19.2004
rare_cost-5192,rare_cost,16.1855
rare_cost-5193,rare_cost,18.5282
rare_cost-5194,rare_cost,16.112
rare_cost-5195,rare_cost,20.3219
rare_cost-5196,rare_cost,19.3147
rare_cost-5197,rare_cost,19.3036
rare_cost-5198,rare_cost,21.8203
rare_cost-5199,rare_cost,17.16
rare_cost-5200,rare_cost,18.0965
rare_cost-5201,rare_cost,21.5766
rare_cost-5202,rare_cost,172.0355
rare_cost-5203,rare_cost,16.4078
rare_cost-5204,rare_cost,182.6909
rare_cost-5205,rare_cost,23.2971
rare_cost-5206,rare_cost,25.3413
rare_cost-5207,rare_cost,10.7666
rare_cost-5208,rare_cost,18.7571
rare_cost-5209,rare_cost,18.545
rare_cost-5210,rare_cost,21.9301
rare_cost-5211,rare_cost,22.9157
rare_cost-5212,rare_cost,22.9309
rare_cost-5213,rare_cost,25.6674
rare_cost-5214,rare_cost,19.1003
rare_cost-5215,rare_cost,197.725
rare_cost-5216,rare_cost,24.24
rare_cost-5217,rare_cost,25.3134
rare_cost-5218,rare_cost,23.0762
rare_cost-5219,rare_cost,20.652
rare_cost-5220,rare_cost,17.2687
rare_cost-5221,rare_cost,18.7857
rare_cost-5222,rare_cost,20.9297
rare_cost-5223,rare_cost,18.6046
rare_cost-5224,rare_cost,17.7391
rare_cost-5225,rare_cost,18.5834
rare_cost-5226,rare_cost,22.0128
rare_cost-5227,rare_cost,24.8082
rare_cost-5228,rare_cost,21.7184
rare_cost-5229,rare_cost,17.2935
rare_cost-5230,rare_cost,21.9259
rare_cost-5231,rare_cost,14.3551
rare_cost-5232,rare_cost,20.0838
rare_cost-5233,rare_cost,15.3376
rare_cost-5234,rare_cost,20.723
rare_cost-5235,rare_cost,19.6611
rare_cost-5236,rare_cost,14.7174
rare_cost-5237,rare_cost,20.0228
rare_cost-5238,rare_cost,22.648
rare_cost-5239,rare_cost,14.7558
rare_cost-5240,rare_cost,17.7227
rare_cost-5241,rare_cost,21.5336
rare_cost-5242,rare_cost,15.0254
rare_cost-5243,rare_cost,23.4093
rare_cost-5244,rare_cost,17.2803
rare_cost-5245,rare_cost,18.7656
rare_cost-5246,rare_cost,156.985
rare_cost-5247,rare_cost,19.7183
rare_cost-5248,rare_cost,21.3702
rare_cost-5249,rare_cost,19.5642
rare_cost-5250,rare_cost,20.4532
rare_cost-5251,rare_cost,14.3321
rare_cost-5252,rare_cost,18.6478
rare_cost-5253,rare_cost,21.9864
rare_cost-5254,rare_cost,24.8272
rare_cost-5255,rare_cost,12.4986
rare_cost-5256,rare_cost,20.7866
rare_cost-5257,rare_cost,22.3127
rare_cost-5258,rare_cost,16.3623
rare_cost-5259,rare_cost,12.7594
rare_cost-5260,rare_cost,19.4467
rare_cost-5261,rare_cost,24.501
rare_cost-5262,rare_cost,20.3992
rare_cost-5263,rare_cost,17.8529
rare_cost-5264,rare_cost,22.2356
rare_cost-5265,rare_cost,16.3763
rare_cost-5266,rare_cost,14.814
rare_cost-5267,rare_cost,18.4847
rare_cost-5268,rare_cost,22.5328
rare_cost-5269,rare_cost,25.7895
rare_cost-5270,rare_cost,20.9805
rare_cost-5271,rare_cost,19.0635
rare_cost-5272,rare_cost,14.2478
rare_cost-5273,rare_cost,17.9737
rare_cost-5274,rare_cost,211.6118
rare_cost-5275,rare_cost,24.6443
rare_cost-5276,rare_cost,19.0933
rare_cost-5277,rare_cost,19.6087
rare_cost-5278,rare_cost,18.5544
rare_cost-5279,rare_cost,20.4644
rare_cost-5280,rare_cost,22.5867
rare_cost-5281,rare_cost,22.3292
rare_cost-5282,rare_cost,19.111
rare_cost-5283,rare_cost,25.1917
rare_cost-5284,rare_cost,22.6669
rare_cost-5285,rare_cost,24.6119
rare_cost-5286,rare_cost,24.1278
rare_cost-5287,rare_cost,21.4359
rare_cost-5288,rare_cost,19.9647
rare_cost-5289,rare_cost,19.1208
rare_cost-5290,rare_cost,18.8588
rare_cost-5291,rare_cost,13.4452
rare_cost-5292,rare_cost,18.2349
rare_cost-5293,rare_cost,15.0833
rare_cost-5294,rare_cost,12.3337
rare_cost-5295,rare_cost,25.7974
rare_cost-5296,rare_cost,23.8602
rare_cost-5297,rare_cost,18.9712
rare_cost-5298,rare_cost,22.5646
rare_cost-5299,rare_cost,23.7251
rare_cost-5300,rare_cost,202.9448
rare_cost-5301,rare_cost,154.7437
rare_cost-5302,rare_cost,22.6534
rare_cost-5303,rare_cost,22.5882
rare_cost-5304,rare_cost,22.1167
rare_cost-5305,rare_cost,18.8035
rare_cost-5306,rare_cost,17.5329
rare_cost-5307,rare_cost,14.6885
rare_cost-5308,rare_cost,12.0428
rare_cost-5309,rare_cost,20.7247
rare_cost-5310,rare_cost,22.3942
rare_cost-5311,rare_cost,175.4759
rare_cost-5312,rare_cost,19.4232
rare_cost-5313,rare_cost,17.7688
rare_cost-5314,rare_cost,13.8031
rare_cost-5315,rare_cost,20.8426
rare_cost-5316,rare_cost,21.1743
rare_cost-5317,rare_cost,24.2043
rare_cost-5318,rare_cost,18.5199
rare_cost-5319,rare_cost,20.2027
rare_cost-5320,rare_cost,15.8319
rare_cost-5321,rare_cost,16.7547
rare_cost-5322,rare_cost,22.4587
rare_cost-5323,rare_cost,22.9343
rare_cost-5324,rare_cost,22.2747
rare_cost-5325,rare_cost,13.6005
rare_cost-5326,rare_cost,18.5477
rare_cost-5327,rare_cost,20.685
rare_cost-5328,rare_cost,21.5722
rare_cost-5329,rare_cost,27.0851
rare_cost-5330,rare_cost,14.7974
rare_cost-5331,rare_cost,22.5208
rare_cost-5332,rare_cost,19.6523
rare_cost-5333,rare_cost,20.702
rare_cost-5334,rare_cost,19.9316
rare_cost-5335,rare_cost,20.0496
rare_cost-5336,rare_cost,18.9737
rare_cost-5337,rare_cost,22.9339
rare_cost-5338,rare_cost,22.5048
rare_cost-5339,rare_cost,22.7694
rare_cost-5340,rare_cost,16.6218
rare_cost-5341,rare_cost,16.9199
rare_cost-5342,rare_cost,18.8679
rare_cost-5343,rare_cost,23.2073
rare_cost-5344,rare_cost,19.0695
rare_cost-5345,rare_cost,16.3616
rare_cost-5346,rare_cost,20.9155
rare_cost-5347,rare_cost,20.4534
rare_cost-5348,rare_cost,20.8408
rare_cost-5349,rare_cost,26.1991
rare_cost-5350,rare_cost,17.6932
rare_cost-5351,rare_cost,16.4548
rare_cost-5352,rare_cost,22.6467
rare_cost-5353,rare_cost,17.9756
rare_cost-5354,rare_cost,15.4379
rare_cost-5355,rare_cost,17.9233
rare_cost-5356,rare_cost,22.1783
rare_cost-5357,rare_cost,23.6883
rare_cost-5358,rare_cost,20.8705
rare_cost-5359,rare_cost,20.1209
rare_cost-5360,rare_cost,18.5843
rare_cost-5361,rare_cost,19.3662
rare_cost-5362,rare_cost,23.4033
rare_cost-5363,rare_cost,20.6977
rare_cost-5364,rare_cost,21.038
rare_cost-5365,rare_cost,21.6222
rare_cost-5366,rare_cost,19.686
rare_cost-5367,rare_cost,22.3805
rare_cost-5368,rare_cost,21.6063
rare_cost-5369,rare_cost,21.0669
rare_cost-5370,rare_cost,18.497
rare_cost-5371,rare_cost,18.0895
rare_cost-5372,rare_cost,22.9262
rare_cost-5373,rare_cost,20.9918
rare_cost-5374,rare_cost,21.7086
rare_cost-5375,rare_cost,17.6218
rare_cost-5376,rare_cost,23.8746
rare_cost-5377,rare_cost,24.1112
rare_cost-5378,rare_cost,12.6802
rare_cost-5379,rare_cost,16.7343
rare_cost-5380,rare_cost,18.1932
rare_cost-5381,rare_cost,19.8926
rare_cost-5382,rare_cost,15.6649
rare_cost-5383,rare_cost,26.4422
rare_cost-5384,rare_cost,22.5584
rare_cost-5385,rare_cost,20.345
rare_cost-5386,rare_cost,15.298
rare_cost-5387,rare_cost,19.1543
rare_cost-5388,rare_cost,22.6173
rare_cost-5389,rare_cost,18.5762
rare_cost-5390,rare_cost,15.7785
rare_cost-5391,rare_cost,20.9249
rare_cost-5392,rare_cost,22.0748
rare_cost-5393,rare_cost,21.168
rare_cost-5394,rare_cost,18.3765
rare_cost-5395,rare_cost,20.9736
rare_cost-5396,rare_cost,21.4126
rare_cost-5397,rare_cost,22.404
rare_cost-5398,rare_cost,18.5714
rare_cost-5399,rare_cost,18.9969
rare_cost-5400,rare_cost,22.3031
rare_cost-5401,rare_cost,26.5029
rare_cost-5402,rare_cost,23.0209
rare_cost-5403,rare_cost,19.7363
rare_cost-5404,rare_cost,16.2477
rare_cost-5405,rare_cost,21.088
rare_cost-5406,rare_cost,21.3029
rare_cost-5407,rare_cost,17.6097
rare_cost-5408,rare_cost,20.9473
rare_cost-5409,rare_cost,22.4586
rare_cost-5410,rare_cost,13.9821
rare_cost-5411,rare_cost,20.9058
rare_cost-5412,rare_cost,17.7285
rare_cost-5413,rare_cost,20.4524
rare_cost-5414,rare_cost,24.9319
rare_cost-5415,rare_cost,17.0072
rare_cost-5416,rare_cost,18.1667
rare_cost-5417,rare_cost,16.8603
rare_cost-5418,rare_cost,20.6692
rare_cost-5419,rare_cost,19.202
rare_cost-5420,rare_cost,17.5231
rare_cost-5421,rare_cost,19.5358
rare_cost-5422,rare_cost,22.0059
rare_cost-5423,rare_cost,20.4225
rare_cost-5424,rare_cost,20.1676
rare_cost-5425,rare_cost,18.3478
rare_cost-5426,rare_cost,21.7164
rare_cost-5427,rare_cost,17.3054
rare_cost-5428,rare_cost,21.7789
rare_cost-5429,rare_cost,12.9926
rare_cost-5430,rare_cost,20.0686
rare_cost-5431,rare_cost,25.5192
rare_cost-5432,rare_cost,18.2737
rare_cost-5433,rare_cost,12.9045
rare_cost-5434,rare_cost,19.1989
rare_cost-5435,rare_cost,24.9312
rare_cost-5436,rare_cost,21.4585
rare_cost-5437,rare_cost,23.8422
rare_cost-5438,rare_cost,18.9971
rare_cost-5439,rare_cost,11.1804
rare_cost-5440,rare_cost,15.3468
rare_cost-5441,rare_cost,18.6827
rare_cost-5442,rare_cost,21.0103
rare_cost-5443,rare_cost,20.0094
rare_cost-5444,rare_cost,13.504
rare_cost-5445,rare_cost,22.6854
rare_cost-5446,rare_cost,20.1795
rare_cost-5447,rare_cost,20.4971
rare_cost-5448,rare_cost,20.4361
rare_cost-5449,rare_cost,21.4422
rare_cost-5450,rare_cost,21.4429
rare_cost-5451,rare_cost,20.362
rare_cost-5452,rare_cost,19.8793
rare_cost-5453,rare_cost,17.5753
rare_cost-5454,rare_cost,19.878
rare_cost-5455,rare_cost,17.0901
rare_cost-5456,rare_cost,21.6166
rare_cost-5457,rare_cost,25.7935
rare_cost-5458,rare_cost,28.7975
rare_cost-5459,rare_cost,21.9718
rare_cost-5460,rare_cost,21.3254
rare_cost-5461,rare_cost,17.4873
rare_cost-5462,rare_cost,178.089
rare_cost-5463,rare_cost,20.7898
rare_cost-5464,rare_cost,21.7087
rare_cost-5465,rare_cost,16.3293
rare_cost-5466,rare_cost,19.9079
rare_cost-5467,rare_cost,20.2656
rare_cost-5468,rare_cost,21.5549
rare_cost-5469,rare_cost,21.9398
rare_cost-5470,rare_cost,16.8441
rare_cost-5471,rare_cost,16.0592
rare_cost-5472,rare_cost,19.0969
rare_cost-5473,rare_cost,21.3681
rare_cost-5474,rare_cost,22.754
rare_cost-5475,rare_cost,21.7408
rare_cost-5476,rare_cost,20.9964
rare_cost-5477,rare_cost,25.2769
rare_cost-5478,rare_cost,25.102
rare_cost-5479,rare_cost,19.4658
rare_cost-5480,rare_cost,26.3446
rare_cost-5481,rare_cost,18.4613
rare_cost-5482,rare_cost,18.0605
rare_cost-5483,rare_cost,16.5181
rare_cost-5484,rare_cost,22.6115
rare_cost-5485,rare_cost,24.2996
rare_cost-5486,rare_cost,22.7905
rare_cost-5487,rare_cost,18.4902
rare_cost-5488,rare_cost,15.229
rare_cost-5489,rare_cost,21.2668
rare_cost-5490,rare_cost,17.6569
rare_cost-5491,rare_cost,17.7789
rare_cost-5492,rare_cost,21.361
rare_cost-5493,rare_cost,17.4215
rare_cost-5494,rare_cost,18.6071
rare_cost-5495,rare_cost,23.5988
rare_cost-5496,rare_cost,21.2311
rare_cost-5497,rare_cost,16.4144
rare_cost-5498,rare_cost,22.6273
rare_cost-5499,rare_cost,171.3909
rare_cost-5500,rare_cost,15.5007
rare_cost-5501,rare_cost,20.2808
rare_cost-5502,rare_cost,18.2432
rare_cost-5503,rare_cost,13.7904
rare_cost-5504,rare_cost,22.7214
rare_cost-5505,rare_cost,22.3121
rare_cost-5506,rare_cost,22.8112
rare_cost-5507,rare_cost,20.938
rare_cost-5508,rare_cost,180.4956
rare_cost-5509,rare_cost,19.8661
rare_cost-5510,rare_cost,21.9165
rare_cost-5511,rare_cost,25.5915
rare_cost-5512,rare_cost,21.6425
rare_cost-5513,rare_cost,16.8507
rare_cost-5514,rare_cost,20.8441
rare_cost-5515,rare_cost,27.2115
rare_cost-5516,rare_cost,20.7847
rare_cost-5517,rare_cost,19.4425
rare_cost-5518,rare_cost,16.165
rare_cost-5519,rare_cost,19.7364
rare_cost-5520,rare_cost,13.9049
rare_cost-5521,rare_cost,19.2708
rare_cost-5522,rare_cost,21.9842
rare_cost-5523,rare_cost,19.6041
rare_cost-5524,rare_cost,19.926
rare_cost-5525,rare_cost,22.8893
rare_cost-5526,rare_cost,20.4261
rare_cost-5527,rare_cost,20.9116
rare_cost-5528,rare_cost,15.0417
rare_cost-5529,rare_cost,16.6212
rare_cost-5530,rare_cost,18.7038
rare_cost-5531,rare_cost,19.9372
rare_cost-5532,rare_cost,221.8963
rare_cost-5533,rare_cost,21.6193
rare_cost-5534,rare_cost,21.8839
rare_cost-5535,rare_cost,19.0103
rare_cost-5536,rare_cost,24.0001
rare_cost-5537,rare_cost,20.1476
rare_cost-5538,rare_cost,16.6727
rare_cost-5539,rare_cost,15.0618
rare_cost-5540,rare_cost,18.3718
rare_cost-5541,rare_cost,14.8045
rare_cost-5542,rare_cost,18.2834
rare_cost-5543,rare_cost,17.0698
rare_cost-5544,rare_cost,17.4006
rare_cost-5545,rare_cost,20.8719
rare_cost-5546,rare_cost,20.5413
rare_cost-5547,rare_cost,20.4893
rare_cost-5548,rare_cost,20.7657
rare_cost-5549,rare_cost,15.9045
rare_cost-5550,rare_cost,18.4328
rare_cost-5551,rare_cost,24.6196
rare_cost-5552,rare_cost,15.9676
rare_cost-5553,rare_cost,20.3171
rare_cost-5554,rare_cost,18.3471
rare_cost-5555,rare_cost,22.3096
rare_cost-5556,rare_cost,20.8563
rare_cost-5557,rare_cost,17.0553
rare_cost-5558,rare_cost,19.9437
rare_cost-5559,rare_cost,192.0481
rare_cost-5560,rare_cost,16.251
rare_cost-5561,rare_cost,16.9195
rare_cost-5562,rare_cost,17.0459
rare_cost-5563,rare_cost,17.1186
rare_cost-5564,rare_cost,23.3456
rare_cost-5565,rare_cost,18.8737
rare_cost-5566,rare_cost,23.5631
rare_cost-5567,rare_cost,23.3824
rare_cost-5568,rare_cost,19.6169
rare_cost-5569,rare_cost,24.3557
rare_cost-5570,rare_cost,25.4577
rare_cost-5571,rare_cost,17.5034
rare_cost-5572,rare_cost,20.1933
rare_cost-5573,rare_cost,16.9942
rare_cost-5574,rare_cost,18.9934
rare_cost-5575,rare_cost,16.7322
rare_cost-5576,rare_cost,23.7341
rare_cost-5577,rare_cost,20.4122
rare_cost-5578,rare_cost,20.0919
rare_cost-5579,rare_cost,22.5803
rare_cost-5580,rare_cost,17.1672
rare_cost-5581,rare_cost,10.2066
rare_cost-5582,rare_cost,13.2871
rare_cost-5583,rare_cost,22.1049
rare_cost-5584,rare_cost,15.6994
rare_cost-5585,rare_cost,24.1079
rare_cost-5586,rare_cost,20.4918
rare_cost-5587,rare_cost,10.9632
rare_cost-5588,rare_cost,18.9725
rare_cost-5589,rare_cost,17.8005
rare_cost-5590,rare_cost,23.0259
rare_cost-5591,rare_cost,19.239
rare_cost-5592,rare_cost,19.8547
rare_cost-5593,rare_cost,18.2305
rare_cost-5594,rare_cost,23.118
rare_cost-5595,rare_cost,21.699
rare_cost-5596,rare_cost,20.735
rare_cost-5597,rare_cost,21.6631
rare_cost-5598,rare_cost,20.187
rare_cost-5599,rare_cost,21.1797
rare_cost-5600,rare_cost,20.8712
rare_cost-5601,rare_cost,25.7632
rare_cost-5602,rare_cost,22.287
rare_cost-5603,rare_cost,16.7489
rare_cost-5604,rare_cost,14.9079
rare_cost-5605,rare_cost,13.7433
rare_cost-5606,rare_cost,20.6793
rare_cost-5607,rare_cost,22.6159
rare_cost-5608,rare_cost,19.3101
rare_cost-5609,rare_cost,15.7581
rare_cost-5610,rare_cost,19.4259
rare_cost-5611,rare_cost,18.8006
rare_cost-5612,rare_cost,19.7458
rare_cost-5613,rare_cost,18.7421
rare_cost-5614,rare_cost,186.7375
rare_cost-5615,rare_cost,20.7054
rare_cost-5616,rare_cost,15.8441
rare_cost-5617,rare_cost,20.714
rare_cost-5618,rare_cost,17.9077
rare_cost-5619,rare_cost,17.7505
rare_cost-5620,rare_cost,18.8741
rare_cost-5621,rare_cost,20.911
rare_cost-5622,rare_cost,23.6826
rare_cost-5623,rare_cost,18.5214
rare_cost-5624,rare_cost,18.7565
rare_cost-5625,rare_cost,14.9596
rare_cost-5626,rare_cost,18.8799
rare_cost-5627,rare_cost,16.7365
rare_cost-5628,rare_cost,20.752
rare_cost-5629,rare_cost,21.7513
rare_cost-5630,rare_cost,22.412
rare_cost-5631,rare_cost,20.1209
rare_cost-5632,rare_cost,23.9453
rare_cost-5633,rare_cost,22.2726
rare_cost-5634,rare_cost,21.3607
rare_cost-5635,rare_cost,18.1784
rare_cost-5636,rare_cost,186.1774
rare_cost-5637,rare_cost,25.6083
rare_cost-5638,rare_cost,18.2087
rare_cost-5639,rare_cost,14.8843
rare_cost-5640,rare_cost,21.4199
rare_cost-5641,rare_cost,20.816
rare_cost-5642,rare_cost,24.49
rare_cost-5643,rare_cost,21.0157
rare_cost-5644,rare_cost,19.1735
rare_cost-5645,rare_cost,15.0457
rare_cost-5646,rare_cost,14.5393
rare_cost-5647,rare_cost,20.5165
rare_cost-5648,rare_cost,17.3276
rare_cost-5649,rare_cost,16.7048
rare_cost-5650,rare_cost,24.3198
rare_cost-5651,rare_cost,22.4301
rare_cost-5652,rare_cost,23.0323
rare_cost-5653,rare_cost,13.6456
rare_cost-5654,rare_cost,21.2829
rare_cost-5655,rare_cost,191.4855
rare_cost-5656,rare_cost,19.3042
rare_cost-5657,rare_cost,23.4695
rare_cost-5658,rare_cost,18.6866
rare_cost-5659,rare_cost,17.268
rare_cost-5660,rare_cost,16.5856
rare_cost-5661,rare_cost,20.6466
rare_cost-5662,rare_cost,17.0167
rare_cost-5663,rare_cost,12.9269
rare_cost-5664,rare_cost,14.0365
rare_cost-5665,rare_cost,22.718
rare_cost-5666,rare_cost,22.2209
rare_cost-5667,rare_cost,20.6343
rare_cost-5668,rare_cost,20.5777
rare_cost-5669,rare_cost,18.2361
rare_cost-5670,rare_cost,23.3358
rare_cost-5671,rare_cost,19.6964
rare_cost-5672,rare_cost,10.7855
rare_cost-5673,rare_cost,22.668
rare_cost-5674,rare_cost,26.345
rare_cost-5675,rare_cost,26.2901
rare_cost-5676,rare_cost,15.8213
rare_cost-5677,rare_cost,22.0711
rare_cost-5678,rare_cost,19.1784
rare_cost-5679,rare_cost,21.5156
rare_cost-5680,rare_cost,205.4055
rare_cost-5681,rare_cost,23.4309
rare_cost-5682,rare_cost,21.8878
rare_cost-5683,rare_cost,26.2757
rare_cost-5684,rare_cost,19.8407
rare_cost-5685,rare_cost,16.5997
rare_cost-5686,rare_cost,14.8912
rare_cost-5687,rare_cost,18.9373
rare_cost-5688,rare_cost,16.7442
rare_cost-5689,rare_cost,23.8358
rare_cost-5690,rare_cost,24.8614
rare_cost-5691,rare_cost,18.278
rare_cost-5692,rare_cost,18.2599
rare_cost-5693,rare_cost,18.5587
rare_cost-5694,rare_cost,18.6636
rare_cost-5695,rare_cost,21.9462
rare_cost-5696,rare_cost,19.3897
rare_cost-5697,rare_cost,21.9445
rare_cost-5698,rare_cost,18.5969
rare_cost-5699,rare_cost,10.5186
rare_cost-5700,rare_cost,14.5415
rare_cost-5701,rare_cost,15.3022
rare_cost-5702,rare_cost,20.2924
rare_cost-5703,rare_cost,15.872
rare_cost-5704,rare_cost,15.0319
rare_cost-5705,rare_cost,20.7996
rare_cost-5706,rare_cost,27.0942
rare_cost-5707,rare_cost,16.7171
rare_cost-5708,rare_cost,24.2269
rare_cost-5709,rare_cost,21.264
rare_cost-5710,rare_cost,20.3943
rare_cost-5711,rare_cost,22.2477
rare_cost-5712,rare_cost,20.131
rare_cost-5713,rare_cost,21.4752
rare_cost-5714,rare_cost,23.5741
rare_cost-5715,rare_cost,14.5998
rare_cost-5716,rare_cost,20.9761
rare_cost-5717,rare_cost,17.9923
rare_cost-5718,rare_cost,22.3246
rare_cost-5719,rare_cost,19.3889
rare_cost-5720,rare_cost,15.9672
rare_cost-5721,rare_cost,20.8113
rare_cost-5722,rare_cost,22.9512
rare_cost-5723,rare_cost,24.6888
rare_cost-5724,rare_cost,21.1613
rare_cost-5725,rare_cost,20.3759
rare_cost-5726,rare_cost,17.8466
rare_cost-5727,rare_cost,21.8408
rare_cost-5728,rare_cost,14.3953
rare_cost-5729,rare_cost,172.1545
rare_cost-5730,rare_cost,21.2418
rare_cost-5731,rare_cost,19.903
rare_cost-5732,rare_cost,17.1017
rare_cost-5733,rare_cost,21.7901
rare_cost-5734,rare_cost,24.5607
rare_cost-5735,rare_cost,18.2488
rare_cost-5736,rare_cost,24.7528
rare_cost-5737,rare_cost,18.31
rare_cost-5738,rare_cost,22.4752
rare_cost-5739,rare_cost,19.211
rare_cost-5740,rare_cost,19.3016
rare_cost-5741,rare_cost,22.512
rare_cost-5742,rare_cost,18.0701
rare_cost-5743,rare_cost,207.6609
rare_cost-5744,rare_cost,21.2562
rare_cost-5745,rare_cost,20.9431
rare_cost-5746,rare_cost,161.7464
rare_cost-5747,rare_cost,16.6546
rare_cost-5748,rare_cost,20.0565
rare_cost-5749,rare_cost,179.1282
rare_cost-5750,rare_cost,24.1441
rare_cost-5751,rare_cost,21.7343
rare_cost-5752,rare_cost,15.5617
rare_cost-5753,rare_cost,15.6924
rare_cost-5754,rare_cost,17.2271
rare_cost-5755,rare_cost,26.3389
rare_cost-5756,rare_cost,21.9119
rare_cost-5757,rare_cost,15.4893
rare_cost-5758,rare_cost,19.1223
rare_cost-5759,rare_cost,23.2318
rare_cost-5760,rare_cost,23.4619
rare_cost-5761,rare_cost,175.6648
rare_cost-5762,rare_cost,206.0429
rare_cost-5763,rare_cost,19.2082
rare_cost-5764,rare_cost,18.4261
rare_cost-5765,rare_cost,16.3593
rare_cost-5766,rare_cost,18.6781
rare_cost-5767,rare_cost,21.1852
rare_cost-5768,rare_cost,20.6818
rare_cost-5769,rare_cost,17.1734
rare_cost-5770,rare_cost,18.5209
rare_cost-5771,rare_cost,21.818
rare_cost-5772,rare_cost,19.9035
rare_cost-5773,rare_cost,175.9656
rare_cost-5774,rare_cost,23.7155
rare_cost-5775,rare_cost,24.035
rare_cost-5776,rare_cost,21.1122
rare_cost-5777,rare_cost,23.5291
rare_cost-5778,rare_cost,15.0908
rare_cost-5779,rare_cost,16.106
rare_cost-5780,rare_cost,20.2381
rare_cost-5781,rare_cost,214.0201
rare_cost-5782,rare_cost,18.2458
rare_cost-5783,rare_cost,181.6297
rare_cost-5784,rare_cost,20.4658
rare_cost-5785,rare_cost,20.8577
rare_cost-5786,rare_cost,23.6241
rare_cost-5787,rare_cost,25.939
rare_cost-5788,rare_cost,18.8969
rare_cost-5789,rare_cost,23.738
rare_cost-5790,rare_cost,16.6748
rare_cost-5791,rare_cost,22.4161
rare_cost-5792,rare_cost,15.281
rare_cost-5793,rare_cost,20.2665
rare_cost-5794,rare_cost,19.6787
rare_cost-5795,rare_cost,20.3494
rare_cost-5796,rare_cost,21.3905
rare_cost-5797,rare_cost,17.161
rare_cost-5798,rare_cost,25.7992
rare_cost-5799,rare_cost,17.9493
rare_cost-5800,rare_cost,15.0971
rare_cost-5801,rare_cost,27.5328
rare_cost-5802,rare_cost,17.8065
rare_cost-5803,rare_cost,215.8139
rare_cost-5804,rare_cost,23.8858
rare_cost-5805,rare_cost,21.0359
rare_cost-5806,rare_cost,17.8341
rare_cost-5807,rare_cost,21.9599
rare_cost-5808,rare_cost,22.3998
rare_cost-5809,rare_cost,18.8269
rare_cost-5810,rare_cost,18.5013
rare_cost-5811,rare_cost,16.9216
rare_cost-5812,rare_cost,20.4865
rare_cost-5813,rare_cost,18.0931
rare_cost-5814,rare_cost,15.6277
rare_cost-5815,rare_cost,24.6384
rare_cost-5816,rare_cost,16.152
rare_cost-5817,rare_cost,17.9041
rare_cost-5818,rare_cost,24.2853
rare_cost-5819,rare_cost,20.363
rare_cost-5820,rare_cost,20.0572
rare_cost-5821,rare_cost,150.5365
rare_cost-5822,rare_cost,20.9782
rare_cost-5823,rare_cost,16.1668
rare_cost-5824,rare_cost,19.8471
rare_cost-5825,rare_cost,17.1624
rare_cost-5826,rare_cost,14.9021
rare_cost-5827,rare_cost,19.1154
rare_cost-5828,rare_cost,20.2555
rare_cost-5829,rare_cost,14.9872
rare_cost-5830,rare_cost,19.241
rare_cost-5831,rare_cost,22.3698
rare_cost-5832,rare_cost,16.6602
rare_cost-5833,rare_cost,153.7491
rare_cost-5834,rare_cost,18.535
rare_cost-5835,rare_cost,22.0961
rare_cost-5836,rare_cost,21.0128
rare_cost-5837,rare_cost,19.0045
rare_cost-5838,rare_cost,24.8728
rare_cost-5839,rare_cost,14.9162
rare_cost-5840,rare_cost,20.4821
rare_cost-5841,rare_cost,133.272
rare_cost-5842,rare_cost,20.238
rare_cost-5843,rare_cost,20.306
rare_cost-5844,rare_cost,23.7806
rare_cost-5845,rare_cost,20.8292
rare_cost-5846,rare_cost,18.2605
rare_cost-5847,rare_cost,20.9049
rare_cost-5848,rare_cost,21.553
rare_cost-5849,rare_cost,22.5247
rare_cost-5850,rare_cost,20.5715
rare_cost-5851,rare_cost,22.7256
rare_cost-5852,rare_cost,14.7272
rare_cost-5853,rare_cost,18.1327
rare_cost-5854,rare_cost,23.4568
rare_cost-5855,rare_cost,20.6195
rare_cost-5856,rare_cost,181.359
rare_cost-5857,rare_cost,17.8897
rare_cost-5858,rare_cost,27.042
rare_cost-5859,rare_cost,15.5047
rare_cost-5860,rare_cost,18.3276
rare_cost-5861,rare_cost,18.7733
rare_cost-5862,rare_cost,15.4838
rare_cost-5863,rare_cost,20.4665
rare_cost-5864,rare_cost,16.2147
rare_cost-5865,rare_cost,16.8614
rare_cost-5866,rare_cost,26.2036
rare_cost-5867,rare_cost,19.7508
rare_cost-5868,rare_cost,24.4463
rare_cost-5869,rare_cost,24.0628
rare_cost-5870,rare_cost,21.2657
rare_cost-5871,rare_cost,19.6431
rare_cost-5872,rare_cost,20.8359
rare_cost-5873,rare_cost,26.7574
rare_cost-5874,rare_cost,17.4397
rare_cost-5875,rare_cost,17.8433
rare_cost-5876,rare_cost,20.7857
rare_cost-5877,rare_cost,22.7438
rare_cost-5878,rare_cost,23.7322
rare_cost-5879,rare_cost,21.5581
rare_cost-5880,rare_cost,17.0491
rare_cost-5881,rare_cost,17.8901
rare_cost-5882,rare_cost,20.909
rare_cost-5883,rare_cost,23.7863
rare_cost-5884,rare_cost,18.9188
rare_cost-5885,rare_cost,26.8395
rare_cost-5886,rare_cost,20.2688
rare_cost-5887,rare_cost,17.8587
rare_cost-5888,rare_cost,21.0021
rare_cost-5889,rare_cost,14.9422
rare_cost-5890,rare_cost,21.5844
rare_cost-5891,rare_cost,16.5766
rare_cost-5892,rare_cost,201.1038
rare_cost-5893,rare_cost,18.2309
rare_cost-5894,rare_cost,20.2353
rare_cost-5895,rare_cost,21.1372
rare_cost-5896,rare_cost,174.2749
rare_cost-5897,rare_cost,17.3953
rare_cost-5898,rare_cost,16.2439
rare_cost-5899,rare_cost,20.2402
rare_cost-5900,rare_cost,20.4026
rare_cost-5901,rare_cost,18.6363
rare_cost-5902,rare_cost,22.4952
rare_cost-5903,rare_cost,21.936
rare_cost-5904,rare_cost,23.6945
rare_cost-5905,rare_cost,17.6025
rare_cost-5906,rare_cost,17.3762
rare_cost-5907,rare_cost,21.0599
rare_cost-5908,rare_cost,19.076
rare_cost-5909,rare_cost,22.5986
rare_cost-5910,rare_cost,17.7353
rare_cost-5911,rare_cost,24.8214
rare_cost-5912,rare_cost,17.8285
rare_cost-5913,rare_cost,21.3898
rare_cost-5914,rare_cost,21.6797
rare_cost-5915,rare_cost,19.8336
rare_cost-5916,rare_cost,23.3649
rare_cost-5917,rare_cost,192.971
rare_cost-5918,rare_cost,22.5029
rare_cost-5919,rare_cost,22.18
rare_cost-5920,rare_cost,19.3151
rare_cost-5921,rare_cost,198.6524
rare_cost-5922,rare_cost,20.7294
rare_cost-5923,rare_cost,20.3288
rare_cost-5924,rare_cost,18.5147
rare_cost-5925,rare_cost,21.7841
rare_cost-5926,rare_cost,19.4479
rare_cost-5927,rare_cost,217.2916
rare_cost-5928,rare_cost,18.6245
rare_cost-5929,rare_cost,17.953
rare_cost-5930,rare_cost,22.1548
rare_cost-5931,rare_cost,15.2016
rare_cost-5932,rare_cost,21.8033
rare_cost-5933,rare_cost,25.1639
rare_cost-5934,rare_cost,15.6357
rare_cost-5935,rare_cost,171.9394
rare_cost-5936,rare_cost,17.5828
rare_cost-5937,rare_cost,18.2863
rare_cost-5938,rare_cost,21.1108
rare_cost-5939,rare_cost,14.0615
rare_cost-5940,rare_cost,15.7593
rare_cost-5941,rare_cost,18.9877
rare_cost-5942,rare_cost,22.9405
rare_cost-5943,rare_cost,173.8318
rare_cost-5944,rare_cost,173.4526
rare_cost-5945,rare_cost,20.8404
rare_cost-5946,rare_cost,20.0898
rare_cost-5947,rare_cost,17.0753
rare_cost-5948,rare_cost,20.2228
rare_cost-5949,rare_cost,16.4047
rare_cost-5950,rare_cost,18.8547
rare_cost-5951,rare_cost,17.5772
rare_cost-5952,rare_cost,20.6464
rare_cost-5953,rare_cost,19.5615
rare_cost-5954,rare_cost,20.0636
rare_cost-5955,rare_cost,16.6792
rare_cost-5956,rare_cost,20.7929
rare_cost-5957,rare_cost,20.3973
rare_cost-5958,rare_cost,19.9975
rare_cost-5959,rare_cost,179.2932
rare_cost-5960,rare_cost,16.4816
rare_cost-5961,rare_cost,23.1044
rare_cost-5962,rare_cost,25.7993
rare_cost-5963,rare_cost,12.2554
rare_cost-5964,rare_cost,175.0912
rare_cost-5965,rare_cost,19.293
rare_cost-5966,rare_cost,20.8943
rare_cost-5967,rare_cost,18.3281
rare_cost-5968,rare_cost,18.4627
rare_cost-5969,rare_cost,23.2908
rare_cost-5970,rare_cost,24.238
rare_cost-5971,rare_cost,13.9137
rare_cost-5972,rare_cost,26.9397
rare_cost-5973,rare_cost,18.784
rare_cost-5974,rare_cost,18.9017
rare_cost-5975,rare_cost,15.1784
rare_cost-5976,rare_cost,24.2061
rare_cost-5977,rare_cost,19.4101
rare_cost-5978,rare_cost,20.8461
rare_cost-5979,rare_cost,16.6372
rare_cost-5980,rare_cost,17.8086
rare_cost-5981,rare_cost,22.8745
rare_cost-5982,rare_cost,20.0678
rare_cost-5983,rare_cost,22.6047
rare_cost-5984,rare_cost,14.9618
rare_cost-5985,rare_cost,20.5463
rare_cost-5986,rare_cost,20.3275
rare_cost-5987,rare_cost,21.9095
rare_cost-5988,rare_cost,19.2841
rare_cost-5989,rare_cost,21.6066
rare_cost-5990,rare_cost,19.5276
rare_cost-5991,rare_cost,21.1642
rare_cost-5992,rare_cost,16.9629
rare_cost-5993,rare_cost,25.2414
rare_cost-5994,rare_cost,19.6558
rare_cost-5995,rare_cost,21.7328
rare_cost-5996,rare_cost,19.995
rare_cost-5997,rare_cost,20.4954
rare_cost-5998,rare_cost,20.9225
rare_cost-5999,rare_cost,24.5621
rare_cost-6000,rare_cost,163.7867
