person_id,campus,stage,stratum,baseline_score,responded
P1-0001,north,early,north_early,75.55,1
P1-0002,north,early,north_early,78.35,1
P1-0003,north,early,north_early,65.19,1
P1-0004,north,early,north_early,46.81,1
P1-0005,north,early,north_early,70.66,1
P1-0006,north,early,north_early,31.58,0
P1-0007,north,early,north_early,45.23,1
P1-0008,north,early,north_early,58.65,1
P1-0009,north,early,north_early,59.17,0
P1-0010,north,early,north_early,74.45,0
P1-0011,north,early,north_early,79.37,0
P1-0012,north,early,north_early,69.93,1
P1-0013,north,early,north_early,71.8,0
P1-0014,north,early,north_early,49.31,1
P1-0015,north,early,north_early,57.91,0
P1-0016,north,early,north_early,56.81,1
P1-0017,north,early,north_early,57.38,1
P1-0018,north,early,north_early,80.72,1
P1-0019,north,early,north_early,39.34,1
P1-0020,north,early,north_early,69.76,0
P1-0021,north,early,north_early,65.89,1
P1-0022,north,early,north_early,67.85,1
P1-0023,north,early,north_early,61.26,1
P1-0024,north,early,north_early,55.06,1
P1-0025,north,early,north_early,64.56,1
P1-0026,north,early,north_early,72.83,1
P1-0027,north,early,north_early,72.72,0
P1-0028,north,early,north_early,56.3,1
P1-0029,north,early,north_early,76.36,0
P1-0030,north,early,north_early,80.82,1
P1-0031,north,early,north_early,66.45,1
P1-0032,north,early,north_early,72.18,1
P1-0033,north,early,north_early,62.44,1
P1-0034,north,early,north_early,83.16,1
P1-0035,north,early,north_early,63.48,1
P1-0036,north,early,north_early,57.21,0
P1-0037,north,early,north_early,47.5,1
P1-0038,north,early,north_early,64.51,1
P1-0039,north,early,north_early,58.5,0
P1-0040,north,early,north_early,41.8,1
P1-0041,north,early,north_early,42.12,0
P1-0042,north,early,north_early,83.91,0
P1-0043,north,early,north_early,79.96,0
P1-0044,north,early,north_early,43.77,0
P1-0045,north,early,north_early,67.65,1
P1-0046,north,early,north_early,57.22,1
P1-0047,north,early,north_early,58.13,0
P1-0048,north,early,north_early,86.96,1
P1-0049,north,early,north_early,94.67,1
P1-0050,north,early,north_early,75.41,1
P1-0051,north,early,north_early,43.15,1
P1-0052,north,early,north_early,59.58,1
P1-0053,north,early,north_early,81.03,1
P1-0054,north,early,north_early,85.92,1
P1-0055,north,early,north_early,60.47,1
P1-0056,north,early,north_early,54.7,1
P1-0057,north,early,north_early,62.46,1
P1-0058,north,early,north_early,76.72,1
P1-0059,north,early,north_early,69.54,1
P1-0060,north,early,north_early,53.2,1
P1-0061,north,early,north_early,66.43,1
P1-0062,north,early,north_early,81.85,1
P1-0063,north,early,north_early,51.54,0
P1-0064,north,early,north_early,74.9,0
P1-0065,north,early,north_early,59.87,1
P1-0066,north,early,north_early,65.87,0
P1-0067,north,early,north_early,64.34,0
P1-0068,north,early,north_early,56.61,1
P1-0069,north,early,north_early,53.82,1
P1-0070,north,early,north_early,59.12,0
P1-0071,north,early,north_early,64.32,1
P1-0072,north,early,north_early,60.74,1
P1-0073,north,early,north_early,58.53,1
P1-0074,north,early,north_early,58.91,1
P1-0075,north,early,north_early,55.17,1
P1-0076,north,early,north_early,76.25,1
P1-0077,north,early,north_early,34.26,0
P1-0078,north,early,north_early,60.04,1
P1-0079,north,early,north_early,50.15,0
P1-0080,north,early,north_early,53.91,1
P1-0081,north,early,north_early,81.67,0
P1-0082,north,early,north_early,57.72,1
P1-0083,north,early,north_early,67.09,0
P1-0084,north,early,north_early,83.31,1
P1-0085,north,early,north_early,74.99,1
P1-0086,north,early,north_early,45.23,1
P1-0087,north,early,north_early,57.31,0
P1-0088,north,early,north_early,65.6,1
P1-0089,north,early,north_early,32.25,0
P1-0090,north,early,north_early,69.42,0
P1-0091,north,early,north_early,49.92,1
P1-0092,north,early,north_early,49.0,0
P1-0093,north,early,north_early,57.07,1
P1-0094,north,early,north_early,40.49,1
P1-0095,north,early,north_early,64.86,1
P1-0096,north,early,north_early,82.03,1
P1-0097,north,early,north_early,87.08,1
P1-0098,north,early,north_early,64.36,1
P1-0099,north,early,north_early,92.28,1
P1-0100,north,early,north_early,63.37,1
P1-0101,north,early,north_early,69.31,0
P1-0102,north,early,north_early,81.53,1
P1-0103,north,early,north_early,59.63,1
P1-0104,north,early,north_early,68.45,1
P1-0105,north,early,north_early,71.87,0
P1-0106,north,early,north_early,43.89,1
P1-0107,north,early,north_early,67.7,1
P1-0108,north,early,north_early,68.54,1
P1-0109,north,early,north_early,61.67,1
P1-0110,north,early,north_early,56.97,1
P1-0111,north,early,north_early,67.43,0
P1-0112,north,early,north_early,49.72,1
P1-0113,north,early,north_early,48.44,0
P1-0114,north,early,north_early,46.96,1
P1-0115,north,early,north_early,63.95,1
P1-0116,north,early,north_early,53.9,1
P1-0117,north,early,north_early,66.29,1
P1-0118,north,early,north_early,62.82,1
P1-0119,north,early,north_early,77.87,1
P1-0120,north,early,north_early,68.72,1
P1-0121,north,early,north_early,62.7,0
P1-0122,north,early,north_early,59.27,0
P1-0123,north,early,north_early,48.97,0
P1-0124,north,early,north_early,70.03,0
P1-0125,north,early,north_early,72.6,1
P1-0126,north,early,north_early,74.78,1
P1-0127,north,early,north_early,39.23,1
P1-0128,north,early,north_early,44.59,1
P1-0129,north,early,north_early,46.14,0
P1-0130,north,early,north_early,69.81,0
P1-0131,north,early,north_early,78.6,1
P1-0132,north,early,north_early,47.5,0
P1-0133,north,early,north_early,49.07,1
P1-0134,north,early,north_early,55.27,1
P1-0135,north,early,north_early,54.61,1
P1-0136,north,early,north_early,60.64,1
P1-0137,north,early,north_early,52.21,0
P1-0138,north,early,north_early,79.37,0
P1-0139,north,early,north_early,67.71,1
P1-0140,north,early,north_early,61.23,1
P1-0141,north,early,north_early,44.14,0
P1-0142,north,early,north_early,59.12,0
P1-0143,north,early,north_early,69.66,1
P1-0144,north,early,north_early,74.77,1
P1-0145,north,early,north_early,63.41,1
P1-0146,north,early,north_early,65.92,0
P1-0147,north,early,north_early,50.91,1
P1-0148,north,early,north_early,78.02,1
P1-0149,north,early,north_early,70.89,0
P1-0150,north,early,north_early,57.52,1
P1-0151,north,early,north_early,71.28,1
P1-0152,north,early,north_early,25.96,0
P1-0153,north,early,north_early,88.54,1
P1-0154,north,early,north_early,44.41,0
P1-0155,north,early,north_early,40.37,1
P1-0156,north,early,north_early,67.59,1
P1-0157,north,early,north_early,86.61,1
P1-0158,north,early,north_early,87.91,1
P1-0159,north,early,north_early,66.75,1
P1-0160,north,early,north_early,46.94,1
P1-0161,north,early,north_early,74.77,1
P1-0162,north,early,north_early,66.73,0
P1-0163,north,early,north_early,50.57,1
P1-0164,north,early,north_early,55.07,1
P1-0165,north,early,north_early,53.16,1
P1-0166,north,early,north_early,71.7,1
P1-0167,north,early,north_early,61.39,1
P1-0168,north,early,north_early,77.07,1
P1-0169,north,early,north_early,42.39,0
P1-0170,north,early,north_early,56.92,1
P1-0171,north,early,north_early,63.5,1
P1-0172,north,early,north_early,76.02,1
P1-0173,north,early,north_early,77.67,1
P1-0174,north,early,north_early,61.55,1
P1-0175,north,early,north_early,33.87,1
P1-0176,north,early,north_early,64.61,0
P1-0177,north,early,north_early,53.88,0
P1-0178,north,early,north_early,89.08,0
P1-0179,north,early,north_early,57.54,0
P1-0180,north,early,north_early,44.21,0
P1-0181,north,early,north_early,69.08,0
P1-0182,north,early,north_early,56.35,1
P1-0183,north,early,north_early,68.33,0
P1-0184,north,early,north_early,86.36,0
P1-0185,north,early,north_early,40.04,0
P1-0186,north,early,north_early,77.75,1
P1-0187,north,early,north_early,78.02,1
P1-0188,north,early,north_early,68.92,0
P1-0189,north,early,north_early,51.35,1
P1-0190,north,early,north_early,65.95,0
P1-0191,north,early,north_early,90.32,1
P1-0192,north,early,north_early,92.3,1
P1-0193,north,early,north_early,79.58,0
P1-0194,north,early,north_early,56.05,0
P1-0195,north,early,north_early,80.01,1
P1-0196,north,early,north_early,52.2,0
P1-0197,north,early,north_early,47.34,1
P1-0198,north,early,north_early,60.4,0
P1-0199,north,early,north_early,72.05,1
P1-0200,north,early,north_early,80.53,1
P1-0201,north,early,north_early,63.34,0
P1-0202,north,early,north_early,83.59,1
P1-0203,north,early,north_early,71.04,1
P1-0204,north,early,north_early,81.05,1
P1-0205,north,early,north_early,39.69,1
P1-0206,north,early,north_early,59.14,1
P1-0207,north,early,north_early,69.06,1
P1-0208,north,early,north_early,45.3,1
P1-0209,north,early,north_early,71.98,1
P1-0210,north,early,north_early,59.8,1
P1-0211,north,early,north_early,75.74,0
P1-0212,north,early,north_early,51.72,1
P1-0213,north,early,north_early,59.44,0
P1-0214,north,early,north_early,58.97,0
P1-0215,north,early,north_early,47.57,1
P1-0216,north,early,north_early,55.51,1
P1-0217,north,early,north_early,56.91,1
P1-0218,north,early,north_early,48.46,1
P1-0219,north,early,north_early,34.06,1
P1-0220,north,early,north_early,86.24,1
P1-0221,north,early,north_early,56.79,1
P1-0222,north,early,north_early,51.05,1
P1-0223,north,early,north_early,78.31,1
P1-0224,north,early,north_early,78.07,0
P1-0225,north,early,north_early,77.75,0
P1-0226,north,early,north_early,54.15,0
P1-0227,north,early,north_early,51.28,0
P1-0228,north,early,north_early,75.68,1
P1-0229,north,early,north_early,54.18,0
P1-0230,north,early,north_early,60.56,1
P1-0231,north,early,north_early,72.3,1
P1-0232,north,early,north_early,86.19,0
P1-0233,north,early,north_early,57.82,0
P1-0234,north,early,north_early,75.03,1
P1-0235,north,early,north_early,42.59,1
P1-0236,north,early,north_early,77.19,1
P1-0237,north,early,north_early,62.49,0
P1-0238,north,early,north_early,60.84,1
P1-0239,north,early,north_early,83.46,1
P1-0240,north,early,north_early,73.18,0
P1-0241,north,early,north_early,56.85,1
P1-0242,north,early,north_early,58.4,1
P1-0243,north,early,north_early,63.51,0
P1-0244,north,early,north_early,67.32,0
P1-0245,north,early,north_early,62.62,1
P1-0246,north,early,north_early,64.65,1
P1-0247,north,early,north_early,60.13,1
P1-0248,north,early,north_early,72.28,1
P1-0249,north,early,north_early,60.7,0
P1-0250,north,early,north_early,65.24,1
P1-0251,north,early,north_early,66.14,1
P1-0252,north,early,north_early,63.19,0
P1-0253,north,early,north_early,67.43,0
P1-0254,north,early,north_early,81.72,0
P1-0255,north,early,north_early,54.58,1
P1-0256,north,early,north_early,74.54,0
P1-0257,north,early,north_early,62.37,0
P1-0258,north,early,north_early,60.87,1
P1-0259,north,early,north_early,93.81,0
P1-0260,north,early,north_early,62.36,1
P1-0261,north,early,north_early,73.74,1
P1-0262,north,early,north_early,54.34,0
P1-0263,north,early,north_early,41.43,0
P1-0264,north,early,north_early,58.27,0
P1-0265,north,early,north_early,65.95,1
P1-0266,north,early,north_early,55.1,1
P1-0267,north,early,north_early,82.21,0
P1-0268,north,early,north_early,68.79,1
P1-0269,north,early,north_early,62.76,1
P1-0270,north,early,north_early,65.59,1
P1-0271,north,early,north_early,77.64,1
P1-0272,north,early,north_early,87.17,1
P1-0273,north,early,north_early,83.22,1
P1-0274,north,early,north_early,81.6,0
P1-0275,north,early,north_early,72.76,1
P1-0276,north,early,north_early,71.39,1
P1-0277,north,early,north_early,59.59,1
P1-0278,north,early,north_early,36.76,0
P1-0279,north,early,north_early,69.18,0
P1-0280,north,early,north_early,74.02,1
P1-0281,north,early,north_early,79.95,0
P1-0282,north,early,north_early,51.57,1
P1-0283,north,early,north_early,77.69,0
P1-0284,north,early,north_early,68.87,0
P1-0285,north,early,north_early,47.77,0
P1-0286,north,early,north_early,55.19,1
P1-0287,north,early,north_early,63.72,1
P1-0288,north,early,north_early,84.32,0
P1-0289,north,early,north_early,59.62,0
P1-0290,north,early,north_early,68.93,1
P1-0291,north,early,north_early,79.02,0
P1-0292,north,early,north_early,67.23,0
P1-0293,north,early,north_early,75.12,1
P1-0294,north,early,north_early,53.53,0
P1-0295,north,early,north_early,66.37,1
P1-0296,north,early,north_early,73.03,1
P1-0297,north,early,north_early,60.8,1
P1-0298,north,early,north_early,50.12,0
P1-0299,north,early,north_early,68.03,1
P1-0300,north,early,north_early,75.93,1
P1-0301,north,early,north_early,81.25,1
P1-0302,north,early,north_early,64.96,1
P1-0303,north,early,north_early,82.82,1
P1-0304,north,early,north_early,47.77,1
P1-0305,north,early,north_early,62.99,0
P1-0306,north,early,north_early,59.26,0
P1-0307,north,early,north_early,76.86,0
P1-0308,north,early,north_early,62.9,0
P1-0309,north,early,north_early,81.78,1
P1-0310,north,early,north_early,67.05,1
P1-0311,north,early,north_early,76.42,0
P1-0312,north,early,north_early,79.04,1
P1-0313,north,early,north_early,58.67,1
P1-0314,north,early,north_early,74.01,0
P1-0315,north,early,north_early,56.06,1
P1-0316,north,early,north_early,74.84,1
P1-0317,north,early,north_early,73.82,1
P1-0318,north,early,north_early,72.09,1
P1-0319,north,early,north_early,58.76,1
P1-0320,north,early,north_early,64.19,1
P1-0321,north,early,north_early,60.42,0
P1-0322,north,early,north_early,72.33,1
P1-0323,north,early,north_early,67.81,1
P1-0324,north,early,north_early,76.16,1
P1-0325,north,early,north_early,58.19,1
P1-0326,north,early,north_early,53.35,1
P1-0327,north,early,north_early,56.65,0
P1-0328,north,early,north_early,89.93,1
P1-0329,north,early,north_early,43.43,1
P1-0330,north,early,north_early,78.63,1
P1-0331,north,early,north_early,69.66,1
P1-0332,north,early,north_early,73.57,1
P1-0333,north,early,north_early,54.08,1
P1-0334,north,early,north_early,57.21,1
P1-0335,north,early,north_early,45.66,1
P1-0336,north,early,north_early,51.48,1
P1-0337,north,early,north_early,75.52,0
P1-0338,north,early,north_early,74.32,1
P1-0339,north,early,north_early,66.48,1
P1-0340,north,early,north_early,74.99,1
P1-0341,north,early,north_early,63.43,1
P1-0342,north,early,north_early,84.97,1
P1-0343,north,early,north_early,52.37,0
P1-0344,north,early,north_early,64.64,1
P1-0345,north,early,north_early,42.75,1
P1-0346,north,early,north_early,56.3,0
P1-0347,north,early,north_early,73.35,0
P1-0348,north,early,north_early,70.1,1
P1-0349,north,early,north_early,52.02,1
P1-0350,north,early,north_early,55.22,0
P1-0351,north,early,north_early,57.42,0
P1-0352,north,early,north_early,72.77,0
P1-0353,north,early,north_early,59.24,1
P1-0354,north,early,north_early,78.55,0
P1-0355,north,early,north_early,68.14,1
P1-0356,north,early,north_early,67.28,1
P1-0357,north,early,north_early,66.77,0
P1-0358,north,early,north_early,43.42,0
P1-0359,north,early,north_early,50.05,0
P1-0360,north,early,north_early,78.31,1
P1-0361,north,early,north_early,68.28,1
P1-0362,north,early,north_early,68.22,1
P1-0363,north,early,north_early,30.4,0
P1-0364,north,early,north_early,53.24,1
P1-0365,north,early,north_early,59.88,0
P1-0366,north,early,north_early,58.14,1
P1-0367,north,early,north_early,60.45,1
P1-0368,north,early,north_early,81.17,0
P1-0369,north,early,north_early,59.98,0
P1-0370,north,early,north_early,78.13,1
P1-0371,north,early,north_early,62.1,1
P1-0372,north,early,north_early,69.79,1
P1-0373,north,early,north_early,56.2,1
P1-0374,north,early,north_early,48.89,1
P1-0375,north,early,north_early,76.72,1
P1-0376,north,early,north_early,58.93,0
P1-0377,north,early,north_early,67.82,1
P1-0378,north,early,north_early,63.95,1
P1-0379,north,early,north_early,57.75,0
P1-0380,north,early,north_early,57.79,0
P1-0381,north,early,north_early,60.64,1
P1-0382,north,early,north_early,51.62,1
P1-0383,north,early,north_early,38.2,1
P1-0384,north,early,north_early,52.5,0
P1-0385,north,early,north_early,58.7,1
P1-0386,north,early,north_early,63.06,0
P1-0387,north,early,north_early,73.38,1
P1-0388,north,early,north_early,72.8,0
P1-0389,north,early,north_early,63.21,1
P1-0390,north,early,north_early,50.65,1
P1-0391,north,early,north_early,54.81,1
P1-0392,north,early,north_early,77.81,1
P1-0393,north,early,north_early,66.69,1
P1-0394,north,early,north_early,45.2,1
P1-0395,north,early,north_early,68.67,1
P1-0396,north,early,north_early,62.92,0
P1-0397,north,early,north_early,61.87,0
P1-0398,north,early,north_early,56.95,1
P1-0399,north,early,north_early,38.22,0
P1-0400,north,early,north_early,52.84,1
P1-0401,north,early,north_early,63.04,1
P1-0402,north,early,north_early,46.48,0
P1-0403,north,early,north_early,53.04,1
P1-0404,north,early,north_early,56.67,1
P1-0405,north,early,north_early,56.48,0
P1-0406,north,early,north_early,42.85,1
P1-0407,north,early,north_early,68.64,1
P1-0408,north,early,north_early,36.92,1
P1-0409,north,early,north_early,64.09,1
P1-0410,north,early,north_early,61.87,1
P1-0411,north,early,north_early,50.22,0
P1-0412,north,early,north_early,58.23,1
P1-0413,north,early,north_early,69.47,1
P1-0414,north,early,north_early,60.81,1
P1-0415,north,early,north_early,56.22,0
P1-0416,north,early,north_early,53.72,0
P1-0417,north,early,north_early,63.33,1
P1-0418,north,early,north_early,54.67,1
P1-0419,north,early,north_early,77.27,1
P1-0420,north,early,north_early,39.99,0
P1-0421,north,early,north_early,51.09,1
P1-0422,north,early,north_early,54.81,1
P1-0423,north,early,north_early,84.7,1
P1-0424,north,early,north_early,72.58,1
P1-0425,north,early,north_early,84.1,1
P1-0426,north,early,north_early,85.2,1
P1-0427,north,early,north_early,49.85,1
P1-0428,north,early,north_early,53.53,0
P1-0429,north,early,north_early,61.63,1
P1-0430,north,early,north_early,56.74,1
P1-0431,north,early,north_early,61.82,1
P1-0432,north,early,north_early,63.48,1
P1-0433,north,early,north_early,66.08,1
P1-0434,north,early,north_early,72.99,1
P1-0435,north,early,north_early,61.76,1
P1-0436,north,early,north_early,47.16,0
P1-0437,north,early,north_early,76.57,1
P1-0438,north,early,north_early,54.61,0
P1-0439,north,early,north_early,39.13,1
P1-0440,north,early,north_early,50.82,1
P1-0441,north,early,north_early,62.68,1
P1-0442,north,early,north_early,69.64,1
P1-0443,north,early,north_early,49.41,0
P1-0444,north,early,north_early,52.98,1
P1-0445,north,early,north_early,55.74,1
P1-0446,north,early,north_early,46.55,0
P1-0447,north,early,north_early,48.21,0
P1-0448,north,early,north_early,80.39,1
P1-0449,north,early,north_early,66.55,0
P1-0450,north,early,north_early,79.24,1
P1-0451,north,early,north_early,50.98,1
P1-0452,north,early,north_early,62.0,0
P1-0453,north,early,north_early,52.57,1
P1-0454,north,early,north_early,66.36,0
P1-0455,north,early,north_early,52.34,1
P1-0456,north,early,north_early,68.82,0
P1-0457,north,early,north_early,60.97,1
P1-0458,north,early,north_early,60.56,0
P1-0459,north,early,north_early,70.12,0
P1-0460,north,early,north_early,62.14,1
P1-0461,north,early,north_early,71.46,1
P1-0462,north,early,north_early,58.34,1
P1-0463,north,early,north_early,84.17,0
P1-0464,north,early,north_early,52.9,1
P1-0465,north,early,north_early,56.92,0
P1-0466,north,early,north_early,60.41,1
P1-0467,north,early,north_early,64.58,1
P1-0468,north,early,north_early,61.56,0
P1-0469,north,early,north_early,60.04,1
P1-0470,north,early,north_early,64.98,1
P1-0471,north,early,north_early,53.65,0
P1-0472,north,early,north_early,57.8,1
P1-0473,north,early,north_early,51.76,1
P1-0474,north,early,north_early,62.2,1
P1-0475,north,early,north_early,69.15,1
P1-0476,north,early,north_early,66.79,1
P1-0477,north,early,north_early,73.71,0
P1-0478,north,early,north_early,61.73,0
P1-0479,north,early,north_early,57.65,1
P1-0480,north,early,north_early,60.01,1
P1-0481,north,early,north_early,88.28,1
P1-0482,north,early,north_early,60.39,0
P1-0483,north,early,north_early,66.47,1
P1-0484,north,early,north_early,93.07,0
P1-0485,north,early,north_early,67.17,0
P1-0486,north,early,north_early,68.08,0
P1-0487,north,early,north_early,61.26,1
P1-0488,north,early,north_early,60.06,0
P1-0489,north,early,north_early,55.8,1
P1-0490,north,early,north_early,65.79,1
P1-0491,north,early,north_early,64.68,0
P1-0492,north,early,north_early,54.71,1
P1-0493,north,early,north_early,60.68,0
P1-0494,north,early,north_early,57.28,0
P1-0495,north,early,north_early,55.57,1
P1-0496,north,early,north_early,74.77,1
P1-0497,north,early,north_early,63.46,0
P1-0498,north,early,north_early,64.89,1
P1-0499,north,early,north_early,69.84,0
P1-0500,north,early,north_early,56.93,1
P2-0001,north,late,north_late,43.32,0
P2-0002,north,late,north_late,66.41,0
P2-0003,north,late,north_late,75.85,1
P2-0004,north,late,north_late,70.72,1
P2-0005,north,late,north_late,58.49,0
P2-0006,north,late,north_late,45.31,0
P2-0007,north,late,north_late,55.57,0
P2-0008,north,late,north_late,67.31,1
P2-0009,north,late,north_late,38.94,0
P2-0010,north,late,north_late,67.55,1
P2-0011,north,late,north_late,66.91,0
P2-0012,north,late,north_late,56.03,0
P2-0013,north,late,north_late,50.91,0
P2-0014,north,late,north_late,72.76,1
P2-0015,north,late,north_late,51.5,1
P2-0016,north,late,north_late,76.28,1
P2-0017,north,late,north_late,51.84,0
P2-0018,north,late,north_late,64.35,0
P2-0019,north,late,north_late,53.93,1
P2-0020,north,late,north_late,49.32,0
P2-0021,north,late,north_late,68.43,0
P2-0022,north,late,north_late,67.95,0
P2-0023,north,late,north_late,64.31,0
P2-0024,north,late,north_late,49.7,1
P2-0025,north,late,north_late,55.53,0
P2-0026,north,late,north_late,81.04,1
P2-0027,north,late,north_late,57.74,1
P2-0028,north,late,north_late,39.89,1
P2-0029,north,late,north_late,57.75,1
P2-0030,north,late,north_late,70.22,0
P2-0031,north,late,north_late,55.32,0
P2-0032,north,late,north_late,70.17,1
P2-0033,north,late,north_late,69.93,0
P2-0034,north,late,north_late,81.59,1
P2-0035,north,late,north_late,52.94,0
P2-0036,north,late,north_late,60.68,0
P2-0037,north,late,north_late,41.0,0
P2-0038,north,late,north_late,57.12,0
P2-0039,north,late,north_late,53.33,0
P2-0040,north,late,north_late,65.31,1
P2-0041,north,late,north_late,69.6,1
P2-0042,north,late,north_late,78.63,1
P2-0043,north,late,north_late,89.48,1
P2-0044,north,late,north_late,63.45,0
P2-0045,north,late,north_late,63.67,1
P2-0046,north,late,north_late,68.9,1
P2-0047,north,late,north_late,47.88,0
P2-0048,north,late,north_late,47.75,0
P2-0049,north,late,north_late,65.32,0
P2-0050,north,late,north_late,54.87,0
P2-0051,north,late,north_late,64.42,0
P2-0052,north,late,north_late,63.34,0
P2-0053,north,late,north_late,75.29,1
P2-0054,north,late,north_late,67.28,1
P2-0055,north,late,north_late,62.95,1
P2-0056,north,late,north_late,61.18,1
P2-0057,north,late,north_late,46.56,1
P2-0058,north,late,north_late,67.35,0
P2-0059,north,late,north_late,63.71,1
P2-0060,north,late,north_late,63.9,0
P2-0061,north,late,north_late,46.55,0
P2-0062,north,late,north_late,70.56,1
P2-0063,north,late,north_late,54.16,0
P2-0064,north,late,north_late,64.23,0
P2-0065,north,late,north_late,54.73,0
P2-0066,north,late,north_late,56.17,0
P2-0067,north,late,north_late,52.79,0
P2-0068,north,late,north_late,52.99,1
P2-0069,north,late,north_late,59.59,0
P2-0070,north,late,north_late,70.73,0
P2-0071,north,late,north_late,78.52,1
P2-0072,north,late,north_late,85.2,0
P2-0073,north,late,north_late,58.69,0
P2-0074,north,late,north_late,81.9,0
P2-0075,north,late,north_late,51.61,0
P2-0076,north,late,north_late,59.0,1
P2-0077,north,late,north_late,43.4,0
P2-0078,north,late,north_late,76.99,0
P2-0079,north,late,north_late,59.92,1
P2-0080,north,late,north_late,60.34,0
P2-0081,north,late,north_late,69.76,0
P2-0082,north,late,north_late,67.05,1
P2-0083,north,late,north_late,71.99,1
P2-0084,north,late,north_late,48.29,1
P2-0085,north,late,north_late,65.74,0
P2-0086,north,late,north_late,57.91,0
P2-0087,north,late,north_late,54.74,0
P2-0088,north,late,north_late,35.89,0
P2-0089,north,late,north_late,60.49,1
P2-0090,north,late,north_late,67.69,1
P2-0091,north,late,north_late,52.43,1
P2-0092,north,late,north_late,48.71,0
P2-0093,north,late,north_late,67.98,0
P2-0094,north,late,north_late,66.06,0
P2-0095,north,late,north_late,61.06,1
P2-0096,north,late,north_late,58.05,1
P2-0097,north,late,north_late,49.59,1
P2-0098,north,late,north_late,72.52,1
P2-0099,north,late,north_late,66.78,1
P2-0100,north,late,north_late,54.0,1
P2-0101,north,late,north_late,85.69,0
P2-0102,north,late,north_late,70.37,0
P2-0103,north,late,north_late,90.75,1
P2-0104,north,late,north_late,51.67,0
P2-0105,north,late,north_late,52.6,0
P2-0106,north,late,north_late,66.28,1
P2-0107,north,late,north_late,29.94,0
P2-0108,north,late,north_late,61.56,1
P2-0109,north,late,north_late,64.63,0
P2-0110,north,late,north_late,58.42,1
P2-0111,north,late,north_late,81.24,0
P2-0112,north,late,north_late,65.95,0
P2-0113,north,late,north_late,63.86,0
P2-0114,north,late,north_late,62.57,0
P2-0115,north,late,north_late,42.89,0
P2-0116,north,late,north_late,60.72,0
P2-0117,north,late,north_late,65.01,1
P2-0118,north,late,north_late,63.97,0
P2-0119,north,late,north_late,62.22,1
P2-0120,north,late,north_late,55.45,1
P2-0121,north,late,north_late,65.26,0
P2-0122,north,late,north_late,52.2,0
P2-0123,north,late,north_late,60.18,0
P2-0124,north,late,north_late,64.32,0
P2-0125,north,late,north_late,56.25,0
P2-0126,north,late,north_late,66.42,1
P2-0127,north,late,north_late,56.44,0
P2-0128,north,late,north_late,59.98,0
P2-0129,north,late,north_late,63.08,0
P2-0130,north,late,north_late,59.83,1
P2-0131,north,late,north_late,50.76,1
P2-0132,north,late,north_late,53.23,1
P2-0133,north,late,north_late,63.93,0
P2-0134,north,late,north_late,68.63,1
P2-0135,north,late,north_late,63.1,1
P2-0136,north,late,north_late,62.84,1
P2-0137,north,late,north_late,85.8,1
P2-0138,north,late,north_late,77.84,0
P2-0139,north,late,north_late,53.95,0
P2-0140,north,late,north_late,52.68,0
P2-0141,north,late,north_late,56.31,0
P2-0142,north,late,north_late,53.38,0
P2-0143,north,late,north_late,38.29,0
P2-0144,north,late,north_late,66.86,1
P2-0145,north,late,north_late,57.75,1
P2-0146,north,late,north_late,57.76,1
P2-0147,north,late,north_late,58.92,0
P2-0148,north,late,north_late,59.94,1
P2-0149,north,late,north_late,43.02,1
P2-0150,north,late,north_late,61.14,1
P2-0151,north,late,north_late,61.02,1
P2-0152,north,late,north_late,46.53,0
P2-0153,north,late,north_late,66.01,0
P2-0154,north,late,north_late,78.56,1
P2-0155,north,late,north_late,56.74,0
P2-0156,north,late,north_late,63.03,1
P2-0157,north,late,north_late,54.7,1
P2-0158,north,late,north_late,57.83,0
P2-0159,north,late,north_late,61.57,1
P2-0160,north,late,north_late,51.66,1
P2-0161,north,late,north_late,59.43,0
P2-0162,north,late,north_late,69.02,0
P2-0163,north,late,north_late,31.37,0
P2-0164,north,late,north_late,52.63,1
P2-0165,north,late,north_late,59.69,0
P2-0166,north,late,north_late,67.14,1
P2-0167,north,late,north_late,53.9,1
P2-0168,north,late,north_late,60.46,0
P2-0169,north,late,north_late,80.38,1
P2-0170,north,late,north_late,59.28,1
P2-0171,north,late,north_late,62.54,1
P2-0172,north,late,north_late,71.78,0
P2-0173,north,late,north_late,53.34,0
P2-0174,north,late,north_late,51.08,0
P2-0175,north,late,north_late,75.89,1
P2-0176,north,late,north_late,70.21,0
P2-0177,north,late,north_late,57.72,1
P2-0178,north,late,north_late,52.32,1
P2-0179,north,late,north_late,78.72,1
P2-0180,north,late,north_late,37.79,0
P2-0181,north,late,north_late,55.21,0
P2-0182,north,late,north_late,65.0,0
P2-0183,north,late,north_late,75.37,1
P2-0184,north,late,north_late,63.16,0
P2-0185,north,late,north_late,58.17,0
P2-0186,north,late,north_late,55.92,0
P2-0187,north,late,north_late,60.79,0
P2-0188,north,late,north_late,61.71,1
P2-0189,north,late,north_late,66.09,0
P2-0190,north,late,north_late,75.61,1
P2-0191,north,late,north_late,72.28,1
P2-0192,north,late,north_late,34.33,0
P2-0193,north,late,north_late,41.17,1
P2-0194,north,late,north_late,55.9,1
P2-0195,north,late,north_late,78.2,0
P2-0196,north,late,north_late,53.71,1
P2-0197,north,late,north_late,62.24,1
P2-0198,north,late,north_late,45.22,1
P2-0199,north,late,north_late,49.09,0
P2-0200,north,late,north_late,38.61,1
P2-0201,north,late,north_late,34.88,0
P2-0202,north,late,north_late,51.9,1
P2-0203,north,late,north_late,61.16,0
P2-0204,north,late,north_late,54.22,0
P2-0205,north,late,north_late,70.83,1
P2-0206,north,late,north_late,70.67,0
P2-0207,north,late,north_late,64.42,1
P2-0208,north,late,north_late,59.7,0
P2-0209,north,late,north_late,54.65,0
P2-0210,north,late,north_late,73.97,0
P2-0211,north,late,north_late,72.92,1
P2-0212,north,late,north_late,57.83,0
P2-0213,north,late,north_late,85.87,0
P2-0214,north,late,north_late,77.29,1
P2-0215,north,late,north_late,61.43,0
P2-0216,north,late,north_late,64.29,1
P2-0217,north,late,north_late,80.44,0
P2-0218,north,late,north_late,56.72,1
P2-0219,north,late,north_late,58.29,0
P2-0220,north,late,north_late,80.12,1
P2-0221,north,late,north_late,67.52,1
P2-0222,north,late,north_late,60.9,0
P2-0223,north,late,north_late,53.39,1
P2-0224,north,late,north_late,53.28,0
P2-0225,north,late,north_late,70.23,0
P2-0226,north,late,north_late,55.1,0
P2-0227,north,late,north_late,61.74,1
P2-0228,north,late,north_late,42.48,1
P2-0229,north,late,north_late,56.13,0
P2-0230,north,late,north_late,38.81,0
P2-0231,north,late,north_late,66.64,1
P2-0232,north,late,north_late,63.41,1
P2-0233,north,late,north_late,65.37,0
P2-0234,north,late,north_late,51.75,0
P2-0235,north,late,north_late,59.5,1
P2-0236,north,late,north_late,59.47,1
P2-0237,north,late,north_late,72.52,0
P2-0238,north,late,north_late,65.48,0
P2-0239,north,late,north_late,48.12,0
P2-0240,north,late,north_late,48.46,1
P2-0241,north,late,north_late,68.16,0
P2-0242,north,late,north_late,57.22,0
P2-0243,north,late,north_late,71.22,0
P2-0244,north,late,north_late,33.58,0
P2-0245,north,late,north_late,54.57,0
P2-0246,north,late,north_late,53.96,0
P2-0247,north,late,north_late,70.88,0
P2-0248,north,late,north_late,71.17,1
P2-0249,north,late,north_late,65.86,1
P2-0250,north,late,north_late,55.91,1
P2-0251,north,late,north_late,71.58,0
P2-0252,north,late,north_late,56.58,1
P2-0253,north,late,north_late,53.58,0
P2-0254,north,late,north_late,71.8,0
P2-0255,north,late,north_late,65.56,0
P2-0256,north,late,north_late,71.77,1
P2-0257,north,late,north_late,70.59,0
P2-0258,north,late,north_late,64.91,0
P2-0259,north,late,north_late,63.68,1
P2-0260,north,late,north_late,52.69,0
P2-0261,north,late,north_late,62.25,0
P2-0262,north,late,north_late,63.22,1
P2-0263,north,late,north_late,52.4,0
P2-0264,north,late,north_late,69.96,0
P2-0265,north,late,north_late,63.46,1
P2-0266,north,late,north_late,51.23,0
P2-0267,north,late,north_late,43.93,0
P2-0268,north,late,north_late,70.8,0
P2-0269,north,late,north_late,74.48,0
P2-0270,north,late,north_late,49.55,1
P2-0271,north,late,north_late,50.95,0
P2-0272,north,late,north_late,79.27,1
P2-0273,north,late,north_late,58.08,1
P2-0274,north,late,north_late,55.06,0
P2-0275,north,late,north_late,69.19,0
P2-0276,north,late,north_late,56.39,0
P2-0277,north,late,north_late,42.51,0
P2-0278,north,late,north_late,67.94,0
P2-0279,north,late,north_late,85.21,1
P2-0280,north,late,north_late,57.06,0
P2-0281,north,late,north_late,69.85,0
P2-0282,north,late,north_late,83.04,1
P2-0283,north,late,north_late,55.31,0
P2-0284,north,late,north_late,71.19,1
P2-0285,north,late,north_late,51.35,1
P2-0286,north,late,north_late,63.4,1
P2-0287,north,late,north_late,57.59,1
P2-0288,north,late,north_late,54.23,0
P2-0289,north,late,north_late,61.12,0
P2-0290,north,late,north_late,53.46,0
P2-0291,north,late,north_late,74.25,0
P2-0292,north,late,north_late,69.0,0
P2-0293,north,late,north_late,49.5,0
P2-0294,north,late,north_late,76.5,0
P2-0295,north,late,north_late,37.69,0
P2-0296,north,late,north_late,45.78,0
P2-0297,north,late,north_late,58.18,0
P2-0298,north,late,north_late,38.73,0
P2-0299,north,late,north_late,67.33,0
P2-0300,north,late,north_late,56.34,0
P2-0301,north,late,north_late,76.56,1
P2-0302,north,late,north_late,73.56,1
P2-0303,north,late,north_late,72.77,0
P2-0304,north,late,north_late,45.36,0
P2-0305,north,late,north_late,66.43,1
P2-0306,north,late,north_late,53.87,1
P2-0307,north,late,north_late,87.7,0
P2-0308,north,late,north_late,65.19,1
P2-0309,north,late,north_late,70.66,0
P2-0310,north,late,north_late,77.75,1
P2-0311,north,late,north_late,75.79,0
P2-0312,north,late,north_late,61.79,1
P2-0313,north,late,north_late,73.57,1
P2-0314,north,late,north_late,35.0,0
P2-0315,north,late,north_late,52.96,1
P2-0316,north,late,north_late,70.25,0
P2-0317,north,late,north_late,70.67,1
P2-0318,north,late,north_late,52.01,0
P2-0319,north,late,north_late,67.58,0
P2-0320,north,late,north_late,70.3,1
P2-0321,north,late,north_late,34.34,0
P2-0322,north,late,north_late,84.37,1
P2-0323,north,late,north_late,54.1,0
P2-0324,north,late,north_late,74.7,0
P2-0325,north,late,north_late,70.12,0
P2-0326,north,late,north_late,63.43,0
P2-0327,north,late,north_late,83.97,1
P2-0328,north,late,north_late,59.16,1
P2-0329,north,late,north_late,49.7,1
P2-0330,north,late,north_late,57.47,0
P2-0331,north,late,north_late,47.62,0
P2-0332,north,late,north_late,79.11,0
P2-0333,north,late,north_late,68.38,0
P2-0334,north,late,north_late,47.48,0
P2-0335,north,late,north_late,55.19,0
P2-0336,north,late,north_late,52.68,0
P2-0337,north,late,north_late,54.98,1
P2-0338,north,late,north_late,48.68,0
P2-0339,north,late,north_late,63.57,1
P2-0340,north,late,north_late,62.14,0
P2-0341,north,late,north_late,47.63,0
P2-0342,north,late,north_late,25.72,0
P2-0343,north,late,north_late,56.01,1
P2-0344,north,late,north_late,73.83,1
P2-0345,north,late,north_late,39.57,1
P2-0346,north,late,north_late,50.55,0
P2-0347,north,late,north_late,71.84,0
P2-0348,north,late,north_late,74.13,0
P2-0349,north,late,north_late,78.24,0
P2-0350,north,late,north_late,53.53,1
P2-0351,north,late,north_late,79.46,0
P2-0352,north,late,north_late,58.1,0
P2-0353,north,late,north_late,63.75,0
P2-0354,north,late,north_late,56.91,1
P2-0355,north,late,north_late,58.71,0
P2-0356,north,late,north_late,59.56,1
P2-0357,north,late,north_late,40.6,0
P2-0358,north,late,north_late,80.15,0
P2-0359,north,late,north_late,34.28,0
P2-0360,north,late,north_late,44.96,1
P2-0361,north,late,north_late,64.4,1
P2-0362,north,late,north_late,59.77,1
P2-0363,north,late,north_late,59.75,0
P2-0364,north,late,north_late,62.58,0
P2-0365,north,late,north_late,70.8,0
P2-0366,north,late,north_late,77.53,1
P2-0367,north,late,north_late,48.93,0
P2-0368,north,late,north_late,53.33,0
P2-0369,north,late,north_late,54.82,1
P2-0370,north,late,north_late,74.21,0
P2-0371,north,late,north_late,73.65,0
P2-0372,north,late,north_late,81.29,0
P2-0373,north,late,north_late,69.38,0
P2-0374,north,late,north_late,45.31,0
P2-0375,north,late,north_late,42.44,0
P2-0376,north,late,north_late,53.17,1
P2-0377,north,late,north_late,68.36,1
P2-0378,north,late,north_late,47.25,0
P2-0379,north,late,north_late,55.03,0
P2-0380,north,late,north_late,69.34,0
P2-0381,north,late,north_late,71.1,0
P2-0382,north,late,north_late,70.39,0
P2-0383,north,late,north_late,44.44,0
P2-0384,north,late,north_late,73.6,1
P2-0385,north,late,north_late,49.39,0
P2-0386,north,late,north_late,72.82,0
P2-0387,north,late,north_late,66.85,0
P2-0388,north,late,north_late,53.13,0
P2-0389,north,late,north_late,52.12,0
P2-0390,north,late,north_late,51.29,0
P2-0391,north,late,north_late,64.4,0
P2-0392,north,late,north_late,65.0,1
P2-0393,north,late,north_late,70.13,0
P2-0394,north,late,north_late,47.37,0
P2-0395,north,late,north_late,72.52,0
P2-0396,north,late,north_late,27.31,0
P2-0397,north,late,north_late,71.92,1
P2-0398,north,late,north_late,59.85,0
P2-0399,north,late,north_late,54.22,1
P2-0400,north,late,north_late,60.69,1
P2-0401,north,late,north_late,47.34,0
P2-0402,north,late,north_late,40.23,0
P2-0403,north,late,north_late,59.21,1
P2-0404,north,late,north_late,52.13,1
P2-0405,north,late,north_late,76.74,0
P2-0406,north,late,north_late,51.5,0
P2-0407,north,late,north_late,57.45,1
P2-0408,north,late,north_late,56.36,0
P2-0409,north,late,north_late,58.9,1
P2-0410,north,late,north_late,68.08,0
P2-0411,north,late,north_late,48.47,0
P2-0412,north,late,north_late,46.04,1
P2-0413,north,late,north_late,62.28,0
P2-0414,north,late,north_late,54.26,0
P2-0415,north,late,north_late,63.84,0
P2-0416,north,late,north_late,60.22,0
P2-0417,north,late,north_late,49.34,1
P2-0418,north,late,north_late,46.35,1
P2-0419,north,late,north_late,51.71,0
P2-0420,north,late,north_late,62.54,0
P2-0421,north,late,north_late,60.64,1
P2-0422,north,late,north_late,64.03,0
P2-0423,north,late,north_late,71.43,0
P2-0424,north,late,north_late,46.13,0
P2-0425,north,late,north_late,39.5,0
P2-0426,north,late,north_late,78.48,1
P2-0427,north,late,north_late,82.53,0
P2-0428,north,late,north_late,66.73,0
P2-0429,north,late,north_late,65.09,0
P2-0430,north,late,north_late,42.9,1
P2-0431,north,late,north_late,54.64,1
P2-0432,north,late,north_late,68.34,1
P2-0433,north,late,north_late,62.18,1
P2-0434,north,late,north_late,55.87,1
P2-0435,north,late,north_late,70.34,0
P2-0436,north,late,north_late,65.62,0
P2-0437,north,late,north_late,51.2,0
P2-0438,north,late,north_late,68.09,1
P2-0439,north,late,north_late,60.53,1
P2-0440,north,late,north_late,59.68,0
P2-0441,north,late,north_late,46.07,1
P2-0442,north,late,north_late,44.28,1
P2-0443,north,late,north_late,65.62,1
P2-0444,north,late,north_late,46.87,0
P2-0445,north,late,north_late,42.81,0
P2-0446,north,late,north_late,75.38,0
P2-0447,north,late,north_late,50.89,1
P2-0448,north,late,north_late,49.76,0
P2-0449,north,late,north_late,54.25,1
P2-0450,north,late,north_late,77.55,0
P2-0451,north,late,north_late,77.17,0
P2-0452,north,late,north_late,48.38,0
P2-0453,north,late,north_late,84.24,1
P2-0454,north,late,north_late,59.89,0
P2-0455,north,late,north_late,70.42,0
P2-0456,north,late,north_late,58.23,0
P2-0457,north,late,north_late,67.07,0
P2-0458,north,late,north_late,62.27,1
P2-0459,north,late,north_late,72.93,0
P2-0460,north,late,north_late,58.77,0
P2-0461,north,late,north_late,52.64,0
P2-0462,north,late,north_late,55.1,0
P2-0463,north,late,north_late,43.46,1
P2-0464,north,late,north_late,59.94,0
P2-0465,north,late,north_late,64.69,0
P2-0466,north,late,north_late,70.18,0
P2-0467,north,late,north_late,63.12,1
P2-0468,north,late,north_late,68.86,1
P2-0469,north,late,north_late,56.68,0
P2-0470,north,late,north_late,70.28,0
P2-0471,north,late,north_late,60.37,0
P2-0472,north,late,north_late,83.23,0
P2-0473,north,late,north_late,52.88,0
P2-0474,north,late,north_late,55.03,1
P2-0475,north,late,north_late,38.62,0
P2-0476,north,late,north_late,76.15,1
P2-0477,north,late,north_late,61.35,1
P2-0478,north,late,north_late,69.76,1
P2-0479,north,late,north_late,59.19,0
P2-0480,north,late,north_late,70.21,1
P2-0481,north,late,north_late,41.31,0
P2-0482,north,late,north_late,76.75,0
P2-0483,north,late,north_late,58.46,0
P2-0484,north,late,north_late,42.79,1
P2-0485,north,late,north_late,76.28,0
P2-0486,north,late,north_late,53.29,0
P2-0487,north,late,north_late,44.97,0
P2-0488,north,late,north_late,63.9,0
P2-0489,north,late,north_late,72.97,0
P2-0490,north,late,north_late,40.54,0
P2-0491,north,late,north_late,54.1,0
P2-0492,north,late,north_late,63.36,0
P2-0493,north,late,north_late,53.97,0
P2-0494,north,late,north_late,67.63,1
P2-0495,north,late,north_late,60.17,0
P2-0496,north,late,north_late,67.51,1
P2-0497,north,late,north_late,65.31,1
P2-0498,north,late,north_late,57.84,0
P2-0499,north,late,north_late,71.05,0
P2-0500,north,late,north_late,43.72,0
P2-0501,north,late,north_late,40.79,0
P2-0502,north,late,north_late,69.72,0
P2-0503,north,late,north_late,57.75,0
P2-0504,north,late,north_late,55.86,1
P2-0505,north,late,north_late,63.99,1
P2-0506,north,late,north_late,68.13,0
P2-0507,north,late,north_late,80.68,1
P2-0508,north,late,north_late,31.25,0
P2-0509,north,late,north_late,50.44,1
P2-0510,north,late,north_late,75.98,0
P2-0511,north,late,north_late,69.12,0
P2-0512,north,late,north_late,60.86,0
P2-0513,north,late,north_late,61.32,0
P2-0514,north,late,north_late,72.89,0
P2-0515,north,late,north_late,56.7,0
P2-0516,north,late,north_late,74.77,1
P2-0517,north,late,north_late,66.01,0
P2-0518,north,late,north_late,63.45,0
P2-0519,north,late,north_late,49.72,0
P2-0520,north,late,north_late,64.37,1
P2-0521,north,late,north_late,57.26,1
P2-0522,north,late,north_late,62.47,0
P2-0523,north,late,north_late,48.62,1
P2-0524,north,late,north_late,36.14,1
P2-0525,north,late,north_late,66.61,1
P2-0526,north,late,north_late,71.78,0
P2-0527,north,late,north_late,57.47,0
P2-0528,north,late,north_late,67.98,0
P2-0529,north,late,north_late,71.34,0
P2-0530,north,late,north_late,69.62,1
P2-0531,north,late,north_late,64.18,1
P2-0532,north,late,north_late,49.45,0
P2-0533,north,late,north_late,55.58,1
P2-0534,north,late,north_late,58.56,0
P2-0535,north,late,north_late,79.09,0
P2-0536,north,late,north_late,73.19,1
P2-0537,north,late,north_late,38.27,0
P2-0538,north,late,north_late,49.77,1
P2-0539,north,late,north_late,56.22,1
P2-0540,north,late,north_late,80.31,0
P2-0541,north,late,north_late,72.15,0
P2-0542,north,late,north_late,69.03,0
P2-0543,north,late,north_late,72.78,0
P2-0544,north,late,north_late,65.12,0
P2-0545,north,late,north_late,42.59,0
P2-0546,north,late,north_late,71.27,1
P2-0547,north,late,north_late,40.34,1
P2-0548,north,late,north_late,67.12,1
P2-0549,north,late,north_late,69.75,0
P2-0550,north,late,north_late,69.04,0
P2-0551,north,late,north_late,68.73,1
P2-0552,north,late,north_late,61.83,0
P2-0553,north,late,north_late,79.4,1
P2-0554,north,late,north_late,53.33,0
P2-0555,north,late,north_late,75.41,1
P2-0556,north,late,north_late,76.2,1
P2-0557,north,late,north_late,56.71,0
P2-0558,north,late,north_late,45.05,0
P2-0559,north,late,north_late,56.07,0
P2-0560,north,late,north_late,81.91,0
P2-0561,north,late,north_late,60.02,1
P2-0562,north,late,north_late,58.08,0
P2-0563,north,late,north_late,60.66,0
P2-0564,north,late,north_late,63.59,0
P2-0565,north,late,north_late,72.33,0
P2-0566,north,late,north_late,60.05,1
P2-0567,north,late,north_late,52.41,0
P2-0568,north,late,north_late,47.59,0
P2-0569,north,late,north_late,55.55,1
P2-0570,north,late,north_late,40.59,1
P2-0571,north,late,north_late,63.44,0
P2-0572,north,late,north_late,55.75,0
P2-0573,north,late,north_late,62.43,0
P2-0574,north,late,north_late,57.1,0
P2-0575,north,late,north_late,59.81,0
P2-0576,north,late,north_late,68.5,1
P2-0577,north,late,north_late,53.52,1
P2-0578,north,late,north_late,75.6,0
P2-0579,north,late,north_late,45.63,1
P2-0580,north,late,north_late,63.62,1
P2-0581,north,late,north_late,53.51,1
P2-0582,north,late,north_late,49.0,0
P2-0583,north,late,north_late,58.93,1
P2-0584,north,late,north_late,67.59,0
P2-0585,north,late,north_late,63.8,0
P2-0586,north,late,north_late,46.73,0
P2-0587,north,late,north_late,75.96,0
P2-0588,north,late,north_late,64.68,0
P2-0589,north,late,north_late,63.49,0
P2-0590,north,late,north_late,45.27,1
P2-0591,north,late,north_late,75.42,1
P2-0592,north,late,north_late,60.51,0
P2-0593,north,late,north_late,45.59,0
P2-0594,north,late,north_late,73.05,1
P2-0595,north,late,north_late,51.39,1
P2-0596,north,late,north_late,57.81,1
P2-0597,north,late,north_late,52.54,0
P2-0598,north,late,north_late,47.54,0
P2-0599,north,late,north_late,78.46,1
P2-0600,north,late,north_late,43.44,0
P2-0601,north,late,north_late,46.4,1
P2-0602,north,late,north_late,63.3,0
P2-0603,north,late,north_late,70.87,1
P2-0604,north,late,north_late,64.28,0
P2-0605,north,late,north_late,68.38,1
P2-0606,north,late,north_late,65.55,0
P2-0607,north,late,north_late,52.71,1
P2-0608,north,late,north_late,78.47,0
P2-0609,north,late,north_late,53.23,0
P2-0610,north,late,north_late,53.8,0
P2-0611,north,late,north_late,68.19,0
P2-0612,north,late,north_late,46.01,0
P2-0613,north,late,north_late,56.78,0
P2-0614,north,late,north_late,38.7,1
P2-0615,north,late,north_late,62.91,0
P2-0616,north,late,north_late,61.7,0
P2-0617,north,late,north_late,67.68,1
P2-0618,north,late,north_late,66.88,0
P2-0619,north,late,north_late,68.51,0
P2-0620,north,late,north_late,50.52,0
P2-0621,north,late,north_late,45.94,0
P2-0622,north,late,north_late,84.6,0
P2-0623,north,late,north_late,73.82,0
P2-0624,north,late,north_late,53.44,0
P2-0625,north,late,north_late,63.07,0
P2-0626,north,late,north_late,70.2,0
P2-0627,north,late,north_late,64.97,0
P2-0628,north,late,north_late,43.58,0
P2-0629,north,late,north_late,69.0,1
P2-0630,north,late,north_late,54.25,0
P2-0631,north,late,north_late,47.56,0
P2-0632,north,late,north_late,57.3,1
P2-0633,north,late,north_late,64.22,1
P2-0634,north,late,north_late,69.73,0
P2-0635,north,late,north_late,83.93,1
P2-0636,north,late,north_late,60.1,0
P2-0637,north,late,north_late,70.86,1
P2-0638,north,late,north_late,55.77,0
P2-0639,north,late,north_late,85.86,1
P2-0640,north,late,north_late,72.58,0
P2-0641,north,late,north_late,66.65,0
P2-0642,north,late,north_late,89.77,1
P2-0643,north,late,north_late,65.04,1
P2-0644,north,late,north_late,58.49,0
P2-0645,north,late,north_late,53.12,1
P2-0646,north,late,north_late,47.73,1
P2-0647,north,late,north_late,80.5,1
P2-0648,north,late,north_late,59.07,0
P2-0649,north,late,north_late,69.49,0
P2-0650,north,late,north_late,48.73,0
P2-0651,north,late,north_late,78.02,1
P2-0652,north,late,north_late,55.38,0
P2-0653,north,late,north_late,67.63,1
P2-0654,north,late,north_late,52.08,1
P2-0655,north,late,north_late,92.27,1
P2-0656,north,late,north_late,49.78,0
P2-0657,north,late,north_late,90.09,1
P2-0658,north,late,north_late,38.57,0
P2-0659,north,late,north_late,56.91,1
P2-0660,north,late,north_late,64.61,0
P2-0661,north,late,north_late,54.47,0
P2-0662,north,late,north_late,59.46,0
P2-0663,north,late,north_late,75.96,0
P2-0664,north,late,north_late,73.91,1
P2-0665,north,late,north_late,56.48,1
P2-0666,north,late,north_late,39.11,0
P2-0667,north,late,north_late,61.65,1
P2-0668,north,late,north_late,80.59,0
P2-0669,north,late,north_late,47.8,0
P2-0670,north,late,north_late,46.75,0
P2-0671,north,late,north_late,61.67,0
P2-0672,north,late,north_late,64.81,1
P2-0673,north,late,north_late,58.04,0
P2-0674,north,late,north_late,47.85,0
P2-0675,north,late,north_late,49.07,0
P2-0676,north,late,north_late,57.04,0
P2-0677,north,late,north_late,53.3,0
P2-0678,north,late,north_late,50.08,0
P2-0679,north,late,north_late,46.47,1
P2-0680,north,late,north_late,58.33,0
P2-0681,north,late,north_late,50.0,0
P2-0682,north,late,north_late,63.46,0
P2-0683,north,late,north_late,67.99,1
P2-0684,north,late,north_late,75.64,1
P2-0685,north,late,north_late,90.01,0
P2-0686,north,late,north_late,51.45,0
P2-0687,north,late,north_late,70.02,0
P2-0688,north,late,north_late,73.34,0
P2-0689,north,late,north_late,73.3,1
P2-0690,north,late,north_late,62.07,0
P2-0691,north,late,north_late,51.56,0
P2-0692,north,late,north_late,33.84,0
P2-0693,north,late,north_late,57.18,0
P2-0694,north,late,north_late,51.99,1
P2-0695,north,late,north_late,61.74,0
P2-0696,north,late,north_late,52.88,1
P2-0697,north,late,north_late,70.27,0
P2-0698,north,late,north_late,73.15,0
P2-0699,north,late,north_late,63.78,0
P2-0700,north,late,north_late,63.06,1
P3-0001,central,early,central_early,64.35,1
P3-0002,central,early,central_early,58.8,1
P3-0003,central,early,central_early,38.99,1
P3-0004,central,early,central_early,62.94,1
P3-0005,central,early,central_early,41.48,1
P3-0006,central,early,central_early,66.44,1
P3-0007,central,early,central_early,71.87,0
P3-0008,central,early,central_early,58.52,0
P3-0009,central,early,central_early,33.42,0
P3-0010,central,early,central_early,39.44,1
P3-0011,central,early,central_early,66.2,0
P3-0012,central,early,central_early,77.82,1
P3-0013,central,early,central_early,56.9,0
P3-0014,central,early,central_early,59.52,0
P3-0015,central,early,central_early,78.22,1
P3-0016,central,early,central_early,41.23,0
P3-0017,central,early,central_early,52.5,0
P3-0018,central,early,central_early,71.56,0
P3-0019,central,early,central_early,41.03,0
P3-0020,central,early,central_early,51.49,1
P3-0021,central,early,central_early,62.09,0
P3-0022,central,early,central_early,65.66,1
P3-0023,central,early,central_early,59.1,1
P3-0024,central,early,central_early,67.04,1
P3-0025,central,early,central_early,68.67,1
P3-0026,central,early,central_early,61.87,0
P3-0027,central,early,central_early,49.1,1
P3-0028,central,early,central_early,54.69,1
P3-0029,central,early,central_early,83.9,0
P3-0030,central,early,central_early,52.97,1
P3-0031,central,early,central_early,48.23,0
P3-0032,central,early,central_early,59.12,0
P3-0033,central,early,central_early,72.84,1
P3-0034,central,early,central_early,61.92,1
P3-0035,central,early,central_early,69.13,1
P3-0036,central,early,central_early,61.05,0
P3-0037,central,early,central_early,50.08,1
P3-0038,central,early,central_early,63.99,1
P3-0039,central,early,central_early,75.03,1
P3-0040,central,early,central_early,44.59,0
P3-0041,central,early,central_early,61.47,0
P3-0042,central,early,central_early,79.78,1
P3-0043,central,early,central_early,50.47,0
P3-0044,central,early,central_early,48.37,0
P3-0045,central,early,central_early,76.04,0
P3-0046,central,early,central_early,66.03,1
P3-0047,central,early,central_early,58.79,0
P3-0048,central,early,central_early,36.5,0
P3-0049,central,early,central_early,66.93,1
P3-0050,central,early,central_early,63.55,1
P3-0051,central,early,central_early,23.62,0
P3-0052,central,early,central_early,65.99,1
P3-0053,central,early,central_early,50.94,0
P3-0054,central,early,central_early,48.86,0
P3-0055,central,early,central_early,66.3,0
P3-0056,central,early,central_early,56.18,1
P3-0057,central,early,central_early,44.45,1
P3-0058,central,early,central_early,57.82,1
P3-0059,central,early,central_early,83.4,1
P3-0060,central,early,central_early,63.31,0
P3-0061,central,early,central_early,64.0,1
P3-0062,central,early,central_early,40.05,1
P3-0063,central,early,central_early,57.19,1
P3-0064,central,early,central_early,68.11,0
P3-0065,central,early,central_early,57.02,0
P3-0066,central,early,central_early,61.02,0
P3-0067,central,early,central_early,77.0,1
P3-0068,central,early,central_early,46.34,0
P3-0069,central,early,central_early,67.32,0
P3-0070,central,early,central_early,62.02,1
P3-0071,central,early,central_early,54.71,1
P3-0072,central,early,central_early,72.13,1
P3-0073,central,early,central_early,53.2,0
P3-0074,central,early,central_early,58.84,1
P3-0075,central,early,central_early,53.95,0
P3-0076,central,early,central_early,53.4,0
P3-0077,central,early,central_early,47.67,0
P3-0078,central,early,central_early,41.3,0
P3-0079,central,early,central_early,55.72,0
P3-0080,central,early,central_early,81.18,1
P3-0081,central,early,central_early,46.69,1
P3-0082,central,early,central_early,72.73,1
P3-0083,central,early,central_early,67.81,1
P3-0084,central,early,central_early,54.0,0
P3-0085,central,early,central_early,53.97,1
P3-0086,central,early,central_early,50.38,1
P3-0087,central,early,central_early,48.05,1
P3-0088,central,early,central_early,84.66,1
P3-0089,central,early,central_early,37.6,1
P3-0090,central,early,central_early,44.13,0
P3-0091,central,early,central_early,61.12,0
P3-0092,central,early,central_early,62.04,0
P3-0093,central,early,central_early,56.28,0
P3-0094,central,early,central_early,41.26,0
P3-0095,central,early,central_early,31.24,1
P3-0096,central,early,central_early,51.05,0
P3-0097,central,early,central_early,70.6,1
P3-0098,central,early,central_early,57.53,0
P3-0099,central,early,central_early,51.81,1
P3-0100,central,early,central_early,51.91,1
P3-0101,central,early,central_early,50.26,0
P3-0102,central,early,central_early,61.63,0
P3-0103,central,early,central_early,37.47,0
P3-0104,central,early,central_early,53.1,0
P3-0105,central,early,central_early,58.63,0
P3-0106,central,early,central_early,42.75,0
P3-0107,central,early,central_early,67.62,0
P3-0108,central,early,central_early,38.06,1
P3-0109,central,early,central_early,59.13,1
P3-0110,central,early,central_early,53.53,0
P3-0111,central,early,central_early,51.75,0
P3-0112,central,early,central_early,65.37,1
P3-0113,central,early,central_early,59.0,1
P3-0114,central,early,central_early,72.77,1
P3-0115,central,early,central_early,56.66,0
P3-0116,central,early,central_early,54.17,1
P3-0117,central,early,central_early,63.04,0
P3-0118,central,early,central_early,58.66,0
P3-0119,central,early,central_early,47.59,0
P3-0120,central,early,central_early,62.83,0
P3-0121,central,early,central_early,60.32,1
P3-0122,central,early,central_early,50.55,0
P3-0123,central,early,central_early,46.24,0
P3-0124,central,early,central_early,69.97,1
P3-0125,central,early,central_early,64.78,1
P3-0126,central,early,central_early,41.75,0
P3-0127,central,early,central_early,35.1,0
P3-0128,central,early,central_early,73.29,1
P3-0129,central,early,central_early,48.05,0
P3-0130,central,early,central_early,56.76,0
P3-0131,central,early,central_early,41.63,1
P3-0132,central,early,central_early,46.88,0
P3-0133,central,early,central_early,67.12,1
P3-0134,central,early,central_early,79.28,0
P3-0135,central,early,central_early,43.07,0
P3-0136,central,early,central_early,55.81,0
P3-0137,central,early,central_early,53.53,0
P3-0138,central,early,central_early,49.49,1
P3-0139,central,early,central_early,58.42,0
P3-0140,central,early,central_early,59.38,1
P3-0141,central,early,central_early,70.44,1
P3-0142,central,early,central_early,67.71,1
P3-0143,central,early,central_early,60.74,0
P3-0144,central,early,central_early,62.53,0
P3-0145,central,early,central_early,67.94,1
P3-0146,central,early,central_early,43.46,0
P3-0147,central,early,central_early,51.07,0
P3-0148,central,early,central_early,53.48,1
P3-0149,central,early,central_early,46.09,0
P3-0150,central,early,central_early,47.86,1
P3-0151,central,early,central_early,51.57,1
P3-0152,central,early,central_early,60.29,0
P3-0153,central,early,central_early,71.43,0
P3-0154,central,early,central_early,74.4,0
P3-0155,central,early,central_early,47.43,1
P3-0156,central,early,central_early,64.25,0
P3-0157,central,early,central_early,62.03,1
P3-0158,central,early,central_early,70.36,1
P3-0159,central,early,central_early,55.9,0
P3-0160,central,early,central_early,61.39,1
P3-0161,central,early,central_early,59.3,0
P3-0162,central,early,central_early,59.25,1
P3-0163,central,early,central_early,60.58,1
P3-0164,central,early,central_early,53.38,1
P3-0165,central,early,central_early,75.35,1
P3-0166,central,early,central_early,37.41,0
P3-0167,central,early,central_early,60.19,0
P3-0168,central,early,central_early,65.36,1
P3-0169,central,early,central_early,57.34,1
P3-0170,central,early,central_early,65.57,1
P3-0171,central,early,central_early,68.76,1
P3-0172,central,early,central_early,61.46,1
P3-0173,central,early,central_early,46.19,0
P3-0174,central,early,central_early,53.37,1
P3-0175,central,early,central_early,53.11,0
P3-0176,central,early,central_early,67.53,0
P3-0177,central,early,central_early,51.41,1
P3-0178,central,early,central_early,61.74,0
P3-0179,central,early,central_early,31.71,0
P3-0180,central,early,central_early,70.67,1
P3-0181,central,early,central_early,63.67,0
P3-0182,central,early,central_early,63.24,0
P3-0183,central,early,central_early,59.81,1
P3-0184,central,early,central_early,43.98,1
P3-0185,central,early,central_early,59.3,0
P3-0186,central,early,central_early,61.78,1
P3-0187,central,early,central_early,68.08,1
P3-0188,central,early,central_early,50.1,0
P3-0189,central,early,central_early,85.76,1
P3-0190,central,early,central_early,57.53,1
P3-0191,central,early,central_early,52.8,0
P3-0192,central,early,central_early,48.24,1
P3-0193,central,early,central_early,55.98,1
P3-0194,central,early,central_early,59.4,1
P3-0195,central,early,central_early,58.18,1
P3-0196,central,early,central_early,66.76,0
P3-0197,central,early,central_early,54.7,0
P3-0198,central,early,central_early,44.19,1
P3-0199,central,early,central_early,62.41,1
P3-0200,central,early,central_early,54.4,0
P3-0201,central,early,central_early,60.55,0
P3-0202,central,early,central_early,66.66,0
P3-0203,central,early,central_early,71.54,1
P3-0204,central,early,central_early,40.32,0
P3-0205,central,early,central_early,51.71,0
P3-0206,central,early,central_early,64.67,0
P3-0207,central,early,central_early,75.77,1
P3-0208,central,early,central_early,47.08,0
P3-0209,central,early,central_early,54.81,1
P3-0210,central,early,central_early,85.25,0
P3-0211,central,early,central_early,37.82,0
P3-0212,central,early,central_early,55.06,0
P3-0213,central,early,central_early,60.06,0
P3-0214,central,early,central_early,57.2,1
P3-0215,central,early,central_early,48.09,1
P3-0216,central,early,central_early,57.25,1
P3-0217,central,early,central_early,68.84,1
P3-0218,central,early,central_early,41.15,1
P3-0219,central,early,central_early,61.17,0
P3-0220,central,early,central_early,58.52,0
P3-0221,central,early,central_early,64.4,1
P3-0222,central,early,central_early,44.37,1
P3-0223,central,early,central_early,73.7,0
P3-0224,central,early,central_early,65.45,1
P3-0225,central,early,central_early,48.83,0
P3-0226,central,early,central_early,44.49,1
P3-0227,central,early,central_early,59.58,1
P3-0228,central,early,central_early,59.6,0
P3-0229,central,early,central_early,61.74,1
P3-0230,central,early,central_early,60.92,1
P3-0231,central,early,central_early,69.15,1
P3-0232,central,early,central_early,67.1,0
P3-0233,central,early,central_early,61.31,1
P3-0234,central,early,central_early,78.2,0
P3-0235,central,early,central_early,48.99,0
P3-0236,central,early,central_early,51.63,0
P3-0237,central,early,central_early,59.04,0
P3-0238,central,early,central_early,47.56,1
P3-0239,central,early,central_early,68.12,1
P3-0240,central,early,central_early,80.01,0
P3-0241,central,early,central_early,45.76,0
P3-0242,central,early,central_early,70.18,0
P3-0243,central,early,central_early,51.06,0
P3-0244,central,early,central_early,62.17,0
P3-0245,central,early,central_early,56.13,1
P3-0246,central,early,central_early,54.86,1
P3-0247,central,early,central_early,46.05,1
P3-0248,central,early,central_early,64.41,0
P3-0249,central,early,central_early,62.65,1
P3-0250,central,early,central_early,45.2,0
P3-0251,central,early,central_early,52.15,0
P3-0252,central,early,central_early,39.11,0
P3-0253,central,early,central_early,43.56,0
P3-0254,central,early,central_early,48.9,0
P3-0255,central,early,central_early,71.59,1
P3-0256,central,early,central_early,70.8,0
P3-0257,central,early,central_early,45.39,1
P3-0258,central,early,central_early,56.55,0
P3-0259,central,early,central_early,60.62,0
P3-0260,central,early,central_early,39.53,0
P3-0261,central,early,central_early,57.67,1
P3-0262,central,early,central_early,40.77,0
P3-0263,central,early,central_early,48.57,0
P3-0264,central,early,central_early,51.35,0
P3-0265,central,early,central_early,50.99,1
P3-0266,central,early,central_early,44.84,0
P3-0267,central,early,central_early,81.03,1
P3-0268,central,early,central_early,74.85,0
P3-0269,central,early,central_early,39.52,0
P3-0270,central,early,central_early,66.86,0
P3-0271,central,early,central_early,55.84,0
P3-0272,central,early,central_early,70.42,0
P3-0273,central,early,central_early,65.91,1
P3-0274,central,early,central_early,54.49,0
P3-0275,central,early,central_early,55.8,1
P3-0276,central,early,central_early,56.09,0
P3-0277,central,early,central_early,68.26,0
P3-0278,central,early,central_early,36.46,0
P3-0279,central,early,central_early,48.35,0
P3-0280,central,early,central_early,71.49,0
P3-0281,central,early,central_early,46.9,0
P3-0282,central,early,central_early,52.69,0
P3-0283,central,early,central_early,55.18,1
P3-0284,central,early,central_early,64.43,0
P3-0285,central,early,central_early,48.38,0
P3-0286,central,early,central_early,60.28,1
P3-0287,central,early,central_early,58.94,0
P3-0288,central,early,central_early,49.56,0
P3-0289,central,early,central_early,73.48,0
P3-0290,central,early,central_early,48.87,1
P3-0291,central,early,central_early,39.11,1
P3-0292,central,early,central_early,63.53,1
P3-0293,central,early,central_early,66.79,1
P3-0294,central,early,central_early,59.4,1
P3-0295,central,early,central_early,60.09,0
P3-0296,central,early,central_early,52.27,1
P3-0297,central,early,central_early,58.14,0
P3-0298,central,early,central_early,64.1,1
P3-0299,central,early,central_early,40.6,0
P3-0300,central,early,central_early,63.05,0
P3-0301,central,early,central_early,51.22,0
P3-0302,central,early,central_early,73.19,0
P3-0303,central,early,central_early,40.12,0
P3-0304,central,early,central_early,59.18,0
P3-0305,central,early,central_early,46.95,1
P3-0306,central,early,central_early,47.56,0
P3-0307,central,early,central_early,63.34,1
P3-0308,central,early,central_early,71.65,1
P3-0309,central,early,central_early,63.35,1
P3-0310,central,early,central_early,60.89,1
P3-0311,central,early,central_early,64.75,0
P3-0312,central,early,central_early,62.3,1
P3-0313,central,early,central_early,52.32,0
P3-0314,central,early,central_early,48.55,0
P3-0315,central,early,central_early,43.76,0
P3-0316,central,early,central_early,68.68,0
P3-0317,central,early,central_early,50.64,0
P3-0318,central,early,central_early,48.83,0
P3-0319,central,early,central_early,56.68,1
P3-0320,central,early,central_early,45.31,1
P3-0321,central,early,central_early,39.87,0
P3-0322,central,early,central_early,60.93,1
P3-0323,central,early,central_early,57.95,1
P3-0324,central,early,central_early,53.14,0
P3-0325,central,early,central_early,53.62,1
P3-0326,central,early,central_early,47.91,1
P3-0327,central,early,central_early,40.2,1
P3-0328,central,early,central_early,71.72,1
P3-0329,central,early,central_early,47.84,1
P3-0330,central,early,central_early,49.51,0
P3-0331,central,early,central_early,60.41,1
P3-0332,central,early,central_early,43.83,0
P3-0333,central,early,central_early,44.22,0
P3-0334,central,early,central_early,51.14,1
P3-0335,central,early,central_early,77.88,0
P3-0336,central,early,central_early,57.0,0
P3-0337,central,early,central_early,69.01,1
P3-0338,central,early,central_early,57.22,1
P3-0339,central,early,central_early,46.67,0
P3-0340,central,early,central_early,41.76,1
P3-0341,central,early,central_early,89.04,1
P3-0342,central,early,central_early,71.88,0
P3-0343,central,early,central_early,59.78,1
P3-0344,central,early,central_early,64.99,1
P3-0345,central,early,central_early,38.04,0
P3-0346,central,early,central_early,55.92,0
P3-0347,central,early,central_early,39.28,1
P3-0348,central,early,central_early,45.48,0
P3-0349,central,early,central_early,54.0,0
P3-0350,central,early,central_early,67.63,1
P3-0351,central,early,central_early,60.65,1
P3-0352,central,early,central_early,58.91,0
P3-0353,central,early,central_early,66.45,1
P3-0354,central,early,central_early,36.32,1
P3-0355,central,early,central_early,32.91,1
P3-0356,central,early,central_early,56.43,0
P3-0357,central,early,central_early,61.12,0
P3-0358,central,early,central_early,39.14,0
P3-0359,central,early,central_early,62.32,0
P3-0360,central,early,central_early,57.82,0
P3-0361,central,early,central_early,59.28,1
P3-0362,central,early,central_early,61.34,0
P3-0363,central,early,central_early,53.69,0
P3-0364,central,early,central_early,51.18,1
P3-0365,central,early,central_early,53.87,0
P3-0366,central,early,central_early,65.86,1
P3-0367,central,early,central_early,54.42,0
P3-0368,central,early,central_early,68.69,1
P3-0369,central,early,central_early,54.87,0
P3-0370,central,early,central_early,60.41,0
P3-0371,central,early,central_early,35.12,1
P3-0372,central,early,central_early,66.28,0
P3-0373,central,early,central_early,61.84,1
P3-0374,central,early,central_early,48.78,0
P3-0375,central,early,central_early,61.15,1
P3-0376,central,early,central_early,57.23,1
P3-0377,central,early,central_early,76.77,1
P3-0378,central,early,central_early,85.58,1
P3-0379,central,early,central_early,48.82,1
P3-0380,central,early,central_early,74.35,1
P3-0381,central,early,central_early,57.48,1
P3-0382,central,early,central_early,73.55,0
P3-0383,central,early,central_early,63.81,1
P3-0384,central,early,central_early,48.2,0
P3-0385,central,early,central_early,65.87,1
P3-0386,central,early,central_early,62.17,1
P3-0387,central,early,central_early,53.21,0
P3-0388,central,early,central_early,40.88,1
P3-0389,central,early,central_early,54.61,1
P3-0390,central,early,central_early,75.94,0
P3-0391,central,early,central_early,49.29,1
P3-0392,central,early,central_early,51.26,1
P3-0393,central,early,central_early,65.78,1
P3-0394,central,early,central_early,69.36,1
P3-0395,central,early,central_early,67.73,1
P3-0396,central,early,central_early,35.12,1
P3-0397,central,early,central_early,46.69,1
P3-0398,central,early,central_early,54.58,1
P3-0399,central,early,central_early,80.75,0
P3-0400,central,early,central_early,61.47,0
P3-0401,central,early,central_early,63.18,1
P3-0402,central,early,central_early,58.68,1
P3-0403,central,early,central_early,51.53,1
P3-0404,central,early,central_early,81.94,1
P3-0405,central,early,central_early,51.29,1
P3-0406,central,early,central_early,54.04,1
P3-0407,central,early,central_early,54.78,1
P3-0408,central,early,central_early,78.65,0
P3-0409,central,early,central_early,50.21,1
P3-0410,central,early,central_early,63.3,0
P3-0411,central,early,central_early,54.31,1
P3-0412,central,early,central_early,56.14,1
P3-0413,central,early,central_early,57.9,0
P3-0414,central,early,central_early,59.23,0
P3-0415,central,early,central_early,65.58,0
P3-0416,central,early,central_early,52.5,1
P3-0417,central,early,central_early,59.98,1
P3-0418,central,early,central_early,44.09,0
P3-0419,central,early,central_early,48.76,0
P3-0420,central,early,central_early,52.86,0
P3-0421,central,early,central_early,62.47,0
P3-0422,central,early,central_early,54.55,1
P3-0423,central,early,central_early,62.88,0
P3-0424,central,early,central_early,49.96,1
P3-0425,central,early,central_early,74.28,1
P3-0426,central,early,central_early,65.35,1
P3-0427,central,early,central_early,65.3,0
P3-0428,central,early,central_early,45.09,1
P3-0429,central,early,central_early,61.14,1
P3-0430,central,early,central_early,56.93,0
P3-0431,central,early,central_early,77.25,1
P3-0432,central,early,central_early,51.09,0
P3-0433,central,early,central_early,70.03,1
P3-0434,central,early,central_early,70.35,0
P3-0435,central,early,central_early,81.86,0
P3-0436,central,early,central_early,70.48,0
P3-0437,central,early,central_early,69.5,0
P3-0438,central,early,central_early,51.74,0
P3-0439,central,early,central_early,47.82,1
P3-0440,central,early,central_early,55.64,1
P3-0441,central,early,central_early,54.96,1
P3-0442,central,early,central_early,46.02,1
P3-0443,central,early,central_early,69.03,1
P3-0444,central,early,central_early,72.25,1
P3-0445,central,early,central_early,49.96,0
P3-0446,central,early,central_early,63.28,1
P3-0447,central,early,central_early,52.0,0
P3-0448,central,early,central_early,61.63,0
P3-0449,central,early,central_early,71.8,1
P3-0450,central,early,central_early,51.8,0
P3-0451,central,early,central_early,58.28,1
P3-0452,central,early,central_early,71.76,0
P3-0453,central,early,central_early,69.56,0
P3-0454,central,early,central_early,47.97,0
P3-0455,central,early,central_early,65.52,1
P3-0456,central,early,central_early,71.39,1
P3-0457,central,early,central_early,63.77,0
P3-0458,central,early,central_early,50.28,0
P3-0459,central,early,central_early,69.41,1
P3-0460,central,early,central_early,45.01,0
P3-0461,central,early,central_early,61.02,1
P3-0462,central,early,central_early,63.04,1
P3-0463,central,early,central_early,31.03,0
P3-0464,central,early,central_early,71.54,0
P3-0465,central,early,central_early,83.75,0
P3-0466,central,early,central_early,48.59,0
P3-0467,central,early,central_early,39.27,1
P3-0468,central,early,central_early,63.58,1
P3-0469,central,early,central_early,51.41,1
P3-0470,central,early,central_early,57.04,0
P3-0471,central,early,central_early,73.63,0
P3-0472,central,early,central_early,51.57,0
P3-0473,central,early,central_early,45.13,0
P3-0474,central,early,central_early,43.98,1
P3-0475,central,early,central_early,56.78,0
P3-0476,central,early,central_early,74.33,0
P3-0477,central,early,central_early,70.29,1
P3-0478,central,early,central_early,63.08,1
P3-0479,central,early,central_early,45.58,0
P3-0480,central,early,central_early,60.55,0
P3-0481,central,early,central_early,82.12,1
P3-0482,central,early,central_early,57.52,1
P3-0483,central,early,central_early,65.95,0
P3-0484,central,early,central_early,55.54,0
P3-0485,central,early,central_early,71.07,0
P3-0486,central,early,central_early,52.39,0
P3-0487,central,early,central_early,64.77,0
P3-0488,central,early,central_early,44.29,0
P3-0489,central,early,central_early,41.73,0
P3-0490,central,early,central_early,47.06,1
P3-0491,central,early,central_early,76.25,1
P3-0492,central,early,central_early,65.13,1
P3-0493,central,early,central_early,66.02,1
P3-0494,central,early,central_early,41.62,0
P3-0495,central,early,central_early,67.56,0
P3-0496,central,early,central_early,75.73,1
P3-0497,central,early,central_early,66.92,0
P3-0498,central,early,central_early,34.35,1
P3-0499,central,early,central_early,84.62,1
P3-0500,central,early,central_early,48.76,0
P3-0501,central,early,central_early,47.3,0
P3-0502,central,early,central_early,57.04,1
P3-0503,central,early,central_early,46.17,1
P3-0504,central,early,central_early,59.36,1
P3-0505,central,early,central_early,57.94,1
P3-0506,central,early,central_early,69.69,1
P3-0507,central,early,central_early,45.48,1
P3-0508,central,early,central_early,58.21,1
P3-0509,central,early,central_early,58.27,0
P3-0510,central,early,central_early,61.42,1
P3-0511,central,early,central_early,65.7,0
P3-0512,central,early,central_early,62.62,0
P3-0513,central,early,central_early,51.76,0
P3-0514,central,early,central_early,34.21,0
P3-0515,central,early,central_early,57.07,0
P3-0516,central,early,central_early,74.8,0
P3-0517,central,early,central_early,47.71,0
P3-0518,central,early,central_early,34.86,1
P3-0519,central,early,central_early,20.67,1
P3-0520,central,early,central_early,55.64,0
P3-0521,central,early,central_early,63.86,1
P3-0522,central,early,central_early,81.24,0
P3-0523,central,early,central_early,62.54,1
P3-0524,central,early,central_early,42.43,1
P3-0525,central,early,central_early,49.88,0
P3-0526,central,early,central_early,76.03,0
P3-0527,central,early,central_early,71.43,1
P3-0528,central,early,central_early,41.28,0
P3-0529,central,early,central_early,40.84,0
P3-0530,central,early,central_early,55.14,1
P3-0531,central,early,central_early,76.43,0
P3-0532,central,early,central_early,70.84,1
P3-0533,central,early,central_early,76.27,1
P3-0534,central,early,central_early,29.93,0
P3-0535,central,early,central_early,57.1,1
P3-0536,central,early,central_early,59.21,0
P3-0537,central,early,central_early,46.38,0
P3-0538,central,early,central_early,36.55,0
P3-0539,central,early,central_early,47.23,0
P3-0540,central,early,central_early,81.02,1
P3-0541,central,early,central_early,58.71,0
P3-0542,central,early,central_early,54.07,0
P3-0543,central,early,central_early,48.21,1
P3-0544,central,early,central_early,44.87,1
P3-0545,central,early,central_early,58.5,1
P3-0546,central,early,central_early,65.14,0
P3-0547,central,early,central_early,47.74,0
P3-0548,central,early,central_early,50.6,0
P3-0549,central,early,central_early,62.91,1
P3-0550,central,early,central_early,72.37,0
P3-0551,central,early,central_early,51.02,0
P3-0552,central,early,central_early,69.75,1
P3-0553,central,early,central_early,87.66,1
P3-0554,central,early,central_early,42.44,0
P3-0555,central,early,central_early,72.83,0
P3-0556,central,early,central_early,62.13,0
P3-0557,central,early,central_early,76.67,1
P3-0558,central,early,central_early,73.91,0
P3-0559,central,early,central_early,27.86,0
P3-0560,central,early,central_early,58.21,0
P3-0561,central,early,central_early,56.97,0
P3-0562,central,early,central_early,56.2,1
P3-0563,central,early,central_early,47.44,0
P3-0564,central,early,central_early,59.5,0
P3-0565,central,early,central_early,45.49,0
P3-0566,central,early,central_early,69.75,0
P3-0567,central,early,central_early,77.53,1
P3-0568,central,early,central_early,55.18,1
P3-0569,central,early,central_early,62.09,1
P3-0570,central,early,central_early,50.31,0
P3-0571,central,early,central_early,43.69,1
P3-0572,central,early,central_early,59.32,0
P3-0573,central,early,central_early,61.43,0
P3-0574,central,early,central_early,44.7,1
P3-0575,central,early,central_early,67.84,0
P3-0576,central,early,central_early,63.53,1
P3-0577,central,early,central_early,69.69,1
P3-0578,central,early,central_early,78.07,1
P3-0579,central,early,central_early,64.81,1
P3-0580,central,early,central_early,55.05,0
P3-0581,central,early,central_early,43.8,1
P3-0582,central,early,central_early,57.74,0
P3-0583,central,early,central_early,52.23,1
P3-0584,central,early,central_early,62.55,1
P3-0585,central,early,central_early,52.09,0
P3-0586,central,early,central_early,62.99,0
P3-0587,central,early,central_early,56.75,1
P3-0588,central,early,central_early,68.4,0
P3-0589,central,early,central_early,63.66,1
P3-0590,central,early,central_early,46.23,0
P3-0591,central,early,central_early,92.56,1
P3-0592,central,early,central_early,59.65,0
P3-0593,central,early,central_early,75.94,1
P3-0594,central,early,central_early,40.62,0
P3-0595,central,early,central_early,48.9,1
P3-0596,central,early,central_early,81.67,1
P3-0597,central,early,central_early,61.71,1
P3-0598,central,early,central_early,50.62,1
P3-0599,central,early,central_early,55.56,0
P3-0600,central,early,central_early,57.17,0
P4-0001,central,late,central_late,38.72,0
P4-0002,central,late,central_late,46.24,0
P4-0003,central,late,central_late,62.86,0
P4-0004,central,late,central_late,58.96,0
P4-0005,central,late,central_late,67.37,0
P4-0006,central,late,central_late,70.83,0
P4-0007,central,late,central_late,39.92,0
P4-0008,central,late,central_late,46.09,0
P4-0009,central,late,central_late,45.75,0
P4-0010,central,late,central_late,63.29,0
P4-0011,central,late,central_late,37.62,1
P4-0012,central,late,central_late,53.03,0
P4-0013,central,late,central_late,51.72,0
P4-0014,central,late,central_late,60.74,0
P4-0015,central,late,central_late,57.32,0
P4-0016,central,late,central_late,51.85,1
P4-0017,central,late,central_late,49.07,0
P4-0018,central,late,central_late,86.17,1
P4-0019,central,late,central_late,34.01,0
P4-0020,central,late,central_late,74.43,1
P4-0021,central,late,central_late,55.87,0
P4-0022,central,late,central_late,61.89,0
P4-0023,central,late,central_late,40.89,0
P4-0024,central,late,central_late,62.3,0
P4-0025,central,late,central_late,53.62,0
P4-0026,central,late,central_late,50.02,0
P4-0027,central,late,central_late,58.77,0
P4-0028,central,late,central_late,95,0
P4-0029,central,late,central_late,49.31,0
P4-0030,central,late,central_late,54.22,0
P4-0031,central,late,central_late,54.39,0
P4-0032,central,late,central_late,51.42,0
P4-0033,central,late,central_late,50.12,0
P4-0034,central,late,central_late,51.3,0
P4-0035,central,late,central_late,42.35,1
P4-0036,central,late,central_late,59.15,0
P4-0037,central,late,central_late,59.43,0
P4-0038,central,late,central_late,60.9,0
P4-0039,central,late,central_late,67.86,0
P4-0040,central,late,central_late,51.5,0
P4-0041,central,late,central_late,35.37,0
P4-0042,central,late,central_late,70.28,0
P4-0043,central,late,central_late,53.71,1
P4-0044,central,late,central_late,54.67,1
P4-0045,central,late,central_late,43.44,0
P4-0046,central,late,central_late,54.35,0
P4-0047,central,late,central_late,36.82,0
P4-0048,central,late,central_late,50.33,1
P4-0049,central,late,central_late,74.0,0
P4-0050,central,late,central_late,55.97,0
P4-0051,central,late,central_late,48.9,0
P4-0052,central,late,central_late,55.94,0
P4-0053,central,late,central_late,59.41,0
P4-0054,central,late,central_late,75.4,0
P4-0055,central,late,central_late,53.56,0
P4-0056,central,late,central_late,48.49,0
P4-0057,central,late,central_late,45.69,0
P4-0058,central,late,central_late,60.96,0
P4-0059,central,late,central_late,49.72,1
P4-0060,central,late,central_late,51.83,1
P4-0061,central,late,central_late,68.97,0
P4-0062,central,late,central_late,55.17,0
P4-0063,central,late,central_late,56.07,0
P4-0064,central,late,central_late,44.13,0
P4-0065,central,late,central_late,58.29,0
P4-0066,central,late,central_late,68.95,0
P4-0067,central,late,central_late,64.4,0
P4-0068,central,late,central_late,50.56,0
P4-0069,central,late,central_late,77.48,0
P4-0070,central,late,central_late,42.98,0
P4-0071,central,late,central_late,63.58,0
P4-0072,central,late,central_late,73.2,0
P4-0073,central,late,central_late,31.3,0
P4-0074,central,late,central_late,50.7,0
P4-0075,central,late,central_late,53.59,1
P4-0076,central,late,central_late,59.65,0
P4-0077,central,late,central_late,52.88,0
P4-0078,central,late,central_late,32.79,1
P4-0079,central,late,central_late,79.96,0
P4-0080,central,late,central_late,74.11,0
P4-0081,central,late,central_late,50.53,0
P4-0082,central,late,central_late,55.7,0
P4-0083,central,late,central_late,51.52,0
P4-0084,central,late,central_late,51.83,0
P4-0085,central,late,central_late,81.26,1
P4-0086,central,late,central_late,63.58,0
P4-0087,central,late,central_late,55.91,0
P4-0088,central,late,central_late,81.94,1
P4-0089,central,late,central_late,54.99,0
P4-0090,central,late,central_late,44.37,0
P4-0091,central,late,central_late,58.99,0
P4-0092,central,late,central_late,74.23,0
P4-0093,central,late,central_late,54.1,0
P4-0094,central,late,central_late,66.63,0
P4-0095,central,late,central_late,63.09,0
P4-0096,central,late,central_late,71.54,1
P4-0097,central,late,central_late,53.51,1
P4-0098,central,late,central_late,71.82,1
P4-0099,central,late,central_late,64.01,0
P4-0100,central,late,central_late,50.67,0
P4-0101,central,late,central_late,51.6,0
P4-0102,central,late,central_late,64.81,1
P4-0103,central,late,central_late,67.21,1
P4-0104,central,late,central_late,50.69,0
P4-0105,central,late,central_late,31.96,0
P4-0106,central,late,central_late,54.43,1
P4-0107,central,late,central_late,47.23,0
P4-0108,central,late,central_late,49.83,0
P4-0109,central,late,central_late,41.74,0
P4-0110,central,late,central_late,42.25,0
P4-0111,central,late,central_late,45.94,0
P4-0112,central,late,central_late,51.56,0
P4-0113,central,late,central_late,60.52,0
P4-0114,central,late,central_late,52.22,0
P4-0115,central,late,central_late,63.42,1
P4-0116,central,late,central_late,74.03,0
P4-0117,central,late,central_late,65.73,0
P4-0118,central,late,central_late,59.97,1
P4-0119,central,late,central_late,59.51,1
P4-0120,central,late,central_late,54.38,0
P4-0121,central,late,central_late,53.53,0
P4-0122,central,late,central_late,51.59,1
P4-0123,central,late,central_late,46.03,0
P4-0124,central,late,central_late,60.32,1
P4-0125,central,late,central_late,44.04,1
P4-0126,central,late,central_late,61.82,1
P4-0127,central,late,central_late,95,0
P4-0128,central,late,central_late,26.39,0
P4-0129,central,late,central_late,40.95,0
P4-0130,central,late,central_late,72.0,0
P4-0131,central,late,central_late,38.06,0
P4-0132,central,late,central_late,55.86,1
P4-0133,central,late,central_late,56.31,1
P4-0134,central,late,central_late,64.05,0
P4-0135,central,late,central_late,55.73,0
P4-0136,central,late,central_late,65.02,0
P4-0137,central,late,central_late,60.52,1
P4-0138,central,late,central_late,55.33,0
P4-0139,central,late,central_late,46.92,0
P4-0140,central,late,central_late,63.48,0
P4-0141,central,late,central_late,67.84,1
P4-0142,central,late,central_late,30.52,0
P4-0143,central,late,central_late,66.56,0
P4-0144,central,late,central_late,54.58,0
P4-0145,central,late,central_late,63.98,0
P4-0146,central,late,central_late,49.73,1
P4-0147,central,late,central_late,53.82,0
P4-0148,central,late,central_late,66.72,0
P4-0149,central,late,central_late,40.31,0
P4-0150,central,late,central_late,53.06,0
P4-0151,central,late,central_late,50.17,0
P4-0152,central,late,central_late,52.34,0
P4-0153,central,late,central_late,57.92,1
P4-0154,central,late,central_late,50.73,1
P4-0155,central,late,central_late,55.46,0
P4-0156,central,late,central_late,63.63,0
P4-0157,central,late,central_late,67.28,0
P4-0158,central,late,central_late,77.81,1
P4-0159,central,late,central_late,46.68,1
P4-0160,central,late,central_late,63.93,0
P4-0161,central,late,central_late,34.88,0
P4-0162,central,late,central_late,46.41,0
P4-0163,central,late,central_late,47.12,0
P4-0164,central,late,central_late,49.67,0
P4-0165,central,late,central_late,58.8,0
P4-0166,central,late,central_late,48.98,0
P4-0167,central,late,central_late,51.02,0
P4-0168,central,late,central_late,53.54,0
P4-0169,central,late,central_late,49.75,0
P4-0170,central,late,central_late,79.49,1
P4-0171,central,late,central_late,60.78,0
P4-0172,central,late,central_late,43.59,0
P4-0173,central,late,central_late,73.41,1
P4-0174,central,late,central_late,53.33,1
P4-0175,central,late,central_late,48.68,0
P4-0176,central,late,central_late,51.77,1
P4-0177,central,late,central_late,50.88,0
P4-0178,central,late,central_late,54.89,1
P4-0179,central,late,central_late,84.17,0
P4-0180,central,late,central_late,66.36,0
P4-0181,central,late,central_late,43.06,0
P4-0182,central,late,central_late,55.27,0
P4-0183,central,late,central_late,41.13,0
P4-0184,central,late,central_late,49.33,0
P4-0185,central,late,central_late,36.17,1
P4-0186,central,late,central_late,50.8,0
P4-0187,central,late,central_late,36.2,0
P4-0188,central,late,central_late,69.71,0
P4-0189,central,late,central_late,69.53,1
P4-0190,central,late,central_late,70.02,0
P4-0191,central,late,central_late,55.77,0
P4-0192,central,late,central_late,51.62,0
P4-0193,central,late,central_late,61.56,0
P4-0194,central,late,central_late,39.65,0
P4-0195,central,late,central_late,44.64,1
P4-0196,central,late,central_late,54.81,0
P4-0197,central,late,central_late,41.37,0
P4-0198,central,late,central_late,60.59,0
P4-0199,central,late,central_late,62.34,0
P4-0200,central,late,central_late,54.17,1
P4-0201,central,late,central_late,57.92,0
P4-0202,central,late,central_late,41.25,1
P4-0203,central,late,central_late,50.53,1
P4-0204,central,late,central_late,71.33,0
P4-0205,central,late,central_late,40.11,0
P4-0206,central,late,central_late,44.51,0
P4-0207,central,late,central_late,59.08,0
P4-0208,central,late,central_late,61.34,0
P4-0209,central,late,central_late,57.27,0
P4-0210,central,late,central_late,64.14,1
P4-0211,central,late,central_late,39.88,0
P4-0212,central,late,central_late,50.92,1
P4-0213,central,late,central_late,47.23,0
P4-0214,central,late,central_late,45.16,0
P4-0215,central,late,central_late,33.15,0
P4-0216,central,late,central_late,37.18,0
P4-0217,central,late,central_late,55.65,0
P4-0218,central,late,central_late,55.66,0
P4-0219,central,late,central_late,42.76,1
P4-0220,central,late,central_late,44.29,0
P4-0221,central,late,central_late,52.19,1
P4-0222,central,late,central_late,44.64,1
P4-0223,central,late,central_late,41.74,0
P4-0224,central,late,central_late,57.36,0
P4-0225,central,late,central_late,63.93,0
P4-0226,central,late,central_late,61.77,0
P4-0227,central,late,central_late,34.47,0
P4-0228,central,late,central_late,61.78,0
P4-0229,central,late,central_late,61.79,0
P4-0230,central,late,central_late,37.67,0
P4-0231,central,late,central_late,47.34,0
P4-0232,central,late,central_late,49.89,0
P4-0233,central,late,central_late,45.77,1
P4-0234,central,late,central_late,48.0,1
P4-0235,central,late,central_late,66.4,0
P4-0236,central,late,central_late,49.33,0
P4-0237,central,late,central_late,47.88,0
P4-0238,central,late,central_late,56.49,0
P4-0239,central,late,central_late,45.98,1
P4-0240,central,late,central_late,62.17,0
P4-0241,central,late,central_late,52.72,1
P4-0242,central,late,central_late,61.39,0
P4-0243,central,late,central_late,48.79,0
P4-0244,central,late,central_late,40.9,1
P4-0245,central,late,central_late,72.81,0
P4-0246,central,late,central_late,46.66,1
P4-0247,central,late,central_late,70.03,0
P4-0248,central,late,central_late,60.88,1
P4-0249,central,late,central_late,40.99,0
P4-0250,central,late,central_late,50.92,0
P4-0251,central,late,central_late,45.54,0
P4-0252,central,late,central_late,56.98,1
P4-0253,central,late,central_late,50.75,0
P4-0254,central,late,central_late,53.41,0
P4-0255,central,late,central_late,60.28,0
P4-0256,central,late,central_late,46.67,0
P4-0257,central,late,central_late,52.92,0
P4-0258,central,late,central_late,67.16,0
P4-0259,central,late,central_late,32.98,0
P4-0260,central,late,central_late,70.27,0
P4-0261,central,late,central_late,58.36,1
P4-0262,central,late,central_late,42.42,0
P4-0263,central,late,central_late,40.09,0
P4-0264,central,late,central_late,41.19,0
P4-0265,central,late,central_late,56.24,0
P4-0266,central,late,central_late,47.44,0
P4-0267,central,late,central_late,29.21,0
P4-0268,central,late,central_late,61.84,0
P4-0269,central,late,central_late,52.97,0
P4-0270,central,late,central_late,57.65,1
P4-0271,central,late,central_late,78.0,1
P4-0272,central,late,central_late,63.65,0
P4-0273,central,late,central_late,40.37,0
P4-0274,central,late,central_late,40.59,0
P4-0275,central,late,central_late,48.63,0
P4-0276,central,late,central_late,32.24,1
P4-0277,central,late,central_late,66.16,0
P4-0278,central,late,central_late,48.01,0
P4-0279,central,late,central_late,64.55,1
P4-0280,central,late,central_late,60.38,0
P4-0281,central,late,central_late,68.4,0
P4-0282,central,late,central_late,48.6,0
P4-0283,central,late,central_late,62.13,0
P4-0284,central,late,central_late,57.4,0
P4-0285,central,late,central_late,70.15,0
P4-0286,central,late,central_late,50.15,0
P4-0287,central,late,central_late,66.83,0
P4-0288,central,late,central_late,64.89,0
P4-0289,central,late,central_late,62.86,0
P4-0290,central,late,central_late,57.42,1
P4-0291,central,late,central_late,41.54,0
P4-0292,central,late,central_late,58.29,0
P4-0293,central,late,central_late,63.96,1
P4-0294,central,late,central_late,63.37,0
P4-0295,central,late,central_late,60.67,0
P4-0296,central,late,central_late,69.76,1
P4-0297,central,late,central_late,63.45,0
P4-0298,central,late,central_late,64.81,0
P4-0299,central,late,central_late,38.48,0
P4-0300,central,late,central_late,60.71,1
P4-0301,central,late,central_late,58.45,1
P4-0302,central,late,central_late,89.48,0
P4-0303,central,late,central_late,67.58,0
P4-0304,central,late,central_late,64.83,1
P4-0305,central,late,central_late,45.16,0
P4-0306,central,late,central_late,56.86,1
P4-0307,central,late,central_late,41.61,0
P4-0308,central,late,central_late,62.91,1
P4-0309,central,late,central_late,72.04,0
P4-0310,central,late,central_late,48.21,0
P4-0311,central,late,central_late,55.25,1
P4-0312,central,late,central_late,52.71,0
P4-0313,central,late,central_late,29.81,0
P4-0314,central,late,central_late,45.65,0
P4-0315,central,late,central_late,53.89,1
P4-0316,central,late,central_late,49.65,0
P4-0317,central,late,central_late,71.88,0
P4-0318,central,late,central_late,59.28,1
P4-0319,central,late,central_late,61.48,0
P4-0320,central,late,central_late,78.53,0
P4-0321,central,late,central_late,40.19,0
P4-0322,central,late,central_late,53.59,1
P4-0323,central,late,central_late,51.62,1
P4-0324,central,late,central_late,39.85,1
P4-0325,central,late,central_late,54.4,1
P4-0326,central,late,central_late,48.15,0
P4-0327,central,late,central_late,58.76,0
P4-0328,central,late,central_late,34.26,0
P4-0329,central,late,central_late,49.85,0
P4-0330,central,late,central_late,34.24,0
P4-0331,central,late,central_late,54.0,0
P4-0332,central,late,central_late,56.91,0
P4-0333,central,late,central_late,45.17,1
P4-0334,central,late,central_late,71.95,1
P4-0335,central,late,central_late,41.75,0
P4-0336,central,late,central_late,69.29,1
P4-0337,central,late,central_late,44.35,0
P4-0338,central,late,central_late,38.59,0
P4-0339,central,late,central_late,40.1,0
P4-0340,central,late,central_late,54.17,0
P4-0341,central,late,central_late,39.39,0
P4-0342,central,late,central_late,62.71,0
P4-0343,central,late,central_late,43.27,0
P4-0344,central,late,central_late,44.48,0
P4-0345,central,late,central_late,59.65,1
P4-0346,central,late,central_late,59.18,0
P4-0347,central,late,central_late,69.07,0
P4-0348,central,late,central_late,64.56,0
P4-0349,central,late,central_late,58.1,0
P4-0350,central,late,central_late,63.66,1
P4-0351,central,late,central_late,64.35,1
P4-0352,central,late,central_late,53.06,1
P4-0353,central,late,central_late,52.11,0
P4-0354,central,late,central_late,55.91,0
P4-0355,central,late,central_late,70.19,0
P4-0356,central,late,central_late,53.1,0
P4-0357,central,late,central_late,81.3,0
P4-0358,central,late,central_late,49.06,0
P4-0359,central,late,central_late,66.81,0
P4-0360,central,late,central_late,70.45,0
P4-0361,central,late,central_late,50.48,0
P4-0362,central,late,central_late,55.34,1
P4-0363,central,late,central_late,47.93,0
P4-0364,central,late,central_late,44.93,0
P4-0365,central,late,central_late,53.42,0
P4-0366,central,late,central_late,61.63,0
P4-0367,central,late,central_late,40.35,0
P4-0368,central,late,central_late,63.16,0
P4-0369,central,late,central_late,57.61,0
P4-0370,central,late,central_late,83.61,1
P4-0371,central,late,central_late,47.21,0
P4-0372,central,late,central_late,45.09,1
P4-0373,central,late,central_late,44.44,0
P4-0374,central,late,central_late,39.15,0
P4-0375,central,late,central_late,75.99,0
P4-0376,central,late,central_late,63.36,0
P4-0377,central,late,central_late,46.6,0
P4-0378,central,late,central_late,59.54,0
P4-0379,central,late,central_late,62.61,0
P4-0380,central,late,central_late,38.91,0
P4-0381,central,late,central_late,77.83,1
P4-0382,central,late,central_late,55.07,0
P4-0383,central,late,central_late,47.68,0
P4-0384,central,late,central_late,53.2,0
P4-0385,central,late,central_late,56.27,0
P4-0386,central,late,central_late,59.3,0
P4-0387,central,late,central_late,66.36,1
P4-0388,central,late,central_late,72.31,0
P4-0389,central,late,central_late,58.71,0
P4-0390,central,late,central_late,18.94,0
P4-0391,central,late,central_late,45.55,0
P4-0392,central,late,central_late,59.09,0
P4-0393,central,late,central_late,25.17,0
P4-0394,central,late,central_late,44.23,0
P4-0395,central,late,central_late,51.85,0
P4-0396,central,late,central_late,67.53,1
P4-0397,central,late,central_late,62.73,1
P4-0398,central,late,central_late,69.9,0
P4-0399,central,late,central_late,56.63,1
P4-0400,central,late,central_late,51.65,0
P4-0401,central,late,central_late,73.26,1
P4-0402,central,late,central_late,55.93,0
P4-0403,central,late,central_late,62.59,0
P4-0404,central,late,central_late,56.67,0
P4-0405,central,late,central_late,53.44,1
P4-0406,central,late,central_late,47.8,0
P4-0407,central,late,central_late,51.09,0
P4-0408,central,late,central_late,60.78,0
P4-0409,central,late,central_late,59.89,0
P4-0410,central,late,central_late,58.32,1
P4-0411,central,late,central_late,47.42,0
P4-0412,central,late,central_late,70.68,0
P4-0413,central,late,central_late,63.02,0
P4-0414,central,late,central_late,50.75,1
P4-0415,central,late,central_late,38.98,0
P4-0416,central,late,central_late,49.39,1
P4-0417,central,late,central_late,59.47,0
P4-0418,central,late,central_late,52.46,0
P4-0419,central,late,central_late,49.67,1
P4-0420,central,late,central_late,46.03,0
P4-0421,central,late,central_late,58.35,0
P4-0422,central,late,central_late,74.56,0
P4-0423,central,late,central_late,44.45,1
P4-0424,central,late,central_late,31.2,1
P4-0425,central,late,central_late,37.14,0
P4-0426,central,late,central_late,46.72,0
P4-0427,central,late,central_late,42.27,1
P4-0428,central,late,central_late,37.7,0
P4-0429,central,late,central_late,61.68,0
P4-0430,central,late,central_late,56.49,0
P4-0431,central,late,central_late,60.21,0
P4-0432,central,late,central_late,31.85,0
P4-0433,central,late,central_late,43.6,0
P4-0434,central,late,central_late,63.38,0
P4-0435,central,late,central_late,75.46,0
P4-0436,central,late,central_late,50.94,1
P4-0437,central,late,central_late,64.72,0
P4-0438,central,late,central_late,55.86,1
P4-0439,central,late,central_late,80.67,0
P4-0440,central,late,central_late,33.4,0
P4-0441,central,late,central_late,48.63,0
P4-0442,central,late,central_late,40.17,0
P4-0443,central,late,central_late,65.09,1
P4-0444,central,late,central_late,63.06,0
P4-0445,central,late,central_late,61.58,0
P4-0446,central,late,central_late,62.3,0
P4-0447,central,late,central_late,59.99,1
P4-0448,central,late,central_late,59.29,1
P4-0449,central,late,central_late,60.67,0
P4-0450,central,late,central_late,64.96,1
P4-0451,central,late,central_late,53.38,0
P4-0452,central,late,central_late,53.22,1
P4-0453,central,late,central_late,57.03,0
P4-0454,central,late,central_late,24.21,0
P4-0455,central,late,central_late,73.64,0
P4-0456,central,late,central_late,58.21,0
P4-0457,central,late,central_late,53.87,0
P4-0458,central,late,central_late,55.11,0
P4-0459,central,late,central_late,61.83,0
P4-0460,central,late,central_late,57.65,0
P4-0461,central,late,central_late,68.52,0
P4-0462,central,late,central_late,54.26,0
P4-0463,central,late,central_late,64.45,0
P4-0464,central,late,central_late,48.82,0
P4-0465,central,late,central_late,55.53,0
P4-0466,central,late,central_late,40.13,0
P4-0467,central,late,central_late,55.16,0
P4-0468,central,late,central_late,59.77,0
P4-0469,central,late,central_late,37.04,0
P4-0470,central,late,central_late,49.43,0
P4-0471,central,late,central_late,68.43,1
P4-0472,central,late,central_late,47.02,0
P4-0473,central,late,central_late,66.46,0
P4-0474,central,late,central_late,44.93,0
P4-0475,central,late,central_late,69.23,1
P4-0476,central,late,central_late,38.14,0
P4-0477,central,late,central_late,38.16,0
P4-0478,central,late,central_late,45.29,0
P4-0479,central,late,central_late,53.55,0
P4-0480,central,late,central_late,52.6,0
P4-0481,central,late,central_late,58.69,1
P4-0482,central,late,central_late,67.3,0
P4-0483,central,late,central_late,76.35,0
P4-0484,central,late,central_late,48.83,0
P4-0485,central,late,central_late,45.19,0
P4-0486,central,late,central_late,46.59,0
P4-0487,central,late,central_late,38.58,0
P4-0488,central,late,central_late,60.76,1
P4-0489,central,late,central_late,69.26,0
P4-0490,central,late,central_late,60.49,0
P4-0491,central,late,central_late,70.89,1
P4-0492,central,late,central_late,45.55,0
P4-0493,central,late,central_late,56.86,0
P4-0494,central,late,central_late,49.31,0
P4-0495,central,late,central_late,52.99,0
P4-0496,central,late,central_late,62.71,0
P4-0497,central,late,central_late,61.55,0
P4-0498,central,late,central_late,30.94,0
P4-0499,central,late,central_late,61.17,1
P4-0500,central,late,central_late,68.42,0
P4-0501,central,late,central_late,57.33,0
P4-0502,central,late,central_late,55.83,0
P4-0503,central,late,central_late,82.54,0
P4-0504,central,late,central_late,53.45,1
P4-0505,central,late,central_late,42.37,0
P4-0506,central,late,central_late,37.91,1
P4-0507,central,late,central_late,69.82,0
P4-0508,central,late,central_late,54.31,1
P4-0509,central,late,central_late,22.96,1
P4-0510,central,late,central_late,49.38,1
P4-0511,central,late,central_late,61.49,1
P4-0512,central,late,central_late,46.66,0
P4-0513,central,late,central_late,47.6,0
P4-0514,central,late,central_late,79.01,0
P4-0515,central,late,central_late,63.79,1
P4-0516,central,late,central_late,71.89,1
P4-0517,central,late,central_late,52.27,0
P4-0518,central,late,central_late,63.63,0
P4-0519,central,late,central_late,59.04,0
P4-0520,central,late,central_late,55.84,0
P4-0521,central,late,central_late,63.33,0
P4-0522,central,late,central_late,54.51,1
P4-0523,central,late,central_late,65.34,1
P4-0524,central,late,central_late,73.01,0
P4-0525,central,late,central_late,77.23,0
P4-0526,central,late,central_late,51.64,1
P4-0527,central,late,central_late,60.32,0
P4-0528,central,late,central_late,39.4,0
P4-0529,central,late,central_late,48.85,0
P4-0530,central,late,central_late,40.15,0
P4-0531,central,late,central_late,43.16,0
P4-0532,central,late,central_late,57.56,0
P4-0533,central,late,central_late,69.89,0
P4-0534,central,late,central_late,32.92,0
P4-0535,central,late,central_late,69.02,1
P4-0536,central,late,central_late,68.64,1
P4-0537,central,late,central_late,62.24,0
P4-0538,central,late,central_late,67.47,0
P4-0539,central,late,central_late,62.11,1
P4-0540,central,late,central_late,51.71,0
P4-0541,central,late,central_late,54.41,0
P4-0542,central,late,central_late,26.34,1
P4-0543,central,late,central_late,48.35,0
P4-0544,central,late,central_late,53.46,0
P4-0545,central,late,central_late,59.62,1
P4-0546,central,late,central_late,50.01,0
P4-0547,central,late,central_late,65.66,1
P4-0548,central,late,central_late,73.34,0
P4-0549,central,late,central_late,69.78,0
P4-0550,central,late,central_late,65.21,0
P4-0551,central,late,central_late,72.4,0
P4-0552,central,late,central_late,75.81,1
P4-0553,central,late,central_late,78.28,0
P4-0554,central,late,central_late,68.84,0
P4-0555,central,late,central_late,61.37,0
P4-0556,central,late,central_late,60.45,0
P4-0557,central,late,central_late,67.68,0
P4-0558,central,late,central_late,42.79,0
P4-0559,central,late,central_late,47.94,0
P4-0560,central,late,central_late,53.83,1
P4-0561,central,late,central_late,68.98,0
P4-0562,central,late,central_late,38.3,0
P4-0563,central,late,central_late,34.28,0
P4-0564,central,late,central_late,59.13,0
P4-0565,central,late,central_late,43.01,0
P4-0566,central,late,central_late,44.66,1
P4-0567,central,late,central_late,52.2,1
P4-0568,central,late,central_late,56.18,0
P4-0569,central,late,central_late,69.9,1
P4-0570,central,late,central_late,49.32,0
P4-0571,central,late,central_late,54.12,0
P4-0572,central,late,central_late,56.87,0
P4-0573,central,late,central_late,46.0,0
P4-0574,central,late,central_late,80.7,0
P4-0575,central,late,central_late,56.47,0
P4-0576,central,late,central_late,53.03,1
P4-0577,central,late,central_late,41.28,0
P4-0578,central,late,central_late,45.67,0
P4-0579,central,late,central_late,47.64,0
P4-0580,central,late,central_late,45.15,0
P4-0581,central,late,central_late,46.29,0
P4-0582,central,late,central_late,60.4,1
P4-0583,central,late,central_late,53.36,0
P4-0584,central,late,central_late,55.25,0
P4-0585,central,late,central_late,32.27,0
P4-0586,central,late,central_late,37.03,0
P4-0587,central,late,central_late,44.03,0
P4-0588,central,late,central_late,45.73,0
P4-0589,central,late,central_late,76.38,1
P4-0590,central,late,central_late,59.64,0
P4-0591,central,late,central_late,71.26,1
P4-0592,central,late,central_late,36.18,1
P4-0593,central,late,central_late,49.81,0
P4-0594,central,late,central_late,43.16,0
P4-0595,central,late,central_late,40.37,0
P4-0596,central,late,central_late,61.12,0
P4-0597,central,late,central_late,45.98,1
P4-0598,central,late,central_late,51.65,1
P4-0599,central,late,central_late,62.48,1
P4-0600,central,late,central_late,54.33,0
P4-0601,central,late,central_late,57.46,0
P4-0602,central,late,central_late,70.02,0
P4-0603,central,late,central_late,63.99,0
P4-0604,central,late,central_late,72.2,0
P4-0605,central,late,central_late,55.23,1
P4-0606,central,late,central_late,57.0,0
P4-0607,central,late,central_late,27.72,0
P4-0608,central,late,central_late,57.39,0
P4-0609,central,late,central_late,67.34,0
P4-0610,central,late,central_late,70.15,1
P4-0611,central,late,central_late,43.93,0
P4-0612,central,late,central_late,36.72,0
P4-0613,central,late,central_late,67.09,0
P4-0614,central,late,central_late,52.65,1
P4-0615,central,late,central_late,37.46,0
P4-0616,central,late,central_late,68.03,1
P4-0617,central,late,central_late,62.67,1
P4-0618,central,late,central_late,56.45,0
P4-0619,central,late,central_late,35.96,1
P4-0620,central,late,central_late,61.73,0
P4-0621,central,late,central_late,54.35,0
P4-0622,central,late,central_late,58.99,0
P4-0623,central,late,central_late,66.93,0
P4-0624,central,late,central_late,61.05,1
P4-0625,central,late,central_late,58.77,0
P4-0626,central,late,central_late,62.81,0
P4-0627,central,late,central_late,71.97,1
P4-0628,central,late,central_late,48.35,1
P4-0629,central,late,central_late,59.97,0
P4-0630,central,late,central_late,60.01,1
P4-0631,central,late,central_late,43.99,0
P4-0632,central,late,central_late,42.36,0
P4-0633,central,late,central_late,37.51,0
P4-0634,central,late,central_late,65.11,1
P4-0635,central,late,central_late,72.6,0
P4-0636,central,late,central_late,64.96,0
P4-0637,central,late,central_late,42.7,0
P4-0638,central,late,central_late,44.36,0
P4-0639,central,late,central_late,61.11,0
P4-0640,central,late,central_late,41.35,0
P4-0641,central,late,central_late,51.15,0
P4-0642,central,late,central_late,28.48,0
P4-0643,central,late,central_late,54.02,0
P4-0644,central,late,central_late,62.41,0
P4-0645,central,late,central_late,59.9,1
P4-0646,central,late,central_late,74.47,0
P4-0647,central,late,central_late,51.14,1
P4-0648,central,late,central_late,77.83,1
P4-0649,central,late,central_late,58.22,1
P4-0650,central,late,central_late,65.58,1
P4-0651,central,late,central_late,43.9,0
P4-0652,central,late,central_late,52.62,1
P4-0653,central,late,central_late,36.39,0
P4-0654,central,late,central_late,57.25,0
P4-0655,central,late,central_late,38.26,1
P4-0656,central,late,central_late,50.5,0
P4-0657,central,late,central_late,53.32,0
P4-0658,central,late,central_late,54.13,0
P4-0659,central,late,central_late,49.01,0
P4-0660,central,late,central_late,49.88,1
P4-0661,central,late,central_late,38.08,0
P4-0662,central,late,central_late,69.34,0
P4-0663,central,late,central_late,71.01,1
P4-0664,central,late,central_late,59.92,0
P4-0665,central,late,central_late,73.22,0
P4-0666,central,late,central_late,46.24,0
P4-0667,central,late,central_late,80.93,1
P4-0668,central,late,central_late,72.95,1
P4-0669,central,late,central_late,46.63,0
P4-0670,central,late,central_late,64.34,0
P4-0671,central,late,central_late,69.96,1
P4-0672,central,late,central_late,41.85,0
P4-0673,central,late,central_late,47.35,0
P4-0674,central,late,central_late,32.78,0
P4-0675,central,late,central_late,53.39,1
P4-0676,central,late,central_late,48.07,0
P4-0677,central,late,central_late,67.05,0
P4-0678,central,late,central_late,53.58,0
P4-0679,central,late,central_late,65.3,0
P4-0680,central,late,central_late,53.89,0
P4-0681,central,late,central_late,51.3,0
P4-0682,central,late,central_late,83.47,0
P4-0683,central,late,central_late,60.17,0
P4-0684,central,late,central_late,62.16,1
P4-0685,central,late,central_late,61.5,0
P4-0686,central,late,central_late,50.81,0
P4-0687,central,late,central_late,65.41,0
P4-0688,central,late,central_late,71.07,1
P4-0689,central,late,central_late,62.39,0
P4-0690,central,late,central_late,60.36,0
P4-0691,central,late,central_late,31.23,0
P4-0692,central,late,central_late,50.7,0
P4-0693,central,late,central_late,55.12,0
P4-0694,central,late,central_late,41.84,0
P4-0695,central,late,central_late,34.2,1
P4-0696,central,late,central_late,54.58,1
P4-0697,central,late,central_late,55.14,0
P4-0698,central,late,central_late,60.21,1
P4-0699,central,late,central_late,57.08,0
P4-0700,central,late,central_late,49.73,0
P4-0701,central,late,central_late,52.23,0
P4-0702,central,late,central_late,58.01,0
P4-0703,central,late,central_late,69.52,0
P4-0704,central,late,central_late,67.29,0
P4-0705,central,late,central_late,56.21,1
P4-0706,central,late,central_late,67.98,0
P4-0707,central,late,central_late,69.43,0
P4-0708,central,late,central_late,52.7,0
P4-0709,central,late,central_late,54.76,0
P4-0710,central,late,central_late,55.42,0
P4-0711,central,late,central_late,41.23,0
P4-0712,central,late,central_late,41.98,0
P4-0713,central,late,central_late,50.06,0
P4-0714,central,late,central_late,65.39,0
P4-0715,central,late,central_late,40.71,1
P4-0716,central,late,central_late,57.52,0
P4-0717,central,late,central_late,61.83,0
P4-0718,central,late,central_late,49.5,1
P4-0719,central,late,central_late,71.22,1
P4-0720,central,late,central_late,30.26,0
P4-0721,central,late,central_late,75.67,0
P4-0722,central,late,central_late,66.54,0
P4-0723,central,late,central_late,35.96,0
P4-0724,central,late,central_late,58.3,0
P4-0725,central,late,central_late,53.52,1
P4-0726,central,late,central_late,69.91,1
P4-0727,central,late,central_late,23.55,0
P4-0728,central,late,central_late,57.82,1
P4-0729,central,late,central_late,58.18,0
P4-0730,central,late,central_late,53.0,1
P4-0731,central,late,central_late,59.1,0
P4-0732,central,late,central_late,50.2,0
P4-0733,central,late,central_late,70.8,1
P4-0734,central,late,central_late,32.51,1
P4-0735,central,late,central_late,59.24,0
P4-0736,central,late,central_late,61.57,0
P4-0737,central,late,central_late,57.07,0
P4-0738,central,late,central_late,51.63,0
P4-0739,central,late,central_late,56.16,0
P4-0740,central,late,central_late,60.69,1
P4-0741,central,late,central_late,47.13,0
P4-0742,central,late,central_late,45.07,0
P4-0743,central,late,central_late,57.6,1
P4-0744,central,late,central_late,60.15,0
P4-0745,central,late,central_late,49.25,0
P4-0746,central,late,central_late,49.74,0
P4-0747,central,late,central_late,30.81,0
P4-0748,central,late,central_late,58.55,0
P4-0749,central,late,central_late,63.13,1
P4-0750,central,late,central_late,44.79,0
P4-0751,central,late,central_late,31.8,0
P4-0752,central,late,central_late,44.16,0
P4-0753,central,late,central_late,52.42,0
P4-0754,central,late,central_late,74.79,0
P4-0755,central,late,central_late,62.5,0
P4-0756,central,late,central_late,49.49,0
P4-0757,central,late,central_late,53.3,0
P4-0758,central,late,central_late,60.05,0
P4-0759,central,late,central_late,42.68,0
P4-0760,central,late,central_late,55.59,0
P4-0761,central,late,central_late,57.53,0
P4-0762,central,late,central_late,70.64,0
P4-0763,central,late,central_late,35.2,1
P4-0764,central,late,central_late,51.24,0
P4-0765,central,late,central_late,55.83,0
P4-0766,central,late,central_late,65.85,0
P4-0767,central,late,central_late,53.81,0
P4-0768,central,late,central_late,48.56,0
P4-0769,central,late,central_late,45.63,1
P4-0770,central,late,central_late,65.12,1
P4-0771,central,late,central_late,37.99,1
P4-0772,central,late,central_late,67.23,0
P4-0773,central,late,central_late,64.66,0
P4-0774,central,late,central_late,61.35,0
P4-0775,central,late,central_late,57.21,0
P4-0776,central,late,central_late,64.79,1
P4-0777,central,late,central_late,52.29,0
P4-0778,central,late,central_late,53.7,0
P4-0779,central,late,central_late,57.87,0
P4-0780,central,late,central_late,36.28,1
P4-0781,central,late,central_late,65.42,0
P4-0782,central,late,central_late,58.52,0
P4-0783,central,late,central_late,56.37,0
P4-0784,central,late,central_late,46.4,0
P4-0785,central,late,central_late,35.53,1
P4-0786,central,late,central_late,45.48,1
P4-0787,central,late,central_late,58.22,0
P4-0788,central,late,central_late,46.07,0
P4-0789,central,late,central_late,34.6,0
P4-0790,central,late,central_late,72.87,1
P4-0791,central,late,central_late,59.71,1
P4-0792,central,late,central_late,58.54,1
P4-0793,central,late,central_late,37.05,0
P4-0794,central,late,central_late,45.77,0
P4-0795,central,late,central_late,60.94,0
P4-0796,central,late,central_late,56.27,0
P4-0797,central,late,central_late,38.83,1
P4-0798,central,late,central_late,61.88,0
P4-0799,central,late,central_late,68.17,0
P4-0800,central,late,central_late,60.75,0
P5-0001,south,early,south_early,33.87,1
P5-0002,south,early,south_early,46.88,0
P5-0003,south,early,south_early,37.86,0
P5-0004,south,early,south_early,38.78,1
P5-0005,south,early,south_early,80.54,1
P5-0006,south,early,south_early,42.46,1
P5-0007,south,early,south_early,37.51,0
P5-0008,south,early,south_early,43.29,0
P5-0009,south,early,south_early,50.28,0
P5-0010,south,early,south_early,56.5,0
P5-0011,south,early,south_early,51.88,0
P5-0012,south,early,south_early,41.84,1
P5-0013,south,early,south_early,44.09,0
P5-0014,south,early,south_early,52.5,1
P5-0015,south,early,south_early,55.98,0
P5-0016,south,early,south_early,46.43,0
P5-0017,south,early,south_early,51.56,0
P5-0018,south,early,south_early,58.91,1
P5-0019,south,early,south_early,67.17,0
P5-0020,south,early,south_early,64.38,1
P5-0021,south,early,south_early,33.95,0
P5-0022,south,early,south_early,37.54,1
P5-0023,south,early,south_early,36.46,0
P5-0024,south,early,south_early,51.56,0
P5-0025,south,early,south_early,42.48,0
P5-0026,south,early,south_early,68.27,1
P5-0027,south,early,south_early,66.91,0
P5-0028,south,early,south_early,49.92,0
P5-0029,south,early,south_early,25.59,1
P5-0030,south,early,south_early,49.81,0
P5-0031,south,early,south_early,50.33,1
P5-0032,south,early,south_early,59.45,0
P5-0033,south,early,south_early,64.74,1
P5-0034,south,early,south_early,49.71,0
P5-0035,south,early,south_early,51.33,1
P5-0036,south,early,south_early,45.34,1
P5-0037,south,early,south_early,48.52,1
P5-0038,south,early,south_early,67.61,0
P5-0039,south,early,south_early,37.38,1
P5-0040,south,early,south_early,60.4,0
P5-0041,south,early,south_early,47.9,1
P5-0042,south,early,south_early,58.62,0
P5-0043,south,early,south_early,65.24,0
P5-0044,south,early,south_early,54.76,1
P5-0045,south,early,south_early,39.63,0
P5-0046,south,early,south_early,60.01,0
P5-0047,south,early,south_early,53.26,1
P5-0048,south,early,south_early,34.9,1
P5-0049,south,early,south_early,23.4,1
P5-0050,south,early,south_early,38.02,0
P5-0051,south,early,south_early,51.01,0
P5-0052,south,early,south_early,32.71,0
P5-0053,south,early,south_early,43.02,1
P5-0054,south,early,south_early,63.95,1
P5-0055,south,early,south_early,51.22,0
P5-0056,south,early,south_early,38.12,1
P5-0057,south,early,south_early,39.73,1
P5-0058,south,early,south_early,44.92,0
P5-0059,south,early,south_early,42.64,1
P5-0060,south,early,south_early,73.24,1
P5-0061,south,early,south_early,40.74,1
P5-0062,south,early,south_early,65.97,0
P5-0063,south,early,south_early,42.38,0
P5-0064,south,early,south_early,54.19,1
P5-0065,south,early,south_early,29.5,0
P5-0066,south,early,south_early,44.94,0
P5-0067,south,early,south_early,62.36,0
P5-0068,south,early,south_early,42.36,0
P5-0069,south,early,south_early,47.34,0
P5-0070,south,early,south_early,45.03,0
P5-0071,south,early,south_early,42.51,1
P5-0072,south,early,south_early,63.39,0
P5-0073,south,early,south_early,40.61,0
P5-0074,south,early,south_early,30.09,0
P5-0075,south,early,south_early,51.02,0
P5-0076,south,early,south_early,41.8,0
P5-0077,south,early,south_early,40.99,0
P5-0078,south,early,south_early,46.42,0
P5-0079,south,early,south_early,31.8,0
P5-0080,south,early,south_early,74.29,1
P5-0081,south,early,south_early,49.46,1
P5-0082,south,early,south_early,49.04,0
P5-0083,south,early,south_early,64.19,1
P5-0084,south,early,south_early,47.96,0
P5-0085,south,early,south_early,55.36,1
P5-0086,south,early,south_early,26.98,0
P5-0087,south,early,south_early,57.46,1
P5-0088,south,early,south_early,45.25,1
P5-0089,south,early,south_early,47.36,0
P5-0090,south,early,south_early,61.17,1
P5-0091,south,early,south_early,24.39,0
P5-0092,south,early,south_early,38.15,0
P5-0093,south,early,south_early,32.99,0
P5-0094,south,early,south_early,59.36,0
P5-0095,south,early,south_early,64.1,0
P5-0096,south,early,south_early,23.93,1
P5-0097,south,early,south_early,48.92,0
P5-0098,south,early,south_early,64.34,0
P5-0099,south,early,south_early,33.9,0
P5-0100,south,early,south_early,66.93,0
P5-0101,south,early,south_early,47.65,0
P5-0102,south,early,south_early,67.68,0
P5-0103,south,early,south_early,41.38,0
P5-0104,south,early,south_early,55.39,1
P5-0105,south,early,south_early,77.63,0
P5-0106,south,early,south_early,66.8,0
P5-0107,south,early,south_early,34.01,0
P5-0108,south,early,south_early,58.44,0
P5-0109,south,early,south_early,51.12,1
P5-0110,south,early,south_early,62.92,1
P5-0111,south,early,south_early,48.68,0
P5-0112,south,early,south_early,30.84,1
P5-0113,south,early,south_early,68.41,0
P5-0114,south,early,south_early,54.02,1
P5-0115,south,early,south_early,70.1,0
P5-0116,south,early,south_early,70.36,0
P5-0117,south,early,south_early,40.78,1
P5-0118,south,early,south_early,67.23,1
P5-0119,south,early,south_early,56.99,0
P5-0120,south,early,south_early,58.24,0
P5-0121,south,early,south_early,44.71,1
P5-0122,south,early,south_early,50.4,0
P5-0123,south,early,south_early,42.48,1
P5-0124,south,early,south_early,57.27,1
P5-0125,south,early,south_early,42.11,0
P5-0126,south,early,south_early,53.61,0
P5-0127,south,early,south_early,44.57,0
P5-0128,south,early,south_early,51.02,0
P5-0129,south,early,south_early,52.6,1
P5-0130,south,early,south_early,38.8,0
P5-0131,south,early,south_early,58.21,1
P5-0132,south,early,south_early,69.26,0
P5-0133,south,early,south_early,73.64,0
P5-0134,south,early,south_early,44.31,0
P5-0135,south,early,south_early,48.15,0
P5-0136,south,early,south_early,49.98,0
P5-0137,south,early,south_early,44.62,1
P5-0138,south,early,south_early,33.46,0
P5-0139,south,early,south_early,52.88,1
P5-0140,south,early,south_early,38.59,0
P5-0141,south,early,south_early,67.72,1
P5-0142,south,early,south_early,20.64,0
P5-0143,south,early,south_early,50.92,1
P5-0144,south,early,south_early,62.2,1
P5-0145,south,early,south_early,47.9,0
P5-0146,south,early,south_early,46.62,0
P5-0147,south,early,south_early,53.04,0
P5-0148,south,early,south_early,53.11,1
P5-0149,south,early,south_early,35.56,1
P5-0150,south,early,south_early,56.89,0
P5-0151,south,early,south_early,40.42,0
P5-0152,south,early,south_early,37.67,1
P5-0153,south,early,south_early,57.1,1
P5-0154,south,early,south_early,36.89,0
P5-0155,south,early,south_early,38.9,1
P5-0156,south,early,south_early,41.36,1
P5-0157,south,early,south_early,82.64,0
P5-0158,south,early,south_early,54.57,1
P5-0159,south,early,south_early,49.06,0
P5-0160,south,early,south_early,41.54,1
P5-0161,south,early,south_early,31.31,0
P5-0162,south,early,south_early,45.48,0
P5-0163,south,early,south_early,41.28,0
P5-0164,south,early,south_early,43.16,0
P5-0165,south,early,south_early,51.04,1
P5-0166,south,early,south_early,72.25,1
P5-0167,south,early,south_early,48.95,1
P5-0168,south,early,south_early,60.11,0
P5-0169,south,early,south_early,56.76,0
P5-0170,south,early,south_early,77.75,0
P5-0171,south,early,south_early,58.31,0
P5-0172,south,early,south_early,31.2,0
P5-0173,south,early,south_early,57.61,1
P5-0174,south,early,south_early,73.42,1
P5-0175,south,early,south_early,48.97,1
P5-0176,south,early,south_early,28.52,0
P5-0177,south,early,south_early,31.76,0
P5-0178,south,early,south_early,52.18,0
P5-0179,south,early,south_early,70.2,0
P5-0180,south,early,south_early,57.81,0
P5-0181,south,early,south_early,35.18,0
P5-0182,south,early,south_early,62.28,1
P5-0183,south,early,south_early,39.01,0
P5-0184,south,early,south_early,36.91,1
P5-0185,south,early,south_early,50.65,0
P5-0186,south,early,south_early,23.69,0
P5-0187,south,early,south_early,40.84,0
P5-0188,south,early,south_early,58.19,0
P5-0189,south,early,south_early,54.37,0
P5-0190,south,early,south_early,48.13,0
P5-0191,south,early,south_early,42.79,1
P5-0192,south,early,south_early,56.46,1
P5-0193,south,early,south_early,37.59,0
P5-0194,south,early,south_early,43.11,1
P5-0195,south,early,south_early,47.23,0
P5-0196,south,early,south_early,71.49,0
P5-0197,south,early,south_early,69.31,1
P5-0198,south,early,south_early,56.38,1
P5-0199,south,early,south_early,54.66,1
P5-0200,south,early,south_early,52.33,0
P5-0201,south,early,south_early,66.95,0
P5-0202,south,early,south_early,38.84,1
P5-0203,south,early,south_early,49.38,1
P5-0204,south,early,south_early,52.13,0
P5-0205,south,early,south_early,43.41,0
P5-0206,south,early,south_early,44.4,1
P5-0207,south,early,south_early,49.09,0
P5-0208,south,early,south_early,20.69,0
P5-0209,south,early,south_early,49.36,0
P5-0210,south,early,south_early,52.94,1
P5-0211,south,early,south_early,49.04,1
P5-0212,south,early,south_early,52.16,0
P5-0213,south,early,south_early,48.72,0
P5-0214,south,early,south_early,56.69,1
P5-0215,south,early,south_early,57.87,1
P5-0216,south,early,south_early,55.4,0
P5-0217,south,early,south_early,56.69,0
P5-0218,south,early,south_early,57.32,0
P5-0219,south,early,south_early,44.12,0
P5-0220,south,early,south_early,31.0,0
P5-0221,south,early,south_early,36.75,0
P5-0222,south,early,south_early,46.09,0
P5-0223,south,early,south_early,45.2,1
P5-0224,south,early,south_early,72.73,0
P5-0225,south,early,south_early,36.33,0
P5-0226,south,early,south_early,61.66,0
P5-0227,south,early,south_early,51.68,0
P5-0228,south,early,south_early,61.36,0
P5-0229,south,early,south_early,28.76,1
P5-0230,south,early,south_early,44.67,1
P5-0231,south,early,south_early,44.88,0
P5-0232,south,early,south_early,21.58,0
P5-0233,south,early,south_early,59.67,1
P5-0234,south,early,south_early,75.96,0
P5-0235,south,early,south_early,62.71,0
P5-0236,south,early,south_early,46.97,0
P5-0237,south,early,south_early,57.25,1
P5-0238,south,early,south_early,51.87,0
P5-0239,south,early,south_early,42.1,0
P5-0240,south,early,south_early,49.46,0
P5-0241,south,early,south_early,58.09,0
P5-0242,south,early,south_early,71.16,1
P5-0243,south,early,south_early,35.49,0
P5-0244,south,early,south_early,62.2,0
P5-0245,south,early,south_early,45.96,1
P5-0246,south,early,south_early,52.29,0
P5-0247,south,early,south_early,55.55,0
P5-0248,south,early,south_early,56.69,0
P5-0249,south,early,south_early,56.3,0
P5-0250,south,early,south_early,45.06,0
P5-0251,south,early,south_early,46.13,1
P5-0252,south,early,south_early,52.91,1
P5-0253,south,early,south_early,35.63,0
P5-0254,south,early,south_early,45.9,0
P5-0255,south,early,south_early,76.69,0
P5-0256,south,early,south_early,70.24,0
P5-0257,south,early,south_early,67.89,0
P5-0258,south,early,south_early,38.33,0
P5-0259,south,early,south_early,49.0,0
P5-0260,south,early,south_early,55.61,0
P5-0261,south,early,south_early,61.77,1
P5-0262,south,early,south_early,56.34,0
P5-0263,south,early,south_early,28.6,0
P5-0264,south,early,south_early,63.05,0
P5-0265,south,early,south_early,58.44,0
P5-0266,south,early,south_early,50.54,0
P5-0267,south,early,south_early,50.26,1
P5-0268,south,early,south_early,67.92,0
P5-0269,south,early,south_early,46.48,0
P5-0270,south,early,south_early,34.53,1
P5-0271,south,early,south_early,67.01,1
P5-0272,south,early,south_early,85.01,1
P5-0273,south,early,south_early,53.39,0
P5-0274,south,early,south_early,76.31,1
P5-0275,south,early,south_early,52.06,0
P5-0276,south,early,south_early,70.47,1
P5-0277,south,early,south_early,59.99,1
P5-0278,south,early,south_early,59.19,1
P5-0279,south,early,south_early,59.13,0
P5-0280,south,early,south_early,57.31,0
P5-0281,south,early,south_early,44.21,0
P5-0282,south,early,south_early,55.79,1
P5-0283,south,early,south_early,70.35,0
P5-0284,south,early,south_early,59.86,0
P5-0285,south,early,south_early,55.95,0
P5-0286,south,early,south_early,58.63,0
P5-0287,south,early,south_early,50.88,1
P5-0288,south,early,south_early,54.33,1
P5-0289,south,early,south_early,71.2,1
P5-0290,south,early,south_early,69.11,1
P5-0291,south,early,south_early,39.42,1
P5-0292,south,early,south_early,66.68,0
P5-0293,south,early,south_early,38.09,1
P5-0294,south,early,south_early,71.83,0
P5-0295,south,early,south_early,43.95,1
P5-0296,south,early,south_early,62.41,1
P5-0297,south,early,south_early,43.84,0
P5-0298,south,early,south_early,59.52,1
P5-0299,south,early,south_early,64.37,0
P5-0300,south,early,south_early,61.62,1
P5-0301,south,early,south_early,62.66,1
P5-0302,south,early,south_early,49.62,0
P5-0303,south,early,south_early,53.21,0
P5-0304,south,early,south_early,49.98,0
P5-0305,south,early,south_early,59.63,0
P5-0306,south,early,south_early,57.16,0
P5-0307,south,early,south_early,61.57,1
P5-0308,south,early,south_early,55.62,1
P5-0309,south,early,south_early,32.18,0
P5-0310,south,early,south_early,67.97,0
P5-0311,south,early,south_early,49.3,1
P5-0312,south,early,south_early,37.71,0
P5-0313,south,early,south_early,44.18,0
P5-0314,south,early,south_early,51.1,0
P5-0315,south,early,south_early,50.2,1
P5-0316,south,early,south_early,70.61,0
P5-0317,south,early,south_early,61.14,1
P5-0318,south,early,south_early,57.59,1
P5-0319,south,early,south_early,56.72,1
P5-0320,south,early,south_early,54.96,0
P5-0321,south,early,south_early,60.52,0
P5-0322,south,early,south_early,20.15,0
P5-0323,south,early,south_early,61.15,1
P5-0324,south,early,south_early,46.04,0
P5-0325,south,early,south_early,38.55,1
P5-0326,south,early,south_early,57.79,1
P5-0327,south,early,south_early,32.03,1
P5-0328,south,early,south_early,57.92,0
P5-0329,south,early,south_early,57.73,1
P5-0330,south,early,south_early,66.0,0
P5-0331,south,early,south_early,18.41,0
P5-0332,south,early,south_early,56.17,0
P5-0333,south,early,south_early,35.08,0
P5-0334,south,early,south_early,35.96,0
P5-0335,south,early,south_early,62.56,1
P5-0336,south,early,south_early,74.52,1
P5-0337,south,early,south_early,40.56,0
P5-0338,south,early,south_early,53.07,0
P5-0339,south,early,south_early,39.17,1
P5-0340,south,early,south_early,28.2,0
P5-0341,south,early,south_early,48.13,1
P5-0342,south,early,south_early,49.04,1
P5-0343,south,early,south_early,46.86,0
P5-0344,south,early,south_early,85.36,1
P5-0345,south,early,south_early,48.98,1
P5-0346,south,early,south_early,48.99,0
P5-0347,south,early,south_early,50.4,0
P5-0348,south,early,south_early,42.67,1
P5-0349,south,early,south_early,58.61,0
P5-0350,south,early,south_early,44.93,0
P5-0351,south,early,south_early,41.45,1
P5-0352,south,early,south_early,42.73,0
P5-0353,south,early,south_early,70.46,0
P5-0354,south,early,south_early,41.87,0
P5-0355,south,early,south_early,45.05,0
P5-0356,south,early,south_early,74.45,0
P5-0357,south,early,south_early,64.94,1
P5-0358,south,early,south_early,37.96,0
P5-0359,south,early,south_early,43.72,1
P5-0360,south,early,south_early,53.05,0
P5-0361,south,early,south_early,29.64,0
P5-0362,south,early,south_early,40.6,0
P5-0363,south,early,south_early,35.76,0
P5-0364,south,early,south_early,45.35,0
P5-0365,south,early,south_early,65.48,1
P5-0366,south,early,south_early,47.19,0
P5-0367,south,early,south_early,56.84,0
P5-0368,south,early,south_early,48.93,0
P5-0369,south,early,south_early,37.44,1
P5-0370,south,early,south_early,50.49,0
P5-0371,south,early,south_early,63.56,1
P5-0372,south,early,south_early,66.45,1
P5-0373,south,early,south_early,46.66,1
P5-0374,south,early,south_early,41.86,1
P5-0375,south,early,south_early,59.91,0
P5-0376,south,early,south_early,36.16,1
P5-0377,south,early,south_early,58.87,0
P5-0378,south,early,south_early,31.43,0
P5-0379,south,early,south_early,62.4,1
P5-0380,south,early,south_early,57.92,1
P5-0381,south,early,south_early,52.7,1
P5-0382,south,early,south_early,45.34,1
P5-0383,south,early,south_early,57.79,0
P5-0384,south,early,south_early,62.66,1
P5-0385,south,early,south_early,75.99,1
P5-0386,south,early,south_early,53.82,0
P5-0387,south,early,south_early,41.21,0
P5-0388,south,early,south_early,46.49,0
P5-0389,south,early,south_early,34.53,0
P5-0390,south,early,south_early,60.26,0
P5-0391,south,early,south_early,56.42,0
P5-0392,south,early,south_early,58.58,0
P5-0393,south,early,south_early,42.78,0
P5-0394,south,early,south_early,32.27,0
P5-0395,south,early,south_early,61.67,1
P5-0396,south,early,south_early,60.67,0
P5-0397,south,early,south_early,56.26,1
P5-0398,south,early,south_early,49.24,0
P5-0399,south,early,south_early,64.6,1
P5-0400,south,early,south_early,52.2,0
P5-0401,south,early,south_early,41.6,1
P5-0402,south,early,south_early,40.96,1
P5-0403,south,early,south_early,60.73,1
P5-0404,south,early,south_early,66.63,0
P5-0405,south,early,south_early,55.68,0
P5-0406,south,early,south_early,69.44,1
P5-0407,south,early,south_early,34.51,0
P5-0408,south,early,south_early,54.24,1
P5-0409,south,early,south_early,67.79,1
P5-0410,south,early,south_early,58.33,0
P5-0411,south,early,south_early,47.53,0
P5-0412,south,early,south_early,37.19,0
P5-0413,south,early,south_early,43.17,0
P5-0414,south,early,south_early,35.57,0
P5-0415,south,early,south_early,45.88,1
P5-0416,south,early,south_early,48.15,0
P5-0417,south,early,south_early,52.79,1
P5-0418,south,early,south_early,48.29,0
P5-0419,south,early,south_early,47.72,0
P5-0420,south,early,south_early,34.94,0
P5-0421,south,early,south_early,59.93,0
P5-0422,south,early,south_early,44.13,0
P5-0423,south,early,south_early,44.17,1
P5-0424,south,early,south_early,57.54,0
P5-0425,south,early,south_early,35.87,0
P5-0426,south,early,south_early,29.17,0
P5-0427,south,early,south_early,38.72,0
P5-0428,south,early,south_early,34.54,0
P5-0429,south,early,south_early,27.77,1
P5-0430,south,early,south_early,38.64,0
P5-0431,south,early,south_early,57.94,1
P5-0432,south,early,south_early,53.99,0
P5-0433,south,early,south_early,70.3,1
P5-0434,south,early,south_early,50.8,0
P5-0435,south,early,south_early,36.14,0
P5-0436,south,early,south_early,50.34,0
P5-0437,south,early,south_early,69.26,1
P5-0438,south,early,south_early,27.47,0
P5-0439,south,early,south_early,52.94,0
P5-0440,south,early,south_early,49.6,1
P5-0441,south,early,south_early,34.07,0
P5-0442,south,early,south_early,38.13,0
P5-0443,south,early,south_early,52.18,0
P5-0444,south,early,south_early,59.38,0
P5-0445,south,early,south_early,69.06,1
P5-0446,south,early,south_early,61.23,0
P5-0447,south,early,south_early,40.79,0
P5-0448,south,early,south_early,90.91,0
P5-0449,south,early,south_early,62.29,0
P5-0450,south,early,south_early,54.76,0
P5-0451,south,early,south_early,46.47,0
P5-0452,south,early,south_early,44.18,0
P5-0453,south,early,south_early,54.22,0
P5-0454,south,early,south_early,60.95,1
P5-0455,south,early,south_early,54.71,1
P5-0456,south,early,south_early,46.97,1
P5-0457,south,early,south_early,25.71,0
P5-0458,south,early,south_early,47.76,0
P5-0459,south,early,south_early,22.0,1
P5-0460,south,early,south_early,52.35,0
P5-0461,south,early,south_early,55.27,1
P5-0462,south,early,south_early,69.51,0
P5-0463,south,early,south_early,53.6,0
P5-0464,south,early,south_early,22.34,1
P5-0465,south,early,south_early,64.91,1
P5-0466,south,early,south_early,67.87,1
P5-0467,south,early,south_early,56.84,0
P5-0468,south,early,south_early,33.4,0
P5-0469,south,early,south_early,41.41,0
P5-0470,south,early,south_early,37.39,1
P5-0471,south,early,south_early,45.59,1
P5-0472,south,early,south_early,65.1,1
P5-0473,south,early,south_early,78.01,1
P5-0474,south,early,south_early,59.04,0
P5-0475,south,early,south_early,25.34,0
P5-0476,south,early,south_early,47.57,1
P5-0477,south,early,south_early,48.16,0
P5-0478,south,early,south_early,50.2,0
P5-0479,south,early,south_early,47.24,1
P5-0480,south,early,south_early,44.52,0
P5-0481,south,early,south_early,66.5,0
P5-0482,south,early,south_early,50.52,0
P5-0483,south,early,south_early,63.53,1
P5-0484,south,early,south_early,43.13,0
P5-0485,south,early,south_early,51.49,1
P5-0486,south,early,south_early,50.74,0
P5-0487,south,early,south_early,43.05,0
P5-0488,south,early,south_early,53.4,1
P5-0489,south,early,south_early,45.75,0
P5-0490,south,early,south_early,45.23,0
P5-0491,south,early,south_early,60.65,1
P5-0492,south,early,south_early,49.83,0
P5-0493,south,early,south_early,68.96,0
P5-0494,south,early,south_early,42.8,1
P5-0495,south,early,south_early,61.74,1
P5-0496,south,early,south_early,66.86,1
P5-0497,south,early,south_early,54.6,0
P5-0498,south,early,south_early,58.62,1
P5-0499,south,early,south_early,42.95,0
P5-0500,south,early,south_early,32.08,0
P5-0501,south,early,south_early,48.03,0
P5-0502,south,early,south_early,64.78,0
P5-0503,south,early,south_early,45.38,0
P5-0504,south,early,south_early,41.98,0
P5-0505,south,early,south_early,44.35,0
P5-0506,south,early,south_early,61.75,0
P5-0507,south,early,south_early,71.2,0
P5-0508,south,early,south_early,67.95,0
P5-0509,south,early,south_early,46.77,0
P5-0510,south,early,south_early,44.5,0
P5-0511,south,early,south_early,45.27,0
P5-0512,south,early,south_early,45.15,0
P5-0513,south,early,south_early,30.75,0
P5-0514,south,early,south_early,75.82,1
P5-0515,south,early,south_early,47.48,0
P5-0516,south,early,south_early,45.4,1
P5-0517,south,early,south_early,40.32,0
P5-0518,south,early,south_early,34.9,0
P5-0519,south,early,south_early,26.54,0
P5-0520,south,early,south_early,41.4,0
P5-0521,south,early,south_early,48.49,0
P5-0522,south,early,south_early,35.51,0
P5-0523,south,early,south_early,40.08,0
P5-0524,south,early,south_early,50.58,0
P5-0525,south,early,south_early,62.69,0
P5-0526,south,early,south_early,25.45,0
P5-0527,south,early,south_early,48.27,1
P5-0528,south,early,south_early,40.76,0
P5-0529,south,early,south_early,47.62,0
P5-0530,south,early,south_early,56.18,0
P5-0531,south,early,south_early,62.33,1
P5-0532,south,early,south_early,48.38,0
P5-0533,south,early,south_early,68.99,1
P5-0534,south,early,south_early,65.4,1
P5-0535,south,early,south_early,52.05,0
P5-0536,south,early,south_early,58.69,0
P5-0537,south,early,south_early,47.09,0
P5-0538,south,early,south_early,57.64,0
P5-0539,south,early,south_early,36.54,1
P5-0540,south,early,south_early,51.88,0
P5-0541,south,early,south_early,45.9,0
P5-0542,south,early,south_early,57.93,0
P5-0543,south,early,south_early,58.02,0
P5-0544,south,early,south_early,52.79,0
P5-0545,south,early,south_early,42.28,0
P5-0546,south,early,south_early,64.38,0
P5-0547,south,early,south_early,68.37,1
P5-0548,south,early,south_early,62.23,1
P5-0549,south,early,south_early,50.74,1
P5-0550,south,early,south_early,40.71,1
P6-0001,south,late,south_late,35.53,0
P6-0002,south,late,south_late,54.07,0
P6-0003,south,late,south_late,34.45,0
P6-0004,south,late,south_late,58.13,0
P6-0005,south,late,south_late,69.42,0
P6-0006,south,late,south_late,77.38,0
P6-0007,south,late,south_late,56.62,0
P6-0008,south,late,south_late,53.5,0
P6-0009,south,late,south_late,47.92,0
P6-0010,south,late,south_late,43.62,0
P6-0011,south,late,south_late,39.72,0
P6-0012,south,late,south_late,54.76,0
P6-0013,south,late,south_late,60.89,0
P6-0014,south,late,south_late,57.83,0
P6-0015,south,late,south_late,59.0,0
P6-0016,south,late,south_late,50.56,0
P6-0017,south,late,south_late,57.3,0
P6-0018,south,late,south_late,51.1,0
P6-0019,south,late,south_late,41.79,1
P6-0020,south,late,south_late,59.66,0
P6-0021,south,late,south_late,66.69,0
P6-0022,south,late,south_late,53.08,0
P6-0023,south,late,south_late,40.0,0
P6-0024,south,late,south_late,47.92,0
P6-0025,south,late,south_late,52.1,0
P6-0026,south,late,south_late,40.53,0
P6-0027,south,late,south_late,38.5,0
P6-0028,south,late,south_late,69.18,0
P6-0029,south,late,south_late,67.94,0
P6-0030,south,late,south_late,42.31,0
P6-0031,south,late,south_late,52.09,0
P6-0032,south,late,south_late,53.13,0
P6-0033,south,late,south_late,60.47,0
P6-0034,south,late,south_late,56.74,0
P6-0035,south,late,south_late,56.43,0
P6-0036,south,late,south_late,30.92,0
P6-0037,south,late,south_late,35.19,0
P6-0038,south,late,south_late,58.2,0
P6-0039,south,late,south_late,54.9,0
P6-0040,south,late,south_late,26.44,0
P6-0041,south,late,south_late,56.96,0
P6-0042,south,late,south_late,48.15,0
P6-0043,south,late,south_late,37.14,0
P6-0044,south,late,south_late,40.6,0
P6-0045,south,late,south_late,57.39,0
P6-0046,south,late,south_late,67.37,0
P6-0047,south,late,south_late,42.44,0
P6-0048,south,late,south_late,53.76,0
P6-0049,south,late,south_late,52.74,0
P6-0050,south,late,south_late,67.42,0
P6-0051,south,late,south_late,30.0,0
P6-0052,south,late,south_late,49.52,0
P6-0053,south,late,south_late,52.68,0
P6-0054,south,late,south_late,46.72,0
P6-0055,south,late,south_late,67.35,0
P6-0056,south,late,south_late,56.59,1
P6-0057,south,late,south_late,59.4,0
P6-0058,south,late,south_late,41.89,0
P6-0059,south,late,south_late,42.47,0
P6-0060,south,late,south_late,35.16,0
P6-0061,south,late,south_late,49.41,0
P6-0062,south,late,south_late,47.87,0
P6-0063,south,late,south_late,80.66,0
P6-0064,south,late,south_late,44.41,0
P6-0065,south,late,south_late,34.18,0
P6-0066,south,late,south_late,62.68,1
P6-0067,south,late,south_late,45.31,0
P6-0068,south,late,south_late,59.27,0
P6-0069,south,late,south_late,21.97,0
P6-0070,south,late,south_late,58.8,0
P6-0071,south,late,south_late,26.17,0
P6-0072,south,late,south_late,57.44,0
P6-0073,south,late,south_late,62.26,0
P6-0074,south,late,south_late,60.44,0
P6-0075,south,late,south_late,46.91,0
P6-0076,south,late,south_late,64.82,1
P6-0077,south,late,south_late,27.61,0
P6-0078,south,late,south_late,42.61,0
P6-0079,south,late,south_late,35.59,0
P6-0080,south,late,south_late,51.99,0
P6-0081,south,late,south_late,54.69,1
P6-0082,south,late,south_late,48.42,0
P6-0083,south,late,south_late,27.04,0
P6-0084,south,late,south_late,44.98,0
P6-0085,south,late,south_late,52.26,0
P6-0086,south,late,south_late,43.51,1
P6-0087,south,late,south_late,52.6,0
P6-0088,south,late,south_late,42.99,0
P6-0089,south,late,south_late,45.14,0
P6-0090,south,late,south_late,54.28,1
P6-0091,south,late,south_late,47.56,0
P6-0092,south,late,south_late,70.47,0
P6-0093,south,late,south_late,49.62,0
P6-0094,south,late,south_late,39.2,1
P6-0095,south,late,south_late,27.42,1
P6-0096,south,late,south_late,51.52,0
P6-0097,south,late,south_late,51.81,0
P6-0098,south,late,south_late,34.86,0
P6-0099,south,late,south_late,57.72,0
P6-0100,south,late,south_late,52.0,1
P6-0101,south,late,south_late,44.4,0
P6-0102,south,late,south_late,35.2,0
P6-0103,south,late,south_late,56.35,0
P6-0104,south,late,south_late,44.74,0
P6-0105,south,late,south_late,42.04,0
P6-0106,south,late,south_late,44.44,1
P6-0107,south,late,south_late,47.33,0
P6-0108,south,late,south_late,59.96,0
P6-0109,south,late,south_late,47.23,1
P6-0110,south,late,south_late,43.37,0
P6-0111,south,late,south_late,42.43,0
P6-0112,south,late,south_late,46.69,0
P6-0113,south,late,south_late,67.36,0
P6-0114,south,late,south_late,55.3,0
P6-0115,south,late,south_late,47.15,1
P6-0116,south,late,south_late,47.46,0
P6-0117,south,late,south_late,17.58,0
P6-0118,south,late,south_late,30.62,0
P6-0119,south,late,south_late,53.68,0
P6-0120,south,late,south_late,73.5,0
P6-0121,south,late,south_late,32.8,0
P6-0122,south,late,south_late,40.94,0
P6-0123,south,late,south_late,32.63,0
P6-0124,south,late,south_late,59.67,0
P6-0125,south,late,south_late,54.8,0
P6-0126,south,late,south_late,37.23,0
P6-0127,south,late,south_late,30.84,0
P6-0128,south,late,south_late,60.3,0
P6-0129,south,late,south_late,65.76,0
P6-0130,south,late,south_late,48.75,0
P6-0131,south,late,south_late,73.69,0
P6-0132,south,late,south_late,46.99,0
P6-0133,south,late,south_late,49.98,0
P6-0134,south,late,south_late,43.5,0
P6-0135,south,late,south_late,51.61,0
P6-0136,south,late,south_late,74.2,0
P6-0137,south,late,south_late,69.18,1
P6-0138,south,late,south_late,58.38,0
P6-0139,south,late,south_late,34.1,0
P6-0140,south,late,south_late,35.44,0
P6-0141,south,late,south_late,61.75,1
P6-0142,south,late,south_late,44.2,0
P6-0143,south,late,south_late,36.03,0
P6-0144,south,late,south_late,61.86,0
P6-0145,south,late,south_late,53.77,0
P6-0146,south,late,south_late,58.7,0
P6-0147,south,late,south_late,56.53,1
P6-0148,south,late,south_late,34.51,0
P6-0149,south,late,south_late,29.28,0
P6-0150,south,late,south_late,41.59,0
P6-0151,south,late,south_late,42.9,0
P6-0152,south,late,south_late,36.69,0
P6-0153,south,late,south_late,53.02,0
P6-0154,south,late,south_late,17.42,0
P6-0155,south,late,south_late,46.04,0
P6-0156,south,late,south_late,44.89,0
P6-0157,south,late,south_late,41.56,0
P6-0158,south,late,south_late,62.22,0
P6-0159,south,late,south_late,31.62,0
P6-0160,south,late,south_late,45.36,0
P6-0161,south,late,south_late,49.33,0
P6-0162,south,late,south_late,48.35,0
P6-0163,south,late,south_late,34.16,1
P6-0164,south,late,south_late,58.59,0
P6-0165,south,late,south_late,65.21,0
P6-0166,south,late,south_late,30.2,0
P6-0167,south,late,south_late,45.21,1
P6-0168,south,late,south_late,72.47,1
P6-0169,south,late,south_late,58.6,1
P6-0170,south,late,south_late,59.56,1
P6-0171,south,late,south_late,33.4,0
P6-0172,south,late,south_late,26.33,0
P6-0173,south,late,south_late,56.35,0
P6-0174,south,late,south_late,54.19,0
P6-0175,south,late,south_late,44.75,0
P6-0176,south,late,south_late,51.15,0
P6-0177,south,late,south_late,64.98,0
P6-0178,south,late,south_late,58.2,0
P6-0179,south,late,south_late,52.37,0
P6-0180,south,late,south_late,70.03,0
P6-0181,south,late,south_late,39.21,0
P6-0182,south,late,south_late,37.82,0
P6-0183,south,late,south_late,36.57,0
P6-0184,south,late,south_late,61.1,0
P6-0185,south,late,south_late,28.02,0
P6-0186,south,late,south_late,29.84,1
P6-0187,south,late,south_late,34.98,0
P6-0188,south,late,south_late,51.41,0
P6-0189,south,late,south_late,29.05,0
P6-0190,south,late,south_late,46.65,1
P6-0191,south,late,south_late,58.63,0
P6-0192,south,late,south_late,58.96,1
P6-0193,south,late,south_late,53.78,0
P6-0194,south,late,south_late,28.73,0
P6-0195,south,late,south_late,51.72,0
P6-0196,south,late,south_late,39.99,0
P6-0197,south,late,south_late,61.32,0
P6-0198,south,late,south_late,49.52,0
P6-0199,south,late,south_late,43.24,0
P6-0200,south,late,south_late,40.66,0
P6-0201,south,late,south_late,54.99,0
P6-0202,south,late,south_late,62.24,0
P6-0203,south,late,south_late,35.82,0
P6-0204,south,late,south_late,51.38,0
P6-0205,south,late,south_late,57.05,0
P6-0206,south,late,south_late,41.32,1
P6-0207,south,late,south_late,62.25,0
P6-0208,south,late,south_late,25.07,0
P6-0209,south,late,south_late,56.66,0
P6-0210,south,late,south_late,40.59,0
P6-0211,south,late,south_late,43.53,0
P6-0212,south,late,south_late,63.58,0
P6-0213,south,late,south_late,50.36,0
P6-0214,south,late,south_late,55.64,1
P6-0215,south,late,south_late,48.01,0
P6-0216,south,late,south_late,47.67,0
P6-0217,south,late,south_late,61.06,0
P6-0218,south,late,south_late,54.08,0
P6-0219,south,late,south_late,39.59,0
P6-0220,south,late,south_late,50.28,0
P6-0221,south,late,south_late,40.79,0
P6-0222,south,late,south_late,34.52,0
P6-0223,south,late,south_late,39.14,0
P6-0224,south,late,south_late,47.49,0
P6-0225,south,late,south_late,64.22,0
P6-0226,south,late,south_late,65.51,1
P6-0227,south,late,south_late,52.99,0
P6-0228,south,late,south_late,48.78,0
P6-0229,south,late,south_late,38.26,0
P6-0230,south,late,south_late,52.28,0
P6-0231,south,late,south_late,41.87,0
P6-0232,south,late,south_late,69.94,1
P6-0233,south,late,south_late,49.62,0
P6-0234,south,late,south_late,50.48,0
P6-0235,south,late,south_late,68.07,0
P6-0236,south,late,south_late,38.09,0
P6-0237,south,late,south_late,50.51,0
P6-0238,south,late,south_late,49.51,0
P6-0239,south,late,south_late,70.63,0
P6-0240,south,late,south_late,61.75,0
P6-0241,south,late,south_late,51.6,0
P6-0242,south,late,south_late,37.48,0
P6-0243,south,late,south_late,53.25,0
P6-0244,south,late,south_late,50.62,0
P6-0245,south,late,south_late,51.07,0
P6-0246,south,late,south_late,52.42,0
P6-0247,south,late,south_late,55.1,0
P6-0248,south,late,south_late,65.4,1
P6-0249,south,late,south_late,37.5,0
P6-0250,south,late,south_late,52.43,0
P6-0251,south,late,south_late,66.37,0
P6-0252,south,late,south_late,47.65,0
P6-0253,south,late,south_late,59.8,1
P6-0254,south,late,south_late,53.56,0
P6-0255,south,late,south_late,24.78,0
P6-0256,south,late,south_late,38.46,0
P6-0257,south,late,south_late,43.95,0
P6-0258,south,late,south_late,44.9,0
P6-0259,south,late,south_late,65.19,1
P6-0260,south,late,south_late,43.95,0
P6-0261,south,late,south_late,31.05,0
P6-0262,south,late,south_late,44.44,1
P6-0263,south,late,south_late,70.9,0
P6-0264,south,late,south_late,51.38,0
P6-0265,south,late,south_late,50.77,0
P6-0266,south,late,south_late,56.54,0
P6-0267,south,late,south_late,53.24,0
P6-0268,south,late,south_late,39.41,0
P6-0269,south,late,south_late,60.05,0
P6-0270,south,late,south_late,21.61,0
P6-0271,south,late,south_late,56.6,0
P6-0272,south,late,south_late,37.01,0
P6-0273,south,late,south_late,58.31,0
P6-0274,south,late,south_late,55.06,0
P6-0275,south,late,south_late,70.76,1
P6-0276,south,late,south_late,64.28,0
P6-0277,south,late,south_late,68.33,1
P6-0278,south,late,south_late,59.3,0
P6-0279,south,late,south_late,39.24,0
P6-0280,south,late,south_late,40.89,0
P6-0281,south,late,south_late,31.92,0
P6-0282,south,late,south_late,34.72,0
P6-0283,south,late,south_late,69.71,0
P6-0284,south,late,south_late,57.66,0
P6-0285,south,late,south_late,53.78,0
P6-0286,south,late,south_late,61.3,0
P6-0287,south,late,south_late,55.22,0
P6-0288,south,late,south_late,66.5,0
P6-0289,south,late,south_late,51.54,0
P6-0290,south,late,south_late,44.7,0
P6-0291,south,late,south_late,60.77,1
P6-0292,south,late,south_late,49.14,0
P6-0293,south,late,south_late,57.99,0
P6-0294,south,late,south_late,54.01,0
P6-0295,south,late,south_late,32.28,0
P6-0296,south,late,south_late,39.37,0
P6-0297,south,late,south_late,33.26,0
P6-0298,south,late,south_late,44.94,0
P6-0299,south,late,south_late,49.29,0
P6-0300,south,late,south_late,36.37,1
P6-0301,south,late,south_late,55.68,0
P6-0302,south,late,south_late,55.53,0
P6-0303,south,late,south_late,39.32,0
P6-0304,south,late,south_late,47.06,0
P6-0305,south,late,south_late,35.95,0
P6-0306,south,late,south_late,47.06,0
P6-0307,south,late,south_late,47.28,0
P6-0308,south,late,south_late,59.09,0
P6-0309,south,late,south_late,48.21,0
P6-0310,south,late,south_late,54.83,1
P6-0311,south,late,south_late,50.32,1
P6-0312,south,late,south_late,54.83,0
P6-0313,south,late,south_late,31.76,0
P6-0314,south,late,south_late,41.92,0
P6-0315,south,late,south_late,57.5,0
P6-0316,south,late,south_late,57.32,0
P6-0317,south,late,south_late,52.1,0
P6-0318,south,late,south_late,41.24,0
P6-0319,south,late,south_late,26.7,0
P6-0320,south,late,south_late,45.38,0
P6-0321,south,late,south_late,45.81,0
P6-0322,south,late,south_late,41.83,0
P6-0323,south,late,south_late,41.39,0
P6-0324,south,late,south_late,40.13,0
P6-0325,south,late,south_late,38.69,0
P6-0326,south,late,south_late,83.13,1
P6-0327,south,late,south_late,49.5,0
P6-0328,south,late,south_late,67.32,0
P6-0329,south,late,south_late,37.79,0
P6-0330,south,late,south_late,49.75,0
P6-0331,south,late,south_late,47.89,0
P6-0332,south,late,south_late,35.81,0
P6-0333,south,late,south_late,53.69,0
P6-0334,south,late,south_late,60.51,0
P6-0335,south,late,south_late,64.88,0
P6-0336,south,late,south_late,23.13,0
P6-0337,south,late,south_late,46.14,0
P6-0338,south,late,south_late,50.0,0
P6-0339,south,late,south_late,50.73,0
P6-0340,south,late,south_late,56.89,1
P6-0341,south,late,south_late,57.63,0
P6-0342,south,late,south_late,60.38,0
P6-0343,south,late,south_late,34.79,0
P6-0344,south,late,south_late,57.54,0
P6-0345,south,late,south_late,32.05,0
P6-0346,south,late,south_late,41.07,0
P6-0347,south,late,south_late,41.9,0
P6-0348,south,late,south_late,38.43,0
P6-0349,south,late,south_late,64.14,0
P6-0350,south,late,south_late,44.81,1
P6-0351,south,late,south_late,37.97,0
P6-0352,south,late,south_late,58.92,0
P6-0353,south,late,south_late,53.06,0
P6-0354,south,late,south_late,48.03,0
P6-0355,south,late,south_late,46.94,1
P6-0356,south,late,south_late,32.32,0
P6-0357,south,late,south_late,67.2,0
P6-0358,south,late,south_late,37.26,0
P6-0359,south,late,south_late,40.75,0
P6-0360,south,late,south_late,59.38,0
P6-0361,south,late,south_late,40.76,0
P6-0362,south,late,south_late,42.14,0
P6-0363,south,late,south_late,51.71,0
P6-0364,south,late,south_late,42.06,0
P6-0365,south,late,south_late,45.95,0
P6-0366,south,late,south_late,47.8,0
P6-0367,south,late,south_late,47.03,0
P6-0368,south,late,south_late,38.17,0
P6-0369,south,late,south_late,49.36,0
P6-0370,south,late,south_late,42.96,0
P6-0371,south,late,south_late,49.53,0
P6-0372,south,late,south_late,25.81,0
P6-0373,south,late,south_late,53.1,1
P6-0374,south,late,south_late,52.26,0
P6-0375,south,late,south_late,44.09,0
P6-0376,south,late,south_late,54.85,0
P6-0377,south,late,south_late,37.05,0
P6-0378,south,late,south_late,51.33,1
P6-0379,south,late,south_late,27.97,0
P6-0380,south,late,south_late,49.52,0
P6-0381,south,late,south_late,71.78,0
P6-0382,south,late,south_late,32.13,0
P6-0383,south,late,south_late,75.67,0
P6-0384,south,late,south_late,52.03,0
P6-0385,south,late,south_late,67.19,0
P6-0386,south,late,south_late,31.91,0
P6-0387,south,late,south_late,52.29,0
P6-0388,south,late,south_late,43.73,0
P6-0389,south,late,south_late,45.36,0
P6-0390,south,late,south_late,43.05,0
P6-0391,south,late,south_late,42.08,0
P6-0392,south,late,south_late,71.53,1
P6-0393,south,late,south_late,79.71,1
P6-0394,south,late,south_late,32.61,0
P6-0395,south,late,south_late,61.83,0
P6-0396,south,late,south_late,34.17,0
P6-0397,south,late,south_late,42.93,0
P6-0398,south,late,south_late,52.68,0
P6-0399,south,late,south_late,41.15,0
P6-0400,south,late,south_late,51.44,0
P6-0401,south,late,south_late,26.8,0
P6-0402,south,late,south_late,69.54,0
P6-0403,south,late,south_late,30.8,0
P6-0404,south,late,south_late,38.23,0
P6-0405,south,late,south_late,62.37,0
P6-0406,south,late,south_late,40.55,1
P6-0407,south,late,south_late,59.08,0
P6-0408,south,late,south_late,53.59,0
P6-0409,south,late,south_late,38.78,0
P6-0410,south,late,south_late,59.01,0
P6-0411,south,late,south_late,37.15,0
P6-0412,south,late,south_late,59.99,1
P6-0413,south,late,south_late,48.13,0
P6-0414,south,late,south_late,40.28,0
P6-0415,south,late,south_late,48.58,0
P6-0416,south,late,south_late,53.64,0
P6-0417,south,late,south_late,54.16,1
P6-0418,south,late,south_late,40.14,0
P6-0419,south,late,south_late,63.14,1
P6-0420,south,late,south_late,38.97,0
P6-0421,south,late,south_late,64.22,0
P6-0422,south,late,south_late,19.56,0
P6-0423,south,late,south_late,52.96,0
P6-0424,south,late,south_late,27.43,0
P6-0425,south,late,south_late,66.14,1
P6-0426,south,late,south_late,27.25,0
P6-0427,south,late,south_late,51.44,0
P6-0428,south,late,south_late,37.71,0
P6-0429,south,late,south_late,54.31,0
P6-0430,south,late,south_late,31.74,0
P6-0431,south,late,south_late,38.62,1
P6-0432,south,late,south_late,42.4,0
P6-0433,south,late,south_late,50.88,0
P6-0434,south,late,south_late,36.39,0
P6-0435,south,late,south_late,40.78,0
P6-0436,south,late,south_late,31.2,0
P6-0437,south,late,south_late,46.01,1
P6-0438,south,late,south_late,44.75,0
P6-0439,south,late,south_late,49.31,0
P6-0440,south,late,south_late,42.81,0
P6-0441,south,late,south_late,52.93,0
P6-0442,south,late,south_late,40.23,1
P6-0443,south,late,south_late,50.71,0
P6-0444,south,late,south_late,20.72,0
P6-0445,south,late,south_late,58.7,1
P6-0446,south,late,south_late,51.5,0
P6-0447,south,late,south_late,49.23,0
P6-0448,south,late,south_late,64.63,0
P6-0449,south,late,south_late,58.86,0
P6-0450,south,late,south_late,57.91,0
