ticket_id,person_id,date,arrival_period,window_id,business_code,appointment,wait_minutes,service_minutes,abandoned,completed_same_day
T00001,P0859,2026-03-02,上午,A1,case,0,12.14,9.93,0,1
T00002,P0709,2026-03-02,上午,A2,case,0,71.47,24.96,0,0
T00003,P2104,2026-03-02,下午,A1,case,0,11.27,4.5,0,1
T00004,P2105,2026-03-02,下午,A2,basic,0,2.79,6.19,0,1
T00005,P1652,2026-03-02,下午,A1,case,1,9.82,29.49,0,1
T00006,P0153,2026-03-02,上午,A2,case,0,86.21,18.28,0,1
T00007,P0473,2026-03-02,上午,A1,case,1,6.47,31.8,0,1
T00008,P0087,2026-03-02,上午,A2,case,0,26.94,,1,0
T00009,P2254,2026-03-02,下午,A1,basic,1,2.32,6.23,0,1
T00010,P2585,2026-03-02,下午,A2,case,0,24.78,22.85,0,1
T00011,P2397,2026-03-02,上午,A1,case,0,15.32,13.78,0,1
T00012,P0146,2026-03-02,上午,A2,case,0,31.42,8.95,0,0
T00013,P2210,2026-03-02,下午,A1,case,0,15.61,23.37,0,1
T00014,P0848,2026-03-02,下午,A2,basic,1,49.35,,1,0
T00015,P2591,2026-03-02,下午,A1,case,0,8.45,17.84,0,1
T00016,P0159,2026-03-02,下午,A2,case,0,60.08,25.96,0,0
T00017,P1733,2026-03-02,下午,A1,case,0,14.35,28.39,0,0
T00018,P0326,2026-03-02,上午,A2,case,0,13.9,10.67,0,0
T00019,P2443,2026-03-02,下午,A1,basic,0,4.58,1.88,0,1
T00020,P0589,2026-03-02,上午,A2,case,0,75.79,15.94,0,1
T00021,P1123,2026-03-02,上午,A1,case,0,14.27,19.74,0,1
T00022,P1079,2026-03-02,下午,A2,basic,1,3.97,6.19,0,1
T00023,P0266,2026-03-02,下午,A1,case,0,15.57,33.36,0,1
T00024,P2353,2026-03-02,上午,A2,case,0,22.0,28.91,0,1
T00025,P2479,2026-03-02,上午,A1,case,0,21.86,23.8,0,1
T00026,P1377,2026-03-02,上午,A2,case,0,58.18,16.42,0,1
T00027,P1425,2026-03-02,上午,A1,case,0,19.5,10.64,0,1
T00028,P2318,2026-03-02,上午,A2,case,0,11.53,13.95,0,0
T00029,P1481,2026-03-02,上午,A1,case,0,26.35,,1,0
T00030,P0847,2026-03-02,上午,A2,case,0,10.53,6.95,0,0
T00031,P0595,2026-03-02,上午,A1,case,0,4.95,9.92,0,1
T00032,P1636,2026-03-02,下午,A2,case,0,9.23,9.89,0,1
T00033,P0658,2026-03-02,下午,A1,case,0,18.4,27.24,0,1
T00034,P1580,2026-03-02,上午,A2,case,1,14.72,7.29,0,1
T00035,P1724,2026-03-02,下午,A1,basic,1,2.43,11.68,0,1
T00036,P1357,2026-03-02,下午,A2,basic,0,5.66,16.4,0,1
T00037,P1656,2026-03-02,上午,A1,basic,0,5.26,3.19,0,1
T00038,P1979,2026-03-02,上午,A2,case,0,6.21,14.77,0,1
T00039,P2187,2026-03-02,上午,A1,case,0,20.5,20.91,0,0
T00040,P1937,2026-03-02,上午,A2,case,0,9.79,20.5,0,0
T00041,P2240,2026-03-02,下午,B1,case,0,23.28,19.46,0,1
T00042,P0180,2026-03-02,上午,B2,basic,1,7.06,4.96,0,1
T00043,P0925,2026-03-02,上午,B1,basic,1,6.83,3.85,0,1
T00044,P0286,2026-03-02,下午,B2,basic,1,4.35,2.92,0,1
T00045,P0093,2026-03-02,下午,B1,basic,0,8.82,3.15,0,1
T00046,P0748,2026-03-02,下午,B2,basic,1,3.22,11.64,0,1
T00047,P2575,2026-03-02,下午,B1,basic,1,2.58,9.36,0,1
T00048,P0530,2026-03-02,上午,B2,basic,0,5.65,14.77,0,0
T00049,P2000,2026-03-02,下午,B1,basic,1,2.6,2.41,0,1
T00050,P2350,2026-03-02,下午,B2,basic,1,4.82,5.17,0,1
T00051,P0291,2026-03-02,上午,B1,basic,0,10.32,3.39,0,1
T00052,P1352,2026-03-02,上午,B2,basic,1,7.7,4.02,0,1
T00053,P2284,2026-03-02,上午,B1,basic,1,11.05,5.64,0,1
T00054,P1556,2026-03-02,上午,B2,basic,1,26.52,5.11,0,1
T00055,P1647,2026-03-02,下午,B1,basic,1,7.36,5.51,0,1
T00056,P1559,2026-03-02,上午,B2,basic,0,9.63,5.67,0,1
T00057,P1597,2026-03-02,上午,B1,basic,1,70.06,,1,0
T00058,P0787,2026-03-02,上午,B2,basic,1,6.89,10.05,0,1
T00059,P0912,2026-03-02,上午,B1,basic,0,18.08,2.35,0,1
T00060,P0289,2026-03-02,下午,B2,basic,0,6.42,9.14,0,1
T00061,P1938,2026-03-02,上午,B1,case,0,17.99,25.76,0,0
T00062,P0909,2026-03-02,上午,B2,basic,1,12.22,2.9,0,1
T00063,P2618,2026-03-02,上午,B1,basic,1,4.67,5.9,0,1
T00064,P1601,2026-03-02,上午,B2,basic,0,13.78,6.48,0,1
T00065,P1685,2026-03-02,上午,B1,case,0,53.13,29.77,0,1
T00066,P0117,2026-03-02,下午,B2,basic,0,9.67,13.89,0,1
T00067,P1693,2026-03-02,上午,B1,basic,1,10.37,12.74,0,0
T00068,P0615,2026-03-02,上午,B2,basic,1,9.38,2.48,0,1
T00069,P0657,2026-03-02,下午,B1,basic,1,16.44,6.75,0,1
T00070,P2556,2026-03-02,下午,B2,basic,1,3.84,5.56,0,1
T00071,P0461,2026-03-02,下午,B1,basic,0,13.96,2.74,0,1
T00072,P1147,2026-03-02,上午,B2,basic,0,6.64,8.91,0,1
T00073,P0896,2026-03-02,上午,B1,case,0,32.83,,1,0
T00074,P0398,2026-03-02,上午,B2,basic,1,5.03,5.52,0,1
T00075,P1051,2026-03-02,上午,B1,case,0,15.6,31.08,0,1
T00076,P0030,2026-03-02,上午,B2,case,1,20.76,17.49,0,1
T00077,P0153,2026-03-02,下午,B1,basic,1,5.13,2.86,0,1
T00078,P0438,2026-03-02,上午,B2,basic,1,6.47,4.01,0,1
T00079,P0746,2026-03-02,上午,B1,basic,1,40.74,,1,0
T00080,P1591,2026-03-02,下午,B2,basic,1,3.38,2.75,0,1
T00081,P1337,2026-03-02,上午,C1,basic,1,9.16,5.51,0,1
T00082,P1104,2026-03-02,下午,C2,basic,1,3.07,5.76,0,1
T00083,P1124,2026-03-02,上午,C1,basic,0,14.91,14.72,0,0
T00084,P1347,2026-03-02,下午,C2,case,0,14.69,9.08,0,1
T00085,P2079,2026-03-02,下午,C1,basic,1,3.47,7.56,0,1
T00086,P1553,2026-03-02,下午,C2,case,1,8.17,21.4,0,1
T00087,P0869,2026-03-02,上午,C1,case,0,11.72,28.76,0,1
T00088,P1473,2026-03-02,下午,C2,basic,1,3.68,8.44,0,1
T00089,P1506,2026-03-02,下午,C1,case,0,4.7,14.93,0,1
T00090,P2372,2026-03-02,下午,C2,case,0,18.78,39.25,0,0
T00091,P2255,2026-03-02,上午,C1,basic,1,3.09,4.19,0,1
T00092,P1438,2026-03-02,上午,C2,case,0,33.29,16.84,0,0
T00093,P1758,2026-03-02,上午,C1,basic,1,4.57,10.66,0,1
T00094,P0127,2026-03-02,上午,C2,case,0,22.08,10.81,0,1
T00095,P0942,2026-03-02,上午,C1,case,0,16.56,28.09,0,1
T00096,P0924,2026-03-02,上午,C2,case,0,39.26,16.41,0,1
T00097,P1190,2026-03-02,上午,C1,basic,1,5.17,6.54,0,1
T00098,P2513,2026-03-02,上午,C2,basic,1,1.39,8.41,0,1
T00099,P2534,2026-03-02,上午,C1,basic,0,15.14,2.78,0,1
T00100,P1323,2026-03-02,上午,C2,basic,1,4.04,8.7,0,1
T00101,P1691,2026-03-02,上午,C1,basic,1,6.24,4.59,0,1
T00102,P0231,2026-03-02,下午,C2,basic,1,2.45,6.88,0,1
T00103,P1616,2026-03-02,上午,C1,case,0,29.43,15.23,0,1
T00104,P0766,2026-03-02,上午,C2,case,1,11.86,3.72,0,1
T00105,P1035,2026-03-02,下午,C1,basic,0,2.64,6.49,0,0
T00106,P1564,2026-03-02,下午,C2,case,1,12.0,46.06,0,1
T00107,P2674,2026-03-02,下午,C1,basic,1,3.65,2.31,0,1
T00108,P2249,2026-03-02,上午,C2,basic,0,10.74,18.84,0,1
T00109,P2696,2026-03-02,上午,C1,case,1,11.15,11.71,0,1
T00110,P0476,2026-03-02,上午,C2,basic,1,5.24,6.4,0,1
T00111,P1123,2026-03-02,上午,C1,case,1,16.51,21.02,0,1
T00112,P2123,2026-03-02,下午,C2,case,1,7.65,16.56,0,1
T00113,P1032,2026-03-02,上午,C1,basic,1,7.66,4.37,0,1
T00114,P1841,2026-03-02,下午,C2,case,1,13.52,12.43,0,1
T00115,P1227,2026-03-02,上午,C1,basic,0,6.98,3.53,0,1
T00116,P1126,2026-03-02,上午,C2,case,1,25.68,7.5,0,1
T00117,P2119,2026-03-02,上午,C1,basic,0,7.84,15.18,0,1
T00118,P2465,2026-03-02,上午,C2,basic,1,3.65,4.52,0,1
T00119,P0558,2026-03-02,下午,C1,case,0,7.09,12.82,0,1
T00120,P2056,2026-03-02,上午,C2,case,0,18.83,24.56,0,1
T00121,P1963,2026-03-03,下午,A1,basic,0,1.41,7.09,0,1
T00122,P0641,2026-03-03,下午,A2,case,0,10.6,17.3,0,1
T00123,P2464,2026-03-03,上午,A1,case,0,88.32,28.29,0,1
T00124,P0032,2026-03-03,下午,A2,case,1,3.74,13.37,0,1
T00125,P1321,2026-03-03,上午,A1,case,0,32.68,26.81,0,0
T00126,P0361,2026-03-03,下午,A2,case,0,13.95,14.14,0,1
T00127,P1553,2026-03-03,上午,A1,basic,1,5.5,8.25,0,1
T00128,P1888,2026-03-03,上午,A2,case,0,27.6,19.31,0,1
T00129,P0858,2026-03-03,上午,A1,case,0,9.38,17.48,0,1
T00130,P1170,2026-03-03,上午,A2,case,0,26.47,51.45,0,0
T00131,P0368,2026-03-03,上午,A1,case,0,20.95,10.37,0,1
T00132,P0475,2026-03-03,上午,A2,basic,0,9.29,7.25,0,1
T00133,P1439,2026-03-03,上午,A1,case,1,81.71,,1,0
T00134,P0059,2026-03-03,上午,A2,case,0,29.27,13.02,0,1
T00135,P1865,2026-03-03,上午,A1,case,0,49.8,29.78,0,1
T00136,P1383,2026-03-03,上午,A2,case,0,18.32,19.14,0,0
T00137,P1928,2026-03-03,上午,A1,case,0,14.98,5.87,0,1
T00138,P0389,2026-03-03,上午,A2,case,0,7.57,8.67,0,1
T00139,P1415,2026-03-03,上午,A1,case,0,27.52,13.61,0,0
T00140,P2498,2026-03-03,下午,A2,case,0,14.4,5.22,0,1
T00141,P1010,2026-03-03,上午,A1,case,0,18.37,20.7,0,1
T00142,P0397,2026-03-03,上午,A2,case,0,20.99,20.77,0,1
T00143,P2355,2026-03-03,下午,A1,basic,0,2.73,3.91,0,1
T00144,P2541,2026-03-03,上午,A2,case,0,11.73,8.81,0,1
T00145,P0058,2026-03-03,下午,A1,case,1,5.68,20.03,0,0
T00146,P1502,2026-03-03,上午,A2,case,0,12.82,9.14,0,0
T00147,P0588,2026-03-03,下午,A1,case,1,14.98,11.42,0,0
T00148,P1698,2026-03-03,上午,A2,case,1,5.1,5.5,0,0
T00149,P1000,2026-03-03,下午,A1,case,0,12.03,18.53,0,0
T00150,P0762,2026-03-03,上午,A2,basic,0,4.11,9.16,0,1
T00151,P1944,2026-03-03,上午,A1,case,0,15.04,6.23,0,0
T00152,P0156,2026-03-03,上午,A2,case,0,12.32,19.29,0,1
T00153,P0634,2026-03-03,下午,A1,case,1,5.33,26.8,0,1
T00154,P1068,2026-03-03,下午,A2,case,0,10.19,21.28,0,0
T00155,P0563,2026-03-03,上午,A1,case,1,7.03,9.94,0,1
T00156,P2207,2026-03-03,下午,A2,case,0,14.01,10.09,0,1
T00157,P2310,2026-03-03,下午,A1,basic,1,3.32,8.78,0,1
T00158,P1446,2026-03-03,上午,A2,case,1,7.16,29.4,0,1
T00159,P1772,2026-03-03,上午,A1,case,0,10.3,12.79,0,0
T00160,P0354,2026-03-03,上午,A2,basic,1,3.0,16.47,0,1
T00161,P1097,2026-03-03,上午,B1,basic,1,7.6,4.87,0,1
T00162,P0185,2026-03-03,上午,B2,basic,1,3.64,6.23,0,1
T00163,P2686,2026-03-03,下午,B1,basic,0,4.29,4.41,0,1
T00164,P2672,2026-03-03,上午,B2,case,0,29.84,7.79,0,0
T00165,P1017,2026-03-03,下午,B1,basic,1,1.82,3.16,0,1
T00166,P1927,2026-03-03,下午,B2,basic,0,7.9,5.58,0,1
T00167,P2452,2026-03-03,下午,B1,basic,0,4.05,5.35,0,1
T00168,P2547,2026-03-03,上午,B2,case,1,7.32,27.69,0,0
T00169,P0265,2026-03-03,下午,B1,case,0,11.65,26.64,0,0
T00170,P2308,2026-03-03,上午,B2,basic,1,3.42,1.44,0,1
T00171,P0769,2026-03-03,下午,B1,basic,1,3.04,4.73,0,1
T00172,P1257,2026-03-03,上午,B2,basic,0,27.45,11.18,0,1
T00173,P2177,2026-03-03,上午,B1,basic,1,4.4,2.23,0,1
T00174,P2395,2026-03-03,上午,B2,basic,1,7.12,4.58,0,0
T00175,P0032,2026-03-03,上午,B1,basic,1,6.97,4.63,0,1
T00176,P0947,2026-03-03,上午,B2,case,0,14.56,18.66,0,1
T00177,P0546,2026-03-03,下午,B1,basic,1,11.03,2.96,0,1
T00178,P0345,2026-03-03,上午,B2,basic,0,9.97,3.64,0,1
T00179,P1267,2026-03-03,上午,B1,basic,1,3.84,2.0,0,1
T00180,P0057,2026-03-03,上午,B2,basic,0,8.04,6.46,0,1
T00181,P1374,2026-03-03,下午,B1,case,0,7.2,24.75,0,0
T00182,P2443,2026-03-03,上午,B2,basic,0,7.93,18.2,0,1
T00183,P0600,2026-03-03,下午,B1,basic,0,4.24,14.26,0,1
T00184,P0622,2026-03-03,下午,B2,case,1,17.9,13.26,0,0
T00185,P1429,2026-03-03,下午,B1,case,0,13.37,31.28,0,1
T00186,P2294,2026-03-03,上午,B2,basic,1,9.0,4.45,0,1
T00187,P1830,2026-03-03,下午,B1,basic,1,6.92,2.69,0,1
T00188,P2558,2026-03-03,下午,B2,basic,0,9.35,7.74,0,1
T00189,P0425,2026-03-03,下午,B1,basic,1,3.63,4.12,0,1
T00190,P0480,2026-03-03,下午,B2,basic,0,4.31,3.74,0,1
T00191,P1901,2026-03-03,下午,B1,case,0,10.07,26.39,0,1
T00192,P1926,2026-03-03,上午,B2,case,0,58.51,7.47,0,1
T00193,P2647,2026-03-03,上午,B1,case,0,58.31,13.57,0,1
T00194,P1924,2026-03-03,上午,B2,basic,0,7.09,7.36,0,1
T00195,P2661,2026-03-03,上午,B1,case,0,18.49,27.85,0,1
T00196,P2475,2026-03-03,下午,B2,basic,0,2.81,3.83,0,1
T00197,P2022,2026-03-03,上午,B1,basic,1,3.43,4.44,0,0
T00198,P0934,2026-03-03,上午,B2,basic,1,5.56,18.03,0,1
T00199,P1069,2026-03-03,上午,B1,case,0,62.63,10.0,0,0
T00200,P2300,2026-03-03,下午,B2,case,1,16.62,15.0,0,1
T00201,P0944,2026-03-03,下午,C1,basic,0,2.66,6.04,0,1
T00202,P2364,2026-03-03,上午,C2,basic,1,68.63,9.63,0,1
T00203,P0204,2026-03-03,上午,C1,basic,0,13.27,7.65,0,1
T00204,P1204,2026-03-03,上午,C2,case,0,47.29,24.64,0,1
T00205,P2075,2026-03-03,下午,C1,case,1,9.94,46.53,0,0
T00206,P1893,2026-03-03,上午,C2,case,0,9.2,12.13,0,0
T00207,P1832,2026-03-03,下午,C1,basic,0,7.64,9.22,0,1
T00208,P2300,2026-03-03,上午,C2,case,0,22.7,19.63,0,0
T00209,P1531,2026-03-03,上午,C1,case,0,5.97,16.76,0,1
T00210,P0487,2026-03-03,下午,C2,case,0,12.63,21.07,0,1
T00211,P2069,2026-03-03,下午,C1,basic,1,1.81,8.61,0,1
T00212,P1000,2026-03-03,上午,C2,basic,1,6.23,7.42,0,1
T00213,P1986,2026-03-03,上午,C1,basic,0,5.1,4.92,0,1
T00214,P1051,2026-03-03,下午,C2,basic,0,6.15,15.94,0,1
T00215,P2479,2026-03-03,上午,C1,case,1,35.77,57.43,0,1
T00216,P1694,2026-03-03,上午,C2,case,0,49.71,15.54,0,1
T00217,P2302,2026-03-03,上午,C1,case,0,25.67,14.17,0,1
T00218,P1614,2026-03-03,上午,C2,basic,1,19.54,0.94,0,0
T00219,P2616,2026-03-03,下午,C1,case,1,10.18,13.96,0,1
T00220,P0980,2026-03-03,上午,C2,basic,0,5.77,3.92,0,1
T00221,P0936,2026-03-03,上午,C1,case,1,24.02,18.3,0,0
T00222,P0229,2026-03-03,下午,C2,basic,0,3.23,15.28,0,1
T00223,P0898,2026-03-03,上午,C1,basic,1,2.38,4.46,0,1
T00224,P1321,2026-03-03,上午,C2,basic,1,10.09,5.64,0,1
T00225,P1771,2026-03-03,上午,C1,case,1,8.52,18.51,0,1
T00226,P0017,2026-03-03,上午,C2,case,1,33.46,12.23,0,1
T00227,P2429,2026-03-03,上午,C1,basic,0,7.24,2.16,0,1
T00228,P0955,2026-03-03,下午,C2,case,0,7.19,5.38,0,0
T00229,P0409,2026-03-03,下午,C1,basic,1,1.56,4.58,0,1
T00230,P1247,2026-03-03,下午,C2,case,0,24.29,24.12,0,1
T00231,P1270,2026-03-03,下午,C1,case,0,13.46,10.92,0,1
T00232,P2666,2026-03-03,下午,C2,basic,0,7.98,2.9,0,1
T00233,P2656,2026-03-03,下午,C1,basic,0,7.22,12.08,0,1
T00234,P0815,2026-03-03,下午,C2,basic,1,8.58,2.45,0,1
T00235,P0113,2026-03-03,上午,C1,basic,1,2.95,6.01,0,1
T00236,P0416,2026-03-03,下午,C2,basic,1,2.58,17.85,0,1
T00237,P1142,2026-03-03,下午,C1,case,1,8.23,29.03,0,1
T00238,P2075,2026-03-03,上午,C2,case,0,12.2,12.94,0,0
T00239,P0616,2026-03-03,下午,C1,basic,1,4.01,10.49,0,1
T00240,P1763,2026-03-03,下午,C2,case,0,11.77,12.19,0,0
T00241,P0053,2026-03-04,上午,A1,basic,1,4.32,4.72,0,1
T00242,P2569,2026-03-04,上午,A2,case,0,12.84,8.73,0,0
T00243,P0540,2026-03-04,下午,A1,case,0,9.4,5.98,0,1
T00244,P2188,2026-03-04,上午,A2,case,0,27.37,11.45,0,1
T00245,P0612,2026-03-04,上午,A1,case,0,4.5,16.67,0,1
T00246,P2357,2026-03-04,上午,A2,case,0,12.46,31.26,0,0
T00247,P0445,2026-03-04,下午,A1,basic,1,2.79,7.83,0,1
T00248,P0662,2026-03-04,上午,A2,basic,1,9.39,15.57,0,1
T00249,P2245,2026-03-04,上午,A1,case,1,9.09,15.78,0,0
T00250,P0129,2026-03-04,上午,A2,case,0,9.8,19.01,0,1
T00251,P2012,2026-03-04,下午,A1,case,1,10.6,18.38,0,1
T00252,P1581,2026-03-04,上午,A2,case,1,20.54,6.99,0,0
T00253,P0368,2026-03-04,上午,A1,case,0,34.2,,1,0
T00254,P2248,2026-03-04,下午,A2,case,0,9.33,25.28,0,0
T00255,P1971,2026-03-04,上午,A1,basic,0,8.86,9.99,0,1
T00256,P0874,2026-03-04,上午,A2,case,0,49.88,4.88,0,0
T00257,P1321,2026-03-04,上午,A1,case,0,36.09,16.41,0,1
T00258,P1598,2026-03-04,下午,A2,case,0,22.01,30.74,0,1
T00259,P1603,2026-03-04,上午,A1,case,1,7.61,24.0,0,1
T00260,P1336,2026-03-04,上午,A2,basic,1,3.58,5.67,0,1
T00261,P0017,2026-03-04,下午,A1,case,0,6.27,23.09,0,0
T00262,P1513,2026-03-04,下午,A2,case,1,7.96,23.09,0,1
T00263,P2040,2026-03-04,上午,A1,case,1,8.38,17.05,0,0
T00264,P1953,2026-03-04,上午,A2,case,1,5.27,8.16,0,1
T00265,P1533,2026-03-04,上午,A1,basic,0,11.56,4.84,0,1
T00266,P0093,2026-03-04,上午,A2,case,0,15.53,15.83,0,1
T00267,P2494,2026-03-04,上午,A1,basic,0,7.65,2.71,0,1
T00268,P0895,2026-03-04,下午,A2,case,0,16.47,10.27,0,0
T00269,P0049,2026-03-04,下午,A1,case,0,14.32,29.98,0,1
T00270,P1964,2026-03-04,上午,A2,basic,1,3.14,3.05,0,1
T00271,P1365,2026-03-04,上午,A1,case,0,21.7,27.83,0,1
T00272,P0644,2026-03-04,上午,A2,basic,1,4.8,9.99,0,1
T00273,P1148,2026-03-04,上午,A1,case,1,8.96,9.78,0,1
T00274,P1956,2026-03-04,下午,A2,case,0,4.91,17.0,0,1
T00275,P0017,2026-03-04,下午,A1,basic,1,2.53,2.94,0,1
T00276,P0832,2026-03-04,下午,A2,basic,1,5.96,7.41,0,1
T00277,P1444,2026-03-04,下午,A1,basic,1,2.24,3.51,0,1
T00278,P0522,2026-03-04,上午,A2,case,1,62.97,,1,0
T00279,P1369,2026-03-04,下午,A1,case,0,15.77,23.94,0,1
T00280,P2324,2026-03-04,上午,A2,case,0,25.02,6.95,0,1
T00281,P0419,2026-03-04,上午,B1,basic,0,11.84,22.89,0,1
T00282,P2297,2026-03-04,上午,B2,basic,1,3.59,5.2,0,0
T00283,P1894,2026-03-04,上午,B1,basic,1,16.31,12.06,0,1
T00284,P0794,2026-03-04,上午,B2,case,0,19.15,12.34,0,1
T00285,P2674,2026-03-04,下午,B1,basic,0,2.43,6.89,0,1
T00286,P0907,2026-03-04,下午,B2,basic,0,7.59,7.61,0,1
T00287,P2278,2026-03-04,上午,B1,basic,0,7.55,11.95,0,1
T00288,P2497,2026-03-04,下午,B2,basic,1,1.15,17.15,0,1
T00289,P0498,2026-03-04,上午,B1,basic,1,4.69,2.42,0,1
T00290,P1360,2026-03-04,上午,B2,basic,0,7.84,9.01,0,0
T00291,P1147,2026-03-04,下午,B1,basic,1,2.87,8.5,0,1
T00292,P1312,2026-03-04,上午,B2,basic,0,5.4,10.67,0,0
T00293,P1814,2026-03-04,下午,B1,basic,1,5.3,4.58,0,1
T00294,P1150,2026-03-04,下午,B2,basic,1,3.28,6.07,0,1
T00295,P1584,2026-03-04,上午,B1,basic,1,17.21,7.92,0,1
T00296,P2062,2026-03-04,上午,B2,basic,1,7.91,5.74,0,1
T00297,P2034,2026-03-04,下午,B1,basic,0,7.17,9.78,0,1
T00298,P2399,2026-03-04,下午,B2,basic,1,1.59,15.69,0,1
T00299,P1882,2026-03-04,下午,B1,basic,0,2.82,2.32,0,1
T00300,P1266,2026-03-04,上午,B2,basic,1,3.49,2.53,0,1
T00301,P1517,2026-03-04,下午,B1,basic,1,4.9,6.4,0,1
T00302,P1127,2026-03-04,上午,B2,case,0,37.47,14.9,0,1
T00303,P2512,2026-03-04,上午,B1,basic,0,13.2,5.68,0,1
T00304,P0012,2026-03-04,上午,B2,basic,0,4.2,4.24,0,1
T00305,P0935,2026-03-04,上午,B1,basic,0,5.88,3.66,0,1
T00306,P2553,2026-03-04,上午,B2,basic,1,6.7,4.26,0,1
T00307,P1750,2026-03-04,上午,B1,basic,0,6.56,20.9,0,1
T00308,P1022,2026-03-04,下午,B2,basic,0,4.55,3.89,0,1
T00309,P1604,2026-03-04,上午,B1,basic,1,6.87,13.09,0,1
T00310,P0859,2026-03-04,上午,B2,basic,1,5.22,11.03,0,1
T00311,P0803,2026-03-04,上午,B1,basic,0,10.23,2.23,0,1
T00312,P0593,2026-03-04,上午,B2,case,0,12.28,5.2,0,1
T00313,P2632,2026-03-04,下午,B1,basic,1,8.03,12.86,0,1
T00314,P2094,2026-03-04,下午,B2,basic,0,7.54,14.37,0,1
T00315,P1587,2026-03-04,下午,B1,basic,1,10.09,6.36,0,1
T00316,P0555,2026-03-04,下午,B2,basic,0,5.96,3.05,0,0
T00317,P0889,2026-03-04,上午,B1,case,0,32.92,7.45,0,1
T00318,P2486,2026-03-04,下午,B2,basic,1,4.68,0.87,0,1
T00319,P0218,2026-03-04,下午,B1,case,0,10.2,4.74,0,1
T00320,P1540,2026-03-04,下午,B2,case,0,13.99,15.71,0,1
T00321,P1080,2026-03-04,下午,C1,case,0,10.05,14.21,0,1
T00322,P0426,2026-03-04,下午,C2,case,0,14.98,14.65,0,1
T00323,P0414,2026-03-04,下午,C1,case,1,9.99,26.28,0,0
T00324,P1992,2026-03-04,下午,C2,case,1,12.51,8.14,0,1
T00325,P0351,2026-03-04,下午,C1,basic,1,3.65,7.56,0,1
T00326,P2577,2026-03-04,上午,C2,basic,1,6.59,8.88,0,1
T00327,P1052,2026-03-04,上午,C1,case,0,15.81,33.35,0,1
T00328,P0133,2026-03-04,上午,C2,case,0,20.78,14.7,0,1
T00329,P1917,2026-03-04,上午,C1,basic,0,3.63,6.92,0,1
T00330,P2517,2026-03-04,上午,C2,case,0,7.06,6.68,0,1
T00331,P1305,2026-03-04,上午,C1,basic,0,8.12,5.43,0,1
T00332,P0251,2026-03-04,上午,C2,case,0,19.91,16.37,0,1
T00333,P1710,2026-03-04,下午,C1,basic,1,1.8,8.32,0,1
T00334,P2559,2026-03-04,上午,C2,basic,0,6.33,15.15,0,1
T00335,P1096,2026-03-04,上午,C1,basic,0,4.44,3.95,0,1
T00336,P0761,2026-03-04,上午,C2,basic,1,4.57,2.58,0,1
T00337,P2655,2026-03-04,上午,C1,basic,0,15.2,5.8,0,1
T00338,P1308,2026-03-04,上午,C2,basic,1,5.41,5.32,0,1
T00339,P2691,2026-03-04,上午,C1,case,0,13.76,17.12,0,1
T00340,P0185,2026-03-04,上午,C2,case,0,47.85,,1,0
T00341,P0471,2026-03-04,上午,C1,case,0,18.8,22.13,0,1
T00342,P2355,2026-03-04,上午,C2,basic,1,1.75,9.72,0,1
T00343,P0389,2026-03-04,下午,C1,basic,1,5.68,11.86,0,1
T00344,P2487,2026-03-04,上午,C2,case,0,12.44,13.45,0,1
T00345,P2454,2026-03-04,上午,C1,basic,1,4.88,5.97,0,1
T00346,P1034,2026-03-04,下午,C2,case,0,16.33,13.0,0,1
T00347,P0736,2026-03-04,上午,C1,basic,1,10.26,9.85,0,1
T00348,P1547,2026-03-04,上午,C2,case,0,11.66,28.3,0,1
T00349,P0399,2026-03-04,下午,C1,basic,1,2.19,4.19,0,1
T00350,P1330,2026-03-04,上午,C2,case,1,50.36,14.35,0,1
T00351,P0329,2026-03-04,下午,C1,case,0,13.17,20.03,0,0
T00352,P0138,2026-03-04,上午,C2,case,0,24.92,11.08,0,1
T00353,P1880,2026-03-04,下午,C1,basic,0,5.58,3.44,0,1
T00354,P2696,2026-03-04,下午,C2,basic,0,2.77,3.98,0,1
T00355,P0414,2026-03-04,上午,C1,case,0,18.63,12.29,0,0
T00356,P1858,2026-03-04,上午,C2,basic,0,7.02,11.9,0,1
T00357,P2475,2026-03-04,下午,C1,case,0,8.17,33.16,0,1
T00358,P0064,2026-03-04,下午,C2,case,0,19.73,12.08,0,1
T00359,P2269,2026-03-04,上午,C1,case,1,45.86,24.09,0,0
T00360,P2428,2026-03-04,上午,C2,case,1,10.04,18.93,0,1
T00361,P0462,2026-03-05,上午,A1,case,0,18.57,33.06,0,0
T00362,P2175,2026-03-05,下午,A2,case,1,5.24,9.55,0,1
T00363,P2455,2026-03-05,上午,A1,basic,1,1.67,12.0,0,1
T00364,P1521,2026-03-05,上午,A2,case,0,13.3,28.12,0,1
T00365,P1748,2026-03-05,上午,A1,case,1,8.66,4.67,0,1
T00366,P2005,2026-03-05,下午,A2,case,0,6.45,6.16,0,0
T00367,P1593,2026-03-05,上午,A1,case,0,6.72,15.81,0,1
T00368,P1693,2026-03-05,上午,A2,case,0,16.33,52.68,0,0
T00369,P0350,2026-03-05,上午,A1,case,0,4.07,19.64,0,1
T00370,P1919,2026-03-05,上午,A2,case,0,49.52,8.57,0,0
T00371,P0153,2026-03-05,上午,A1,case,0,9.64,13.79,0,1
T00372,P0246,2026-03-05,上午,A2,case,1,13.9,19.37,0,0
T00373,P1520,2026-03-05,上午,A1,case,0,5.84,3.92,0,1
T00374,P0441,2026-03-05,下午,A2,case,0,12.51,32.57,0,1
T00375,P1073,2026-03-05,下午,A1,case,0,5.59,33.16,0,1
T00376,P2516,2026-03-05,上午,A2,basic,0,4.72,8.49,0,1
T00377,P0594,2026-03-05,上午,A1,case,0,8.44,10.29,0,1
T00378,P2293,2026-03-05,上午,A2,case,0,10.05,41.16,0,0
T00379,P2175,2026-03-05,下午,A1,case,0,7.45,20.46,0,0
T00380,P2100,2026-03-05,下午,A2,basic,0,8.37,13.41,0,1
T00381,P0856,2026-03-05,上午,A1,basic,1,1.51,7.49,0,1
T00382,P1889,2026-03-05,下午,A2,basic,1,2.99,4.97,0,1
T00383,P1467,2026-03-05,上午,A1,case,0,10.4,11.41,0,1
T00384,P0422,2026-03-05,上午,A2,case,1,25.3,,1,0
T00385,P1238,2026-03-05,上午,A1,case,0,13.09,19.59,0,1
T00386,P1490,2026-03-05,上午,A2,case,1,18.84,9.07,0,0
T00387,P2199,2026-03-05,上午,A1,basic,1,2.87,5.3,0,1
T00388,P1056,2026-03-05,下午,A2,case,0,8.25,13.56,0,0
T00389,P1984,2026-03-05,上午,A1,case,1,15.89,4.98,0,1
T00390,P1014,2026-03-05,上午,A2,case,1,10.06,8.45,0,1
T00391,P2597,2026-03-05,上午,A1,case,1,10.46,5.41,0,1
T00392,P1553,2026-03-05,上午,A2,case,1,6.56,14.7,0,1
T00393,P1071,2026-03-05,上午,A1,case,0,23.4,18.59,0,1
T00394,P0999,2026-03-05,上午,A2,case,0,4.87,19.26,0,1
T00395,P1374,2026-03-05,下午,A1,case,0,3.45,9.35,0,1
T00396,P0117,2026-03-05,下午,A2,basic,1,8.56,9.1,0,1
T00397,P1447,2026-03-05,上午,A1,case,0,7.2,8.14,0,1
T00398,P2449,2026-03-05,下午,A2,case,1,11.43,6.96,0,0
T00399,P1005,2026-03-05,下午,A1,basic,0,4.76,6.26,0,1
T00400,P1604,2026-03-05,上午,A2,case,1,11.5,18.93,0,1
T00401,P1408,2026-03-05,上午,B1,basic,0,6.45,6.83,0,1
T00402,P0303,2026-03-05,上午,B2,basic,0,7.05,13.87,0,1
T00403,P2083,2026-03-05,下午,B1,basic,1,5.66,14.42,0,1
T00404,P1056,2026-03-05,下午,B2,basic,0,7.23,3.35,0,1
T00405,P0009,2026-03-05,上午,B1,basic,1,15.58,1.51,0,1
T00406,P2067,2026-03-05,上午,B2,basic,0,5.79,3.17,0,1
T00407,P1003,2026-03-05,上午,B1,basic,1,10.97,6.9,0,1
T00408,P1306,2026-03-05,下午,B2,case,0,14.09,0.39,0,1
T00409,P1273,2026-03-05,下午,B1,basic,1,4.03,7.54,0,1
T00410,P2613,2026-03-05,上午,B2,case,1,27.47,4.62,0,0
T00411,P2308,2026-03-05,上午,B1,basic,1,2.83,7.55,0,1
T00412,P2192,2026-03-05,上午,B2,basic,1,14.35,5.81,0,1
T00413,P0584,2026-03-05,上午,B1,basic,0,3.78,1.27,0,0
T00414,P1037,2026-03-05,上午,B2,basic,0,15.67,6.23,0,1
T00415,P2266,2026-03-05,上午,B1,basic,1,6.77,3.76,0,1
T00416,P1948,2026-03-05,上午,B2,case,0,52.01,23.41,0,1
T00417,P0306,2026-03-05,下午,B1,basic,0,5.06,16.51,0,1
T00418,P0209,2026-03-05,下午,B2,basic,1,3.02,5.29,0,1
T00419,P1914,2026-03-05,上午,B1,case,0,30.02,31.15,0,0
T00420,P0989,2026-03-05,上午,B2,basic,1,13.37,3.58,0,1
T00421,P1423,2026-03-05,下午,B1,basic,0,7.45,4.07,0,1
T00422,P1830,2026-03-05,上午,B2,basic,0,12.18,5.41,0,1
T00423,P2340,2026-03-05,上午,B1,basic,1,2.62,2.24,0,1
T00424,P1877,2026-03-05,上午,B2,basic,0,5.55,9.36,0,1
T00425,P0314,2026-03-05,上午,B1,case,0,120.42,22.54,0,0
T00426,P1301,2026-03-05,上午,B2,basic,0,8.01,5.47,0,1
T00427,P1591,2026-03-05,上午,B1,basic,0,18.61,12.22,0,1
T00428,P2603,2026-03-05,上午,B2,case,0,17.76,23.09,0,0
T00429,P1950,2026-03-05,上午,B1,case,0,17.91,5.37,0,1
T00430,P0689,2026-03-05,上午,B2,case,0,16.68,8.34,0,1
T00431,P0357,2026-03-05,上午,B1,basic,0,92.7,,1,0
T00432,P1877,2026-03-05,下午,B2,basic,0,6.91,2.33,0,1
T00433,P1069,2026-03-05,上午,B1,basic,0,18.02,5.63,0,1
T00434,P0711,2026-03-05,上午,B2,basic,0,11.78,4.89,0,1
T00435,P1878,2026-03-05,下午,B1,case,1,12.79,20.68,0,0
T00436,P0797,2026-03-05,上午,B2,basic,1,1.83,5.0,0,1
T00437,P0558,2026-03-05,下午,B1,basic,0,3.68,11.99,0,1
T00438,P1236,2026-03-05,上午,B2,basic,1,3.52,12.55,0,1
T00439,P0061,2026-03-05,上午,B1,case,0,16.11,25.27,0,1
T00440,P0733,2026-03-05,上午,B2,basic,0,12.32,7.56,0,1
T00441,P2590,2026-03-05,上午,C1,basic,0,92.37,3.48,0,1
T00442,P0968,2026-03-05,上午,C2,basic,1,7.95,12.48,0,1
T00443,P2180,2026-03-05,上午,C1,basic,1,7.5,1.7,0,1
T00444,P2193,2026-03-05,上午,C2,basic,0,2.8,5.1,0,1
T00445,P1907,2026-03-05,上午,C1,case,0,13.73,4.36,0,0
T00446,P1144,2026-03-05,上午,C2,basic,1,17.43,7.86,0,1
T00447,P1961,2026-03-05,上午,C1,case,1,20.41,24.24,0,1
T00448,P1581,2026-03-05,上午,C2,case,0,30.77,,1,0
T00449,P0087,2026-03-05,下午,C1,case,0,12.47,23.2,0,0
T00450,P0545,2026-03-05,上午,C2,case,0,41.9,22.31,0,1
T00451,P0964,2026-03-05,上午,C1,basic,1,7.29,4.52,0,1
T00452,P2248,2026-03-05,下午,C2,basic,1,2.82,12.52,0,1
T00453,P0645,2026-03-05,上午,C1,basic,0,10.48,0.81,0,1
T00454,P1505,2026-03-05,下午,C2,case,0,12.87,54.97,0,1
T00455,P1389,2026-03-05,上午,C1,basic,0,6.29,10.12,0,1
T00456,P1955,2026-03-05,上午,C2,case,1,12.6,13.26,0,0
T00457,P0527,2026-03-05,下午,C1,basic,1,3.25,7.62,0,1
T00458,P1345,2026-03-05,下午,C2,case,0,14.51,22.87,0,0
T00459,P0748,2026-03-05,上午,C1,case,1,23.49,32.46,0,1
T00460,P0027,2026-03-05,上午,C2,basic,1,9.04,9.07,0,1
T00461,P0796,2026-03-05,下午,C1,basic,1,3.23,8.14,0,1
T00462,P1038,2026-03-05,上午,C2,basic,1,16.43,8.8,0,1
T00463,P2546,2026-03-05,下午,C1,basic,0,16.64,4.37,0,1
T00464,P0110,2026-03-05,下午,C2,basic,1,1.26,9.21,0,1
T00465,P2271,2026-03-05,下午,C1,basic,0,10.46,6.58,0,1
T00466,P0850,2026-03-05,下午,C2,case,0,5.8,25.74,0,1
T00467,P0804,2026-03-05,上午,C1,case,0,19.6,4.18,0,1
T00468,P2693,2026-03-05,下午,C2,case,0,30.79,45.84,0,0
T00469,P0586,2026-03-05,下午,C1,basic,0,5.71,10.09,0,1
T00470,P2385,2026-03-05,上午,C2,case,0,26.6,15.85,0,1
T00471,P0328,2026-03-05,上午,C1,case,1,13.57,37.34,0,1
T00472,P2398,2026-03-05,下午,C2,case,0,26.54,,1,0
T00473,P0506,2026-03-05,下午,C1,basic,1,5.62,11.35,0,1
T00474,P2484,2026-03-05,上午,C2,case,1,25.68,13.44,0,1
T00475,P0958,2026-03-05,下午,C1,basic,0,5.55,10.33,0,1
T00476,P1451,2026-03-05,上午,C2,case,1,7.92,5.91,0,0
T00477,P0531,2026-03-05,上午,C1,basic,1,8.55,6.86,0,1
T00478,P0375,2026-03-05,上午,C2,case,0,15.81,7.46,0,1
T00479,P1522,2026-03-05,上午,C1,basic,0,14.75,5.34,0,1
T00480,P1036,2026-03-05,下午,C2,basic,1,1.5,3.48,0,1
T00481,P0137,2026-03-06,下午,A1,case,1,9.54,18.35,0,1
T00482,P1693,2026-03-06,上午,A2,basic,1,4.9,6.4,0,1
T00483,P1250,2026-03-06,上午,A1,case,0,25.95,9.44,0,1
T00484,P0665,2026-03-06,下午,A2,case,0,8.73,16.76,0,1
T00485,P0937,2026-03-06,上午,A1,case,0,22.99,30.83,0,1
T00486,P2288,2026-03-06,上午,A2,case,0,21.68,4.32,0,1
T00487,P1217,2026-03-06,上午,A1,case,0,14.08,15.87,0,0
T00488,P2294,2026-03-06,下午,A2,case,0,62.76,,1,0
T00489,P0583,2026-03-06,下午,A1,case,0,13.25,14.52,0,1
T00490,P2530,2026-03-06,上午,A2,basic,1,3.24,9.36,0,1
T00491,P1678,2026-03-06,下午,A1,case,0,11.38,14.22,0,1
T00492,P2430,2026-03-06,上午,A2,case,0,10.38,21.99,0,0
T00493,P0389,2026-03-06,上午,A1,basic,1,4.54,12.87,0,1
T00494,P0690,2026-03-06,下午,A2,case,1,4.61,20.67,0,1
T00495,P0014,2026-03-06,上午,A1,basic,1,6.05,9.13,0,1
T00496,P2691,2026-03-06,上午,A2,case,0,14.26,20.04,0,1
T00497,P1219,2026-03-06,上午,A1,case,0,16.95,11.4,0,1
T00498,P0127,2026-03-06,下午,A2,basic,1,9.66,15.26,0,1
T00499,P0210,2026-03-06,上午,A1,case,0,13.47,14.66,0,1
T00500,P0633,2026-03-06,下午,A2,case,0,8.93,17.35,0,1
T00501,P0431,2026-03-06,上午,A1,case,0,17.23,8.38,0,1
T00502,P2556,2026-03-06,上午,A2,case,1,8.15,11.66,0,1
T00503,P0490,2026-03-06,下午,A1,case,0,9.75,7.98,0,1
T00504,P2333,2026-03-06,下午,A2,case,1,3.86,15.31,0,1
T00505,P2177,2026-03-06,下午,A1,case,0,6.56,19.54,0,0
T00506,P2532,2026-03-06,上午,A2,case,1,10.81,15.95,0,1
T00507,P2141,2026-03-06,上午,A1,case,0,16.63,15.68,0,1
T00508,P1681,2026-03-06,上午,A2,case,0,12.26,5.45,0,1
T00509,P0486,2026-03-06,上午,A1,basic,1,2.72,8.17,0,1
T00510,P1600,2026-03-06,下午,A2,case,0,11.79,27.48,0,1
T00511,P2438,2026-03-06,下午,A1,basic,1,2.87,11.86,0,1
T00512,P1300,2026-03-06,上午,A2,case,0,16.06,11.47,0,1
T00513,P2674,2026-03-06,上午,A1,basic,1,6.74,10.07,0,1
T00514,P1103,2026-03-06,上午,A2,case,1,11.63,21.85,0,1
T00515,P1105,2026-03-06,上午,A1,case,0,20.95,5.78,0,1
T00516,P0150,2026-03-06,上午,A2,case,0,11.43,9.82,0,1
T00517,P0553,2026-03-06,下午,A1,case,0,29.03,,1,0
T00518,P0285,2026-03-06,下午,A2,case,0,10.9,14.76,0,1
T00519,P1005,2026-03-06,下午,A1,basic,0,4.01,8.7,0,1
T00520,P0291,2026-03-06,下午,A2,basic,1,5.4,4.82,0,1
T00521,P0504,2026-03-06,上午,B1,basic,1,9.05,3.83,0,1
T00522,P1584,2026-03-06,上午,B2,basic,1,6.68,8.74,0,1
T00523,P0387,2026-03-06,下午,B1,basic,1,12.32,7.96,0,1
T00524,P0522,2026-03-06,下午,B2,basic,1,6.48,8.81,0,1
T00525,P1336,2026-03-06,上午,B1,case,0,27.67,12.56,0,0
T00526,P0814,2026-03-06,上午,B2,basic,0,6.93,14.23,0,0
T00527,P0510,2026-03-06,上午,B1,basic,1,69.09,,1,0
T00528,P0234,2026-03-06,下午,B2,basic,0,8.79,5.44,0,1
T00529,P0287,2026-03-06,上午,B1,basic,0,11.5,13.2,0,1
T00530,P1544,2026-03-06,下午,B2,basic,1,2.15,3.54,0,1
T00531,P1319,2026-03-06,下午,B1,basic,1,2.79,4.16,0,1
T00532,P1811,2026-03-06,下午,B2,basic,1,10.4,2.2,0,1
T00533,P1634,2026-03-06,上午,B1,basic,1,6.27,4.62,0,1
T00534,P0806,2026-03-06,上午,B2,basic,1,3.2,4.74,0,1
T00535,P2663,2026-03-06,上午,B1,case,0,19.69,36.81,0,1
T00536,P0266,2026-03-06,上午,B2,case,0,14.85,28.97,0,0
T00537,P1412,2026-03-06,下午,B1,basic,0,6.36,7.52,0,1
T00538,P0423,2026-03-06,上午,B2,basic,1,8.15,5.86,0,1
T00539,P1793,2026-03-06,下午,B1,basic,1,6.56,4.6,0,1
T00540,P2481,2026-03-06,上午,B2,basic,0,10.15,4.11,0,1
T00541,P2197,2026-03-06,上午,B1,case,0,7.67,23.72,0,0
T00542,P0181,2026-03-06,下午,B2,case,0,24.01,19.29,0,0
T00543,P0243,2026-03-06,下午,B1,case,0,12.38,12.06,0,1
T00544,P0897,2026-03-06,下午,B2,basic,1,3.85,11.84,0,1
T00545,P1822,2026-03-06,上午,B1,case,0,24.55,21.63,0,0
T00546,P1658,2026-03-06,上午,B2,basic,0,11.33,4.65,0,1
T00547,P0895,2026-03-06,上午,B1,basic,1,6.3,10.59,0,1
T00548,P0164,2026-03-06,上午,B2,basic,1,12.51,4.9,0,1
T00549,P2439,2026-03-06,上午,B1,basic,0,15.05,3.88,0,1
T00550,P0267,2026-03-06,上午,B2,basic,1,3.61,5.31,0,0
T00551,P1498,2026-03-06,下午,B1,basic,0,2.8,1.79,0,1
T00552,P2549,2026-03-06,下午,B2,basic,1,3.5,5.65,0,1
T00553,P0466,2026-03-06,上午,B1,basic,1,3.2,3.99,0,1
T00554,P1997,2026-03-06,上午,B2,basic,0,15.76,4.54,0,1
T00555,P0581,2026-03-06,下午,B1,basic,1,1.43,3.79,0,1
T00556,P2294,2026-03-06,下午,B2,basic,1,11.83,1.93,0,1
T00557,P2355,2026-03-06,下午,B1,basic,0,10.21,4.54,0,1
T00558,P0856,2026-03-06,上午,B2,basic,0,10.8,4.3,0,1
T00559,P1545,2026-03-06,下午,B1,basic,1,4.79,12.14,0,1
T00560,P1316,2026-03-06,上午,B2,basic,0,9.17,5.02,0,1
T00561,P2258,2026-03-06,上午,C1,basic,0,7.26,4.15,0,1
T00562,P2342,2026-03-06,下午,C2,case,0,5.71,17.64,0,1
T00563,P2577,2026-03-06,上午,C1,basic,0,3.97,3.42,0,1
T00564,P1106,2026-03-06,上午,C2,basic,0,12.23,6.99,0,0
T00565,P2373,2026-03-06,上午,C1,basic,0,4.89,4.33,0,1
T00566,P1775,2026-03-06,上午,C2,case,0,40.75,7.43,0,1
T00567,P2032,2026-03-06,上午,C1,basic,1,7.62,2.06,0,1
T00568,P2030,2026-03-06,上午,C2,case,1,11.55,5.28,0,1
T00569,P1601,2026-03-06,上午,C1,case,0,28.63,7.2,0,1
T00570,P2506,2026-03-06,上午,C2,case,0,23.37,8.28,0,1
T00571,P0109,2026-03-06,下午,C1,basic,0,6.48,14.15,0,1
T00572,P2248,2026-03-06,上午,C2,basic,0,19.49,5.7,0,1
T00573,P0439,2026-03-06,下午,C1,case,0,8.73,27.78,0,1
T00574,P2285,2026-03-06,上午,C2,case,0,11.05,23.95,0,0
T00575,P1942,2026-03-06,上午,C1,case,0,51.01,15.07,0,0
T00576,P0942,2026-03-06,上午,C2,case,0,25.12,13.84,0,1
T00577,P1196,2026-03-06,上午,C1,case,1,3.72,32.32,0,0
T00578,P0286,2026-03-06,上午,C2,case,0,21.28,27.5,0,0
T00579,P2505,2026-03-06,下午,C1,case,0,12.67,31.42,0,1
T00580,P1968,2026-03-06,下午,C2,case,1,11.9,54.33,0,0
T00581,P2685,2026-03-06,下午,C1,basic,1,3.98,3.2,0,1
T00582,P1823,2026-03-06,下午,C2,basic,1,2.74,3.98,0,0
T00583,P2414,2026-03-06,上午,C1,basic,0,68.99,4.1,0,1
T00584,P0595,2026-03-06,下午,C2,case,0,14.16,18.24,0,0
T00585,P0674,2026-03-06,上午,C1,case,0,44.03,14.4,0,0
T00586,P1521,2026-03-06,上午,C2,case,0,29.68,10.8,0,1
T00587,P2525,2026-03-06,上午,C1,case,0,16.01,12.88,0,1
T00588,P1071,2026-03-06,上午,C2,case,0,10.98,13.6,0,0
T00589,P0124,2026-03-06,下午,C1,case,0,16.79,7.68,0,0
T00590,P2597,2026-03-06,上午,C2,case,0,28.1,30.76,0,1
T00591,P1206,2026-03-06,上午,C1,case,0,44.67,,1,0
T00592,P1884,2026-03-06,上午,C2,case,1,38.08,15.96,0,1
T00593,P1605,2026-03-06,上午,C1,basic,0,6.77,9.2,0,1
T00594,P0026,2026-03-06,上午,C2,case,0,11.97,21.91,0,1
T00595,P0253,2026-03-06,上午,C1,case,0,17.66,6.08,0,1
T00596,P2548,2026-03-06,上午,C2,case,0,25.55,9.62,0,1
T00597,P2372,2026-03-06,下午,C1,case,0,14.62,8.18,0,1
T00598,P0980,2026-03-06,上午,C2,case,0,23.96,9.03,0,0
T00599,P1048,2026-03-06,下午,C1,basic,1,3.26,3.13,0,1
T00600,P2507,2026-03-06,下午,C2,basic,1,4.82,5.54,0,0
T00601,P0827,2026-03-09,上午,A1,basic,0,12.63,10.44,0,1
T00602,P2096,2026-03-09,上午,A2,case,0,38.53,,1,0
T00603,P1343,2026-03-09,上午,A1,case,1,12.98,10.49,0,1
T00604,P0581,2026-03-09,上午,A2,case,0,3.3,3.25,0,0
T00605,P0110,2026-03-09,上午,A1,case,1,12.36,6.98,0,1
T00606,P0373,2026-03-09,下午,A2,basic,1,1.26,3.97,0,1
T00607,P0995,2026-03-09,下午,A1,case,0,5.76,37.3,0,1
T00608,P1107,2026-03-09,上午,A2,case,0,29.48,,1,0
T00609,P1342,2026-03-09,下午,A1,basic,1,5.12,2.76,0,1
T00610,P1942,2026-03-09,下午,A2,case,1,6.71,5.14,0,1
T00611,P1123,2026-03-09,上午,A1,case,0,10.79,13.99,0,1
T00612,P2686,2026-03-09,上午,A2,case,1,12.01,4.55,0,1
T00613,P2513,2026-03-09,上午,A1,case,1,16.95,10.8,0,1
T00614,P1369,2026-03-09,上午,A2,basic,0,8.66,9.32,0,1
T00615,P0291,2026-03-09,上午,A1,case,1,7.27,32.97,0,0
T00616,P1989,2026-03-09,下午,A2,case,0,10.41,21.1,0,1
T00617,P0497,2026-03-09,上午,A1,case,0,28.88,8.03,0,0
T00618,P1844,2026-03-09,上午,A2,case,0,8.81,19.68,0,1
T00619,P1851,2026-03-09,下午,A1,case,0,10.52,11.66,0,1
T00620,P1114,2026-03-09,上午,A2,case,0,14.5,16.27,0,0
T00621,P0755,2026-03-09,下午,A1,basic,1,2.9,5.09,0,0
T00622,P1524,2026-03-09,上午,A2,basic,0,7.12,9.82,0,0
T00623,P2171,2026-03-09,上午,A1,case,1,35.01,16.82,0,1
T00624,P1616,2026-03-09,上午,A2,case,0,23.72,13.74,0,1
T00625,P0884,2026-03-09,上午,A1,case,0,12.74,6.52,0,1
T00626,P1051,2026-03-09,下午,A2,case,0,6.42,21.96,0,1
T00627,P2522,2026-03-09,上午,A1,case,0,32.58,16.51,0,1
T00628,P1906,2026-03-09,下午,A2,case,1,16.75,7.26,0,1
T00629,P2256,2026-03-09,上午,A1,basic,1,3.74,6.39,0,1
T00630,P2382,2026-03-09,上午,A2,case,0,25.17,10.96,0,1
T00631,P2063,2026-03-09,上午,A1,basic,1,2.24,2.93,0,1
T00632,P2370,2026-03-09,下午,A2,case,0,14.58,25.1,0,0
T00633,P2042,2026-03-09,下午,A1,basic,0,1.54,11.83,0,1
T00634,P0198,2026-03-09,上午,A2,basic,0,3.55,8.52,0,1
T00635,P1548,2026-03-09,上午,A1,case,0,24.02,8.52,0,1
T00636,P2522,2026-03-09,上午,A2,case,0,33.52,6.54,0,1
T00637,P2446,2026-03-09,上午,A1,case,0,21.95,21.38,0,0
T00638,P2422,2026-03-09,上午,A2,case,0,21.8,26.44,0,1
T00639,P0092,2026-03-09,上午,A1,case,0,8.52,5.82,0,1
T00640,P2374,2026-03-09,下午,A2,case,0,15.08,47.89,0,1
T00641,P1569,2026-03-09,下午,B1,case,0,15.01,36.93,0,1
T00642,P1173,2026-03-09,上午,B2,basic,0,9.5,3.77,0,0
T00643,P0987,2026-03-09,上午,B1,basic,0,9.67,5.97,0,1
T00644,P0294,2026-03-09,下午,B2,basic,1,1.93,8.78,0,1
T00645,P1856,2026-03-09,下午,B1,basic,0,8.07,5.8,0,0
T00646,P2595,2026-03-09,上午,B2,basic,0,3.17,4.4,0,0
T00647,P1024,2026-03-09,下午,B1,basic,0,3.61,5.27,0,1
T00648,P1341,2026-03-09,上午,B2,basic,1,2.92,8.55,0,1
T00649,P1675,2026-03-09,上午,B1,case,0,25.64,23.89,0,1
T00650,P2263,2026-03-09,下午,B2,basic,1,2.88,11.19,0,1
T00651,P1594,2026-03-09,上午,B1,basic,0,4.74,5.95,0,1
T00652,P2500,2026-03-09,下午,B2,basic,1,13.57,9.43,0,1
T00653,P2219,2026-03-09,上午,B1,case,0,17.08,13.74,0,0
T00654,P1312,2026-03-09,上午,B2,basic,1,6.82,6.68,0,1
T00655,P1725,2026-03-09,上午,B1,case,0,27.19,,1,0
T00656,P1950,2026-03-09,上午,B2,basic,1,4.72,4.89,0,1
T00657,P2477,2026-03-09,上午,B1,basic,1,8.37,1.03,0,0
T00658,P0381,2026-03-09,下午,B2,case,0,22.03,13.22,0,1
T00659,P0868,2026-03-09,下午,B1,basic,0,5.28,3.63,0,1
T00660,P0229,2026-03-09,上午,B2,basic,0,9.41,5.92,0,1
T00661,P0486,2026-03-09,上午,B1,basic,1,6.74,11.27,0,1
T00662,P2466,2026-03-09,上午,B2,basic,1,8.04,9.14,0,1
T00663,P2384,2026-03-09,上午,B1,case,1,18.44,20.24,0,1
T00664,P1093,2026-03-09,下午,B2,basic,0,7.39,4.11,0,1
T00665,P1681,2026-03-09,下午,B1,basic,0,6.9,1.44,0,1
T00666,P1490,2026-03-09,上午,B2,basic,0,3.87,5.02,0,1
T00667,P2587,2026-03-09,上午,B1,basic,1,4.68,3.71,0,1
T00668,P0022,2026-03-09,上午,B2,case,0,11.82,3.83,0,1
T00669,P2330,2026-03-09,上午,B1,basic,0,9.44,8.97,0,1
T00670,P0141,2026-03-09,上午,B2,basic,1,12.47,6.37,0,1
T00671,P2238,2026-03-09,上午,B1,basic,1,6.55,6.8,0,1
T00672,P2436,2026-03-09,上午,B2,case,0,13.52,14.91,0,0
T00673,P2103,2026-03-09,下午,B1,case,0,19.54,10.78,0,1
T00674,P0149,2026-03-09,下午,B2,basic,1,8.89,7.84,0,0
T00675,P1198,2026-03-09,上午,B1,basic,1,1.91,6.15,0,1
T00676,P2090,2026-03-09,下午,B2,basic,1,5.71,12.24,0,1
T00677,P1923,2026-03-09,上午,B1,basic,0,15.27,12.6,0,1
T00678,P1873,2026-03-09,上午,B2,basic,0,8.15,7.72,0,1
T00679,P1763,2026-03-09,上午,B1,case,0,8.81,11.33,0,1
T00680,P2028,2026-03-09,下午,B2,basic,1,6.48,13.48,0,1
T00681,P2692,2026-03-09,上午,C1,basic,0,5.65,4.93,0,1
T00682,P1152,2026-03-09,下午,C2,case,0,10.36,3.84,0,1
T00683,P2582,2026-03-09,下午,C1,basic,1,12.78,6.69,0,0
T00684,P2531,2026-03-09,上午,C2,basic,1,6.86,1.99,0,1
T00685,P2014,2026-03-09,上午,C1,basic,0,6.69,8.58,0,1
T00686,P1559,2026-03-09,上午,C2,basic,1,6.03,6.22,0,1
T00687,P1016,2026-03-09,上午,C1,basic,1,4.5,9.56,0,0
T00688,P0688,2026-03-09,上午,C2,case,0,10.29,10.52,0,1
T00689,P2325,2026-03-09,上午,C1,basic,1,2.21,18.77,0,1
T00690,P0270,2026-03-09,上午,C2,case,0,15.65,10.83,0,1
T00691,P1479,2026-03-09,下午,C1,case,1,8.58,21.82,0,1
T00692,P2587,2026-03-09,上午,C2,basic,0,7.18,14.28,0,1
T00693,P1160,2026-03-09,上午,C1,basic,0,4.1,11.46,0,1
T00694,P0314,2026-03-09,下午,C2,basic,0,23.1,12.67,0,1
T00695,P2280,2026-03-09,下午,C1,case,0,31.83,16.05,0,0
T00696,P0111,2026-03-09,上午,C2,basic,1,84.62,7.04,0,1
T00697,P2230,2026-03-09,上午,C1,basic,1,2.04,8.33,0,1
T00698,P1626,2026-03-09,上午,C2,case,0,18.22,9.45,0,0
T00699,P0101,2026-03-09,下午,C1,basic,0,8.85,10.07,0,1
T00700,P2158,2026-03-09,上午,C2,basic,0,9.23,1.74,0,1
T00701,P2454,2026-03-09,下午,C1,case,0,18.64,7.11,0,1
T00702,P1353,2026-03-09,上午,C2,case,1,35.41,15.92,0,0
T00703,P1100,2026-03-09,下午,C1,basic,0,5.28,8.92,0,1
T00704,P1298,2026-03-09,上午,C2,basic,1,10.86,6.94,0,1
T00705,P2675,2026-03-09,上午,C1,basic,0,5.68,12.44,0,1
T00706,P1709,2026-03-09,上午,C2,basic,0,4.19,7.6,0,1
T00707,P0626,2026-03-09,上午,C1,case,1,8.65,22.26,0,1
T00708,P1238,2026-03-09,上午,C2,case,1,54.56,,1,0
T00709,P1033,2026-03-09,上午,C1,case,0,15.49,7.61,0,1
T00710,P2507,2026-03-09,上午,C2,case,1,34.87,20.54,0,1
T00711,P1339,2026-03-09,下午,C1,case,0,11.51,18.05,0,0
T00712,P0565,2026-03-09,下午,C2,basic,0,3.37,6.51,0,1
T00713,P2351,2026-03-09,上午,C1,basic,1,49.8,1.16,0,1
T00714,P2353,2026-03-09,下午,C2,basic,0,3.21,7.71,0,1
T00715,P2357,2026-03-09,上午,C1,basic,0,19.89,2.86,0,0
T00716,P0220,2026-03-09,上午,C2,basic,0,6.93,7.25,0,1
T00717,P0521,2026-03-09,上午,C1,basic,1,5.25,1.9,0,1
T00718,P1856,2026-03-09,下午,C2,case,1,9.35,21.2,0,1
T00719,P1223,2026-03-09,上午,C1,case,0,9.58,34.16,0,0
T00720,P2598,2026-03-09,上午,C2,basic,1,12.15,8.74,0,0
T00721,P2181,2026-03-10,上午,A1,case,0,13.54,24.5,0,0
T00722,P1281,2026-03-10,上午,A2,case,0,14.85,8.19,0,1
T00723,P0094,2026-03-10,下午,A1,case,0,14.48,16.26,0,1
T00724,P1202,2026-03-10,上午,A2,case,0,8.63,7.7,0,1
T00725,P0309,2026-03-10,下午,A1,case,0,5.17,21.12,0,1
T00726,P1437,2026-03-10,下午,A2,basic,0,3.1,10.36,0,1
T00727,P1137,2026-03-10,上午,A1,case,1,6.06,24.47,0,1
T00728,P1618,2026-03-10,上午,A2,case,0,10.0,10.15,0,1
T00729,P2535,2026-03-10,下午,A1,case,0,3.39,12.83,0,1
T00730,P0840,2026-03-10,上午,A2,case,0,23.41,14.59,0,1
T00731,P1456,2026-03-10,上午,A1,case,0,10.27,13.16,0,1
T00732,P2615,2026-03-10,上午,A2,case,1,20.79,26.99,0,1
T00733,P1679,2026-03-10,上午,A1,case,1,7.45,2.93,0,1
T00734,P2638,2026-03-10,上午,A2,case,0,8.51,21.96,0,1
T00735,P0637,2026-03-10,上午,A1,basic,1,4.4,5.32,0,1
T00736,P0975,2026-03-10,上午,A2,basic,1,6.5,8.75,0,1
T00737,P2669,2026-03-10,下午,A1,basic,0,1.74,9.01,0,1
T00738,P0517,2026-03-10,下午,A2,case,0,10.75,9.47,0,0
T00739,P0232,2026-03-10,上午,A1,basic,1,2.09,8.39,0,1
T00740,P0532,2026-03-10,下午,A2,case,0,25.13,22.49,0,0
T00741,P0093,2026-03-10,上午,A1,basic,1,6.5,3.41,0,1
T00742,P1802,2026-03-10,下午,A2,case,0,7.93,14.82,0,1
T00743,P2569,2026-03-10,上午,A1,case,1,6.34,21.64,0,1
T00744,P0434,2026-03-10,上午,A2,basic,1,3.48,4.19,0,1
T00745,P2016,2026-03-10,上午,A1,basic,0,2.91,11.75,0,1
T00746,P1942,2026-03-10,上午,A2,case,0,20.54,13.8,0,0
T00747,P0120,2026-03-10,下午,A1,case,0,15.47,14.51,0,1
T00748,P1174,2026-03-10,上午,A2,case,0,9.77,9.9,0,1
T00749,P2043,2026-03-10,下午,A1,basic,1,1.8,13.92,0,1
T00750,P0359,2026-03-10,上午,A2,case,0,8.3,29.87,0,0
T00751,P0296,2026-03-10,下午,A1,case,0,9.12,13.78,0,1
T00752,P0184,2026-03-10,上午,A2,case,0,18.81,15.01,0,0
T00753,P1102,2026-03-10,下午,A1,case,1,8.36,7.8,0,1
T00754,P0416,2026-03-10,上午,A2,basic,1,11.25,13.69,0,1
T00755,P0521,2026-03-10,上午,A1,case,0,12.22,20.87,0,1
T00756,P2164,2026-03-10,下午,A2,basic,1,3.56,4.39,0,1
T00757,P2081,2026-03-10,下午,A1,case,0,6.5,7.27,0,1
T00758,P1138,2026-03-10,上午,A2,case,0,17.62,18.37,0,1
T00759,P1763,2026-03-10,下午,A1,basic,1,2.13,11.99,0,1
T00760,P1928,2026-03-10,上午,A2,case,1,6.11,18.39,0,1
T00761,P0299,2026-03-10,上午,B1,basic,0,86.48,12.21,0,1
T00762,P1936,2026-03-10,上午,B2,basic,1,8.54,7.21,0,1
T00763,P2673,2026-03-10,下午,B1,basic,1,4.07,4.32,0,1
T00764,P0045,2026-03-10,下午,B2,basic,1,5.31,10.42,0,1
T00765,P0616,2026-03-10,上午,B1,basic,0,10.62,6.94,0,1
T00766,P1463,2026-03-10,上午,B2,basic,0,39.76,,1,0
T00767,P0237,2026-03-10,下午,B1,case,0,18.74,3.77,0,0
T00768,P0155,2026-03-10,下午,B2,basic,1,3.16,4.7,0,1
T00769,P1626,2026-03-10,下午,B1,basic,1,2.66,8.46,0,1
T00770,P2437,2026-03-10,上午,B2,basic,1,3.77,6.33,0,1
T00771,P1136,2026-03-10,下午,B1,basic,0,9.16,1.99,0,0
T00772,P0483,2026-03-10,上午,B2,basic,0,5.49,2.08,0,1
T00773,P1923,2026-03-10,上午,B1,basic,1,10.1,10.04,0,1
T00774,P2063,2026-03-10,上午,B2,basic,0,9.33,5.17,0,1
T00775,P0540,2026-03-10,上午,B1,basic,0,8.15,2.18,0,1
T00776,P1326,2026-03-10,上午,B2,case,0,21.31,8.88,0,1
T00777,P0490,2026-03-10,下午,B1,basic,1,5.31,6.98,0,1
T00778,P1058,2026-03-10,上午,B2,case,0,57.5,32.27,0,1
T00779,P2293,2026-03-10,下午,B1,basic,1,8.81,2.27,0,1
T00780,P2104,2026-03-10,下午,B2,basic,1,3.15,16.34,0,1
T00781,P1669,2026-03-10,上午,B1,basic,0,12.56,0.94,0,1
T00782,P0485,2026-03-10,下午,B2,basic,1,1.89,14.27,0,1
T00783,P0016,2026-03-10,上午,B1,basic,1,4.88,7.63,0,1
T00784,P1462,2026-03-10,上午,B2,basic,1,8.36,1.21,0,1
T00785,P1962,2026-03-10,上午,B1,basic,0,5.06,7.66,0,1
T00786,P2088,2026-03-10,上午,B2,basic,1,12.15,5.03,0,1
T00787,P0772,2026-03-10,下午,B1,case,1,7.76,16.36,0,1
T00788,P2547,2026-03-10,上午,B2,basic,1,5.33,4.78,0,0
T00789,P1298,2026-03-10,上午,B1,basic,0,15.37,7.66,0,1
T00790,P1617,2026-03-10,上午,B2,case,0,18.53,36.4,0,1
T00791,P0471,2026-03-10,下午,B1,case,0,20.14,3.28,0,1
T00792,P2192,2026-03-10,上午,B2,basic,1,5.92,15.3,0,1
T00793,P0223,2026-03-10,上午,B1,basic,1,2.63,11.28,0,1
T00794,P0022,2026-03-10,上午,B2,basic,0,7.4,11.99,0,1
T00795,P2319,2026-03-10,上午,B1,basic,0,10.56,8.48,0,1
T00796,P0997,2026-03-10,上午,B2,case,0,16.05,22.84,0,1
T00797,P1538,2026-03-10,上午,B1,case,0,18.91,14.45,0,1
T00798,P2430,2026-03-10,上午,B2,basic,0,6.52,7.7,0,1
T00799,P2466,2026-03-10,下午,B1,basic,1,3.08,6.48,0,1
T00800,P1898,2026-03-10,上午,B2,case,0,10.59,7.67,0,1
T00801,P0962,2026-03-10,上午,C1,case,0,13.27,19.78,0,1
T00802,P1954,2026-03-10,上午,C2,basic,1,11.29,12.09,0,1
T00803,P1922,2026-03-10,下午,C1,basic,1,1.79,4.37,0,1
T00804,P0922,2026-03-10,上午,C2,case,0,16.93,4.8,0,0
T00805,P1420,2026-03-10,下午,C1,basic,0,4.17,7.71,0,1
T00806,P0721,2026-03-10,上午,C2,basic,1,7.9,8.95,0,0
T00807,P0423,2026-03-10,上午,C1,case,0,23.24,1.91,0,1
T00808,P1003,2026-03-10,上午,C2,case,0,16.58,24.03,0,0
T00809,P2263,2026-03-10,上午,C1,case,0,13.38,15.32,0,1
T00810,P2002,2026-03-10,下午,C2,basic,0,7.02,3.88,0,0
T00811,P1897,2026-03-10,上午,C1,basic,1,4.6,3.53,0,1
T00812,P0500,2026-03-10,下午,C2,case,0,20.27,8.22,0,0
T00813,P1252,2026-03-10,上午,C1,basic,0,26.44,,1,0
T00814,P2210,2026-03-10,上午,C2,basic,1,15.13,5.77,0,1
T00815,P2591,2026-03-10,上午,C1,case,0,45.29,18.49,0,0
T00816,P0743,2026-03-10,上午,C2,basic,1,10.61,8.3,0,1
T00817,P0663,2026-03-10,下午,C1,case,0,10.44,20.33,0,0
T00818,P1809,2026-03-10,上午,C2,case,0,50.82,11.47,0,1
T00819,P0511,2026-03-10,上午,C1,case,0,19.88,19.64,0,0
T00820,P0752,2026-03-10,下午,C2,basic,1,5.12,3.96,0,1
T00821,P1480,2026-03-10,上午,C1,basic,1,7.93,3.46,0,1
T00822,P0304,2026-03-10,下午,C2,case,0,7.37,5.95,0,0
T00823,P0678,2026-03-10,上午,C1,case,1,20.8,4.42,0,1
T00824,P2095,2026-03-10,下午,C2,basic,1,4.92,5.46,0,1
T00825,P0612,2026-03-10,上午,C1,case,0,17.87,5.73,0,1
T00826,P0894,2026-03-10,上午,C2,case,0,24.64,15.84,0,1
T00827,P0437,2026-03-10,上午,C1,basic,1,7.35,5.45,0,0
T00828,P2281,2026-03-10,下午,C2,case,0,14.68,37.16,0,1
T00829,P0001,2026-03-10,上午,C1,case,1,15.57,30.03,0,1
T00830,P2383,2026-03-10,上午,C2,case,0,31.09,26.32,0,1
T00831,P1087,2026-03-10,上午,C1,case,1,41.81,14.0,0,1
T00832,P0469,2026-03-10,下午,C2,basic,0,7.54,2.97,0,1
T00833,P1698,2026-03-10,上午,C1,case,0,13.03,14.85,0,0
T00834,P1139,2026-03-10,上午,C2,case,0,55.55,20.55,0,0
T00835,P1470,2026-03-10,下午,C1,basic,1,7.23,5.08,0,1
T00836,P0734,2026-03-10,上午,C2,case,1,8.3,14.61,0,1
T00837,P2180,2026-03-10,上午,C1,basic,1,51.79,1.67,0,1
T00838,P2630,2026-03-10,下午,C2,case,0,14.23,32.09,0,1
T00839,P1007,2026-03-10,上午,C1,case,0,13.3,11.22,0,1
T00840,P0086,2026-03-10,下午,C2,case,0,6.27,19.56,0,1
T00841,P0469,2026-03-11,下午,A1,case,1,5.79,6.53,0,1
T00842,P0731,2026-03-11,上午,A2,case,0,19.34,21.76,0,1
T00843,P0448,2026-03-11,上午,A1,case,0,12.16,28.34,0,1
T00844,P2452,2026-03-11,上午,A2,basic,0,6.37,7.61,0,1
T00845,P2234,2026-03-11,上午,A1,case,1,8.37,11.18,0,1
T00846,P2175,2026-03-11,下午,A2,case,0,4.73,11.96,0,0
T00847,P1409,2026-03-11,上午,A1,case,1,13.31,14.1,0,1
T00848,P2037,2026-03-11,下午,A2,case,0,2.92,27.44,0,1
T00849,P1793,2026-03-11,下午,A1,case,1,6.71,18.58,0,1
T00850,P2665,2026-03-11,下午,A2,basic,1,1.75,8.67,0,1
T00851,P2237,2026-03-11,上午,A1,basic,1,3.43,9.68,0,1
T00852,P1703,2026-03-11,上午,A2,case,0,25.76,40.67,0,1
T00853,P2103,2026-03-11,上午,A1,case,0,25.96,5.1,0,1
T00854,P2661,2026-03-11,下午,A2,case,0,7.13,19.29,0,1
T00855,P1184,2026-03-11,下午,A1,case,0,9.39,8.72,0,1
T00856,P1525,2026-03-11,上午,A2,basic,1,2.86,8.06,0,1
T00857,P0212,2026-03-11,下午,A1,case,0,77.23,22.3,0,1
T00858,P0849,2026-03-11,上午,A2,case,0,25.53,,1,0
T00859,P1592,2026-03-11,上午,A1,case,0,42.48,11.11,0,0
T00860,P2294,2026-03-11,上午,A2,case,0,21.99,19.4,0,0
T00861,P1527,2026-03-11,上午,A1,case,0,23.96,6.09,0,0
T00862,P2070,2026-03-11,上午,A2,case,1,8.32,2.07,0,1
T00863,P0279,2026-03-11,上午,A1,case,1,14.2,20.2,0,0
T00864,P0001,2026-03-11,下午,A2,case,0,5.52,27.38,0,1
T00865,P2443,2026-03-11,下午,A1,case,1,13.95,20.38,0,0
T00866,P1748,2026-03-11,上午,A2,case,0,14.14,15.7,0,0
T00867,P0545,2026-03-11,上午,A1,basic,0,3.9,14.56,0,1
T00868,P0537,2026-03-11,上午,A2,case,1,3.95,39.49,0,0
T00869,P1701,2026-03-11,上午,A1,case,0,6.29,1.83,0,1
T00870,P1612,2026-03-11,上午,A2,case,1,14.47,5.27,0,0
T00871,P0541,2026-03-11,上午,A1,case,1,4.6,27.33,0,0
T00872,P1910,2026-03-11,上午,A2,case,0,12.21,13.31,0,1
T00873,P1785,2026-03-11,上午,A1,case,0,36.55,7.46,0,0
T00874,P1996,2026-03-11,下午,A2,case,0,5.11,10.52,0,1
T00875,P0844,2026-03-11,上午,A1,case,1,39.86,,1,0
T00876,P1131,2026-03-11,上午,A2,case,0,8.8,18.84,0,0
T00877,P1878,2026-03-11,上午,A1,case,0,10.13,21.34,0,1
T00878,P0272,2026-03-11,上午,A2,case,0,8.55,20.87,0,0
T00879,P1648,2026-03-11,上午,A1,case,0,8.26,6.45,0,1
T00880,P0065,2026-03-11,下午,A2,case,0,2.79,32.86,0,1
T00881,P2598,2026-03-11,上午,B1,basic,1,5.91,9.15,0,1
T00882,P1611,2026-03-11,上午,B2,basic,0,14.42,3.09,0,1
T00883,P1237,2026-03-11,上午,B1,basic,0,8.15,4.35,0,1
T00884,P1656,2026-03-11,上午,B2,case,0,20.12,12.74,0,1
T00885,P1638,2026-03-11,下午,B1,case,0,75.4,,1,0
T00886,P1257,2026-03-11,上午,B2,basic,1,11.92,3.97,0,1
T00887,P1800,2026-03-11,下午,B1,case,0,31.62,8.99,0,1
T00888,P0037,2026-03-11,上午,B2,case,0,39.58,8.97,0,1
T00889,P2347,2026-03-11,上午,B1,basic,1,3.1,7.75,0,1
T00890,P1940,2026-03-11,上午,B2,basic,1,15.67,6.18,0,1
T00891,P2482,2026-03-11,上午,B1,basic,0,3.7,11.2,0,1
T00892,P1444,2026-03-11,下午,B2,basic,0,5.56,1.41,0,1
T00893,P2053,2026-03-11,下午,B1,basic,1,3.97,4.28,0,0
T00894,P2569,2026-03-11,上午,B2,basic,0,9.06,12.02,0,1
T00895,P1368,2026-03-11,上午,B1,basic,1,14.34,1.87,0,0
T00896,P2417,2026-03-11,上午,B2,case,0,10.32,19.83,0,1
T00897,P1751,2026-03-11,上午,B1,basic,1,6.95,16.06,0,1
T00898,P1389,2026-03-11,上午,B2,case,0,32.2,,1,0
T00899,P1415,2026-03-11,上午,B1,basic,0,5.83,12.14,0,1
T00900,P1326,2026-03-11,上午,B2,basic,0,15.15,3.03,0,1
T00901,P2678,2026-03-11,上午,B1,basic,0,2.71,4.04,0,1
T00902,P0916,2026-03-11,上午,B2,basic,1,3.64,2.32,0,1
T00903,P0593,2026-03-11,上午,B1,basic,1,7.39,5.58,0,1
T00904,P1652,2026-03-11,上午,B2,basic,1,6.47,5.5,0,1
T00905,P1101,2026-03-11,上午,B1,case,1,20.51,24.97,0,1
T00906,P1951,2026-03-11,上午,B2,basic,0,16.73,6.15,0,1
T00907,P1954,2026-03-11,上午,B1,basic,1,10.39,5.61,0,1
T00908,P0614,2026-03-11,上午,B2,basic,0,8.1,2.77,0,1
T00909,P0707,2026-03-11,上午,B1,basic,1,13.32,7.68,0,1
T00910,P0178,2026-03-11,下午,B2,basic,1,6.09,6.94,0,1
T00911,P0878,2026-03-11,上午,B1,basic,1,7.21,5.7,0,1
T00912,P1212,2026-03-11,下午,B2,case,0,25.37,,1,0
T00913,P0206,2026-03-11,上午,B1,case,0,20.24,9.38,0,1
T00914,P2074,2026-03-11,上午,B2,case,0,13.61,28.95,0,1
T00915,P1831,2026-03-11,上午,B1,case,0,8.7,23.55,0,1
T00916,P2183,2026-03-11,下午,B2,basic,1,5.35,6.62,0,1
T00917,P0431,2026-03-11,上午,B1,case,0,16.54,18.54,0,0
T00918,P1050,2026-03-11,上午,B2,basic,0,10.79,6.76,0,1
T00919,P1546,2026-03-11,下午,B1,basic,0,14.42,1.97,0,1
T00920,P2319,2026-03-11,上午,B2,basic,1,8.59,5.98,0,1
T00921,P2187,2026-03-11,上午,C1,case,1,18.11,9.48,0,1
T00922,P0522,2026-03-11,上午,C2,basic,0,3.13,8.04,0,1
T00923,P1423,2026-03-11,上午,C1,case,0,35.08,8.53,0,1
T00924,P2154,2026-03-11,上午,C2,case,1,22.61,9.55,0,1
T00925,P0221,2026-03-11,上午,C1,basic,0,9.69,12.13,0,1
T00926,P0039,2026-03-11,上午,C2,basic,1,11.93,6.83,0,1
T00927,P0014,2026-03-11,上午,C1,case,0,24.41,14.74,0,1
T00928,P0602,2026-03-11,上午,C2,case,0,22.27,62.22,0,1
T00929,P1064,2026-03-11,上午,C1,basic,0,4.86,2.81,0,1
T00930,P1842,2026-03-11,上午,C2,case,0,11.4,16.87,0,1
T00931,P1426,2026-03-11,上午,C1,case,0,26.15,4.12,0,1
T00932,P0206,2026-03-11,上午,C2,basic,1,4.7,4.78,0,1
T00933,P1366,2026-03-11,下午,C1,basic,1,13.18,3.43,0,0
T00934,P2538,2026-03-11,上午,C2,basic,1,84.44,,1,0
T00935,P0803,2026-03-11,下午,C1,basic,0,3.75,12.34,0,0
T00936,P1453,2026-03-11,下午,C2,basic,0,13.0,5.96,0,1
T00937,P1262,2026-03-11,上午,C1,case,0,24.1,36.12,0,1
T00938,P0201,2026-03-11,上午,C2,case,1,37.84,,1,0
T00939,P0445,2026-03-11,上午,C1,basic,0,4.42,13.81,0,1
T00940,P0538,2026-03-11,上午,C2,basic,1,1.12,6.28,0,1
T00941,P1777,2026-03-11,上午,C1,basic,0,7.78,13.92,0,1
T00942,P2574,2026-03-11,下午,C2,basic,1,4.57,1.25,0,1
T00943,P1519,2026-03-11,上午,C1,case,0,23.05,7.15,0,1
T00944,P1745,2026-03-11,上午,C2,case,0,144.52,15.69,0,1
T00945,P1358,2026-03-11,上午,C1,basic,1,2.7,5.52,0,1
T00946,P1832,2026-03-11,上午,C2,case,0,20.79,18.12,0,0
T00947,P1849,2026-03-11,下午,C1,basic,0,7.57,5.8,0,1
T00948,P2388,2026-03-11,下午,C2,basic,1,4.51,4.61,0,1
T00949,P1298,2026-03-11,上午,C1,case,0,21.69,12.58,0,1
T00950,P1538,2026-03-11,下午,C2,basic,1,43.91,,1,0
T00951,P0016,2026-03-11,上午,C1,case,1,17.89,15.46,0,1
T00952,P2105,2026-03-11,下午,C2,basic,1,5.26,11.88,0,1
T00953,P1729,2026-03-11,上午,C1,basic,1,3.65,7.06,0,0
T00954,P0323,2026-03-11,上午,C2,case,1,6.92,23.29,0,1
T00955,P0045,2026-03-11,上午,C1,case,0,15.57,10.24,0,0
T00956,P2166,2026-03-11,上午,C2,case,1,9.61,13.34,0,0
T00957,P1421,2026-03-11,下午,C1,basic,1,2.29,10.55,0,1
T00958,P0060,2026-03-11,上午,C2,case,0,11.67,20.94,0,1
T00959,P0178,2026-03-11,下午,C1,case,0,16.9,20.24,0,0
T00960,P2236,2026-03-11,下午,C2,case,0,16.64,10.84,0,1
T00961,P2648,2026-03-12,上午,A1,case,0,12.23,22.84,0,0
T00962,P2507,2026-03-12,上午,A2,basic,0,5.32,3.76,0,1
T00963,P1586,2026-03-12,上午,A1,case,0,11.05,14.05,0,1
T00964,P2678,2026-03-12,上午,A2,case,0,16.03,28.36,0,1
T00965,P2143,2026-03-12,上午,A1,case,0,7.01,18.7,0,1
T00966,P1884,2026-03-12,下午,A2,case,0,12.71,19.01,0,1
T00967,P0326,2026-03-12,下午,A1,case,1,9.28,6.45,0,0
T00968,P1520,2026-03-12,下午,A2,case,1,7.43,27.94,0,1
T00969,P1715,2026-03-12,下午,A1,basic,1,2.04,10.86,0,1
T00970,P1820,2026-03-12,上午,A2,case,0,48.71,11.47,0,1
T00971,P2449,2026-03-12,上午,A1,case,0,19.75,32.98,0,1
T00972,P0166,2026-03-12,下午,A2,case,0,8.49,30.43,0,0
T00973,P0243,2026-03-12,上午,A1,case,0,15.04,20.39,0,1
T00974,P2220,2026-03-12,上午,A2,case,1,4.74,22.0,0,1
T00975,P1509,2026-03-12,上午,A1,case,0,15.8,53.55,0,1
T00976,P0191,2026-03-12,上午,A2,case,1,10.16,23.47,0,0
T00977,P0607,2026-03-12,上午,A1,case,0,25.21,20.5,0,1
T00978,P1039,2026-03-12,上午,A2,case,1,17.82,20.42,0,1
T00979,P0305,2026-03-12,下午,A1,case,1,9.63,12.59,0,1
T00980,P2555,2026-03-12,上午,A2,case,0,17.46,12.54,0,0
T00981,P2351,2026-03-12,上午,A1,case,0,18.53,3.11,0,1
T00982,P1268,2026-03-12,上午,A2,case,1,5.59,14.44,0,1
T00983,P0113,2026-03-12,下午,A1,case,0,15.84,15.72,0,0
T00984,P2530,2026-03-12,上午,A2,basic,1,2.54,6.23,0,1
T00985,P1569,2026-03-12,上午,A1,case,0,16.41,12.97,0,1
T00986,P1499,2026-03-12,下午,A2,case,0,16.72,15.23,0,1
T00987,P0593,2026-03-12,上午,A1,case,0,4.77,12.67,0,1
T00988,P0850,2026-03-12,上午,A2,basic,1,5.91,1.51,0,1
T00989,P0611,2026-03-12,上午,A1,basic,1,2.11,11.71,0,1
T00990,P0725,2026-03-12,下午,A2,case,0,12.46,28.34,0,0
T00991,P2636,2026-03-12,下午,A1,basic,0,3.96,7.08,0,1
T00992,P1645,2026-03-12,上午,A2,case,0,13.66,7.35,0,1
T00993,P1702,2026-03-12,下午,A1,case,0,8.03,7.48,0,1
T00994,P0154,2026-03-12,上午,A2,case,0,20.63,20.45,0,0
T00995,P1322,2026-03-12,上午,A1,case,0,22.15,13.71,0,1
T00996,P1306,2026-03-12,下午,A2,basic,1,4.55,3.04,0,1
T00997,P1343,2026-03-12,上午,A1,case,0,12.9,19.06,0,1
T00998,P2174,2026-03-12,上午,A2,case,0,17.96,5.15,0,1
T00999,P2311,2026-03-12,上午,A1,case,1,4.6,12.97,0,1
T01000,P2435,2026-03-12,上午,A2,case,1,6.74,20.27,0,0
T01001,P1598,2026-03-12,上午,B1,basic,0,14.61,5.96,0,1
T01002,P1152,2026-03-12,上午,B2,basic,1,4.19,6.69,0,1
T01003,P0288,2026-03-12,上午,B1,basic,1,10.19,10.6,0,1
T01004,P0483,2026-03-12,下午,B2,basic,1,1.77,8.79,0,1
T01005,P1054,2026-03-12,下午,B1,basic,1,3.3,3.22,0,0
T01006,P0676,2026-03-12,上午,B2,basic,0,8.19,3.63,0,1
T01007,P2308,2026-03-12,上午,B1,case,0,25.28,14.6,0,1
T01008,P0109,2026-03-12,上午,B2,basic,1,8.95,3.62,0,1
T01009,P0619,2026-03-12,上午,B1,basic,1,6.61,6.89,0,0
T01010,P1598,2026-03-12,上午,B2,basic,0,4.73,2.75,0,0
T01011,P0845,2026-03-12,上午,B1,basic,0,9.89,10.53,0,1
T01012,P0302,2026-03-12,上午,B2,basic,1,6.4,13.31,0,1
T01013,P0344,2026-03-12,下午,B1,basic,1,3.58,14.67,0,1
T01014,P0658,2026-03-12,下午,B2,case,1,4.54,13.04,0,0
T01015,P1369,2026-03-12,下午,B1,basic,1,3.08,4.18,0,1
T01016,P0582,2026-03-12,上午,B2,basic,1,3.74,4.61,0,1
T01017,P0937,2026-03-12,上午,B1,case,0,28.44,36.18,0,1
T01018,P2089,2026-03-12,下午,B2,basic,0,8.7,5.84,0,1
T01019,P1724,2026-03-12,下午,B1,basic,1,2.81,7.1,0,1
T01020,P1572,2026-03-12,上午,B2,basic,0,21.35,5.53,0,1
T01021,P0989,2026-03-12,下午,B1,basic,0,3.84,5.89,0,0
T01022,P2463,2026-03-12,上午,B2,case,1,13.21,26.66,0,1
T01023,P0876,2026-03-12,下午,B1,basic,1,4.58,4.43,0,1
T01024,P2169,2026-03-12,上午,B2,basic,0,3.72,1.78,0,1
T01025,P2462,2026-03-12,上午,B1,basic,0,5.8,4.15,0,1
T01026,P0548,2026-03-12,上午,B2,basic,0,3.55,9.91,0,1
T01027,P1737,2026-03-12,下午,B1,case,0,14.97,24.61,0,0
T01028,P1904,2026-03-12,上午,B2,basic,0,3.5,7.96,0,1
T01029,P2664,2026-03-12,下午,B1,basic,0,3.13,5.46,0,1
T01030,P1371,2026-03-12,上午,B2,basic,1,4.25,1.55,0,1
T01031,P1601,2026-03-12,下午,B1,basic,1,47.7,5.69,0,1
T01032,P2497,2026-03-12,上午,B2,basic,1,14.39,3.57,0,1
T01033,P1890,2026-03-12,上午,B1,case,0,46.01,23.24,0,1
T01034,P1986,2026-03-12,上午,B2,basic,1,3.88,12.73,0,1
T01035,P1607,2026-03-12,上午,B1,case,0,11.34,17.16,0,0
T01036,P1527,2026-03-12,上午,B2,case,0,6.66,6.74,0,1
T01037,P2696,2026-03-12,上午,B1,basic,1,4.5,2.65,0,1
T01038,P1187,2026-03-12,下午,B2,basic,0,3.02,5.2,0,1
T01039,P1815,2026-03-12,上午,B1,basic,1,16.29,5.28,0,1
T01040,P0712,2026-03-12,上午,B2,basic,0,9.19,10.11,0,1
T01041,P0067,2026-03-12,下午,C1,case,0,13.49,23.61,0,1
T01042,P1372,2026-03-12,下午,C2,case,0,15.11,27.3,0,1
T01043,P2043,2026-03-12,上午,C1,case,0,38.91,17.24,0,1
T01044,P1797,2026-03-12,下午,C2,case,1,16.93,45.03,0,1
T01045,P1236,2026-03-12,下午,C1,case,0,18.47,11.71,0,1
T01046,P2607,2026-03-12,下午,C2,case,0,7.41,26.85,0,0
T01047,P0174,2026-03-12,下午,C1,case,0,73.56,5.6,0,1
T01048,P0762,2026-03-12,上午,C2,case,1,8.83,32.13,0,0
T01049,P0468,2026-03-12,下午,C1,case,0,18.29,13.03,0,0
T01050,P1729,2026-03-12,上午,C2,basic,1,3.21,6.42,0,1
T01051,P2202,2026-03-12,下午,C1,case,0,17.49,19.75,0,1
T01052,P1794,2026-03-12,上午,C2,basic,1,5.03,11.38,0,1
T01053,P2361,2026-03-12,下午,C1,case,1,5.86,5.1,0,0
T01054,P0184,2026-03-12,下午,C2,basic,1,6.59,7.11,0,0
T01055,P1108,2026-03-12,下午,C1,case,0,25.63,9.41,0,1
T01056,P0827,2026-03-12,上午,C2,basic,0,5.76,17.04,0,1
T01057,P0358,2026-03-12,下午,C1,basic,1,4.74,8.24,0,1
T01058,P1337,2026-03-12,上午,C2,case,1,15.78,34.49,0,1
T01059,P1592,2026-03-12,下午,C1,case,0,15.73,27.36,0,0
T01060,P2266,2026-03-12,下午,C2,basic,0,2.14,11.43,0,1
T01061,P2441,2026-03-12,上午,C1,basic,1,3.91,4.26,0,1
T01062,P2330,2026-03-12,下午,C2,basic,0,5.02,6.03,0,1
T01063,P1128,2026-03-12,上午,C1,case,1,8.28,61.97,0,0
T01064,P0260,2026-03-12,上午,C2,basic,1,8.13,1.98,0,1
T01065,P0963,2026-03-12,上午,C1,case,1,12.52,14.54,0,1
T01066,P2435,2026-03-12,上午,C2,basic,1,6.21,3.63,0,0
T01067,P1522,2026-03-12,上午,C1,case,0,20.77,11.53,0,1
T01068,P0028,2026-03-12,上午,C2,case,1,11.91,7.82,0,1
T01069,P1943,2026-03-12,上午,C1,basic,1,13.18,11.7,0,1
T01070,P1005,2026-03-12,下午,C2,basic,0,3.04,5.72,0,1
T01071,P1165,2026-03-12,下午,C1,basic,0,2.94,1.12,0,1
T01072,P2613,2026-03-12,上午,C2,basic,1,2.83,5.99,0,1
T01073,P0185,2026-03-12,上午,C1,basic,0,6.46,7.59,0,1
T01074,P0980,2026-03-12,下午,C2,basic,1,2.5,8.78,0,1
T01075,P1933,2026-03-12,上午,C1,basic,1,3.76,2.28,0,1
T01076,P1223,2026-03-12,下午,C2,case,0,29.17,27.89,0,1
T01077,P1894,2026-03-12,下午,C1,basic,0,6.1,6.13,0,1
T01078,P1600,2026-03-12,上午,C2,basic,1,3.94,14.33,0,1
T01079,P1453,2026-03-12,上午,C1,basic,0,5.84,22.12,0,0
T01080,P1554,2026-03-12,上午,C2,case,1,10.94,25.23,0,1
T01081,P2509,2026-03-13,上午,A1,case,0,9.75,16.72,0,1
T01082,P2141,2026-03-13,上午,A2,case,0,34.95,30.29,0,0
T01083,P0500,2026-03-13,上午,A1,basic,0,2.46,8.84,0,1
T01084,P1180,2026-03-13,上午,A2,basic,1,2.7,9.78,0,1
T01085,P0007,2026-03-13,上午,A1,case,1,25.67,,1,0
T01086,P0911,2026-03-13,上午,A2,case,0,11.53,8.49,0,0
T01087,P0847,2026-03-13,上午,A1,case,0,9.2,31.8,0,1
T01088,P1725,2026-03-13,下午,A2,case,0,10.78,15.98,0,0
T01089,P2265,2026-03-13,下午,A1,case,1,55.06,20.19,0,1
T01090,P1671,2026-03-13,上午,A2,case,0,13.54,8.27,0,0
T01091,P2168,2026-03-13,上午,A1,case,0,18.65,15.65,0,1
T01092,P2124,2026-03-13,上午,A2,case,0,12.5,17.7,0,1
T01093,P1877,2026-03-13,上午,A1,case,0,78.39,,1,0
T01094,P2454,2026-03-13,上午,A2,case,0,22.78,22.28,0,0
T01095,P1488,2026-03-13,下午,A1,case,0,27.05,7.69,0,1
T01096,P1249,2026-03-13,下午,A2,case,0,19.44,18.64,0,0
T01097,P1789,2026-03-13,上午,A1,case,0,12.4,12.22,0,0
T01098,P1698,2026-03-13,上午,A2,case,0,14.43,5.58,0,1
T01099,P0378,2026-03-13,上午,A1,basic,0,5.95,5.76,0,1
T01100,P1530,2026-03-13,上午,A2,basic,1,2.79,5.4,0,1
T01101,P0580,2026-03-13,下午,A1,case,0,13.13,18.52,0,1
T01102,P1718,2026-03-13,下午,A2,case,0,7.31,13.76,0,1
T01103,P2067,2026-03-13,下午,A1,case,0,4.62,39.29,0,1
T01104,P0113,2026-03-13,下午,A2,case,0,9.93,10.31,0,1
T01105,P1306,2026-03-13,上午,A1,case,0,7.21,8.68,0,1
T01106,P0892,2026-03-13,上午,A2,case,0,15.6,26.17,0,1
T01107,P1998,2026-03-13,上午,A1,case,0,15.47,19.63,0,1
T01108,P0210,2026-03-13,上午,A2,basic,1,3.1,6.9,0,1
T01109,P2616,2026-03-13,下午,A1,case,0,10.9,14.67,0,1
T01110,P2506,2026-03-13,下午,A2,basic,1,2.02,14.6,0,1
T01111,P1178,2026-03-13,下午,A1,case,1,27.39,7.12,0,0
T01112,P1431,2026-03-13,上午,A2,case,0,39.31,17.66,0,1
T01113,P1981,2026-03-13,下午,A1,case,0,7.84,24.82,0,1
T01114,P0602,2026-03-13,下午,A2,case,0,9.2,6.23,0,1
T01115,P0543,2026-03-13,上午,A1,case,1,5.6,18.73,0,1
T01116,P1138,2026-03-13,上午,A2,case,0,38.67,,1,0
T01117,P0580,2026-03-13,上午,A1,case,1,8.77,13.13,0,1
T01118,P0398,2026-03-13,上午,A2,basic,0,4.51,8.77,0,1
T01119,P2623,2026-03-13,下午,A1,case,0,7.29,22.0,0,1
T01120,P0236,2026-03-13,上午,A2,case,0,7.1,21.24,0,1
T01121,P0095,2026-03-13,下午,B1,basic,1,22.64,3.93,0,1
T01122,P0932,2026-03-13,上午,B2,basic,0,5.27,4.54,0,0
T01123,P0141,2026-03-13,下午,B1,basic,0,7.21,2.12,0,1
T01124,P0822,2026-03-13,上午,B2,case,0,41.6,4.39,0,0
T01125,P1297,2026-03-13,下午,B1,basic,1,5.09,6.2,0,0
T01126,P1978,2026-03-13,下午,B2,basic,0,18.12,3.5,0,1
T01127,P0812,2026-03-13,上午,B1,basic,1,6.29,5.42,0,0
T01128,P2651,2026-03-13,下午,B2,basic,0,52.27,5.63,0,1
T01129,P0177,2026-03-13,下午,B1,case,0,13.28,24.93,0,0
T01130,P1243,2026-03-13,上午,B2,case,1,24.63,23.92,0,1
T01131,P1708,2026-03-13,上午,B1,basic,1,56.01,2.58,0,1
T01132,P2471,2026-03-13,上午,B2,basic,0,5.92,2.75,0,1
T01133,P2675,2026-03-13,下午,B1,basic,0,5.32,5.28,0,1
T01134,P2030,2026-03-13,下午,B2,basic,1,73.54,9.55,0,1
T01135,P0139,2026-03-13,上午,B1,basic,1,7.25,7.31,0,0
T01136,P2355,2026-03-13,上午,B2,basic,0,13.81,1.77,0,1
T01137,P1377,2026-03-13,下午,B1,basic,1,6.15,11.7,0,0
T01138,P1246,2026-03-13,下午,B2,basic,0,8.73,11.96,0,1
T01139,P0723,2026-03-13,上午,B1,basic,1,4.51,7.89,0,1
T01140,P0920,2026-03-13,上午,B2,basic,1,11.08,14.63,0,0
T01141,P0777,2026-03-13,上午,B1,basic,1,11.31,5.9,0,1
T01142,P0175,2026-03-13,上午,B2,case,0,12.73,23.67,0,0
T01143,P0510,2026-03-13,上午,B1,basic,1,15.84,3.93,0,1
T01144,P0914,2026-03-13,上午,B2,basic,1,7.79,10.13,0,1
T01145,P2260,2026-03-13,上午,B1,basic,1,1.62,5.45,0,1
T01146,P1694,2026-03-13,上午,B2,basic,1,15.9,2.68,0,1
T01147,P1037,2026-03-13,上午,B1,basic,0,12.11,2.17,0,1
T01148,P1921,2026-03-13,上午,B2,basic,1,5.97,12.0,0,1
T01149,P0827,2026-03-13,上午,B1,basic,1,4.28,10.0,0,1
T01150,P1692,2026-03-13,下午,B2,case,0,13.47,11.14,0,1
T01151,P1303,2026-03-13,下午,B1,case,0,16.92,25.3,0,0
T01152,P2354,2026-03-13,上午,B2,basic,0,7.94,9.16,0,1
T01153,P1566,2026-03-13,上午,B1,basic,1,5.64,2.2,0,1
T01154,P2098,2026-03-13,上午,B2,case,0,21.68,10.1,0,1
T01155,P0341,2026-03-13,下午,B1,basic,1,9.26,8.18,0,1
T01156,P1497,2026-03-13,下午,B2,basic,1,12.23,4.03,0,1
T01157,P0471,2026-03-13,上午,B1,basic,0,9.22,8.48,0,1
T01158,P1953,2026-03-13,上午,B2,case,1,21.42,17.81,0,1
T01159,P2448,2026-03-13,上午,B1,basic,1,8.62,5.41,0,1
T01160,P0356,2026-03-13,上午,B2,basic,0,8.63,4.36,0,1
T01161,P1534,2026-03-13,上午,C1,basic,0,7.49,5.26,0,1
T01162,P0433,2026-03-13,下午,C2,case,0,9.29,12.3,0,0
T01163,P2124,2026-03-13,上午,C1,basic,0,8.06,5.42,0,1
T01164,P0694,2026-03-13,上午,C2,case,0,29.97,10.45,0,1
T01165,P1575,2026-03-13,上午,C1,basic,1,6.86,8.85,0,1
T01166,P0604,2026-03-13,下午,C2,basic,1,4.36,8.04,0,1
T01167,P2532,2026-03-13,上午,C1,basic,1,13.24,3.61,0,1
T01168,P1371,2026-03-13,下午,C2,basic,1,6.06,9.29,0,1
T01169,P2383,2026-03-13,下午,C1,basic,1,3.25,3.57,0,1
T01170,P1244,2026-03-13,下午,C2,case,0,25.65,33.26,0,1
T01171,P2066,2026-03-13,上午,C1,case,1,10.92,22.69,0,0
T01172,P1817,2026-03-13,下午,C2,case,0,17.32,15.41,0,0
T01173,P0783,2026-03-13,上午,C1,case,0,14.02,9.24,0,1
T01174,P1703,2026-03-13,上午,C2,case,0,21.1,16.86,0,0
T01175,P2490,2026-03-13,下午,C1,basic,1,5.38,5.78,0,1
T01176,P1143,2026-03-13,下午,C2,case,0,109.85,16.51,0,1
T01177,P1416,2026-03-13,上午,C1,basic,1,4.47,5.88,0,1
T01178,P0769,2026-03-13,下午,C2,case,1,50.06,9.59,0,0
T01179,P1189,2026-03-13,上午,C1,case,1,8.22,24.95,0,0
T01180,P2367,2026-03-13,上午,C2,basic,1,3.33,6.61,0,1
T01181,P2465,2026-03-13,下午,C1,basic,1,4.49,4.64,0,1
T01182,P0827,2026-03-13,下午,C2,basic,1,11.5,5.21,0,1
T01183,P0338,2026-03-13,上午,C1,basic,0,13.18,7.39,0,1
T01184,P0006,2026-03-13,下午,C2,basic,0,4.1,6.66,0,1
T01185,P2297,2026-03-13,下午,C1,basic,0,3.33,1.83,0,1
T01186,P1667,2026-03-13,上午,C2,case,1,15.54,9.38,0,0
T01187,P1743,2026-03-13,上午,C1,basic,1,9.76,9.31,0,1
T01188,P0935,2026-03-13,下午,C2,case,0,5.08,21.79,0,1
T01189,P1112,2026-03-13,下午,C1,basic,0,3.5,6.4,0,1
T01190,P0926,2026-03-13,下午,C2,case,0,10.33,11.75,0,0
T01191,P1826,2026-03-13,上午,C1,case,0,6.97,15.11,0,0
T01192,P1511,2026-03-13,下午,C2,basic,0,6.94,14.66,0,1
T01193,P0991,2026-03-13,上午,C1,basic,0,5.03,10.5,0,1
T01194,P2070,2026-03-13,下午,C2,case,0,69.94,6.32,0,0
T01195,P0684,2026-03-13,下午,C1,basic,0,4.49,10.43,0,1
T01196,P2306,2026-03-13,下午,C2,case,0,7.11,7.46,0,1
T01197,P0329,2026-03-13,上午,C1,basic,1,3.88,5.38,0,1
T01198,P0387,2026-03-13,下午,C2,basic,1,2.04,4.05,0,1
T01199,P0945,2026-03-13,下午,C1,case,0,12.07,13.42,0,1
T01200,P1200,2026-03-13,上午,C2,case,0,18.6,12.54,0,1
T01201,P0010,2026-03-16,上午,A1,case,0,12.4,5.85,0,0
T01202,P2491,2026-03-16,上午,A2,case,0,17.2,20.34,0,0
T01203,P2313,2026-03-16,上午,A1,case,0,23.38,17.89,0,1
T01204,P0505,2026-03-16,上午,A2,case,0,11.73,12.53,0,0
T01205,P2667,2026-03-16,上午,A1,case,0,21.01,13.05,0,0
T01206,P1177,2026-03-16,上午,A2,basic,1,7.26,5.08,0,1
T01207,P1783,2026-03-16,上午,A1,case,0,5.92,15.32,0,1
T01208,P2244,2026-03-16,上午,A2,basic,0,11.92,2.71,0,1
T01209,P1994,2026-03-16,上午,A1,case,0,18.09,16.89,0,1
T01210,P1539,2026-03-16,上午,A2,case,0,25.75,,1,0
T01211,P1127,2026-03-16,下午,A1,case,0,16.16,16.21,0,1
T01212,P0749,2026-03-16,上午,A2,case,0,10.8,33.73,0,1
T01213,P1175,2026-03-16,上午,A1,case,0,32.82,,1,0
T01214,P0437,2026-03-16,上午,A2,case,0,14.4,38.34,0,0
T01215,P1064,2026-03-16,上午,A1,basic,0,3.46,9.74,0,1
T01216,P0910,2026-03-16,上午,A2,case,0,57.07,15.12,0,0
T01217,P0392,2026-03-16,上午,A1,case,0,13.69,5.01,0,0
T01218,P2578,2026-03-16,上午,A2,case,0,13.64,19.95,0,1
T01219,P0889,2026-03-16,上午,A1,basic,1,6.18,4.21,0,1
T01220,P1121,2026-03-16,下午,A2,case,0,11.03,6.51,0,1
T01221,P2462,2026-03-16,下午,A1,case,0,24.19,22.61,0,1
T01222,P1136,2026-03-16,下午,A2,case,0,9.19,14.24,0,0
T01223,P0744,2026-03-16,上午,A1,case,1,10.27,12.98,0,1
T01224,P1264,2026-03-16,下午,A2,case,0,4.67,4.76,0,1
T01225,P1431,2026-03-16,上午,A1,case,1,11.0,23.68,0,1
T01226,P1325,2026-03-16,上午,A2,case,0,15.05,8.82,0,1
T01227,P2248,2026-03-16,下午,A1,case,0,9.34,19.43,0,1
T01228,P0223,2026-03-16,下午,A2,basic,0,2.9,6.19,0,1
T01229,P1527,2026-03-16,上午,A1,case,0,22.41,27.53,0,1
T01230,P0046,2026-03-16,上午,A2,case,1,16.68,27.24,0,1
T01231,P1938,2026-03-16,下午,A1,case,0,11.9,25.4,0,0
T01232,P1702,2026-03-16,上午,A2,basic,1,4.27,10.84,0,1
T01233,P1022,2026-03-16,上午,A1,case,0,17.39,17.55,0,0
T01234,P1630,2026-03-16,上午,A2,case,1,17.03,14.5,0,1
T01235,P0675,2026-03-16,上午,A1,case,0,15.07,12.73,0,0
T01236,P2538,2026-03-16,上午,A2,case,0,25.57,12.54,0,1
T01237,P2027,2026-03-16,下午,A1,case,0,15.88,9.67,0,0
T01238,P2073,2026-03-16,上午,A2,basic,0,3.67,14.59,0,1
T01239,P1010,2026-03-16,上午,A1,case,0,28.69,16.67,0,0
T01240,P2545,2026-03-16,上午,A2,case,0,46.56,17.31,0,1
T01241,P2480,2026-03-16,下午,B1,basic,1,3.0,1.77,0,1
T01242,P1479,2026-03-16,上午,B2,basic,0,8.78,7.05,0,0
T01243,P2064,2026-03-16,上午,B1,basic,0,11.67,11.98,0,1
T01244,P1783,2026-03-16,上午,B2,basic,1,8.03,12.58,0,1
T01245,P1230,2026-03-16,下午,B1,case,0,16.31,19.83,0,1
T01246,P1142,2026-03-16,下午,B2,basic,0,6.39,10.66,0,1
T01247,P1211,2026-03-16,上午,B1,case,1,8.59,24.87,0,1
T01248,P1493,2026-03-16,下午,B2,basic,0,11.86,6.43,0,0
T01249,P1052,2026-03-16,下午,B1,case,0,22.86,29.33,0,1
T01250,P1268,2026-03-16,上午,B2,case,1,12.86,28.36,0,0
T01251,P1875,2026-03-16,下午,B1,basic,0,13.05,1.96,0,1
T01252,P0169,2026-03-16,上午,B2,basic,0,17.49,3.56,0,1
T01253,P2255,2026-03-16,下午,B1,basic,1,5.22,15.72,0,1
T01254,P2513,2026-03-16,上午,B2,case,0,47.98,,1,0
T01255,P2688,2026-03-16,下午,B1,basic,0,5.57,8.16,0,1
T01256,P0197,2026-03-16,上午,B2,basic,1,8.01,11.23,0,1
T01257,P1217,2026-03-16,上午,B1,case,1,18.24,8.52,0,1
T01258,P1702,2026-03-16,下午,B2,basic,1,43.6,7.08,0,0
T01259,P0368,2026-03-16,下午,B1,basic,0,6.7,11.85,0,1
T01260,P2529,2026-03-16,下午,B2,basic,1,2.89,10.65,0,1
T01261,P2452,2026-03-16,上午,B1,basic,1,9.35,9.34,0,1
T01262,P1371,2026-03-16,上午,B2,basic,1,3.65,18.98,0,1
T01263,P1026,2026-03-16,上午,B1,case,0,45.9,47.91,0,1
T01264,P2523,2026-03-16,下午,B2,case,0,15.44,31.0,0,0
T01265,P1051,2026-03-16,上午,B1,basic,0,8.15,6.63,0,1
T01266,P1598,2026-03-16,上午,B2,basic,1,3.47,3.41,0,1
T01267,P2041,2026-03-16,上午,B1,basic,1,6.89,6.17,0,1
T01268,P1818,2026-03-16,下午,B2,basic,1,2.32,6.98,0,1
T01269,P0192,2026-03-16,下午,B1,basic,0,7.34,4.39,0,1
T01270,P1488,2026-03-16,上午,B2,basic,1,7.36,0.92,0,1
T01271,P1822,2026-03-16,下午,B1,basic,0,61.8,2.47,0,1
T01272,P2207,2026-03-16,上午,B2,basic,1,5.77,6.47,0,0
T01273,P2001,2026-03-16,下午,B1,basic,1,4.12,15.99,0,1
T01274,P1348,2026-03-16,上午,B2,basic,0,3.6,7.92,0,1
T01275,P2478,2026-03-16,上午,B1,basic,1,4.81,9.25,0,1
T01276,P2331,2026-03-16,上午,B2,basic,0,7.29,4.81,0,1
T01277,P2635,2026-03-16,下午,B1,basic,0,11.42,15.35,0,1
T01278,P1293,2026-03-16,上午,B2,basic,0,6.66,3.69,0,1
T01279,P2301,2026-03-16,下午,B1,case,0,5.06,16.17,0,1
T01280,P2443,2026-03-16,上午,B2,basic,1,14.29,11.33,0,1
T01281,P2147,2026-03-16,上午,C1,basic,0,2.65,10.21,0,1
T01282,P1236,2026-03-16,上午,C2,basic,1,5.45,3.78,0,1
T01283,P0419,2026-03-16,上午,C1,basic,1,9.27,5.45,0,1
T01284,P0327,2026-03-16,下午,C2,case,0,22.61,18.9,0,1
T01285,P2201,2026-03-16,上午,C1,case,0,15.39,10.36,0,0
T01286,P1542,2026-03-16,上午,C2,basic,0,10.98,2.01,0,1
T01287,P0388,2026-03-16,上午,C1,basic,0,9.56,4.36,0,1
T01288,P0651,2026-03-16,上午,C2,basic,1,11.1,5.12,0,0
T01289,P0782,2026-03-16,下午,C1,basic,0,6.26,3.43,0,0
T01290,P1346,2026-03-16,上午,C2,basic,1,2.81,4.32,0,1
T01291,P1497,2026-03-16,上午,C1,case,0,18.92,19.0,0,1
T01292,P0982,2026-03-16,下午,C2,basic,0,3.91,7.45,0,1
T01293,P2382,2026-03-16,上午,C1,basic,1,2.88,6.22,0,1
T01294,P1203,2026-03-16,上午,C2,case,1,22.27,9.66,0,1
T01295,P1225,2026-03-16,下午,C1,case,0,13.05,26.67,0,0
T01296,P1839,2026-03-16,上午,C2,basic,0,11.02,5.75,0,1
T01297,P2612,2026-03-16,下午,C1,basic,1,5.23,13.79,0,1
T01298,P1623,2026-03-16,上午,C2,basic,1,13.72,5.47,0,1
T01299,P2273,2026-03-16,下午,C1,case,1,14.41,30.65,0,1
T01300,P0525,2026-03-16,上午,C2,case,0,16.42,27.14,0,1
T01301,P1626,2026-03-16,上午,C1,basic,0,5.49,4.84,0,1
T01302,P1084,2026-03-16,上午,C2,basic,1,10.19,9.24,0,1
T01303,P2342,2026-03-16,上午,C1,basic,0,4.2,13.3,0,1
T01304,P2127,2026-03-16,上午,C2,basic,1,4.83,4.0,0,1
T01305,P0821,2026-03-16,下午,C1,basic,1,1.9,5.25,0,1
T01306,P1113,2026-03-16,上午,C2,basic,0,7.98,10.09,0,1
T01307,P0865,2026-03-16,上午,C1,case,1,15.29,30.31,0,1
T01308,P1458,2026-03-16,上午,C2,case,1,9.66,10.79,0,1
T01309,P1398,2026-03-16,上午,C1,case,0,16.76,18.16,0,1
T01310,P2268,2026-03-16,下午,C2,case,0,8.5,11.69,0,1
T01311,P1926,2026-03-16,上午,C1,case,1,6.47,3.12,0,1
T01312,P1999,2026-03-16,下午,C2,case,0,16.24,14.26,0,1
T01313,P2677,2026-03-16,下午,C1,case,0,12.2,9.59,0,0
T01314,P0314,2026-03-16,下午,C2,basic,1,3.05,13.79,0,1
T01315,P0095,2026-03-16,下午,C1,basic,1,5.91,5.99,0,1
T01316,P1912,2026-03-16,下午,C2,basic,1,65.14,8.38,0,1
T01317,P1343,2026-03-16,下午,C1,basic,0,2.85,12.05,0,1
T01318,P1701,2026-03-16,上午,C2,basic,1,4.32,6.63,0,0
T01319,P1275,2026-03-16,下午,C1,basic,0,3.43,8.82,0,1
T01320,P1782,2026-03-16,下午,C2,case,0,9.41,17.26,0,1
T01321,P1470,2026-03-17,上午,A1,case,0,27.08,5.55,0,1
T01322,P1994,2026-03-17,下午,A2,basic,0,3.94,3.26,0,1
T01323,P1266,2026-03-17,下午,A1,case,1,2.81,7.15,0,0
T01324,P0940,2026-03-17,上午,A2,case,1,15.17,23.31,0,0
T01325,P0657,2026-03-17,上午,A1,case,0,52.05,14.08,0,1
T01326,P2459,2026-03-17,下午,A2,case,0,6.33,34.84,0,1
T01327,P1626,2026-03-17,上午,A1,case,1,9.45,27.45,0,0
T01328,P1753,2026-03-17,下午,A2,case,0,20.08,9.32,0,1
T01329,P2250,2026-03-17,上午,A1,case,1,16.24,18.33,0,0
T01330,P0876,2026-03-17,下午,A2,basic,0,58.92,6.6,0,1
T01331,P0527,2026-03-17,下午,A1,case,0,7.8,5.28,0,1
T01332,P2141,2026-03-17,上午,A2,case,0,10.76,31.67,0,0
T01333,P2103,2026-03-17,上午,A1,case,0,17.62,4.04,0,1
T01334,P0297,2026-03-17,下午,A2,case,0,15.89,19.69,0,1
T01335,P1985,2026-03-17,下午,A1,case,0,28.48,8.13,0,1
T01336,P1723,2026-03-17,上午,A2,case,0,19.41,16.57,0,1
T01337,P2111,2026-03-17,上午,A1,case,0,42.91,12.59,0,1
T01338,P1423,2026-03-17,下午,A2,case,0,11.73,59.37,0,1
T01339,P1113,2026-03-17,下午,A1,case,0,11.59,15.16,0,1
T01340,P1789,2026-03-17,上午,A2,case,0,18.85,23.1,0,0
T01341,P0250,2026-03-17,上午,A1,case,0,20.18,18.73,0,1
T01342,P0105,2026-03-17,下午,A2,case,0,27.53,9.37,0,0
T01343,P1317,2026-03-17,上午,A1,basic,1,11.27,5.34,0,1
T01344,P2336,2026-03-17,上午,A2,case,1,73.3,,1,0
T01345,P1423,2026-03-17,上午,A1,case,0,9.36,21.41,0,1
T01346,P1229,2026-03-17,上午,A2,case,1,10.62,21.37,0,1
T01347,P1726,2026-03-17,上午,A1,case,0,13.14,14.98,0,1
T01348,P0953,2026-03-17,下午,A2,basic,0,4.29,9.08,0,1
T01349,P2089,2026-03-17,上午,A1,case,0,9.88,29.32,0,1
T01350,P1431,2026-03-17,下午,A2,case,0,13.71,17.04,0,1
T01351,P0647,2026-03-17,下午,A1,case,0,10.15,13.37,0,1
T01352,P0538,2026-03-17,上午,A2,case,0,10.25,28.43,0,1
T01353,P2612,2026-03-17,上午,A1,case,0,22.59,23.93,0,1
T01354,P1197,2026-03-17,上午,A2,case,1,7.11,12.31,0,1
T01355,P0850,2026-03-17,上午,A1,basic,1,7.22,6.71,0,1
T01356,P2633,2026-03-17,上午,A2,case,0,21.83,11.41,0,0
T01357,P0488,2026-03-17,下午,A1,case,1,7.74,13.9,0,1
T01358,P2146,2026-03-17,下午,A2,basic,1,3.61,8.63,0,1
T01359,P0108,2026-03-17,下午,A1,case,1,9.39,23.2,0,1
T01360,P2208,2026-03-17,上午,A2,case,1,4.46,11.68,0,1
T01361,P2487,2026-03-17,上午,B1,case,0,25.56,8.7,0,1
T01362,P0294,2026-03-17,下午,B2,basic,1,4.4,8.11,0,1
T01363,P0703,2026-03-17,下午,B1,basic,1,13.68,6.57,0,1
T01364,P0483,2026-03-17,下午,B2,basic,0,12.63,11.49,0,0
T01365,P1003,2026-03-17,上午,B1,basic,1,5.63,4.26,0,1
T01366,P2137,2026-03-17,上午,B2,case,0,22.44,12.21,0,0
T01367,P1103,2026-03-17,上午,B1,basic,0,76.99,2.72,0,1
T01368,P0099,2026-03-17,下午,B2,basic,1,7.15,11.17,0,1
T01369,P0983,2026-03-17,下午,B1,basic,1,85.19,9.63,0,1
T01370,P1035,2026-03-17,上午,B2,basic,0,3.93,1.46,0,1
T01371,P1624,2026-03-17,上午,B1,basic,1,5.98,6.84,0,1
T01372,P1149,2026-03-17,上午,B2,basic,0,6.02,6.58,0,1
T01373,P0773,2026-03-17,上午,B1,case,0,14.9,10.18,0,1
T01374,P2602,2026-03-17,上午,B2,case,1,27.29,12.57,0,0
T01375,P0452,2026-03-17,上午,B1,case,1,10.49,4.87,0,1
T01376,P0611,2026-03-17,上午,B2,case,1,28.33,10.55,0,1
T01377,P1997,2026-03-17,上午,B1,basic,0,9.31,12.67,0,0
T01378,P2630,2026-03-17,上午,B2,basic,1,22.88,26.29,0,1
T01379,P1292,2026-03-17,上午,B1,basic,1,3.52,3.04,0,1
T01380,P0634,2026-03-17,下午,B2,basic,1,2.9,6.75,0,1
T01381,P1830,2026-03-17,上午,B1,basic,0,14.52,3.35,0,1
T01382,P1119,2026-03-17,上午,B2,case,0,25.95,8.37,0,1
T01383,P0736,2026-03-17,上午,B1,case,0,18.94,15.67,0,1
T01384,P1150,2026-03-17,上午,B2,basic,1,4.8,11.52,0,0
T01385,P1736,2026-03-17,上午,B1,case,0,28.67,9.12,0,1
T01386,P1327,2026-03-17,上午,B2,basic,1,2.09,12.15,0,0
T01387,P0575,2026-03-17,下午,B1,basic,1,4.06,11.17,0,1
T01388,P0818,2026-03-17,上午,B2,basic,0,9.73,7.69,0,1
T01389,P1231,2026-03-17,上午,B1,basic,0,5.56,3.77,0,1
T01390,P0530,2026-03-17,上午,B2,basic,1,5.78,13.94,0,1
T01391,P2383,2026-03-17,上午,B1,basic,0,16.79,7.14,0,1
T01392,P0617,2026-03-17,上午,B2,basic,0,5.58,8.59,0,1
T01393,P0755,2026-03-17,上午,B1,basic,1,2.76,2.85,0,1
T01394,P0413,2026-03-17,上午,B2,case,0,18.77,41.65,0,1
T01395,P2469,2026-03-17,上午,B1,basic,1,7.17,8.17,0,1
T01396,P2509,2026-03-17,上午,B2,basic,1,6.72,6.2,0,1
T01397,P1501,2026-03-17,上午,B1,basic,0,5.26,10.21,0,1
T01398,P1921,2026-03-17,下午,B2,basic,0,2.57,3.96,0,1
T01399,P1771,2026-03-17,下午,B1,basic,0,3.9,2.38,0,1
T01400,P0680,2026-03-17,上午,B2,basic,1,37.85,6.09,0,1
T01401,P1601,2026-03-17,上午,C1,case,0,13.85,16.73,0,0
T01402,P1647,2026-03-17,下午,C2,case,0,11.15,35.89,0,1
T01403,P2613,2026-03-17,上午,C1,basic,1,3.85,4.05,0,1
T01404,P2018,2026-03-17,下午,C2,basic,1,1.62,5.13,0,1
T01405,P1024,2026-03-17,上午,C1,case,1,12.5,10.8,0,1
T01406,P0097,2026-03-17,下午,C2,basic,1,3.71,2.97,0,1
T01407,P1727,2026-03-17,下午,C1,basic,1,2.7,6.36,0,1
T01408,P1702,2026-03-17,下午,C2,case,0,22.44,17.74,0,1
T01409,P1683,2026-03-17,上午,C1,case,0,19.08,23.95,0,1
T01410,P0608,2026-03-17,上午,C2,case,1,23.36,11.38,0,1
T01411,P0169,2026-03-17,上午,C1,basic,1,2.59,4.64,0,1
T01412,P2021,2026-03-17,上午,C2,basic,0,4.68,5.61,0,1
T01413,P2163,2026-03-17,上午,C1,basic,0,3.38,6.75,0,1
T01414,P0438,2026-03-17,下午,C2,basic,1,10.75,3.66,0,1
T01415,P1442,2026-03-17,下午,C1,basic,1,2.73,5.42,0,0
T01416,P1678,2026-03-17,上午,C2,basic,0,5.88,9.22,0,1
T01417,P1654,2026-03-17,上午,C1,basic,1,6.29,2.21,0,1
T01418,P1111,2026-03-17,上午,C2,basic,0,4.75,2.02,0,1
T01419,P1937,2026-03-17,下午,C1,basic,1,3.07,9.69,0,1
T01420,P0829,2026-03-17,下午,C2,case,0,28.86,11.15,0,1
T01421,P2275,2026-03-17,下午,C1,case,0,11.62,32.22,0,1
T01422,P1544,2026-03-17,下午,C2,case,1,6.73,20.82,0,1
T01423,P1694,2026-03-17,上午,C1,case,1,23.17,11.08,0,1
T01424,P1099,2026-03-17,上午,C2,basic,1,5.69,8.72,0,1
T01425,P2454,2026-03-17,上午,C1,case,0,19.6,10.7,0,0
T01426,P1158,2026-03-17,下午,C2,basic,0,9.84,3.46,0,1
T01427,P2283,2026-03-17,上午,C1,basic,0,12.94,8.81,0,1
T01428,P2595,2026-03-17,上午,C2,case,0,8.1,2.82,0,0
T01429,P1911,2026-03-17,下午,C1,basic,0,2.04,6.61,0,1
T01430,P1931,2026-03-17,下午,C2,case,0,9.34,22.87,0,1
T01431,P2401,2026-03-17,下午,C1,basic,1,1.65,11.68,0,1
T01432,P0914,2026-03-17,下午,C2,basic,1,4.71,6.39,0,1
T01433,P1953,2026-03-17,上午,C1,basic,0,8.85,9.46,0,1
T01434,P0822,2026-03-17,上午,C2,basic,1,5.51,5.61,0,1
T01435,P1041,2026-03-17,上午,C1,case,0,14.73,23.07,0,1
T01436,P0948,2026-03-17,下午,C2,case,0,8.88,12.97,0,1
T01437,P0735,2026-03-17,下午,C1,basic,1,1.06,10.23,0,1
T01438,P0734,2026-03-17,上午,C2,case,0,20.61,26.06,0,1
T01439,P2160,2026-03-17,下午,C1,basic,0,7.22,3.28,0,1
T01440,P0487,2026-03-17,下午,C2,case,1,17.53,9.34,0,0
T01441,P2466,2026-03-18,下午,A1,case,0,10.47,10.46,0,1
T01442,P2595,2026-03-18,上午,A2,basic,0,4.05,2.61,0,1
T01443,P0277,2026-03-18,下午,A1,case,0,3.68,5.58,0,1
T01444,P1318,2026-03-18,下午,A2,case,0,7.09,7.39,0,1
T01445,P2339,2026-03-18,下午,A1,case,0,6.14,12.8,0,1
T01446,P0535,2026-03-18,上午,A2,case,0,17.04,8.38,0,0
T01447,P0855,2026-03-18,上午,A1,basic,1,7.16,6.85,0,0
T01448,P1951,2026-03-18,上午,A2,case,0,7.43,22.57,0,1
T01449,P1030,2026-03-18,下午,A1,case,1,10.86,9.48,0,1
T01450,P1243,2026-03-18,上午,A2,case,0,18.18,18.6,0,1
T01451,P1121,2026-03-18,上午,A1,case,0,7.15,24.72,0,1
T01452,P2300,2026-03-18,下午,A2,basic,1,4.09,6.11,0,1
T01453,P0913,2026-03-18,下午,A1,case,0,6.34,8.64,0,1
T01454,P1371,2026-03-18,下午,A2,case,1,7.84,11.54,0,1
T01455,P2040,2026-03-18,上午,A1,case,0,10.79,13.83,0,1
T01456,P2556,2026-03-18,上午,A2,basic,0,9.15,4.69,0,1
T01457,P1631,2026-03-18,上午,A1,case,0,16.48,3.54,0,1
T01458,P1023,2026-03-18,上午,A2,case,0,26.51,21.34,0,0
T01459,P1613,2026-03-18,上午,A1,case,0,21.26,4.8,0,1
T01460,P1173,2026-03-18,下午,A2,basic,0,3.1,14.66,0,1
T01461,P1766,2026-03-18,下午,A1,case,1,11.05,12.18,0,1
T01462,P0185,2026-03-18,上午,A2,case,0,9.03,11.69,0,0
T01463,P2158,2026-03-18,上午,A1,case,0,2.87,30.32,0,1
T01464,P0620,2026-03-18,下午,A2,case,0,35.62,,1,0
T01465,P0260,2026-03-18,上午,A1,case,1,9.76,2.5,0,1
T01466,P2186,2026-03-18,上午,A2,case,1,15.58,50.67,0,1
T01467,P1933,2026-03-18,下午,A1,basic,0,2.58,7.89,0,1
T01468,P0873,2026-03-18,上午,A2,case,0,4.19,11.66,0,1
T01469,P2515,2026-03-18,上午,A1,case,0,21.79,24.82,0,1
T01470,P2387,2026-03-18,上午,A2,case,1,6.14,3.15,0,1
T01471,P0842,2026-03-18,上午,A1,case,0,14.66,14.84,0,1
T01472,P0512,2026-03-18,上午,A2,case,0,21.41,13.77,0,0
T01473,P2412,2026-03-18,上午,A1,case,1,18.11,7.16,0,0
T01474,P0105,2026-03-18,上午,A2,case,0,19.76,17.69,0,1
T01475,P2524,2026-03-18,下午,A1,case,0,11.27,4.99,0,0
T01476,P0415,2026-03-18,下午,A2,case,0,15.58,33.96,0,1
T01477,P1804,2026-03-18,下午,A1,case,0,6.11,10.92,0,0
T01478,P0291,2026-03-18,上午,A2,case,0,12.82,17.33,0,0
T01479,P1772,2026-03-18,上午,A1,basic,1,3.51,5.35,0,1
T01480,P0836,2026-03-18,上午,A2,case,0,41.97,12.11,0,1
T01481,P1255,2026-03-18,上午,B1,case,1,8.08,9.59,0,1
T01482,P0805,2026-03-18,下午,B2,case,0,8.55,29.99,0,1
T01483,P0033,2026-03-18,上午,B1,basic,0,7.09,5.34,0,1
T01484,P0520,2026-03-18,上午,B2,basic,1,11.92,9.06,0,1
T01485,P0559,2026-03-18,上午,B1,basic,0,7.75,3.6,0,1
T01486,P2217,2026-03-18,下午,B2,basic,1,4.96,3.19,0,1
T01487,P0334,2026-03-18,上午,B1,case,0,19.51,32.59,0,1
T01488,P1352,2026-03-18,下午,B2,basic,1,4.76,6.13,0,1
T01489,P0523,2026-03-18,下午,B1,basic,1,1.84,7.08,0,1
T01490,P0041,2026-03-18,下午,B2,basic,0,5.88,10.95,0,1
T01491,P2060,2026-03-18,上午,B1,basic,1,12.0,11.64,0,1
T01492,P2559,2026-03-18,上午,B2,basic,1,12.43,1.97,0,1
T01493,P1592,2026-03-18,上午,B1,basic,1,4.05,2.87,0,1
T01494,P1338,2026-03-18,下午,B2,basic,1,2.84,4.57,0,1
T01495,P2502,2026-03-18,上午,B1,basic,0,7.91,7.18,0,1
T01496,P2033,2026-03-18,上午,B2,basic,1,10.66,1.88,0,1
T01497,P0078,2026-03-18,上午,B1,basic,1,10.84,2.35,0,1
T01498,P0168,2026-03-18,上午,B2,basic,0,13.52,14.51,0,1
T01499,P0782,2026-03-18,上午,B1,basic,1,4.71,12.51,0,1
T01500,P0016,2026-03-18,下午,B2,basic,1,4.31,4.48,0,1
T01501,P2351,2026-03-18,上午,B1,case,0,10.92,6.65,0,0
T01502,P0199,2026-03-18,上午,B2,basic,0,7.13,6.44,0,1
T01503,P0638,2026-03-18,上午,B1,case,0,19.79,16.81,0,1
T01504,P1834,2026-03-18,上午,B2,case,1,34.1,,1,0
T01505,P1532,2026-03-18,上午,B1,basic,1,6.59,16.26,0,1
T01506,P2537,2026-03-18,上午,B2,case,1,14.47,26.6,0,1
T01507,P2197,2026-03-18,上午,B1,case,0,22.2,34.76,0,1
T01508,P1550,2026-03-18,上午,B2,basic,0,94.11,,1,0
T01509,P2555,2026-03-18,上午,B1,basic,1,5.33,12.14,0,1
T01510,P0730,2026-03-18,下午,B2,case,1,29.79,15.36,0,1
T01511,P2378,2026-03-18,下午,B1,basic,1,7.83,8.27,0,1
T01512,P2494,2026-03-18,上午,B2,basic,1,4.99,16.35,0,1
T01513,P2141,2026-03-18,上午,B1,case,1,7.8,15.34,0,0
T01514,P2219,2026-03-18,下午,B2,basic,1,3.48,2.41,0,0
T01515,P0986,2026-03-18,上午,B1,basic,1,3.72,8.93,0,1
T01516,P1061,2026-03-18,上午,B2,basic,1,10.25,7.42,0,1
T01517,P2325,2026-03-18,上午,B1,case,0,25.67,31.54,0,0
T01518,P1357,2026-03-18,上午,B2,basic,1,3.17,8.55,0,1
T01519,P0357,2026-03-18,下午,B1,basic,1,6.03,1.69,0,1
T01520,P0172,2026-03-18,下午,B2,basic,1,1.38,6.85,0,1
T01521,P1375,2026-03-18,下午,C1,case,0,15.91,24.03,0,1
T01522,P0658,2026-03-18,上午,C2,case,0,34.48,12.94,0,0
T01523,P0756,2026-03-18,下午,C1,case,0,6.55,19.26,0,0
T01524,P0588,2026-03-18,下午,C2,case,0,32.28,20.56,0,1
T01525,P1589,2026-03-18,下午,C1,basic,0,4.79,3.99,0,1
T01526,P2135,2026-03-18,下午,C2,basic,0,5.89,1.3,0,1
T01527,P2136,2026-03-18,上午,C1,basic,0,6.22,14.39,0,1
T01528,P0201,2026-03-18,下午,C2,case,0,30.55,8.48,0,1
T01529,P0889,2026-03-18,上午,C1,basic,0,5.01,6.37,0,1
T01530,P1777,2026-03-18,上午,C2,basic,1,2.24,9.39,0,0
T01531,P1349,2026-03-18,下午,C1,basic,1,3.13,6.91,0,0
T01532,P0431,2026-03-18,上午,C2,case,0,25.3,,1,0
T01533,P0581,2026-03-18,上午,C1,basic,0,3.61,5.21,0,1
T01534,P1593,2026-03-18,下午,C2,basic,1,2.46,13.3,0,1
T01535,P0718,2026-03-18,下午,C1,basic,0,6.4,5.22,0,1
T01536,P2399,2026-03-18,下午,C2,case,0,15.04,5.82,0,1
T01537,P2267,2026-03-18,下午,C1,case,1,35.54,,1,0
T01538,P2176,2026-03-18,上午,C2,basic,0,6.52,7.86,0,1
T01539,P1082,2026-03-18,下午,C1,basic,1,2.35,6.8,0,1
T01540,P0990,2026-03-18,上午,C2,case,0,13.97,12.75,0,1
T01541,P0588,2026-03-18,下午,C1,basic,1,2.63,3.59,0,1
T01542,P1569,2026-03-18,下午,C2,case,0,25.84,56.31,0,1
T01543,P1076,2026-03-18,上午,C1,basic,1,5.6,2.76,0,1
T01544,P1042,2026-03-18,上午,C2,basic,1,8.29,8.54,0,1
T01545,P0176,2026-03-18,下午,C1,case,0,16.26,12.36,0,1
T01546,P2316,2026-03-18,下午,C2,case,0,5.84,3.34,0,1
T01547,P2251,2026-03-18,下午,C1,basic,0,6.02,5.95,0,1
T01548,P1395,2026-03-18,下午,C2,case,0,35.59,,1,0
T01549,P1845,2026-03-18,下午,C1,basic,0,3.74,4.08,0,1
T01550,P2376,2026-03-18,上午,C2,basic,1,22.95,6.78,0,1
T01551,P0738,2026-03-18,上午,C1,case,0,24.15,4.74,0,1
T01552,P1112,2026-03-18,上午,C2,basic,1,1.74,6.53,0,0
T01553,P2564,2026-03-18,上午,C1,case,0,11.86,19.06,0,1
T01554,P1322,2026-03-18,上午,C2,basic,0,8.25,5.81,0,1
T01555,P1528,2026-03-18,上午,C1,case,1,9.94,15.0,0,1
T01556,P2057,2026-03-18,上午,C2,basic,1,11.44,6.5,0,1
T01557,P2449,2026-03-18,上午,C1,case,0,20.96,13.13,0,1
T01558,P0281,2026-03-18,上午,C2,case,0,15.37,38.6,0,1
T01559,P2547,2026-03-18,下午,C1,case,0,23.0,6.93,0,1
T01560,P1193,2026-03-18,上午,C2,basic,0,14.68,20.33,0,1
T01561,P1379,2026-03-19,下午,A1,case,0,16.05,8.27,0,1
T01562,P2057,2026-03-19,下午,A2,case,0,13.74,12.23,0,1
T01563,P1857,2026-03-19,下午,A1,basic,0,2.28,12.27,0,0
T01564,P1696,2026-03-19,上午,A2,case,0,13.46,15.21,0,1
T01565,P1757,2026-03-19,上午,A1,case,0,28.74,10.92,0,1
T01566,P1669,2026-03-19,上午,A2,case,0,10.53,6.46,0,1
T01567,P0040,2026-03-19,下午,A1,case,0,7.6,20.72,0,0
T01568,P2510,2026-03-19,上午,A2,case,1,11.08,11.66,0,1
T01569,P2312,2026-03-19,上午,A1,basic,1,14.69,6.53,0,1
T01570,P2207,2026-03-19,下午,A2,case,0,12.25,4.28,0,0
T01571,P2023,2026-03-19,上午,A1,case,0,32.06,16.95,0,1
T01572,P0762,2026-03-19,上午,A2,case,1,22.38,7.72,0,0
T01573,P1428,2026-03-19,下午,A1,case,0,7.46,9.62,0,1
T01574,P0584,2026-03-19,上午,A2,case,0,10.81,8.89,0,0
T01575,P0786,2026-03-19,上午,A1,case,0,11.58,9.65,0,1
T01576,P1909,2026-03-19,上午,A2,case,1,45.77,,1,0
T01577,P0108,2026-03-19,上午,A1,case,0,25.04,17.19,0,1
T01578,P0412,2026-03-19,上午,A2,case,0,79.91,22.24,0,0
T01579,P1422,2026-03-19,上午,A1,case,1,13.75,34.09,0,1
T01580,P2438,2026-03-19,下午,A2,case,0,8.79,13.65,0,1
T01581,P0523,2026-03-19,上午,A1,case,1,11.5,5.4,0,1
T01582,P1825,2026-03-19,上午,A2,basic,1,6.0,5.18,0,1
T01583,P1209,2026-03-19,上午,A1,basic,1,2.82,5.65,0,0
T01584,P2029,2026-03-19,下午,A2,case,0,10.02,8.71,0,0
T01585,P1746,2026-03-19,上午,A1,case,0,18.78,31.49,0,1
T01586,P0734,2026-03-19,上午,A2,case,1,63.04,14.38,0,0
T01587,P0004,2026-03-19,下午,A1,basic,1,2.42,7.95,0,1
T01588,P0601,2026-03-19,上午,A2,case,0,29.25,22.26,0,1
T01589,P1716,2026-03-19,上午,A1,case,0,21.19,12.65,0,1
T01590,P0430,2026-03-19,上午,A2,case,0,13.89,18.21,0,0
T01591,P1273,2026-03-19,上午,A1,basic,1,4.81,2.74,0,1
T01592,P1819,2026-03-19,下午,A2,case,0,8.34,20.09,0,1
T01593,P0372,2026-03-19,上午,A1,case,0,19.12,9.13,0,0
T01594,P1193,2026-03-19,下午,A2,basic,0,9.89,18.2,0,1
T01595,P1025,2026-03-19,上午,A1,case,1,15.47,24.58,0,0
T01596,P0454,2026-03-19,上午,A2,case,0,3.87,27.6,0,1
T01597,P0177,2026-03-19,下午,A1,case,1,11.15,60.08,0,0
T01598,P0554,2026-03-19,上午,A2,case,0,15.14,14.63,0,1
T01599,P0642,2026-03-19,下午,A1,case,0,18.26,19.18,0,1
T01600,P1095,2026-03-19,下午,A2,case,0,13.66,26.31,0,1
T01601,P1947,2026-03-19,上午,B1,basic,1,3.42,11.83,0,1
T01602,P0116,2026-03-19,上午,B2,basic,1,10.69,3.6,0,1
T01603,P1154,2026-03-19,上午,B1,case,0,46.25,9.42,0,0
T01604,P2404,2026-03-19,下午,B2,basic,1,7.28,2.38,0,1
T01605,P1729,2026-03-19,下午,B1,basic,1,2.96,10.19,0,1
T01606,P1436,2026-03-19,上午,B2,basic,1,9.67,4.97,0,1
T01607,P0600,2026-03-19,下午,B1,basic,1,4.29,8.9,0,0
T01608,P2638,2026-03-19,上午,B2,case,0,14.36,14.02,0,1
T01609,P2349,2026-03-19,上午,B1,basic,0,11.06,6.51,0,1
T01610,P0421,2026-03-19,上午,B2,basic,0,11.1,9.73,0,1
T01611,P2523,2026-03-19,下午,B1,case,0,7.61,3.49,0,1
T01612,P2527,2026-03-19,上午,B2,basic,1,3.09,4.31,0,1
T01613,P0600,2026-03-19,上午,B1,case,0,29.72,,1,0
T01614,P1986,2026-03-19,上午,B2,basic,1,8.15,3.45,0,0
T01615,P0561,2026-03-19,上午,B1,basic,1,5.81,12.94,0,1
T01616,P0175,2026-03-19,上午,B2,basic,0,9.08,12.46,0,1
T01617,P0769,2026-03-19,下午,B1,basic,1,2.77,12.85,0,1
T01618,P0941,2026-03-19,上午,B2,basic,0,11.66,4.63,0,1
T01619,P1629,2026-03-19,上午,B1,basic,1,14.24,6.74,0,1
T01620,P1254,2026-03-19,下午,B2,basic,1,4.13,3.59,0,1
T01621,P2382,2026-03-19,下午,B1,basic,0,3.22,8.2,0,1
T01622,P2582,2026-03-19,下午,B2,basic,1,5.62,2.54,0,1
T01623,P1907,2026-03-19,上午,B1,basic,1,88.52,6.12,0,1
T01624,P0811,2026-03-19,上午,B2,basic,1,8.51,5.7,0,1
T01625,P0723,2026-03-19,上午,B1,basic,1,11.06,6.9,0,1
T01626,P2178,2026-03-19,上午,B2,basic,0,9.97,11.49,0,0
T01627,P2510,2026-03-19,上午,B1,basic,1,4.31,3.96,0,1
T01628,P0015,2026-03-19,上午,B2,basic,0,4.05,10.34,0,1
T01629,P0536,2026-03-19,下午,B1,case,1,14.63,28.9,0,1
T01630,P0586,2026-03-19,上午,B2,basic,0,10.81,3.56,0,1
T01631,P1952,2026-03-19,下午,B1,case,0,24.03,7.61,0,0
T01632,P0487,2026-03-19,上午,B2,basic,1,3.78,7.96,0,1
T01633,P0726,2026-03-19,上午,B1,basic,0,7.1,6.81,0,1
T01634,P1324,2026-03-19,下午,B2,case,1,10.12,8.34,0,1
T01635,P0267,2026-03-19,上午,B1,basic,0,17.4,13.13,0,1
T01636,P0897,2026-03-19,上午,B2,basic,0,5.81,10.21,0,1
T01637,P1424,2026-03-19,下午,B1,basic,1,2.8,3.54,0,1
T01638,P2118,2026-03-19,下午,B2,case,0,17.55,22.5,0,1
T01639,P0959,2026-03-19,上午,B1,case,0,9.87,3.47,0,1
T01640,P0647,2026-03-19,下午,B2,basic,1,7.36,9.94,0,1
T01641,P1625,2026-03-19,上午,C1,case,0,14.58,26.13,0,0
T01642,P0549,2026-03-19,下午,C2,basic,0,2.87,6.07,0,1
T01643,P1520,2026-03-19,上午,C1,basic,0,8.31,3.67,0,0
T01644,P2541,2026-03-19,上午,C2,basic,1,4.45,13.54,0,0
T01645,P1406,2026-03-19,下午,C1,case,1,11.91,26.58,0,1
T01646,P0270,2026-03-19,下午,C2,basic,1,2.75,10.5,0,1
T01647,P0419,2026-03-19,下午,C1,basic,0,2.95,9.96,0,1
T01648,P2107,2026-03-19,上午,C2,basic,0,8.23,11.15,0,1
T01649,P2308,2026-03-19,下午,C1,basic,1,2.55,3.73,0,1
T01650,P0596,2026-03-19,下午,C2,case,0,14.96,8.38,0,1
T01651,P2508,2026-03-19,上午,C1,case,0,22.68,8.83,0,1
T01652,P2010,2026-03-19,上午,C2,case,0,19.63,26.17,0,1
T01653,P1552,2026-03-19,上午,C1,case,0,17.76,10.07,0,1
T01654,P1293,2026-03-19,下午,C2,case,0,24.52,4.37,0,1
T01655,P2380,2026-03-19,上午,C1,basic,0,9.1,5.1,0,1
T01656,P0707,2026-03-19,上午,C2,case,0,25.95,11.2,0,1
T01657,P1299,2026-03-19,下午,C1,basic,0,4.26,18.1,0,1
T01658,P0016,2026-03-19,上午,C2,basic,1,9.91,6.3,0,1
T01659,P1054,2026-03-19,上午,C1,basic,1,5.31,1.49,0,1
T01660,P2350,2026-03-19,上午,C2,case,0,10.08,16.17,0,1
T01661,P0875,2026-03-19,上午,C1,basic,1,8.34,6.27,0,1
T01662,P1704,2026-03-19,下午,C2,basic,1,2.38,5.69,0,1
T01663,P0795,2026-03-19,上午,C1,basic,1,5.22,8.85,0,1
T01664,P2168,2026-03-19,下午,C2,basic,0,1.96,10.19,0,1
T01665,P0298,2026-03-19,上午,C1,case,0,23.0,15.27,0,0
T01666,P1810,2026-03-19,上午,C2,case,1,13.49,23.25,0,0
T01667,P2243,2026-03-19,下午,C1,case,0,24.13,12.12,0,1
T01668,P1219,2026-03-19,上午,C2,basic,1,3.79,3.23,0,1
T01669,P1040,2026-03-19,上午,C1,case,1,13.82,45.21,0,0
T01670,P0652,2026-03-19,下午,C2,basic,1,3.38,3.9,0,1
T01671,P1656,2026-03-19,下午,C1,basic,0,4.89,5.83,0,1
T01672,P1400,2026-03-19,下午,C2,case,1,7.87,38.03,0,1
T01673,P2042,2026-03-19,上午,C1,basic,1,7.98,9.35,0,1
T01674,P0177,2026-03-19,上午,C2,case,0,16.92,11.45,0,0
T01675,P0131,2026-03-19,上午,C1,case,1,23.98,8.92,0,1
T01676,P0394,2026-03-19,上午,C2,basic,0,3.24,8.08,0,1
T01677,P2164,2026-03-19,上午,C1,basic,1,6.75,2.34,0,1
T01678,P0660,2026-03-19,下午,C2,case,0,7.14,11.99,0,1
T01679,P2098,2026-03-19,下午,C1,basic,1,2.31,5.7,0,1
T01680,P0156,2026-03-19,上午,C2,case,1,11.2,4.1,0,1
T01681,P0320,2026-03-20,下午,A1,case,0,5.86,11.74,0,1
T01682,P0336,2026-03-20,下午,A2,case,0,6.68,36.7,0,1
T01683,P1385,2026-03-20,下午,A1,case,0,16.68,9.69,0,0
T01684,P1027,2026-03-20,下午,A2,case,1,8.0,36.09,0,0
T01685,P0883,2026-03-20,上午,A1,case,1,9.28,19.29,0,1
T01686,P0550,2026-03-20,上午,A2,case,0,8.92,9.61,0,1
T01687,P0151,2026-03-20,下午,A1,basic,1,3.09,6.09,0,1
T01688,P1813,2026-03-20,上午,A2,case,0,17.52,5.9,0,1
T01689,P2355,2026-03-20,上午,A1,basic,1,2.57,11.02,0,1
T01690,P2030,2026-03-20,上午,A2,case,0,8.59,13.13,0,1
T01691,P2531,2026-03-20,上午,A1,basic,0,6.06,1.47,0,1
T01692,P1680,2026-03-20,上午,A2,basic,0,7.81,15.35,0,0
T01693,P2049,2026-03-20,上午,A1,basic,1,5.26,17.83,0,1
T01694,P0928,2026-03-20,上午,A2,basic,1,3.15,6.75,0,1
T01695,P1303,2026-03-20,上午,A1,case,0,37.62,8.92,0,1
T01696,P0262,2026-03-20,下午,A2,case,1,14.46,13.83,0,1
T01697,P1682,2026-03-20,上午,A1,case,0,63.05,8.39,0,1
T01698,P2517,2026-03-20,上午,A2,case,0,10.42,27.9,0,0
T01699,P0312,2026-03-20,下午,A1,basic,0,7.24,6.54,0,1
T01700,P2284,2026-03-20,上午,A2,case,0,22.89,6.41,0,1
T01701,P2303,2026-03-20,下午,A1,case,0,16.11,10.84,0,1
T01702,P1321,2026-03-20,下午,A2,case,0,21.28,28.0,0,1
T01703,P2048,2026-03-20,上午,A1,case,0,9.0,6.0,0,1
T01704,P2310,2026-03-20,上午,A2,case,0,15.56,10.42,0,1
T01705,P2354,2026-03-20,下午,A1,case,0,13.1,48.12,0,1
T01706,P1077,2026-03-20,上午,A2,case,0,11.26,30.88,0,1
T01707,P1164,2026-03-20,下午,A1,basic,0,2.27,12.05,0,1
T01708,P1146,2026-03-20,下午,A2,case,0,7.72,28.99,0,1
T01709,P1857,2026-03-20,下午,A1,case,1,15.24,14.25,0,1
T01710,P1292,2026-03-20,下午,A2,case,1,17.83,24.95,0,1
T01711,P0011,2026-03-20,下午,A1,case,0,9.46,6.53,0,1
T01712,P2587,2026-03-20,下午,A2,case,0,11.92,5.59,0,0
T01713,P2349,2026-03-20,上午,A1,case,0,25.21,24.92,0,1
T01714,P1236,2026-03-20,上午,A2,case,0,59.54,10.24,0,1
T01715,P0055,2026-03-20,下午,A1,basic,1,1.65,11.94,0,1
T01716,P1251,2026-03-20,上午,A2,case,1,13.14,15.2,0,1
T01717,P0515,2026-03-20,上午,A1,case,0,22.76,23.91,0,0
T01718,P0986,2026-03-20,下午,A2,case,0,10.61,28.04,0,1
T01719,P1880,2026-03-20,下午,A1,case,1,6.93,4.09,0,1
T01720,P1602,2026-03-20,上午,A2,case,0,26.26,26.88,0,0
T01721,P0203,2026-03-20,下午,B1,basic,0,3.52,2.67,0,1
T01722,P0970,2026-03-20,上午,B2,basic,0,13.08,3.38,0,1
T01723,P0636,2026-03-20,下午,B1,case,0,17.19,9.86,0,1
T01724,P1350,2026-03-20,上午,B2,basic,1,4.19,8.52,0,1
T01725,P0354,2026-03-20,下午,B1,basic,1,4.8,5.82,0,1
T01726,P2306,2026-03-20,上午,B2,case,0,25.97,16.09,0,1
T01727,P2038,2026-03-20,上午,B1,basic,0,16.32,3.38,0,1
T01728,P1301,2026-03-20,上午,B2,case,0,16.28,13.4,0,0
T01729,P1817,2026-03-20,下午,B1,basic,1,2.86,4.98,0,1
T01730,P1441,2026-03-20,上午,B2,case,0,20.27,34.59,0,0
T01731,P1002,2026-03-20,下午,B1,case,0,6.9,19.92,0,0
T01732,P0168,2026-03-20,下午,B2,basic,1,5.24,8.59,0,1
T01733,P0628,2026-03-20,上午,B1,basic,0,2.95,11.91,0,1
T01734,P2346,2026-03-20,上午,B2,case,0,31.01,21.74,0,1
T01735,P0711,2026-03-20,上午,B1,basic,1,10.34,3.36,0,1
T01736,P1036,2026-03-20,上午,B2,case,0,5.97,10.48,0,1
T01737,P1636,2026-03-20,上午,B1,basic,0,11.84,5.6,0,1
T01738,P0495,2026-03-20,上午,B2,case,0,10.27,30.28,0,1
T01739,P2077,2026-03-20,上午,B1,basic,1,13.92,6.71,0,1
T01740,P1755,2026-03-20,上午,B2,basic,1,2.89,11.94,0,1
T01741,P1734,2026-03-20,下午,B1,basic,1,3.78,9.64,0,1
T01742,P0254,2026-03-20,上午,B2,basic,1,10.35,5.77,0,1
T01743,P2392,2026-03-20,上午,B1,basic,1,9.41,9.23,0,1
T01744,P0833,2026-03-20,下午,B2,basic,0,6.59,9.23,0,1
T01745,P2436,2026-03-20,下午,B1,basic,1,12.2,2.18,0,0
T01746,P1685,2026-03-20,上午,B2,basic,0,21.45,8.17,0,1
T01747,P1553,2026-03-20,上午,B1,basic,0,20.37,10.6,0,1
T01748,P1615,2026-03-20,上午,B2,basic,1,7.7,6.09,0,1
T01749,P1985,2026-03-20,上午,B1,basic,0,19.39,6.21,0,1
T01750,P2284,2026-03-20,下午,B2,case,1,6.97,6.36,0,0
T01751,P1506,2026-03-20,下午,B1,basic,1,3.95,3.74,0,1
T01752,P2691,2026-03-20,上午,B2,basic,0,6.75,3.9,0,1
T01753,P0799,2026-03-20,下午,B1,basic,1,2.97,4.78,0,1
T01754,P2512,2026-03-20,下午,B2,basic,1,4.68,6.68,0,1
T01755,P2187,2026-03-20,下午,B1,case,0,14.13,38.6,0,0
T01756,P1905,2026-03-20,下午,B2,basic,1,2.86,8.27,0,1
T01757,P2154,2026-03-20,上午,B1,case,0,33.01,22.2,0,1
T01758,P1767,2026-03-20,上午,B2,case,0,28.14,24.29,0,0
T01759,P2533,2026-03-20,上午,B1,case,0,29.9,4.54,0,1
T01760,P1678,2026-03-20,下午,B2,case,0,11.57,16.89,0,1
T01761,P1131,2026-03-20,上午,C1,basic,1,5.06,9.89,0,1
T01762,P1248,2026-03-20,上午,C2,case,0,16.89,11.58,0,1
T01763,P0509,2026-03-20,下午,C1,basic,0,4.8,10.46,0,1
T01764,P1293,2026-03-20,上午,C2,case,0,21.49,37.5,0,0
T01765,P1105,2026-03-20,上午,C1,case,1,16.68,9.38,0,1
T01766,P1332,2026-03-20,上午,C2,basic,0,7.19,4.39,0,1
T01767,P0759,2026-03-20,下午,C1,basic,1,2.94,6.3,0,0
T01768,P2048,2026-03-20,下午,C2,case,1,9.42,18.29,0,1
T01769,P0916,2026-03-20,上午,C1,basic,0,5.54,1.96,0,1
T01770,P0659,2026-03-20,上午,C2,case,1,74.38,13.61,0,1
T01771,P1593,2026-03-20,下午,C1,basic,0,8.52,5.51,0,1
T01772,P0602,2026-03-20,下午,C2,case,0,9.8,48.76,0,0
T01773,P2308,2026-03-20,上午,C1,case,0,10.01,6.73,0,1
T01774,P1569,2026-03-20,上午,C2,case,0,24.78,17.15,0,1
T01775,P1210,2026-03-20,上午,C1,basic,0,6.78,9.84,0,1
T01776,P0964,2026-03-20,下午,C2,case,1,16.79,25.98,0,1
T01777,P1331,2026-03-20,上午,C1,basic,0,4.18,15.39,0,0
T01778,P1935,2026-03-20,下午,C2,basic,1,3.58,0.78,0,1
T01779,P0744,2026-03-20,上午,C1,case,0,30.3,,1,0
T01780,P0407,2026-03-20,上午,C2,basic,0,4.57,1.8,0,1
T01781,P2548,2026-03-20,上午,C1,case,0,100.99,,1,0
T01782,P0656,2026-03-20,下午,C2,case,1,7.26,11.68,0,1
T01783,P1011,2026-03-20,上午,C1,basic,1,4.03,6.34,0,0
T01784,P1158,2026-03-20,上午,C2,basic,1,51.93,1.53,0,0
T01785,P2264,2026-03-20,上午,C1,basic,1,5.13,9.81,0,1
T01786,P2588,2026-03-20,上午,C2,basic,1,6.84,3.19,0,1
T01787,P1029,2026-03-20,上午,C1,basic,1,4.61,15.18,0,1
T01788,P1940,2026-03-20,下午,C2,basic,1,6.47,13.1,0,1
T01789,P2580,2026-03-20,上午,C1,basic,0,6.84,14.71,0,1
T01790,P0829,2026-03-20,上午,C2,basic,1,13.68,6.97,0,1
T01791,P0917,2026-03-20,上午,C1,basic,0,4.0,3.15,0,1
T01792,P1072,2026-03-20,上午,C2,case,0,19.61,15.36,0,1
T01793,P2557,2026-03-20,上午,C1,case,0,6.93,31.55,0,1
T01794,P0774,2026-03-20,上午,C2,basic,1,7.14,6.42,0,1
T01795,P2402,2026-03-20,下午,C1,case,0,15.44,13.32,0,1
T01796,P1622,2026-03-20,上午,C2,case,1,22.53,9.84,0,1
T01797,P2676,2026-03-20,上午,C1,case,0,31.09,24.51,0,1
T01798,P0823,2026-03-20,下午,C2,basic,1,3.87,5.92,0,1
T01799,P0146,2026-03-20,下午,C1,case,1,8.57,6.64,0,1
T01800,P1746,2026-03-20,上午,C2,case,1,5.35,31.31,0,1
T01801,P2140,2026-03-23,下午,A1,case,0,17.23,18.2,0,0
T01802,P0636,2026-03-23,上午,A2,case,0,13.41,14.13,0,1
T01803,P1231,2026-03-23,下午,A1,basic,1,1.25,3.31,0,1
T01804,P1341,2026-03-23,上午,A2,case,1,13.09,10.83,0,1
T01805,P1113,2026-03-23,下午,A1,basic,0,5.75,20.91,0,1
T01806,P0869,2026-03-23,下午,A2,case,0,19.22,20.74,0,1
T01807,P2049,2026-03-23,下午,A1,basic,0,2.92,11.33,0,1
T01808,P2667,2026-03-23,下午,A2,case,0,10.19,8.96,0,1
T01809,P2322,2026-03-23,上午,A1,case,1,8.43,13.47,0,0
T01810,P1044,2026-03-23,上午,A2,case,0,22.73,12.2,0,1
T01811,P1847,2026-03-23,下午,A1,case,0,8.59,35.91,0,1
T01812,P0130,2026-03-23,上午,A2,basic,0,8.09,5.21,0,1
T01813,P2331,2026-03-23,下午,A1,basic,1,3.13,6.69,0,1
T01814,P0232,2026-03-23,上午,A2,case,1,8.27,20.82,0,1
T01815,P0798,2026-03-23,下午,A1,case,1,11.34,9.74,0,1
T01816,P1014,2026-03-23,上午,A2,case,0,12.97,4.08,0,1
T01817,P2303,2026-03-23,下午,A1,case,0,6.96,18.94,0,1
T01818,P1585,2026-03-23,上午,A2,case,0,12.62,3.57,0,1
T01819,P2316,2026-03-23,上午,A1,case,1,5.67,15.74,0,1
T01820,P2172,2026-03-23,上午,A2,case,0,4.09,5.9,0,1
T01821,P0338,2026-03-23,上午,A1,case,0,10.8,27.47,0,0
T01822,P2103,2026-03-23,上午,A2,basic,0,4.12,8.78,0,1
T01823,P0892,2026-03-23,下午,A1,case,1,5.42,14.04,0,0
T01824,P2136,2026-03-23,下午,A2,case,0,18.14,46.39,0,0
T01825,P0805,2026-03-23,上午,A1,case,0,7.6,8.99,0,1
T01826,P1179,2026-03-23,上午,A2,case,0,7.72,14.57,0,0
T01827,P2509,2026-03-23,上午,A1,case,0,21.52,14.15,0,1
T01828,P1370,2026-03-23,上午,A2,basic,1,1.69,10.45,0,1
T01829,P2357,2026-03-23,下午,A1,case,1,7.69,6.23,0,0
T01830,P1343,2026-03-23,下午,A2,basic,1,8.58,3.3,0,1
T01831,P1643,2026-03-23,上午,A1,case,0,13.15,5.36,0,1
T01832,P1531,2026-03-23,下午,A2,case,0,7.26,26.53,0,1
T01833,P0642,2026-03-23,上午,A1,case,0,9.16,32.9,0,1
T01834,P2248,2026-03-23,上午,A2,case,0,41.51,28.83,0,1
T01835,P2111,2026-03-23,下午,A1,case,0,5.43,28.7,0,1
T01836,P2134,2026-03-23,下午,A2,case,0,12.38,19.04,0,1
T01837,P1658,2026-03-23,上午,A1,case,0,38.47,,1,0
T01838,P0056,2026-03-23,上午,A2,case,0,13.65,13.27,0,1
T01839,P2662,2026-03-23,上午,A1,case,0,9.31,11.06,0,1
T01840,P0872,2026-03-23,上午,A2,case,0,5.41,16.61,0,1
T01841,P1481,2026-03-23,上午,B1,basic,0,5.99,12.53,0,1
T01842,P1884,2026-03-23,上午,B2,basic,0,11.0,3.13,0,1
T01843,P0676,2026-03-23,上午,B1,basic,0,11.21,16.54,0,1
T01844,P0032,2026-03-23,上午,B2,case,1,41.57,20.62,0,0
T01845,P0530,2026-03-23,上午,B1,basic,0,10.18,1.73,0,1
T01846,P1491,2026-03-23,上午,B2,case,0,56.29,12.35,0,1
T01847,P1844,2026-03-23,下午,B1,case,0,20.0,31.31,0,1
T01848,P0059,2026-03-23,上午,B2,basic,1,5.71,5.91,0,0
T01849,P1462,2026-03-23,上午,B1,basic,0,13.75,13.6,0,1
T01850,P1556,2026-03-23,上午,B2,basic,0,3.67,11.69,0,1
T01851,P1592,2026-03-23,下午,B1,case,0,10.4,10.83,0,1
T01852,P0585,2026-03-23,下午,B2,basic,1,4.31,8.11,0,1
T01853,P0141,2026-03-23,上午,B1,basic,0,17.18,9.4,0,0
T01854,P1750,2026-03-23,下午,B2,basic,0,7.88,8.56,0,1
T01855,P2655,2026-03-23,上午,B1,basic,1,9.19,14.7,0,1
T01856,P2410,2026-03-23,上午,B2,basic,1,5.51,4.67,0,1
T01857,P1420,2026-03-23,上午,B1,basic,0,6.26,5.23,0,1
T01858,P0550,2026-03-23,上午,B2,basic,1,5.69,8.4,0,1
T01859,P2671,2026-03-23,下午,B1,basic,0,6.37,3.36,0,1
T01860,P2004,2026-03-23,下午,B2,case,1,10.3,17.01,0,1
T01861,P1819,2026-03-23,上午,B1,basic,0,21.83,8.63,0,1
T01862,P1724,2026-03-23,上午,B2,basic,0,10.18,8.55,0,1
T01863,P1123,2026-03-23,上午,B1,basic,0,3.59,8.71,0,1
T01864,P0338,2026-03-23,下午,B2,case,0,12.12,20.39,0,0
T01865,P0122,2026-03-23,上午,B1,basic,0,3.69,5.35,0,1
T01866,P0253,2026-03-23,下午,B2,basic,0,2.28,11.54,0,1
T01867,P0185,2026-03-23,上午,B1,basic,0,4.55,1.9,0,1
T01868,P1323,2026-03-23,上午,B2,basic,0,12.91,8.31,0,1
T01869,P1677,2026-03-23,上午,B1,basic,1,5.54,5.59,0,1
T01870,P1314,2026-03-23,上午,B2,basic,0,5.15,4.34,0,1
T01871,P2063,2026-03-23,上午,B1,case,0,59.28,11.76,0,0
T01872,P0179,2026-03-23,上午,B2,basic,1,7.23,12.63,0,1
T01873,P1664,2026-03-23,上午,B1,basic,1,3.45,6.09,0,1
T01874,P1986,2026-03-23,上午,B2,basic,1,2.97,7.97,0,1
T01875,P1032,2026-03-23,上午,B1,basic,1,2.11,7.98,0,1
T01876,P1256,2026-03-23,上午,B2,basic,0,6.46,2.18,0,1
T01877,P0151,2026-03-23,上午,B1,basic,1,11.1,3.69,0,1
T01878,P1365,2026-03-23,下午,B2,case,0,17.36,17.28,0,0
T01879,P0242,2026-03-23,下午,B1,case,0,11.24,13.72,0,0
T01880,P2334,2026-03-23,上午,B2,basic,1,3.58,3.07,0,1
T01881,P1636,2026-03-23,上午,C1,case,0,18.97,39.22,0,0
T01882,P2320,2026-03-23,下午,C2,case,0,7.36,13.73,0,1
T01883,P2120,2026-03-23,下午,C1,basic,1,3.11,6.19,0,1
T01884,P1467,2026-03-23,下午,C2,basic,0,4.77,4.22,0,1
T01885,P2257,2026-03-23,上午,C1,case,1,7.27,40.13,0,0
T01886,P2334,2026-03-23,上午,C2,case,0,14.45,12.3,0,0
T01887,P0269,2026-03-23,上午,C1,basic,0,4.29,5.89,0,1
T01888,P1061,2026-03-23,上午,C2,basic,0,9.52,6.2,0,1
T01889,P1465,2026-03-23,下午,C1,case,0,12.11,19.54,0,1
T01890,P2564,2026-03-23,下午,C2,case,0,13.31,11.42,0,1
T01891,P0042,2026-03-23,上午,C1,basic,1,1.22,4.65,0,1
T01892,P0084,2026-03-23,下午,C2,case,1,10.93,7.16,0,1
T01893,P0826,2026-03-23,上午,C1,basic,1,4.35,10.27,0,1
T01894,P1067,2026-03-23,上午,C2,case,1,98.14,,1,0
T01895,P1196,2026-03-23,下午,C1,case,0,5.3,12.52,0,1
T01896,P1814,2026-03-23,上午,C2,case,0,15.59,15.43,0,0
T01897,P2156,2026-03-23,上午,C1,basic,0,8.4,2.55,0,1
T01898,P1065,2026-03-23,下午,C2,case,1,9.35,26.36,0,0
T01899,P0880,2026-03-23,上午,C1,basic,0,6.14,4.66,0,1
T01900,P1456,2026-03-23,下午,C2,case,0,8.6,16.51,0,1
T01901,P0850,2026-03-23,上午,C1,basic,1,6.04,1.69,0,1
T01902,P2003,2026-03-23,上午,C2,case,0,18.79,14.93,0,1
T01903,P0879,2026-03-23,下午,C1,case,0,8.62,29.16,0,1
T01904,P2562,2026-03-23,上午,C2,case,0,36.43,,1,0
T01905,P1558,2026-03-23,上午,C1,case,0,14.65,7.99,0,1
T01906,P2080,2026-03-23,上午,C2,case,0,18.38,12.99,0,1
T01907,P0204,2026-03-23,上午,C1,basic,0,4.11,3.03,0,1
T01908,P0975,2026-03-23,上午,C2,basic,1,9.95,16.79,0,1
T01909,P0125,2026-03-23,上午,C1,case,0,27.52,,1,0
T01910,P2402,2026-03-23,上午,C2,case,0,34.83,28.65,0,1
T01911,P0583,2026-03-23,下午,C1,case,1,49.85,11.19,0,1
T01912,P2345,2026-03-23,上午,C2,basic,1,5.68,7.46,0,1
T01913,P1293,2026-03-23,上午,C1,basic,0,8.03,7.42,0,1
T01914,P2450,2026-03-23,上午,C2,basic,0,5.98,10.47,0,1
T01915,P2193,2026-03-23,上午,C1,case,0,7.61,9.46,0,1
T01916,P0200,2026-03-23,下午,C2,basic,1,3.76,1.91,0,1
T01917,P0136,2026-03-23,上午,C1,basic,1,3.55,14.01,0,1
T01918,P0841,2026-03-23,下午,C2,basic,1,2.55,7.1,0,1
T01919,P1057,2026-03-23,上午,C1,case,0,23.6,10.41,0,1
T01920,P0805,2026-03-23,上午,C2,basic,0,3.06,4.36,0,1
T01921,P0581,2026-03-24,下午,A1,case,1,8.09,43.69,0,1
T01922,P1186,2026-03-24,下午,A2,case,0,11.56,21.22,0,1
T01923,P2341,2026-03-24,上午,A1,basic,1,3.66,2.54,0,1
T01924,P1414,2026-03-24,上午,A2,case,0,12.21,19.31,0,0
T01925,P0716,2026-03-24,下午,A1,case,0,9.91,16.59,0,1
T01926,P0347,2026-03-24,上午,A2,case,0,8.37,30.72,0,1
T01927,P1329,2026-03-24,上午,A1,case,0,13.27,13.75,0,1
T01928,P1090,2026-03-24,上午,A2,case,1,12.21,13.11,0,1
T01929,P1213,2026-03-24,上午,A1,basic,1,2.14,14.75,0,1
T01930,P0907,2026-03-24,上午,A2,case,0,14.53,19.78,0,0
T01931,P1429,2026-03-24,上午,A1,case,1,34.8,36.25,0,1
T01932,P0988,2026-03-24,下午,A2,basic,1,1.66,11.17,0,1
T01933,P2154,2026-03-24,上午,A1,case,0,17.84,9.42,0,1
T01934,P0517,2026-03-24,上午,A2,case,0,20.88,9.19,0,1
T01935,P1942,2026-03-24,上午,A1,case,1,28.16,9.6,0,1
T01936,P2553,2026-03-24,下午,A2,case,0,3.95,32.26,0,1
T01937,P1584,2026-03-24,上午,A1,case,0,4.89,26.99,0,1
T01938,P0314,2026-03-24,下午,A2,case,0,16.09,13.94,0,1
T01939,P2133,2026-03-24,下午,A1,case,0,9.42,26.15,0,1
T01940,P1453,2026-03-24,上午,A2,case,0,10.83,12.57,0,1
T01941,P1236,2026-03-24,上午,A1,case,1,17.66,11.44,0,1
T01942,P1184,2026-03-24,上午,A2,case,0,13.84,10.74,0,1
T01943,P1012,2026-03-24,上午,A1,case,1,15.5,2.93,0,1
T01944,P1197,2026-03-24,下午,A2,basic,0,4.4,4.36,0,1
T01945,P2441,2026-03-24,上午,A1,case,0,19.78,30.43,0,1
T01946,P0047,2026-03-24,上午,A2,basic,1,7.77,8.15,0,1
T01947,P2302,2026-03-24,下午,A1,case,1,6.31,15.23,0,1
T01948,P0625,2026-03-24,下午,A2,case,0,5.82,4.28,0,1
T01949,P2394,2026-03-24,下午,A1,case,0,12.89,11.03,0,1
T01950,P1266,2026-03-24,上午,A2,basic,1,2.55,5.01,0,1
T01951,P2479,2026-03-24,下午,A1,case,0,4.31,21.33,0,1
T01952,P0688,2026-03-24,上午,A2,case,0,23.57,21.78,0,1
T01953,P0789,2026-03-24,下午,A1,basic,1,1.51,7.99,0,1
T01954,P0375,2026-03-24,下午,A2,case,1,11.1,23.65,0,1
T01955,P0743,2026-03-24,下午,A1,case,0,12.57,12.4,0,1
T01956,P1085,2026-03-24,上午,A2,basic,0,6.28,5.22,0,1
T01957,P2311,2026-03-24,上午,A1,case,0,13.59,20.65,0,1
T01958,P0307,2026-03-24,上午,A2,case,0,18.65,24.29,0,1
T01959,P1621,2026-03-24,下午,A1,case,0,21.44,22.72,0,0
T01960,P0026,2026-03-24,上午,A2,case,1,5.55,17.18,0,1
T01961,P0313,2026-03-24,下午,B1,basic,1,2.4,7.42,0,1
T01962,P2011,2026-03-24,上午,B2,basic,1,9.59,4.78,0,1
T01963,P1530,2026-03-24,下午,B1,basic,0,4.53,13.4,0,1
T01964,P2563,2026-03-24,下午,B2,basic,1,5.06,5.67,0,1
T01965,P0702,2026-03-24,下午,B1,basic,1,3.17,3.45,0,1
T01966,P1664,2026-03-24,上午,B2,basic,1,4.61,4.5,0,1
T01967,P1591,2026-03-24,上午,B1,basic,1,12.99,11.45,0,1
T01968,P0779,2026-03-24,上午,B2,basic,1,10.01,3.72,0,1
T01969,P1529,2026-03-24,下午,B1,basic,1,4.08,4.65,0,1
T01970,P1359,2026-03-24,上午,B2,basic,1,7.67,4.48,0,1
T01971,P2420,2026-03-24,上午,B1,basic,1,6.73,4.9,0,1
T01972,P0755,2026-03-24,上午,B2,basic,1,3.19,4.64,0,1
T01973,P1466,2026-03-24,上午,B1,basic,0,9.65,15.02,0,0
T01974,P1128,2026-03-24,下午,B2,basic,1,2.71,9.59,0,1
T01975,P2234,2026-03-24,上午,B1,case,0,17.07,20.57,0,1
T01976,P1745,2026-03-24,上午,B2,basic,0,9.28,6.92,0,1
T01977,P0160,2026-03-24,上午,B1,basic,0,6.83,1.27,0,1
T01978,P1438,2026-03-24,上午,B2,basic,0,15.15,4.58,0,1
T01979,P0396,2026-03-24,下午,B1,case,0,13.97,11.37,0,1
T01980,P1247,2026-03-24,上午,B2,basic,1,5.17,6.03,0,1
T01981,P1002,2026-03-24,下午,B1,basic,0,2.08,3.42,0,0
T01982,P1424,2026-03-24,上午,B2,basic,1,6.91,10.59,0,1
T01983,P2555,2026-03-24,上午,B1,case,1,21.19,24.6,0,0
T01984,P2614,2026-03-24,上午,B2,basic,0,10.5,1.06,0,1
T01985,P2672,2026-03-24,上午,B1,basic,0,16.14,2.67,0,1
T01986,P2084,2026-03-24,上午,B2,basic,1,9.79,4.91,0,1
T01987,P1706,2026-03-24,上午,B1,case,0,28.73,,1,0
T01988,P1732,2026-03-24,下午,B2,case,0,29.59,27.94,0,1
T01989,P2039,2026-03-24,上午,B1,basic,1,9.18,3.53,0,1
T01990,P1089,2026-03-24,下午,B2,case,0,20.11,14.71,0,1
T01991,P0538,2026-03-24,上午,B1,case,0,51.99,22.51,0,0
T01992,P2041,2026-03-24,下午,B2,basic,0,8.57,9.42,0,1
T01993,P1037,2026-03-24,上午,B1,case,0,22.43,24.79,0,0
T01994,P0136,2026-03-24,下午,B2,basic,0,4.35,6.19,0,1
T01995,P2668,2026-03-24,上午,B1,basic,1,3.76,7.53,0,1
T01996,P1557,2026-03-24,上午,B2,basic,1,4.27,8.14,0,1
T01997,P0802,2026-03-24,上午,B1,basic,0,7.74,6.56,0,1
T01998,P1205,2026-03-24,上午,B2,basic,1,4.24,9.47,0,1
T01999,P0308,2026-03-24,上午,B1,basic,0,8.28,8.94,0,1
T02000,P1983,2026-03-24,下午,B2,basic,1,3.18,2.94,0,1
T02001,P2497,2026-03-24,下午,C1,basic,1,3.0,2.37,0,1
T02002,P2622,2026-03-24,下午,C2,basic,0,7.75,7.32,0,1
T02003,P0120,2026-03-24,下午,C1,basic,1,7.42,7.12,0,1
T02004,P1035,2026-03-24,下午,C2,basic,0,7.71,13.53,0,1
T02005,P0422,2026-03-24,上午,C1,basic,0,4.88,7.58,0,1
T02006,P0602,2026-03-24,下午,C2,case,0,23.09,11.54,0,0
T02007,P2005,2026-03-24,下午,C1,case,0,9.35,14.14,0,0
T02008,P2242,2026-03-24,上午,C2,basic,0,4.7,4.21,0,1
T02009,P1844,2026-03-24,上午,C1,basic,1,38.85,5.16,0,0
T02010,P1345,2026-03-24,上午,C2,basic,0,7.89,3.25,0,1
T02011,P0200,2026-03-24,上午,C1,basic,1,2.31,16.5,0,1
T02012,P0379,2026-03-24,上午,C2,case,0,17.59,12.66,0,0
T02013,P0729,2026-03-24,上午,C1,case,1,16.16,31.28,0,1
T02014,P1369,2026-03-24,上午,C2,basic,1,4.53,4.31,0,0
T02015,P0214,2026-03-24,上午,C1,basic,1,6.21,9.4,0,1
T02016,P2496,2026-03-24,上午,C2,basic,0,8.68,7.36,0,1
T02017,P0825,2026-03-24,上午,C1,case,1,15.73,11.34,0,0
T02018,P1135,2026-03-24,上午,C2,case,1,8.14,9.44,0,1
T02019,P0982,2026-03-24,上午,C1,case,1,24.96,46.66,0,1
T02020,P2021,2026-03-24,下午,C2,basic,1,2.49,6.26,0,1
T02021,P0938,2026-03-24,上午,C1,basic,1,2.39,1.98,0,1
T02022,P2552,2026-03-24,上午,C2,case,0,21.81,30.44,0,1
T02023,P0375,2026-03-24,上午,C1,basic,0,3.71,4.46,0,1
T02024,P0611,2026-03-24,上午,C2,basic,0,8.17,13.59,0,1
T02025,P0117,2026-03-24,下午,C1,case,0,18.76,15.59,0,0
T02026,P1061,2026-03-24,上午,C2,basic,1,9.72,4.55,0,1
T02027,P0460,2026-03-24,下午,C1,basic,1,1.59,7.77,0,1
T02028,P0281,2026-03-24,下午,C2,basic,0,7.15,12.46,0,1
T02029,P0937,2026-03-24,下午,C1,case,0,16.56,20.11,0,0
T02030,P2398,2026-03-24,上午,C2,basic,1,5.98,4.0,0,0
T02031,P1871,2026-03-24,上午,C1,basic,1,3.26,4.14,0,1
T02032,P0469,2026-03-24,下午,C2,case,0,19.18,14.22,0,1
T02033,P0734,2026-03-24,上午,C1,basic,1,38.29,11.71,0,1
T02034,P2213,2026-03-24,下午,C2,case,0,14.64,38.62,0,1
T02035,P0086,2026-03-24,上午,C1,case,1,10.24,20.77,0,1
T02036,P2641,2026-03-24,下午,C2,basic,1,3.68,6.6,0,1
T02037,P0251,2026-03-24,下午,C1,case,0,21.8,13.33,0,1
T02038,P0134,2026-03-24,上午,C2,case,1,48.09,12.27,0,1
T02039,P2498,2026-03-24,上午,C1,basic,1,6.27,4.04,0,1
T02040,P0291,2026-03-24,下午,C2,case,1,11.2,13.79,0,1
T02041,P0117,2026-03-25,上午,A1,case,1,11.1,15.18,0,1
T02042,P0792,2026-03-25,上午,A2,case,0,17.03,16.51,0,1
T02043,P0952,2026-03-25,下午,A1,case,0,17.69,6.04,0,1
T02044,P1657,2026-03-25,下午,A2,case,0,3.72,10.71,0,1
T02045,P2088,2026-03-25,上午,A1,case,0,23.2,21.54,0,1
T02046,P0938,2026-03-25,下午,A2,case,0,18.37,16.52,0,1
T02047,P2582,2026-03-25,上午,A1,case,0,9.35,9.96,0,0
T02048,P1437,2026-03-25,下午,A2,case,1,11.28,19.27,0,1
T02049,P1913,2026-03-25,上午,A1,case,0,15.37,11.91,0,1
T02050,P0740,2026-03-25,上午,A2,basic,1,5.43,5.53,0,1
T02051,P0249,2026-03-25,下午,A1,case,0,8.08,13.44,0,1
T02052,P2671,2026-03-25,下午,A2,case,0,8.49,11.69,0,0
T02053,P1330,2026-03-25,上午,A1,case,0,74.72,18.68,0,0
T02054,P0538,2026-03-25,下午,A2,basic,0,5.88,7.44,0,1
T02055,P2408,2026-03-25,上午,A1,case,0,15.27,35.21,0,1
T02056,P1560,2026-03-25,下午,A2,case,0,5.17,11.17,0,1
T02057,P0106,2026-03-25,下午,A1,case,1,15.34,20.84,0,1
T02058,P1874,2026-03-25,下午,A2,case,0,13.81,9.75,0,1
T02059,P2399,2026-03-25,下午,A1,basic,1,1.2,8.58,0,1
T02060,P0447,2026-03-25,下午,A2,case,0,6.6,49.96,0,0
T02061,P1249,2026-03-25,上午,A1,basic,1,3.83,9.37,0,1
T02062,P1665,2026-03-25,上午,A2,case,0,22.31,19.36,0,1
T02063,P2103,2026-03-25,上午,A1,basic,1,1.9,2.97,0,1
T02064,P0757,2026-03-25,上午,A2,case,0,8.86,5.58,0,0
T02065,P2110,2026-03-25,下午,A1,case,0,17.73,9.56,0,1
T02066,P0290,2026-03-25,下午,A2,case,0,8.62,10.56,0,0
T02067,P1839,2026-03-25,下午,A1,case,1,3.78,7.97,0,1
T02068,P1533,2026-03-25,上午,A2,case,0,10.9,11.15,0,1
T02069,P0253,2026-03-25,上午,A1,case,0,26.89,12.21,0,0
T02070,P2651,2026-03-25,下午,A2,basic,1,3.82,10.92,0,1
T02071,P1666,2026-03-25,下午,A1,basic,0,4.59,8.89,0,1
T02072,P1256,2026-03-25,上午,A2,case,0,27.0,15.0,0,1
T02073,P0885,2026-03-25,上午,A1,basic,0,6.96,4.11,0,1
T02074,P2197,2026-03-25,上午,A2,case,0,12.85,9.12,0,1
T02075,P2560,2026-03-25,上午,A1,case,0,15.61,10.35,0,1
T02076,P1355,2026-03-25,上午,A2,case,1,6.17,5.25,0,1
T02077,P1323,2026-03-25,上午,A1,case,0,12.27,13.97,0,1
T02078,P2315,2026-03-25,下午,A2,case,0,21.49,8.15,0,0
T02079,P1579,2026-03-25,下午,A1,case,0,7.44,16.44,0,0
T02080,P0562,2026-03-25,上午,A2,case,0,8.99,12.16,0,1
T02081,P2646,2026-03-25,下午,B1,case,1,6.34,17.69,0,1
T02082,P1392,2026-03-25,上午,B2,basic,0,15.97,12.69,0,1
T02083,P2158,2026-03-25,上午,B1,basic,1,5.69,4.73,0,1
T02084,P1618,2026-03-25,上午,B2,basic,1,4.78,11.39,0,1
T02085,P0503,2026-03-25,上午,B1,basic,0,12.41,2.46,0,1
T02086,P2477,2026-03-25,下午,B2,basic,1,1.76,3.35,0,1
T02087,P1290,2026-03-25,下午,B1,basic,1,2.69,14.93,0,1
T02088,P0418,2026-03-25,上午,B2,basic,1,6.79,3.03,0,1
T02089,P0277,2026-03-25,上午,B1,basic,0,4.89,6.58,0,1
T02090,P2281,2026-03-25,下午,B2,basic,0,2.53,9.93,0,1
T02091,P1964,2026-03-25,上午,B1,basic,1,7.6,4.12,0,1
T02092,P2273,2026-03-25,下午,B2,basic,1,5.71,2.33,0,1
T02093,P2662,2026-03-25,上午,B1,basic,0,8.73,9.13,0,1
T02094,P0506,2026-03-25,下午,B2,basic,1,2.25,3.11,0,1
T02095,P0395,2026-03-25,上午,B1,basic,1,2.77,1.74,0,1
T02096,P1069,2026-03-25,上午,B2,basic,0,9.61,6.7,0,1
T02097,P1953,2026-03-25,上午,B1,basic,0,19.3,9.97,0,1
T02098,P0416,2026-03-25,上午,B2,basic,0,9.83,5.1,0,1
T02099,P0520,2026-03-25,上午,B1,basic,1,1.78,4.91,0,1
T02100,P2242,2026-03-25,上午,B2,basic,1,5.46,4.6,0,1
T02101,P1997,2026-03-25,上午,B1,basic,0,8.55,8.84,0,1
T02102,P0067,2026-03-25,下午,B2,case,0,54.95,28.13,0,0
T02103,P1856,2026-03-25,上午,B1,basic,1,8.72,7.02,0,1
T02104,P1227,2026-03-25,上午,B2,basic,0,9.71,4.41,0,1
T02105,P1859,2026-03-25,上午,B1,case,1,10.11,11.7,0,1
T02106,P0035,2026-03-25,上午,B2,case,0,12.63,32.59,0,1
T02107,P2427,2026-03-25,上午,B1,case,0,35.71,24.6,0,0
T02108,P1638,2026-03-25,上午,B2,basic,1,11.36,4.45,0,1
T02109,P0084,2026-03-25,上午,B1,basic,1,7.78,11.3,0,1
T02110,P1992,2026-03-25,下午,B2,basic,0,3.85,13.09,0,1
T02111,P1901,2026-03-25,上午,B1,basic,1,6.83,6.28,0,1
T02112,P0500,2026-03-25,下午,B2,case,0,10.05,24.12,0,0
T02113,P2409,2026-03-25,上午,B1,case,0,46.94,10.52,0,1
T02114,P1010,2026-03-25,下午,B2,case,0,17.37,29.99,0,1
T02115,P2645,2026-03-25,下午,B1,basic,1,11.4,15.34,0,1
T02116,P2030,2026-03-25,上午,B2,basic,0,12.85,22.87,0,1
T02117,P2658,2026-03-25,下午,B1,basic,1,5.8,7.66,0,0
T02118,P0677,2026-03-25,下午,B2,basic,0,5.47,6.29,0,1
T02119,P1808,2026-03-25,下午,B1,basic,1,4.66,9.43,0,1
T02120,P2326,2026-03-25,上午,B2,case,0,76.82,10.66,0,1
T02121,P1586,2026-03-25,上午,C1,case,0,19.67,6.54,0,0
T02122,P1353,2026-03-25,下午,C2,case,0,11.12,9.43,0,1
T02123,P1377,2026-03-25,下午,C1,basic,1,1.9,20.77,0,1
T02124,P0641,2026-03-25,上午,C2,case,0,22.32,10.85,0,0
T02125,P1514,2026-03-25,上午,C1,basic,1,12.84,6.58,0,1
T02126,P0937,2026-03-25,下午,C2,basic,1,5.31,4.59,0,1
T02127,P2647,2026-03-25,上午,C1,basic,1,6.2,6.61,0,1
T02128,P0235,2026-03-25,上午,C2,case,0,18.57,16.99,0,1
T02129,P0553,2026-03-25,上午,C1,case,0,35.82,6.27,0,0
T02130,P0938,2026-03-25,下午,C2,case,0,5.53,24.8,0,1
T02131,P1448,2026-03-25,上午,C1,case,0,21.21,6.53,0,0
T02132,P0049,2026-03-25,上午,C2,case,0,28.96,15.45,0,0
T02133,P0254,2026-03-25,上午,C1,case,0,18.26,9.13,0,1
T02134,P2418,2026-03-25,下午,C2,case,0,15.63,36.14,0,1
T02135,P0608,2026-03-25,上午,C1,case,0,17.34,34.08,0,1
T02136,P1447,2026-03-25,上午,C2,case,1,17.5,12.64,0,0
T02137,P2340,2026-03-25,上午,C1,basic,1,3.81,4.42,0,1
T02138,P1111,2026-03-25,上午,C2,case,0,35.44,,1,0
T02139,P0572,2026-03-25,下午,C1,case,1,2.02,21.04,0,1
T02140,P1469,2026-03-25,上午,C2,basic,1,6.41,3.75,0,1
T02141,P1870,2026-03-25,上午,C1,case,1,38.35,6.39,0,1
T02142,P1197,2026-03-25,上午,C2,case,0,14.34,7.0,0,1
T02143,P2295,2026-03-25,上午,C1,case,0,17.52,5.32,0,1
T02144,P2069,2026-03-25,上午,C2,case,0,12.73,3.24,0,0
T02145,P0134,2026-03-25,上午,C1,case,0,20.4,11.93,0,1
T02146,P1928,2026-03-25,下午,C2,case,0,6.38,7.33,0,1
T02147,P2517,2026-03-25,上午,C1,basic,0,18.86,6.45,0,1
T02148,P1307,2026-03-25,上午,C2,case,0,6.71,21.12,0,1
T02149,P2306,2026-03-25,上午,C1,basic,1,3.42,9.91,0,1
T02150,P0366,2026-03-25,上午,C2,case,1,6.36,9.68,0,1
T02151,P2367,2026-03-25,上午,C1,basic,0,6.89,8.02,0,1
T02152,P0651,2026-03-25,上午,C2,case,0,38.68,,1,0
T02153,P0725,2026-03-25,下午,C1,basic,0,5.41,9.37,0,1
T02154,P0283,2026-03-25,下午,C2,case,0,16.09,8.18,0,1
T02155,P0491,2026-03-25,上午,C1,basic,1,5.33,16.39,0,1
T02156,P2101,2026-03-25,下午,C2,basic,1,7.53,5.36,0,1
T02157,P2564,2026-03-25,下午,C1,case,1,6.83,33.25,0,0
T02158,P0544,2026-03-25,下午,C2,basic,0,11.35,3.43,0,1
T02159,P1549,2026-03-25,上午,C1,case,0,43.35,31.66,0,1
T02160,P1606,2026-03-25,上午,C2,case,0,6.43,15.83,0,0
T02161,P0508,2026-03-26,上午,A1,case,0,6.67,19.34,0,1
T02162,P1494,2026-03-26,上午,A2,basic,0,4.97,6.22,0,1
T02163,P1921,2026-03-26,上午,A1,case,1,10.88,6.12,0,1
T02164,P1905,2026-03-26,上午,A2,case,1,10.03,23.33,0,0
T02165,P0184,2026-03-26,下午,A1,case,0,13.43,5.82,0,0
T02166,P1238,2026-03-26,下午,A2,basic,1,5.72,17.12,0,1
T02167,P0288,2026-03-26,下午,A1,case,0,15.84,16.27,0,1
T02168,P2453,2026-03-26,上午,A2,case,0,13.36,31.79,0,1
T02169,P1512,2026-03-26,下午,A1,case,0,11.07,13.31,0,1
T02170,P1303,2026-03-26,上午,A2,case,0,18.56,5.91,0,0
T02171,P0543,2026-03-26,上午,A1,case,1,5.74,19.44,0,1
T02172,P1848,2026-03-26,上午,A2,basic,1,3.06,3.44,0,1
T02173,P2082,2026-03-26,上午,A1,case,0,17.78,10.41,0,1
T02174,P1241,2026-03-26,上午,A2,case,0,14.51,39.98,0,1
T02175,P0382,2026-03-26,上午,A1,basic,0,8.67,7.24,0,0
T02176,P1555,2026-03-26,下午,A2,basic,0,2.19,2.02,0,1
T02177,P2206,2026-03-26,下午,A1,basic,1,0.97,7.35,0,1
T02178,P0734,2026-03-26,上午,A2,case,0,9.2,22.58,0,1
T02179,P1458,2026-03-26,上午,A1,case,0,37.26,4.34,0,1
T02180,P0787,2026-03-26,上午,A2,basic,1,17.73,6.61,0,0
T02181,P1587,2026-03-26,上午,A1,case,0,14.31,4.1,0,1
T02182,P1953,2026-03-26,下午,A2,case,0,8.74,18.42,0,1
T02183,P0743,2026-03-26,下午,A1,case,0,14.08,31.78,0,1
T02184,P0591,2026-03-26,下午,A2,case,0,7.43,8.37,0,1
T02185,P1727,2026-03-26,下午,A1,case,0,6.12,8.36,0,0
T02186,P0313,2026-03-26,上午,A2,basic,1,3.02,5.08,0,1
T02187,P0993,2026-03-26,下午,A1,case,1,7.09,15.37,0,1
T02188,P2021,2026-03-26,上午,A2,case,0,5.22,71.03,0,1
T02189,P0661,2026-03-26,上午,A1,case,0,10.78,46.48,0,1
T02190,P2197,2026-03-26,下午,A2,case,0,17.4,38.57,0,1
T02191,P2174,2026-03-26,上午,A1,case,1,20.74,20.85,0,1
T02192,P1191,2026-03-26,上午,A2,case,0,11.51,17.48,0,1
T02193,P2655,2026-03-26,上午,A1,case,0,12.69,29.74,0,1
T02194,P1356,2026-03-26,上午,A2,case,0,16.98,7.63,0,1
T02195,P0389,2026-03-26,上午,A1,case,0,20.86,5.01,0,1
T02196,P1457,2026-03-26,下午,A2,basic,1,4.72,15.84,0,0
T02197,P2192,2026-03-26,上午,A1,case,1,32.79,10.12,0,1
T02198,P1060,2026-03-26,下午,A2,case,0,7.87,11.01,0,1
T02199,P0283,2026-03-26,上午,A1,case,0,20.0,34.72,0,1
T02200,P2526,2026-03-26,上午,A2,case,0,8.13,10.89,0,1
T02201,P1663,2026-03-26,上午,B1,basic,0,12.98,7.71,0,1
T02202,P1431,2026-03-26,上午,B2,basic,1,3.2,7.82,0,1
T02203,P0448,2026-03-26,上午,B1,basic,1,2.36,6.69,0,0
T02204,P1085,2026-03-26,下午,B2,case,0,25.46,15.05,0,1
T02205,P0024,2026-03-26,下午,B1,basic,1,2.24,10.96,0,1
T02206,P0914,2026-03-26,上午,B2,basic,0,4.42,8.42,0,1
T02207,P0571,2026-03-26,上午,B1,basic,1,5.88,6.03,0,0
T02208,P0462,2026-03-26,下午,B2,basic,1,2.03,9.1,0,1
T02209,P1085,2026-03-26,下午,B1,basic,1,7.12,12.48,0,1
T02210,P1339,2026-03-26,上午,B2,basic,0,9.87,3.63,0,1
T02211,P2206,2026-03-26,上午,B1,case,0,13.27,8.25,0,0
T02212,P2064,2026-03-26,上午,B2,basic,0,5.1,3.61,0,1
T02213,P1015,2026-03-26,上午,B1,case,0,22.97,8.2,0,1
T02214,P1427,2026-03-26,下午,B2,basic,0,3.13,4.82,0,1
T02215,P0545,2026-03-26,上午,B1,basic,1,6.97,7.23,0,1
T02216,P0204,2026-03-26,下午,B2,case,0,18.3,22.33,0,1
T02217,P2435,2026-03-26,上午,B1,basic,0,10.75,3.45,0,1
T02218,P1349,2026-03-26,上午,B2,case,0,39.79,22.62,0,1
T02219,P2682,2026-03-26,下午,B1,basic,1,4.3,8.43,0,1
T02220,P1472,2026-03-26,下午,B2,basic,0,8.83,7.0,0,0
T02221,P1322,2026-03-26,上午,B1,basic,0,16.18,7.91,0,1
T02222,P1278,2026-03-26,下午,B2,case,0,22.69,4.32,0,1
T02223,P2109,2026-03-26,下午,B1,case,0,19.24,44.12,0,0
T02224,P0758,2026-03-26,下午,B2,basic,1,2.47,5.23,0,1
T02225,P1329,2026-03-26,下午,B1,basic,0,8.21,6.55,0,1
T02226,P0473,2026-03-26,上午,B2,basic,0,11.84,9.57,0,1
T02227,P1456,2026-03-26,上午,B1,basic,1,8.52,11.68,0,1
T02228,P2089,2026-03-26,上午,B2,basic,0,12.62,4.23,0,1
T02229,P2276,2026-03-26,上午,B1,basic,0,8.4,10.21,0,1
T02230,P0887,2026-03-26,上午,B2,basic,0,6.68,6.87,0,1
T02231,P1328,2026-03-26,上午,B1,basic,1,7.77,7.92,0,1
T02232,P0797,2026-03-26,下午,B2,basic,1,4.42,12.25,0,1
T02233,P1294,2026-03-26,上午,B1,case,0,15.34,45.39,0,0
T02234,P0501,2026-03-26,上午,B2,case,0,57.12,37.97,0,0
T02235,P0873,2026-03-26,下午,B1,basic,1,1.3,1.41,0,0
T02236,P1160,2026-03-26,下午,B2,case,0,20.11,9.72,0,0
T02237,P0574,2026-03-26,下午,B1,case,1,10.32,19.04,0,1
T02238,P2288,2026-03-26,上午,B2,basic,1,9.29,5.46,0,1
T02239,P0991,2026-03-26,上午,B1,basic,1,3.93,5.47,0,1
T02240,P1135,2026-03-26,下午,B2,case,0,36.07,12.58,0,0
T02241,P1589,2026-03-26,上午,C1,basic,0,6.04,5.62,0,1
T02242,P1457,2026-03-26,上午,C2,case,1,6.87,10.7,0,1
T02243,P2440,2026-03-26,下午,C1,case,0,48.19,24.58,0,1
T02244,P0305,2026-03-26,下午,C2,case,0,26.76,13.09,0,1
T02245,P1063,2026-03-26,下午,C1,basic,1,4.99,5.85,0,1
T02246,P0167,2026-03-26,上午,C2,basic,1,3.66,5.08,0,1
T02247,P2066,2026-03-26,上午,C1,case,1,10.8,11.85,0,1
T02248,P1334,2026-03-26,下午,C2,case,0,18.23,11.57,0,1
T02249,P2212,2026-03-26,上午,C1,case,1,25.89,,1,0
T02250,P0402,2026-03-26,上午,C2,case,1,20.19,21.29,0,1
T02251,P1720,2026-03-26,上午,C1,case,0,26.85,36.39,0,0
T02252,P2039,2026-03-26,上午,C2,basic,0,4.84,7.42,0,1
T02253,P0649,2026-03-26,上午,C1,basic,1,11.89,0.29,0,1
T02254,P1229,2026-03-26,上午,C2,basic,0,3.14,7.38,0,1
T02255,P1407,2026-03-26,下午,C1,basic,1,2.26,5.25,0,1
T02256,P2362,2026-03-26,上午,C2,case,0,21.64,21.82,0,1
T02257,P2161,2026-03-26,上午,C1,case,1,6.76,11.7,0,1
T02258,P1058,2026-03-26,上午,C2,case,1,16.3,3.95,0,1
T02259,P1985,2026-03-26,上午,C1,basic,1,2.99,9.07,0,1
T02260,P1437,2026-03-26,上午,C2,case,1,5.88,33.93,0,1
T02261,P1056,2026-03-26,上午,C1,basic,1,3.37,9.85,0,1
T02262,P2081,2026-03-26,下午,C2,case,0,15.51,12.83,0,0
T02263,P2457,2026-03-26,上午,C1,basic,0,10.41,2.05,0,0
T02264,P2483,2026-03-26,上午,C2,case,0,10.0,10.75,0,0
T02265,P2096,2026-03-26,上午,C1,case,0,10.24,14.61,0,1
T02266,P0026,2026-03-26,上午,C2,case,1,14.27,11.95,0,1
T02267,P1426,2026-03-26,上午,C1,basic,0,6.7,3.17,0,1
T02268,P2091,2026-03-26,上午,C2,case,0,13.82,10.81,0,1
T02269,P1501,2026-03-26,上午,C1,basic,0,9.18,1.95,0,1
T02270,P2476,2026-03-26,上午,C2,basic,0,5.66,8.68,0,1
T02271,P1345,2026-03-26,上午,C1,basic,1,6.95,3.93,0,1
T02272,P0996,2026-03-26,下午,C2,basic,1,2.33,6.11,0,1
T02273,P2258,2026-03-26,上午,C1,case,0,65.78,,1,0
T02274,P0855,2026-03-26,下午,C2,basic,0,3.76,9.89,0,1
T02275,P2229,2026-03-26,上午,C1,case,0,16.83,34.79,0,1
T02276,P2532,2026-03-26,上午,C2,case,0,9.1,2.9,0,0
T02277,P0767,2026-03-26,上午,C1,basic,0,6.72,8.66,0,1
T02278,P2443,2026-03-26,上午,C2,case,0,20.82,21.92,0,1
T02279,P0828,2026-03-26,下午,C1,case,1,14.55,2.72,0,1
T02280,P1268,2026-03-26,下午,C2,case,1,19.37,19.04,0,0
T02281,P2645,2026-03-27,下午,A1,case,0,12.64,15.01,0,1
T02282,P0489,2026-03-27,下午,A2,basic,1,7.16,13.16,0,1
T02283,P1385,2026-03-27,下午,A1,case,1,4.92,13.48,0,1
T02284,P1628,2026-03-27,上午,A2,basic,1,7.88,8.81,0,1
T02285,P0182,2026-03-27,下午,A1,case,0,8.5,11.57,0,0
T02286,P2272,2026-03-27,上午,A2,basic,0,5.24,16.69,0,1
T02287,P2500,2026-03-27,上午,A1,case,0,28.71,,1,0
T02288,P2516,2026-03-27,上午,A2,case,0,8.43,7.82,0,1
T02289,P2141,2026-03-27,上午,A1,case,0,19.48,13.6,0,1
T02290,P1434,2026-03-27,上午,A2,case,1,3.15,4.0,0,1
T02291,P2325,2026-03-27,上午,A1,case,0,9.0,27.15,0,1
T02292,P2391,2026-03-27,上午,A2,case,0,15.29,12.54,0,1
T02293,P0906,2026-03-27,下午,A1,case,0,14.28,11.28,0,1
T02294,P0691,2026-03-27,上午,A2,case,0,7.08,4.68,0,1
T02295,P1296,2026-03-27,上午,A1,case,0,9.78,9.12,0,0
T02296,P1933,2026-03-27,下午,A2,case,0,19.73,36.14,0,0
T02297,P0855,2026-03-27,上午,A1,case,0,50.73,,1,0
T02298,P2278,2026-03-27,上午,A2,case,0,36.8,,1,0
T02299,P1714,2026-03-27,上午,A1,case,0,8.68,13.62,0,1
T02300,P0974,2026-03-27,下午,A2,case,0,12.2,20.44,0,1
T02301,P0398,2026-03-27,下午,A1,case,1,3.87,20.2,0,1
T02302,P1265,2026-03-27,上午,A2,case,0,13.58,33.36,0,1
T02303,P1509,2026-03-27,上午,A1,basic,1,4.08,3.18,0,1
T02304,P2212,2026-03-27,上午,A2,case,0,32.61,,1,0
T02305,P1297,2026-03-27,下午,A1,case,1,13.49,14.8,0,1
T02306,P2282,2026-03-27,上午,A2,basic,1,6.58,11.9,0,1
T02307,P0044,2026-03-27,上午,A1,case,0,12.5,11.37,0,1
T02308,P2487,2026-03-27,下午,A2,case,1,20.99,16.06,0,1
T02309,P0725,2026-03-27,下午,A1,basic,1,4.26,3.87,0,0
T02310,P1806,2026-03-27,上午,A2,case,0,14.5,19.32,0,0
T02311,P1302,2026-03-27,上午,A1,case,0,15.49,11.45,0,1
T02312,P0508,2026-03-27,上午,A2,case,0,8.17,9.23,0,1
T02313,P0698,2026-03-27,下午,A1,case,0,12.63,9.46,0,1
T02314,P0095,2026-03-27,下午,A2,case,0,5.87,7.96,0,1
T02315,P1732,2026-03-27,上午,A1,basic,1,5.19,4.67,0,1
T02316,P1118,2026-03-27,下午,A2,basic,0,4.03,17.34,0,1
T02317,P2484,2026-03-27,下午,A1,case,0,12.96,18.06,0,1
T02318,P2666,2026-03-27,上午,A2,case,1,22.12,6.99,0,1
T02319,P1693,2026-03-27,上午,A1,case,0,5.9,16.54,0,1
T02320,P0995,2026-03-27,下午,A2,case,0,25.31,3.69,0,1
T02321,P1718,2026-03-27,下午,B1,basic,0,6.52,10.54,0,1
T02322,P2174,2026-03-27,上午,B2,basic,0,9.76,5.52,0,1
T02323,P0336,2026-03-27,下午,B1,basic,0,3.11,6.15,0,1
T02324,P0531,2026-03-27,上午,B2,basic,1,10.7,2.68,0,1
T02325,P1832,2026-03-27,上午,B1,basic,1,4.91,5.0,0,1
T02326,P0087,2026-03-27,下午,B2,basic,1,3.91,6.1,0,0
T02327,P1892,2026-03-27,下午,B1,basic,0,11.64,5.88,0,0
T02328,P1803,2026-03-27,上午,B2,basic,0,1.18,2.71,0,1
T02329,P2667,2026-03-27,上午,B1,basic,1,8.36,3.06,0,1
T02330,P1799,2026-03-27,下午,B2,case,0,7.99,28.29,0,1
T02331,P2363,2026-03-27,下午,B1,case,1,5.31,25.65,0,1
T02332,P1977,2026-03-27,下午,B2,basic,1,3.61,19.1,0,1
T02333,P1721,2026-03-27,下午,B1,case,0,15.41,13.17,0,0
T02334,P1313,2026-03-27,上午,B2,case,1,22.58,12.49,0,1
T02335,P1627,2026-03-27,上午,B1,basic,1,3.78,5.81,0,1
T02336,P0022,2026-03-27,下午,B2,basic,1,4.01,17.6,0,1
T02337,P1006,2026-03-27,上午,B1,basic,1,87.0,7.15,0,1
T02338,P1978,2026-03-27,上午,B2,basic,0,13.06,7.41,0,1
T02339,P1676,2026-03-27,下午,B1,basic,1,3.71,11.72,0,0
T02340,P1170,2026-03-27,上午,B2,basic,1,8.07,3.33,0,0
T02341,P0976,2026-03-27,上午,B1,basic,1,1.55,11.99,0,1
T02342,P2624,2026-03-27,上午,B2,basic,1,6.6,3.77,0,0
T02343,P0820,2026-03-27,上午,B1,basic,1,7.36,5.94,0,1
T02344,P0141,2026-03-27,上午,B2,case,0,91.24,14.15,0,0
T02345,P1639,2026-03-27,上午,B1,case,0,21.95,17.22,0,1
T02346,P1386,2026-03-27,下午,B2,basic,0,6.48,6.2,0,1
T02347,P1171,2026-03-27,上午,B1,basic,1,5.22,7.24,0,1
T02348,P2008,2026-03-27,下午,B2,case,0,15.89,19.25,0,1
T02349,P1019,2026-03-27,下午,B1,basic,0,8.54,12.42,0,0
T02350,P1823,2026-03-27,下午,B2,basic,0,9.3,3.72,0,1
T02351,P0745,2026-03-27,下午,B1,case,0,13.58,5.16,0,1
T02352,P0241,2026-03-27,下午,B2,basic,1,14.52,10.82,0,1
T02353,P1971,2026-03-27,下午,B1,basic,1,4.47,6.33,0,1
T02354,P1402,2026-03-27,上午,B2,basic,1,5.51,7.85,0,1
T02355,P1519,2026-03-27,下午,B1,basic,1,4.08,10.53,0,0
T02356,P1833,2026-03-27,下午,B2,basic,1,1.2,14.83,0,1
T02357,P1662,2026-03-27,上午,B1,case,0,49.98,14.62,0,0
T02358,P0435,2026-03-27,上午,B2,basic,0,6.75,8.46,0,1
T02359,P2001,2026-03-27,下午,B1,basic,1,3.69,8.57,0,1
T02360,P1486,2026-03-27,上午,B2,case,0,25.54,28.64,0,0
T02361,P0819,2026-03-27,上午,C1,basic,0,10.17,9.41,0,1
T02362,P0215,2026-03-27,上午,C2,basic,0,5.94,4.8,0,1
T02363,P0614,2026-03-27,下午,C1,case,0,9.6,11.43,0,0
T02364,P0185,2026-03-27,上午,C2,basic,1,2.02,5.52,0,1
T02365,P0201,2026-03-27,上午,C1,case,0,20.51,7.39,0,1
T02366,P0890,2026-03-27,上午,C2,basic,0,10.95,3.77,0,1
T02367,P1665,2026-03-27,上午,C1,case,0,14.75,5.7,0,1
T02368,P0364,2026-03-27,上午,C2,case,0,15.37,11.19,0,1
T02369,P0381,2026-03-27,上午,C1,case,0,87.81,25.33,0,1
T02370,P1776,2026-03-27,上午,C2,basic,1,3.63,4.88,0,1
T02371,P1871,2026-03-27,下午,C1,basic,0,7.68,8.04,0,1
T02372,P0236,2026-03-27,上午,C2,case,0,36.13,12.57,0,0
T02373,P1736,2026-03-27,上午,C1,case,0,14.85,9.99,0,1
T02374,P1124,2026-03-27,上午,C2,basic,0,12.18,20.25,0,1
T02375,P2662,2026-03-27,上午,C1,case,0,32.81,34.72,0,1
T02376,P2264,2026-03-27,上午,C2,basic,0,5.19,3.1,0,1
T02377,P0011,2026-03-27,下午,C1,basic,1,2.2,10.68,0,1
T02378,P1294,2026-03-27,下午,C2,basic,0,4.64,5.86,0,1
T02379,P1611,2026-03-27,下午,C1,case,1,3.51,17.75,0,1
T02380,P0788,2026-03-27,下午,C2,case,0,13.67,20.18,0,1
T02381,P2682,2026-03-27,下午,C1,case,0,9.58,30.79,0,1
T02382,P0122,2026-03-27,上午,C2,basic,0,5.47,1.31,0,1
T02383,P1396,2026-03-27,上午,C1,case,0,13.28,6.9,0,1
T02384,P1305,2026-03-27,上午,C2,basic,1,3.07,8.1,0,1
T02385,P0290,2026-03-27,上午,C1,basic,0,8.18,7.6,0,1
T02386,P0645,2026-03-27,下午,C2,case,0,15.55,12.83,0,1
T02387,P1344,2026-03-27,上午,C1,basic,1,6.2,6.43,0,1
T02388,P2696,2026-03-27,上午,C2,basic,0,12.91,8.08,0,1
T02389,P1509,2026-03-27,上午,C1,basic,0,16.14,14.01,0,1
T02390,P2619,2026-03-27,下午,C2,basic,0,2.85,1.94,0,1
T02391,P2449,2026-03-27,下午,C1,case,0,5.36,25.61,0,1
T02392,P0717,2026-03-27,上午,C2,case,1,14.03,6.63,0,0
T02393,P1572,2026-03-27,下午,C1,case,0,4.32,4.85,0,1
T02394,P1535,2026-03-27,上午,C2,case,1,23.63,8.32,0,1
T02395,P1480,2026-03-27,下午,C1,basic,1,3.46,22.74,0,0
T02396,P1710,2026-03-27,下午,C2,basic,1,4.87,9.44,0,1
T02397,P1429,2026-03-27,上午,C1,basic,1,5.16,3.29,0,1
T02398,P0688,2026-03-27,上午,C2,basic,0,12.5,5.05,0,1
T02399,P2489,2026-03-27,上午,C1,case,0,7.43,14.28,0,1
T02400,P1448,2026-03-27,上午,C2,basic,0,3.97,8.1,0,1
T02401,P2260,2026-03-30,下午,A1,case,0,34.88,,1,0
T02402,P0965,2026-03-30,上午,A2,case,0,27.2,,1,0
T02403,P0853,2026-03-30,下午,A1,case,0,14.82,5.39,0,1
T02404,P0319,2026-03-30,下午,A2,case,1,15.73,16.86,0,1
T02405,P1691,2026-03-30,上午,A1,basic,1,4.09,4.47,0,1
T02406,P0405,2026-03-30,下午,A2,case,0,12.64,7.14,0,1
T02407,P1462,2026-03-30,下午,A1,case,0,15.67,30.24,0,1
T02408,P1006,2026-03-30,上午,A2,case,1,18.11,31.13,0,0
T02409,P0467,2026-03-30,上午,A1,case,0,21.13,16.67,0,1
T02410,P0882,2026-03-30,上午,A2,case,0,9.79,21.06,0,1
T02411,P2612,2026-03-30,上午,A1,case,0,6.09,9.92,0,1
T02412,P2173,2026-03-30,上午,A2,basic,1,3.61,14.6,0,1
T02413,P1330,2026-03-30,下午,A1,basic,0,3.87,1.68,0,1
T02414,P2200,2026-03-30,上午,A2,case,0,14.98,12.87,0,0
T02415,P2330,2026-03-30,下午,A1,case,0,10.99,7.62,0,1
T02416,P0021,2026-03-30,上午,A2,case,0,15.44,16.91,0,0
T02417,P1067,2026-03-30,上午,A1,case,1,42.53,9.91,0,1
T02418,P0301,2026-03-30,下午,A2,case,0,7.78,15.04,0,1
T02419,P2368,2026-03-30,下午,A1,case,0,7.04,28.44,0,1
T02420,P1576,2026-03-30,上午,A2,case,0,10.92,5.32,0,1
T02421,P2468,2026-03-30,下午,A1,basic,1,4.42,6.24,0,1
T02422,P0622,2026-03-30,下午,A2,basic,1,2.15,14.47,0,1
T02423,P2643,2026-03-30,下午,A1,case,1,3.91,21.46,0,0
T02424,P0135,2026-03-30,上午,A2,case,0,15.08,51.8,0,1
T02425,P0079,2026-03-30,下午,A1,case,0,5.88,12.65,0,1
T02426,P1529,2026-03-30,下午,A2,basic,0,8.22,8.94,0,1
T02427,P1701,2026-03-30,上午,A1,case,1,19.58,11.93,0,1
T02428,P2513,2026-03-30,上午,A2,case,1,9.94,7.56,0,1
T02429,P0406,2026-03-30,上午,A1,case,1,7.65,21.43,0,1
T02430,P2601,2026-03-30,下午,A2,case,0,10.01,8.29,0,1
T02431,P1950,2026-03-30,上午,A1,case,1,3.83,10.3,0,1
T02432,P0580,2026-03-30,上午,A2,case,1,9.96,6.97,0,1
T02433,P1366,2026-03-30,上午,A1,case,0,8.48,11.0,0,1
T02434,P2180,2026-03-30,上午,A2,case,1,11.96,11.63,0,1
T02435,P1923,2026-03-30,上午,A1,case,0,55.84,33.18,0,1
T02436,P1789,2026-03-30,上午,A2,case,1,8.99,37.09,0,1
T02437,P1243,2026-03-30,下午,A1,case,1,13.7,27.32,0,1
T02438,P0353,2026-03-30,上午,A2,case,0,43.62,,1,0
T02439,P2555,2026-03-30,下午,A1,case,0,7.29,55.1,0,0
T02440,P0165,2026-03-30,上午,A2,case,0,90.24,45.72,0,0
T02441,P0755,2026-03-30,上午,B1,basic,1,77.29,,1,0
T02442,P0400,2026-03-30,上午,B2,case,0,20.47,34.31,0,1
T02443,P1448,2026-03-30,上午,B1,case,0,50.77,13.92,0,1
T02444,P0315,2026-03-30,下午,B2,basic,0,3.68,15.78,0,0
T02445,P1209,2026-03-30,下午,B1,basic,1,6.03,4.23,0,1
T02446,P0253,2026-03-30,上午,B2,case,0,27.77,24.99,0,0
T02447,P0500,2026-03-30,下午,B1,basic,1,2.27,10.13,0,1
T02448,P2529,2026-03-30,上午,B2,basic,0,12.61,5.22,0,1
T02449,P0087,2026-03-30,上午,B1,basic,1,8.89,4.63,0,0
T02450,P0955,2026-03-30,下午,B2,basic,1,3.98,15.06,0,1
T02451,P2541,2026-03-30,上午,B1,case,0,31.81,29.37,0,1
T02452,P1564,2026-03-30,上午,B2,basic,0,9.73,12.71,0,1
T02453,P2090,2026-03-30,下午,B1,basic,1,3.22,4.55,0,1
T02454,P2099,2026-03-30,上午,B2,case,0,31.75,,1,0
T02455,P0172,2026-03-30,上午,B1,basic,1,74.9,,1,0
T02456,P1850,2026-03-30,上午,B2,basic,1,8.54,1.65,0,1
T02457,P2537,2026-03-30,下午,B1,case,0,7.89,46.36,0,1
T02458,P0615,2026-03-30,下午,B2,case,1,6.46,11.4,0,1
T02459,P0924,2026-03-30,下午,B1,basic,1,2.8,6.3,0,0
T02460,P1915,2026-03-30,下午,B2,basic,1,3.34,7.6,0,1
T02461,P0335,2026-03-30,上午,B1,basic,1,6.6,6.2,0,0
T02462,P2512,2026-03-30,上午,B2,basic,1,8.97,5.07,0,1
T02463,P0842,2026-03-30,上午,B1,basic,1,13.38,4.02,0,1
T02464,P2400,2026-03-30,下午,B2,basic,0,8.88,2.34,0,1
T02465,P2567,2026-03-30,下午,B1,case,1,10.4,23.8,0,0
T02466,P1016,2026-03-30,下午,B2,basic,1,3.96,3.39,0,0
T02467,P2028,2026-03-30,上午,B1,case,0,34.96,5.42,0,1
T02468,P0469,2026-03-30,下午,B2,basic,1,3.49,5.39,0,0
T02469,P0944,2026-03-30,上午,B1,basic,1,2.19,10.69,0,0
T02470,P2086,2026-03-30,下午,B2,basic,0,8.35,4.17,0,0
T02471,P0927,2026-03-30,下午,B1,case,0,18.07,10.42,0,1
T02472,P1141,2026-03-30,下午,B2,basic,1,6.19,13.03,0,1
T02473,P0138,2026-03-30,上午,B1,basic,1,3.96,1.35,0,1
T02474,P0894,2026-03-30,下午,B2,basic,0,8.31,5.17,0,1
T02475,P0996,2026-03-30,下午,B1,basic,0,7.02,8.61,0,1
T02476,P1217,2026-03-30,下午,B2,basic,0,5.1,2.89,0,1
T02477,P2361,2026-03-30,上午,B1,basic,0,11.7,11.0,0,1
T02478,P2674,2026-03-30,下午,B2,basic,0,5.7,14.45,0,1
T02479,P1023,2026-03-30,上午,B1,basic,1,1.42,3.67,0,1
T02480,P0872,2026-03-30,上午,B2,basic,1,16.15,5.79,0,0
T02481,P0068,2026-03-30,上午,C1,case,0,29.61,50.28,0,0
T02482,P0657,2026-03-30,下午,C2,case,1,7.99,47.34,0,0
T02483,P0659,2026-03-30,上午,C1,case,1,6.23,26.07,0,1
T02484,P1033,2026-03-30,上午,C2,case,0,16.98,13.82,0,0
T02485,P2199,2026-03-30,上午,C1,basic,1,10.08,9.35,0,1
T02486,P0038,2026-03-30,下午,C2,basic,1,7.67,0.89,0,1
T02487,P2417,2026-03-30,下午,C1,case,0,12.23,24.86,0,1
T02488,P0776,2026-03-30,上午,C2,case,0,13.03,11.49,0,1
T02489,P1413,2026-03-30,上午,C1,basic,1,2.83,6.81,0,1
T02490,P2101,2026-03-30,上午,C2,case,0,13.71,5.35,0,1
T02491,P0688,2026-03-30,上午,C1,case,0,11.12,7.12,0,1
T02492,P0585,2026-03-30,上午,C2,basic,0,3.67,12.41,0,1
T02493,P2014,2026-03-30,下午,C1,basic,0,5.61,3.16,0,1
T02494,P0763,2026-03-30,上午,C2,basic,1,4.62,2.65,0,0
T02495,P1168,2026-03-30,上午,C1,case,0,25.92,23.67,0,0
T02496,P1259,2026-03-30,下午,C2,basic,1,2.25,3.63,0,0
T02497,P0855,2026-03-30,上午,C1,case,0,22.6,13.08,0,1
T02498,P1150,2026-03-30,下午,C2,case,1,12.44,5.84,0,0
T02499,P1043,2026-03-30,下午,C1,case,1,3.02,19.48,0,1
T02500,P1186,2026-03-30,上午,C2,basic,1,6.75,3.49,0,1
T02501,P1584,2026-03-30,上午,C1,basic,0,6.56,9.72,0,1
T02502,P2552,2026-03-30,下午,C2,case,0,14.28,19.73,0,1
T02503,P0741,2026-03-30,上午,C1,basic,0,4.35,8.12,0,1
T02504,P2487,2026-03-30,上午,C2,basic,0,4.25,1.73,0,1
T02505,P0072,2026-03-30,上午,C1,basic,1,5.68,8.37,0,1
T02506,P1994,2026-03-30,上午,C2,basic,1,3.18,5.92,0,1
T02507,P1598,2026-03-30,下午,C1,case,0,24.28,4.31,0,1
T02508,P1796,2026-03-30,上午,C2,basic,0,13.28,4.56,0,1
T02509,P2640,2026-03-30,下午,C1,basic,0,4.41,4.05,0,1
T02510,P2570,2026-03-30,上午,C2,case,0,17.57,17.36,0,1
T02511,P1772,2026-03-30,上午,C1,basic,1,3.47,6.91,0,1
T02512,P0838,2026-03-30,上午,C2,basic,1,5.86,4.36,0,1
T02513,P1828,2026-03-30,上午,C1,basic,0,10.92,13.1,0,0
T02514,P1139,2026-03-30,下午,C2,basic,1,4.48,2.42,0,0
T02515,P0063,2026-03-30,上午,C1,case,0,10.4,18.58,0,0
T02516,P0023,2026-03-30,上午,C2,basic,0,18.13,9.8,0,0
T02517,P2516,2026-03-30,下午,C1,basic,1,3.66,6.48,0,0
T02518,P0968,2026-03-30,上午,C2,basic,1,6.13,6.46,0,1
T02519,P1319,2026-03-30,下午,C1,case,1,11.02,30.46,0,1
T02520,P1503,2026-03-30,上午,C2,basic,0,10.08,6.33,0,1
T02521,P2325,2026-03-31,下午,A1,case,1,3.61,9.16,0,1
T02522,P0935,2026-03-31,上午,A2,case,0,21.3,8.88,0,1
T02523,P2254,2026-03-31,上午,A1,case,0,11.01,23.8,0,1
T02524,P0674,2026-03-31,上午,A2,case,0,13.68,14.59,0,1
T02525,P0340,2026-03-31,上午,A1,case,0,12.39,21.83,0,1
T02526,P0862,2026-03-31,下午,A2,case,0,8.01,6.77,0,1
T02527,P1392,2026-03-31,下午,A1,case,0,7.08,16.92,0,1
T02528,P0045,2026-03-31,上午,A2,basic,0,3.82,7.3,0,1
T02529,P1306,2026-03-31,下午,A1,basic,0,2.42,13.77,0,1
T02530,P0040,2026-03-31,上午,A2,case,0,14.86,4.39,0,1
T02531,P1861,2026-03-31,下午,A1,basic,0,3.75,6.9,0,1
T02532,P0259,2026-03-31,上午,A2,case,1,5.67,22.82,0,0
T02533,P2615,2026-03-31,下午,A1,case,0,6.77,8.87,0,1
T02534,P0640,2026-03-31,上午,A2,case,1,10.79,14.71,0,1
T02535,P1740,2026-03-31,上午,A1,case,0,19.74,15.47,0,0
T02536,P0128,2026-03-31,下午,A2,case,0,9.94,15.12,0,1
T02537,P0692,2026-03-31,下午,A1,case,1,11.88,16.62,0,1
T02538,P0673,2026-03-31,下午,A2,basic,1,6.66,12.52,0,1
T02539,P1247,2026-03-31,下午,A1,case,0,1.8,22.6,0,1
T02540,P0195,2026-03-31,上午,A2,basic,1,2.2,1.38,0,1
T02541,P0094,2026-03-31,下午,A1,case,0,16.69,18.48,0,1
T02542,P2351,2026-03-31,下午,A2,case,1,6.0,7.96,0,1
T02543,P2464,2026-03-31,上午,A1,case,0,6.03,45.13,0,1
T02544,P1346,2026-03-31,下午,A2,basic,1,6.63,3.93,0,1
T02545,P2507,2026-03-31,上午,A1,case,0,16.28,6.54,0,1
T02546,P0366,2026-03-31,上午,A2,basic,1,7.32,2.38,0,1
T02547,P0921,2026-03-31,上午,A1,case,1,107.57,23.96,0,1
T02548,P1869,2026-03-31,上午,A2,case,0,43.23,15.89,0,0
T02549,P1200,2026-03-31,上午,A1,case,1,15.88,0.83,0,1
T02550,P1735,2026-03-31,上午,A2,case,0,19.35,19.29,0,1
T02551,P2680,2026-03-31,下午,A1,case,1,8.59,25.67,0,1
T02552,P1309,2026-03-31,下午,A2,case,0,7.94,4.2,0,0
T02553,P1850,2026-03-31,上午,A1,basic,0,7.89,4.61,0,1
T02554,P0483,2026-03-31,上午,A2,basic,1,3.65,10.03,0,1
T02555,P0482,2026-03-31,上午,A1,case,1,14.88,9.63,0,1
T02556,P2000,2026-03-31,上午,A2,case,1,16.34,7.96,0,1
T02557,P1134,2026-03-31,下午,A1,basic,1,2.14,6.47,0,1
T02558,P1747,2026-03-31,上午,A2,case,0,13.46,43.56,0,1
T02559,P1888,2026-03-31,下午,A1,basic,0,6.12,9.2,0,1
T02560,P1449,2026-03-31,下午,A2,case,1,3.55,18.51,0,0
T02561,P0371,2026-03-31,上午,B1,basic,1,5.46,2.07,0,1
T02562,P1066,2026-03-31,上午,B2,basic,1,15.53,9.08,0,1
T02563,P1267,2026-03-31,下午,B1,basic,1,7.03,3.63,0,1
T02564,P0452,2026-03-31,下午,B2,basic,1,3.6,5.08,0,1
T02565,P2141,2026-03-31,下午,B1,basic,0,4.56,2.73,0,1
T02566,P0277,2026-03-31,上午,B2,basic,1,4.44,9.0,0,1
T02567,P0049,2026-03-31,下午,B1,case,0,4.28,24.22,0,0
T02568,P2649,2026-03-31,上午,B2,basic,1,20.13,12.88,0,1
T02569,P0346,2026-03-31,下午,B1,basic,1,4.35,15.61,0,1
T02570,P0517,2026-03-31,上午,B2,basic,0,4.12,18.78,0,1
T02571,P1276,2026-03-31,下午,B1,basic,1,1.64,11.51,0,1
T02572,P0299,2026-03-31,上午,B2,basic,1,10.49,6.31,0,1
T02573,P1539,2026-03-31,下午,B1,basic,0,12.12,15.12,0,1
T02574,P0785,2026-03-31,上午,B2,basic,1,6.54,2.74,0,1
T02575,P2320,2026-03-31,上午,B1,basic,1,13.31,22.06,0,1
T02576,P0196,2026-03-31,上午,B2,case,0,16.72,11.73,0,0
T02577,P2419,2026-03-31,上午,B1,basic,0,6.63,16.99,0,0
T02578,P1266,2026-03-31,上午,B2,basic,1,10.25,3.85,0,1
T02579,P0545,2026-03-31,下午,B1,basic,1,5.54,5.29,0,1
T02580,P0378,2026-03-31,上午,B2,basic,1,10.44,2.76,0,1
T02581,P0490,2026-03-31,上午,B1,case,0,15.86,4.91,0,0
T02582,P2481,2026-03-31,上午,B2,basic,1,7.94,16.12,0,1
T02583,P0172,2026-03-31,上午,B1,basic,1,6.49,5.3,0,1
T02584,P2071,2026-03-31,上午,B2,basic,0,7.73,5.69,0,1
T02585,P1689,2026-03-31,上午,B1,case,0,16.86,29.23,0,1
T02586,P0962,2026-03-31,下午,B2,basic,0,5.31,3.36,0,1
T02587,P2365,2026-03-31,上午,B1,basic,1,4.38,2.01,0,1
T02588,P1845,2026-03-31,上午,B2,case,0,21.12,16.22,0,0
T02589,P2631,2026-03-31,下午,B1,basic,0,3.14,9.53,0,1
T02590,P0703,2026-03-31,下午,B2,basic,0,27.77,3.33,0,1
T02591,P0788,2026-03-31,下午,B1,case,0,10.67,7.72,0,1
T02592,P2393,2026-03-31,上午,B2,case,0,11.47,4.91,0,1
T02593,P0513,2026-03-31,上午,B1,basic,0,3.04,10.71,0,0
T02594,P0028,2026-03-31,上午,B2,basic,1,3.63,10.48,0,1
T02595,P1435,2026-03-31,上午,B1,basic,1,16.46,8.83,0,1
T02596,P0895,2026-03-31,上午,B2,basic,0,6.06,4.47,0,1
T02597,P0417,2026-03-31,下午,B1,basic,1,4.3,6.36,0,1
T02598,P0318,2026-03-31,上午,B2,basic,1,2.13,11.35,0,1
T02599,P1098,2026-03-31,下午,B1,basic,0,7.84,3.15,0,1
T02600,P0242,2026-03-31,下午,B2,case,0,16.62,14.26,0,1
T02601,P2139,2026-03-31,上午,C1,basic,1,2.6,10.82,0,1
T02602,P0879,2026-03-31,上午,C2,case,0,22.96,26.69,0,1
T02603,P0801,2026-03-31,上午,C1,basic,0,5.57,7.97,0,1
T02604,P0993,2026-03-31,上午,C2,case,0,67.04,24.9,0,0
T02605,P2473,2026-03-31,下午,C1,case,0,4.9,20.96,0,1
T02606,P0426,2026-03-31,下午,C2,case,1,18.26,10.95,0,1
T02607,P0514,2026-03-31,下午,C1,case,0,12.71,28.38,0,0
T02608,P0970,2026-03-31,下午,C2,case,0,6.27,7.36,0,1
T02609,P2100,2026-03-31,上午,C1,basic,1,7.98,14.78,0,1
T02610,P1734,2026-03-31,上午,C2,case,0,8.79,23.67,0,1
T02611,P0304,2026-03-31,上午,C1,case,0,18.08,14.69,0,1
T02612,P2192,2026-03-31,上午,C2,basic,1,2.85,5.68,0,1
T02613,P0831,2026-03-31,上午,C1,basic,1,5.43,4.89,0,1
T02614,P2511,2026-03-31,上午,C2,case,0,38.41,21.22,0,1
T02615,P2563,2026-03-31,下午,C1,basic,1,2.69,4.1,0,1
T02616,P1489,2026-03-31,下午,C2,basic,1,6.9,10.16,0,1
T02617,P1493,2026-03-31,上午,C1,case,0,13.56,16.56,0,1
T02618,P0078,2026-03-31,下午,C2,basic,1,2.63,6.19,0,1
T02619,P1619,2026-03-31,下午,C1,case,1,21.29,20.11,0,0
T02620,P1665,2026-03-31,上午,C2,basic,0,3.23,4.48,0,1
T02621,P1837,2026-03-31,上午,C1,case,0,12.45,15.26,0,1
T02622,P0993,2026-03-31,上午,C2,case,0,6.41,21.78,0,0
T02623,P0953,2026-03-31,上午,C1,case,0,22.78,27.56,0,1
T02624,P0511,2026-03-31,下午,C2,case,0,17.32,31.57,0,1
T02625,P2366,2026-03-31,下午,C1,case,1,30.35,,1,0
T02626,P1152,2026-03-31,下午,C2,case,0,23.23,13.41,0,1
T02627,P1760,2026-03-31,上午,C1,basic,1,7.89,5.0,0,1
T02628,P0453,2026-03-31,上午,C2,case,0,9.11,27.05,0,1
T02629,P1293,2026-03-31,上午,C1,basic,0,7.78,4.4,0,1
T02630,P2630,2026-03-31,上午,C2,basic,0,50.58,5.75,0,1
T02631,P2336,2026-03-31,上午,C1,basic,1,4.69,7.2,0,1
T02632,P2193,2026-03-31,上午,C2,case,0,19.94,26.49,0,1
T02633,P1584,2026-03-31,上午,C1,case,0,18.55,15.44,0,0
T02634,P1826,2026-03-31,上午,C2,basic,1,4.18,11.73,0,1
T02635,P0845,2026-03-31,上午,C1,case,0,18.96,29.11,0,0
T02636,P0386,2026-03-31,下午,C2,basic,1,5.04,10.79,0,1
T02637,P0810,2026-03-31,上午,C1,case,0,9.52,12.31,0,1
T02638,P0642,2026-03-31,上午,C2,basic,0,7.55,15.13,0,1
T02639,P2417,2026-03-31,上午,C1,case,0,19.52,13.94,0,1
T02640,P1896,2026-03-31,上午,C2,basic,0,7.54,6.35,0,1
T02641,P2483,2026-04-01,下午,A1,case,1,3.87,24.82,0,0
T02642,P0712,2026-04-01,上午,A2,basic,1,3.32,4.62,0,1
T02643,P1414,2026-04-01,上午,A1,case,0,7.15,6.4,0,1
T02644,P2514,2026-04-01,上午,A2,case,1,15.71,24.43,0,1
T02645,P0241,2026-04-01,上午,A1,basic,1,2.45,11.4,0,1
T02646,P2220,2026-04-01,下午,A2,case,0,6.08,8.7,0,1
T02647,P1872,2026-04-01,上午,A1,basic,0,9.45,4.95,0,1
T02648,P0901,2026-04-01,上午,A2,case,0,19.96,26.86,0,1
T02649,P1831,2026-04-01,上午,A1,basic,1,3.27,2.6,0,1
T02650,P0866,2026-04-01,下午,A2,basic,1,2.33,19.07,0,1
T02651,P1318,2026-04-01,下午,A1,case,0,15.32,28.73,0,1
T02652,P1030,2026-04-01,上午,A2,case,0,17.57,17.97,0,1
T02653,P2145,2026-04-01,上午,A1,basic,1,4.84,1.75,0,1
T02654,P0313,2026-04-01,上午,A2,case,0,35.99,18.6,0,1
T02655,P0601,2026-04-01,下午,A1,case,0,17.16,12.37,0,1
T02656,P2627,2026-04-01,上午,A2,case,0,17.5,20.3,0,1
T02657,P0783,2026-04-01,上午,A1,basic,1,7.72,5.33,0,1
T02658,P0326,2026-04-01,上午,A2,case,0,6.95,19.32,0,1
T02659,P1250,2026-04-01,下午,A1,case,0,11.97,11.3,0,1
T02660,P2071,2026-04-01,上午,A2,case,0,35.69,,1,0
T02661,P0314,2026-04-01,上午,A1,case,0,21.24,6.16,0,1
T02662,P1294,2026-04-01,下午,A2,case,0,15.6,12.02,0,1
T02663,P0494,2026-04-01,上午,A1,case,0,15.89,12.57,0,1
T02664,P2377,2026-04-01,上午,A2,case,0,9.0,20.23,0,1
T02665,P0816,2026-04-01,上午,A1,case,0,7.02,3.88,0,1
T02666,P1167,2026-04-01,上午,A2,case,0,5.91,12.83,0,0
T02667,P0823,2026-04-01,下午,A1,basic,1,2.36,5.83,0,1
T02668,P1829,2026-04-01,上午,A2,case,0,32.22,,1,0
T02669,P2654,2026-04-01,上午,A1,basic,1,4.64,5.05,0,1
T02670,P2434,2026-04-01,上午,A2,case,0,46.84,30.91,0,1
T02671,P2059,2026-04-01,上午,A1,case,0,8.43,37.56,0,0
T02672,P1502,2026-04-01,下午,A2,case,0,24.97,9.85,0,1
T02673,P0817,2026-04-01,上午,A1,case,0,51.04,25.59,0,0
T02674,P2118,2026-04-01,上午,A2,basic,0,5.99,5.05,0,1
T02675,P2472,2026-04-01,上午,A1,case,1,12.72,12.34,0,1
T02676,P2044,2026-04-01,上午,A2,basic,1,7.99,4.31,0,1
T02677,P1844,2026-04-01,上午,A1,case,0,36.98,14.62,0,1
T02678,P2227,2026-04-01,上午,A2,case,0,40.16,20.93,0,1
T02679,P1222,2026-04-01,下午,A1,case,0,23.13,14.16,0,0
T02680,P1774,2026-04-01,下午,A2,case,0,12.31,23.46,0,1
T02681,P2356,2026-04-01,上午,B1,basic,1,3.75,9.49,0,1
T02682,P2520,2026-04-01,上午,B2,basic,0,5.3,9.52,0,1
T02683,P0979,2026-04-01,下午,B1,basic,1,6.52,3.0,0,1
T02684,P2171,2026-04-01,上午,B2,basic,1,3.11,2.37,0,1
T02685,P1616,2026-04-01,下午,B1,basic,1,6.69,10.63,0,1
T02686,P0310,2026-04-01,下午,B2,basic,1,7.67,5.72,0,1
T02687,P0049,2026-04-01,下午,B1,basic,0,12.21,6.61,0,1
T02688,P0728,2026-04-01,下午,B2,basic,1,3.85,5.19,0,1
T02689,P2673,2026-04-01,下午,B1,basic,0,2.83,6.14,0,1
T02690,P2330,2026-04-01,上午,B2,basic,1,3.76,3.61,0,1
T02691,P2553,2026-04-01,上午,B1,basic,1,13.16,3.35,0,1
T02692,P0470,2026-04-01,下午,B2,basic,0,6.31,5.87,0,1
T02693,P2389,2026-04-01,上午,B1,basic,1,3.13,2.84,0,1
T02694,P1336,2026-04-01,上午,B2,basic,0,3.68,9.32,0,1
T02695,P1114,2026-04-01,上午,B1,basic,1,19.21,11.76,0,1
T02696,P0124,2026-04-01,下午,B2,basic,1,4.07,3.65,0,1
T02697,P0434,2026-04-01,上午,B1,basic,0,3.24,10.04,0,1
T02698,P1044,2026-04-01,下午,B2,basic,0,9.06,8.42,0,1
T02699,P1037,2026-04-01,上午,B1,case,1,13.7,22.52,0,1
T02700,P2567,2026-04-01,上午,B2,basic,0,15.1,6.25,0,1
T02701,P1912,2026-04-01,下午,B1,basic,1,6.06,4.83,0,1
T02702,P0558,2026-04-01,上午,B2,case,0,22.53,16.39,0,1
T02703,P1362,2026-04-01,下午,B1,basic,1,9.47,2.71,0,1
T02704,P1573,2026-04-01,上午,B2,basic,1,13.11,10.26,0,1
T02705,P0968,2026-04-01,上午,B1,basic,0,15.98,13.72,0,1
T02706,P0010,2026-04-01,下午,B2,basic,0,4.7,3.41,0,1
T02707,P1116,2026-04-01,上午,B1,case,0,9.12,11.63,0,1
T02708,P2519,2026-04-01,上午,B2,basic,1,13.98,6.18,0,1
T02709,P1361,2026-04-01,下午,B1,basic,0,6.08,4.7,0,1
T02710,P1987,2026-04-01,上午,B2,basic,0,6.19,5.39,0,1
T02711,P1116,2026-04-01,下午,B1,basic,0,3.41,8.51,0,0
T02712,P0094,2026-04-01,上午,B2,basic,1,5.82,15.34,0,1
T02713,P1375,2026-04-01,上午,B1,basic,1,9.99,7.78,0,1
T02714,P2112,2026-04-01,下午,B2,basic,0,9.97,2.25,0,1
T02715,P0753,2026-04-01,上午,B1,basic,0,10.31,3.86,0,1
T02716,P0562,2026-04-01,上午,B2,basic,0,6.66,5.07,0,1
T02717,P2079,2026-04-01,上午,B1,case,0,12.31,23.25,0,1
T02718,P1653,2026-04-01,下午,B2,basic,0,7.17,6.57,0,1
T02719,P0713,2026-04-01,上午,B1,basic,0,12.04,8.97,0,0
T02720,P2357,2026-04-01,上午,B2,basic,0,8.33,2.48,0,1
T02721,P0753,2026-04-01,上午,C1,basic,0,6.54,4.58,0,1
T02722,P0683,2026-04-01,上午,C2,basic,1,5.09,9.82,0,1
T02723,P2617,2026-04-01,下午,C1,basic,1,4.23,7.21,0,1
T02724,P1424,2026-04-01,下午,C2,case,0,23.12,30.05,0,1
T02725,P0828,2026-04-01,下午,C1,case,0,7.5,12.54,0,1
T02726,P1732,2026-04-01,下午,C2,case,0,15.92,5.1,0,0
T02727,P0038,2026-04-01,上午,C1,basic,1,5.05,6.38,0,1
T02728,P1403,2026-04-01,上午,C2,case,0,28.91,33.84,0,1
T02729,P2556,2026-04-01,上午,C1,basic,1,4.64,3.17,0,1
T02730,P0004,2026-04-01,上午,C2,case,0,27.58,5.34,0,1
T02731,P0655,2026-04-01,下午,C1,basic,0,6.41,3.62,0,1
T02732,P2352,2026-04-01,上午,C2,basic,0,6.43,9.51,0,1
T02733,P1130,2026-04-01,下午,C1,case,1,6.03,12.44,0,1
T02734,P0870,2026-04-01,下午,C2,case,0,17.85,25.48,0,1
T02735,P1839,2026-04-01,上午,C1,basic,0,4.71,5.53,0,1
T02736,P2055,2026-04-01,下午,C2,basic,1,2.81,2.21,0,1
T02737,P0986,2026-04-01,上午,C1,basic,1,4.25,9.1,0,1
T02738,P2202,2026-04-01,上午,C2,case,0,33.58,18.03,0,1
T02739,P1752,2026-04-01,上午,C1,case,0,18.02,7.57,0,1
T02740,P2330,2026-04-01,下午,C2,case,0,61.47,,1,0
T02741,P2614,2026-04-01,上午,C1,case,0,19.46,27.73,0,0
T02742,P1932,2026-04-01,下午,C2,case,0,3.91,6.83,0,1
T02743,P1536,2026-04-01,下午,C1,case,1,11.14,8.08,0,1
T02744,P0579,2026-04-01,上午,C2,basic,0,4.27,6.74,0,1
T02745,P0554,2026-04-01,上午,C1,case,0,11.98,24.49,0,0
T02746,P0707,2026-04-01,上午,C2,case,0,11.28,9.65,0,1
T02747,P1926,2026-04-01,下午,C1,basic,1,3.74,5.53,0,1
T02748,P0879,2026-04-01,下午,C2,case,1,7.23,22.66,0,1
T02749,P1295,2026-04-01,上午,C1,case,1,17.45,28.55,0,0
T02750,P0600,2026-04-01,上午,C2,case,0,20.68,18.57,0,1
T02751,P0742,2026-04-01,上午,C1,basic,1,2.2,0.89,0,1
T02752,P0833,2026-04-01,下午,C2,case,0,19.12,37.3,0,1
T02753,P2503,2026-04-01,上午,C1,basic,0,9.05,4.53,0,1
T02754,P0750,2026-04-01,上午,C2,basic,1,4.75,2.11,0,1
T02755,P2598,2026-04-01,下午,C1,case,0,14.83,19.46,0,0
T02756,P0706,2026-04-01,上午,C2,basic,1,3.87,3.53,0,1
T02757,P0564,2026-04-01,上午,C1,basic,0,8.28,5.05,0,0
T02758,P1101,2026-04-01,下午,C2,case,0,10.08,10.0,0,1
T02759,P2167,2026-04-01,上午,C1,case,1,16.86,24.94,0,1
T02760,P1537,2026-04-01,上午,C2,basic,0,6.77,2.41,0,1
T02761,P1739,2026-04-02,上午,A1,case,0,10.47,3.51,0,1
T02762,P2238,2026-04-02,上午,A2,case,0,19.38,12.57,0,1
T02763,P0828,2026-04-02,上午,A1,case,0,24.43,36.08,0,1
T02764,P0388,2026-04-02,下午,A2,case,0,10.69,33.84,0,1
T02765,P2332,2026-04-02,上午,A1,basic,1,1.07,4.0,0,1
T02766,P0271,2026-04-02,下午,A2,case,0,14.91,16.19,0,1
T02767,P1438,2026-04-02,上午,A1,case,0,9.97,20.01,0,1
T02768,P1201,2026-04-02,上午,A2,basic,1,3.78,14.77,0,1
T02769,P0293,2026-04-02,上午,A1,case,0,35.13,4.73,0,1
T02770,P1433,2026-04-02,下午,A2,basic,0,2.38,8.83,0,1
T02771,P2321,2026-04-02,上午,A1,case,0,36.93,15.03,0,1
T02772,P1076,2026-04-02,上午,A2,basic,0,11.29,16.35,0,1
T02773,P1294,2026-04-02,上午,A1,case,0,8.31,9.78,0,1
T02774,P0818,2026-04-02,下午,A2,case,0,47.14,,1,0
T02775,P0898,2026-04-02,下午,A1,case,0,14.61,19.12,0,1
T02776,P0151,2026-04-02,下午,A2,case,0,9.03,23.21,0,1
T02777,P0476,2026-04-02,上午,A1,basic,0,62.09,4.96,0,1
T02778,P1648,2026-04-02,上午,A2,case,1,7.56,15.94,0,1
T02779,P1521,2026-04-02,上午,A1,case,1,9.98,10.13,0,1
T02780,P1931,2026-04-02,上午,A2,case,1,11.99,15.99,0,1
T02781,P1749,2026-04-02,上午,A1,case,1,25.01,,1,0
T02782,P1563,2026-04-02,下午,A2,case,0,4.99,9.55,0,1
T02783,P1305,2026-04-02,下午,A1,case,0,11.98,16.81,0,1
T02784,P1667,2026-04-02,上午,A2,case,0,31.13,20.79,0,1
T02785,P1908,2026-04-02,上午,A1,case,0,23.67,13.02,0,1
T02786,P0429,2026-04-02,上午,A2,case,0,24.8,20.35,0,1
T02787,P0650,2026-04-02,上午,A1,case,0,19.5,21.18,0,0
T02788,P0030,2026-04-02,下午,A2,case,1,9.98,19.95,0,0
T02789,P2264,2026-04-02,上午,A1,case,1,6.1,8.95,0,1
T02790,P1911,2026-04-02,上午,A2,case,0,13.29,51.0,0,1
T02791,P0763,2026-04-02,上午,A1,basic,0,4.28,6.93,0,1
T02792,P0123,2026-04-02,上午,A2,case,0,18.32,18.88,0,1
T02793,P2440,2026-04-02,上午,A1,case,1,14.78,9.46,0,1
T02794,P0672,2026-04-02,下午,A2,case,0,81.17,14.19,0,0
T02795,P1104,2026-04-02,下午,A1,case,0,5.02,10.87,0,1
T02796,P2699,2026-04-02,上午,A2,basic,0,14.04,2.12,0,1
T02797,P0503,2026-04-02,下午,A1,basic,0,5.19,9.76,0,1
T02798,P0458,2026-04-02,上午,A2,basic,0,5.9,9.45,0,1
T02799,P0609,2026-04-02,上午,A1,case,1,28.11,13.64,0,1
T02800,P1198,2026-04-02,上午,A2,case,0,15.92,11.21,0,1
T02801,P0312,2026-04-02,下午,B1,basic,1,6.58,7.21,0,1
T02802,P0646,2026-04-02,下午,B2,basic,1,5.75,7.56,0,1
T02803,P2075,2026-04-02,下午,B1,basic,0,3.96,4.89,0,1
T02804,P0234,2026-04-02,下午,B2,case,0,27.12,9.12,0,0
T02805,P1154,2026-04-02,上午,B1,basic,0,13.39,2.25,0,1
T02806,P0058,2026-04-02,上午,B2,basic,1,7.79,6.84,0,1
T02807,P1278,2026-04-02,上午,B1,basic,0,11.91,3.28,0,1
T02808,P1761,2026-04-02,上午,B2,basic,0,15.24,10.33,0,0
T02809,P2692,2026-04-02,上午,B1,case,0,23.57,18.6,0,1
T02810,P0407,2026-04-02,上午,B2,basic,1,7.88,7.08,0,1
T02811,P0171,2026-04-02,上午,B1,basic,0,6.51,6.71,0,1
T02812,P0850,2026-04-02,上午,B2,basic,0,10.26,3.83,0,1
T02813,P0925,2026-04-02,上午,B1,basic,1,5.12,15.63,0,1
T02814,P1881,2026-04-02,上午,B2,basic,1,3.87,16.38,0,1
T02815,P0253,2026-04-02,上午,B1,case,1,19.98,16.72,0,0
T02816,P0108,2026-04-02,上午,B2,case,0,13.74,6.39,0,1
T02817,P0108,2026-04-02,上午,B1,basic,0,11.82,1.52,0,1
T02818,P2453,2026-04-02,下午,B2,basic,1,7.43,4.8,0,1
T02819,P1905,2026-04-02,下午,B1,basic,0,7.35,10.42,0,1
T02820,P0547,2026-04-02,上午,B2,case,0,13.27,15.83,0,0
T02821,P1058,2026-04-02,上午,B1,basic,1,8.73,7.46,0,1
T02822,P1325,2026-04-02,下午,B2,case,0,13.54,16.4,0,1
T02823,P0594,2026-04-02,上午,B1,basic,1,8.43,12.45,0,1
T02824,P0570,2026-04-02,上午,B2,case,0,20.9,10.83,0,1
T02825,P2446,2026-04-02,下午,B1,basic,0,3.74,6.94,0,1
T02826,P0900,2026-04-02,上午,B2,basic,1,5.04,11.26,0,1
T02827,P0785,2026-04-02,上午,B1,case,0,23.28,5.64,0,1
T02828,P2329,2026-04-02,上午,B2,basic,1,11.92,6.44,0,1
T02829,P1968,2026-04-02,上午,B1,basic,0,47.62,6.18,0,1
T02830,P1429,2026-04-02,上午,B2,case,0,6.8,27.79,0,1
T02831,P1078,2026-04-02,上午,B1,basic,0,12.34,8.18,0,1
T02832,P0612,2026-04-02,上午,B2,case,0,27.39,29.09,0,1
T02833,P1397,2026-04-02,下午,B1,basic,1,5.0,12.45,0,0
T02834,P2040,2026-04-02,下午,B2,case,1,8.4,6.4,0,0
T02835,P2469,2026-04-02,上午,B1,basic,0,4.14,10.39,0,1
T02836,P0876,2026-04-02,下午,B2,case,0,4.15,32.51,0,0
T02837,P1553,2026-04-02,上午,B1,basic,1,3.16,8.46,0,1
T02838,P2535,2026-04-02,上午,B2,basic,0,16.44,14.56,0,1
T02839,P1527,2026-04-02,上午,B1,case,0,29.73,,1,0
T02840,P0380,2026-04-02,上午,B2,basic,1,6.2,15.54,0,1
T02841,P0544,2026-04-02,上午,C1,case,0,16.11,10.12,0,1
T02842,P1394,2026-04-02,下午,C2,case,0,19.19,14.99,0,1
T02843,P1282,2026-04-02,上午,C1,case,0,14.88,22.68,0,0
T02844,P1384,2026-04-02,下午,C2,case,0,22.65,15.72,0,0
T02845,P2276,2026-04-02,上午,C1,basic,0,15.0,3.22,0,1
T02846,P0892,2026-04-02,上午,C2,basic,1,5.14,5.52,0,1
T02847,P0821,2026-04-02,上午,C1,case,1,95.39,8.34,0,1
T02848,P1861,2026-04-02,下午,C2,case,0,22.5,11.2,0,1
T02849,P0705,2026-04-02,上午,C1,basic,1,3.46,2.36,0,1
T02850,P0810,2026-04-02,下午,C2,case,0,8.85,65.71,0,1
T02851,P0550,2026-04-02,上午,C1,case,1,9.76,19.77,0,0
T02852,P1643,2026-04-02,上午,C2,basic,0,14.07,8.84,0,0
T02853,P2224,2026-04-02,下午,C1,case,0,6.22,26.5,0,1
T02854,P1900,2026-04-02,上午,C2,basic,1,3.09,5.57,0,1
T02855,P2594,2026-04-02,上午,C1,case,1,20.56,18.64,0,0
T02856,P1180,2026-04-02,上午,C2,case,0,49.15,6.38,0,0
T02857,P1658,2026-04-02,下午,C1,case,0,5.6,7.87,0,1
T02858,P2582,2026-04-02,上午,C2,basic,1,3.84,2.73,0,0
T02859,P0156,2026-04-02,上午,C1,basic,1,7.21,4.68,0,1
T02860,P1962,2026-04-02,上午,C2,case,1,12.73,11.83,0,1
T02861,P0233,2026-04-02,上午,C1,case,0,44.83,14.03,0,1
T02862,P0705,2026-04-02,下午,C2,case,1,10.84,36.51,0,0
T02863,P1530,2026-04-02,上午,C1,case,0,16.18,16.99,0,1
T02864,P0048,2026-04-02,上午,C2,case,0,11.01,11.42,0,1
T02865,P1371,2026-04-02,上午,C1,basic,0,2.56,4.15,0,1
T02866,P0301,2026-04-02,下午,C2,case,0,6.89,11.15,0,1
T02867,P2599,2026-04-02,上午,C1,case,0,10.05,21.38,0,1
T02868,P1074,2026-04-02,上午,C2,basic,1,6.47,5.76,0,1
T02869,P2063,2026-04-02,上午,C1,basic,1,4.86,13.65,0,0
T02870,P2449,2026-04-02,上午,C2,basic,1,5.89,4.15,0,1
T02871,P0155,2026-04-02,上午,C1,case,0,19.99,24.82,0,1
T02872,P0033,2026-04-02,上午,C2,basic,1,5.05,13.1,0,1
T02873,P1750,2026-04-02,上午,C1,basic,1,9.62,11.66,0,1
T02874,P1446,2026-04-02,上午,C2,basic,0,8.65,9.11,0,0
T02875,P2390,2026-04-02,上午,C1,basic,0,6.07,5.75,0,1
T02876,P1624,2026-04-02,下午,C2,case,0,11.66,20.33,0,1
T02877,P0834,2026-04-02,下午,C1,case,1,6.84,22.18,0,1
T02878,P0411,2026-04-02,上午,C2,basic,0,6.23,9.5,0,1
T02879,P0502,2026-04-02,上午,C1,case,0,9.83,13.06,0,1
T02880,P2329,2026-04-02,下午,C2,basic,1,2.98,16.96,0,1
T02881,P0007,2026-04-03,上午,A1,case,0,14.16,29.83,0,1
T02882,P1275,2026-04-03,下午,A2,case,0,19.35,19.63,0,1
T02883,P1908,2026-04-03,上午,A1,basic,1,3.46,2.35,0,1
T02884,P2435,2026-04-03,下午,A2,case,0,11.91,12.54,0,1
T02885,P1379,2026-04-03,上午,A1,case,0,11.82,6.41,0,1
T02886,P2597,2026-04-03,下午,A2,case,1,8.72,22.39,0,0
T02887,P2015,2026-04-03,下午,A1,case,0,10.34,18.76,0,0
T02888,P0078,2026-04-03,上午,A2,case,1,5.66,9.98,0,0
T02889,P2169,2026-04-03,上午,A1,case,0,18.26,11.16,0,1
T02890,P0826,2026-04-03,下午,A2,basic,0,1.63,8.75,0,1
T02891,P1215,2026-04-03,上午,A1,case,0,23.47,14.77,0,1
T02892,P1026,2026-04-03,下午,A2,basic,1,4.77,8.08,0,1
T02893,P0447,2026-04-03,上午,A1,case,0,78.22,40.28,0,1
T02894,P1491,2026-04-03,下午,A2,case,1,9.89,27.28,0,1
T02895,P1301,2026-04-03,上午,A1,case,0,7.39,16.06,0,0
T02896,P1355,2026-04-03,上午,A2,case,0,15.27,13.25,0,1
T02897,P1309,2026-04-03,下午,A1,case,1,4.66,6.65,0,1
T02898,P2323,2026-04-03,上午,A2,case,1,5.13,30.26,0,1
T02899,P2142,2026-04-03,上午,A1,basic,0,3.8,6.29,0,1
T02900,P1329,2026-04-03,上午,A2,basic,1,4.6,4.05,0,1
T02901,P0549,2026-04-03,下午,A1,case,0,11.44,17.63,0,1
T02902,P0817,2026-04-03,上午,A2,case,0,11.56,6.48,0,1
T02903,P1357,2026-04-03,下午,A1,case,0,14.72,18.06,0,1
T02904,P1060,2026-04-03,上午,A2,case,0,10.34,16.96,0,0
T02905,P2208,2026-04-03,上午,A1,case,0,9.29,19.69,0,1
T02906,P1340,2026-04-03,上午,A2,basic,1,4.38,9.6,0,1
T02907,P1825,2026-04-03,上午,A1,case,1,9.04,22.28,0,1
T02908,P0857,2026-04-03,下午,A2,basic,0,6.59,11.3,0,1
T02909,P1914,2026-04-03,上午,A1,case,1,12.28,27.82,0,0
T02910,P0797,2026-04-03,上午,A2,case,0,28.49,27.25,0,1
T02911,P0461,2026-04-03,下午,A1,case,0,9.17,14.58,0,0
T02912,P2339,2026-04-03,上午,A2,basic,1,3.07,4.82,0,1
T02913,P2490,2026-04-03,上午,A1,case,1,2.37,44.94,0,1
T02914,P1279,2026-04-03,下午,A2,basic,0,6.34,3.79,0,1
T02915,P1021,2026-04-03,上午,A1,case,1,9.2,10.1,0,1
T02916,P1717,2026-04-03,下午,A2,case,0,22.07,17.13,0,1
T02917,P1266,2026-04-03,上午,A1,case,1,15.42,34.71,0,1
T02918,P0220,2026-04-03,上午,A2,case,0,22.98,6.52,0,1
T02919,P1089,2026-04-03,下午,A1,case,0,4.39,9.96,0,1
T02920,P1240,2026-04-03,下午,A2,case,0,8.84,17.36,0,1
T02921,P1086,2026-04-03,下午,B1,basic,0,18.01,5.11,0,1
T02922,P1005,2026-04-03,上午,B2,basic,1,7.66,6.36,0,1
T02923,P1780,2026-04-03,下午,B1,basic,1,10.94,1.5,0,0
T02924,P1218,2026-04-03,上午,B2,basic,1,4.37,5.03,0,1
T02925,P1384,2026-04-03,上午,B1,basic,1,3.92,5.98,0,1
T02926,P1710,2026-04-03,下午,B2,basic,1,2.25,9.77,0,1
T02927,P2274,2026-04-03,上午,B1,case,0,14.98,18.74,0,1
T02928,P2401,2026-04-03,下午,B2,case,1,16.11,6.25,0,1
T02929,P2112,2026-04-03,上午,B1,case,0,13.34,7.51,0,1
T02930,P0186,2026-04-03,上午,B2,case,0,13.34,22.54,0,1
T02931,P0591,2026-04-03,上午,B1,basic,0,7.83,7.8,0,1
T02932,P1154,2026-04-03,下午,B2,basic,0,47.0,10.95,0,1
T02933,P1791,2026-04-03,下午,B1,basic,0,2.78,4.13,0,1
T02934,P1793,2026-04-03,上午,B2,basic,1,12.09,3.74,0,1
T02935,P0096,2026-04-03,上午,B1,basic,1,4.33,2.76,0,1
T02936,P2448,2026-04-03,下午,B2,basic,1,5.41,3.87,0,1
T02937,P2672,2026-04-03,上午,B1,basic,0,10.91,6.13,0,1
T02938,P0688,2026-04-03,下午,B2,basic,0,3.1,10.56,0,1
T02939,P0035,2026-04-03,上午,B1,case,0,13.19,37.35,0,0
T02940,P1200,2026-04-03,上午,B2,basic,1,15.99,13.77,0,1
T02941,P1259,2026-04-03,下午,B1,basic,1,7.39,2.63,0,1
T02942,P0721,2026-04-03,上午,B2,basic,1,9.68,6.32,0,1
T02943,P1323,2026-04-03,上午,B1,basic,1,10.61,4.1,0,1
T02944,P1569,2026-04-03,上午,B2,basic,1,28.85,9.72,0,1
T02945,P2268,2026-04-03,上午,B1,basic,0,5.19,11.75,0,1
T02946,P0797,2026-04-03,上午,B2,basic,1,2.99,7.15,0,1
T02947,P2570,2026-04-03,上午,B1,basic,0,9.9,12.17,0,1
T02948,P0129,2026-04-03,上午,B2,case,0,15.34,22.21,0,1
T02949,P2560,2026-04-03,下午,B1,basic,0,5.54,9.76,0,1
T02950,P0904,2026-04-03,下午,B2,basic,1,5.52,6.78,0,1
T02951,P0071,2026-04-03,下午,B1,basic,0,6.87,3.46,0,1
T02952,P1487,2026-04-03,下午,B2,case,0,14.79,18.36,0,1
T02953,P1872,2026-04-03,下午,B1,basic,0,6.11,8.37,0,1
T02954,P1363,2026-04-03,下午,B2,basic,1,6.52,9.4,0,1
T02955,P2050,2026-04-03,下午,B1,basic,1,6.08,11.05,0,1
T02956,P2440,2026-04-03,上午,B2,basic,0,14.28,6.59,0,0
T02957,P2304,2026-04-03,上午,B1,case,0,33.37,8.0,0,1
T02958,P1890,2026-04-03,上午,B2,case,0,12.92,26.02,0,1
T02959,P1174,2026-04-03,上午,B1,basic,0,8.53,4.77,0,1
T02960,P2173,2026-04-03,上午,B2,basic,1,11.88,1.17,0,1
T02961,P1943,2026-04-03,上午,C1,basic,0,6.67,8.96,0,1
T02962,P2128,2026-04-03,上午,C2,basic,0,4.79,4.02,0,1
T02963,P0235,2026-04-03,上午,C1,case,0,15.06,22.19,0,0
T02964,P2610,2026-04-03,下午,C2,basic,0,6.38,4.51,0,1
T02965,P2262,2026-04-03,下午,C1,basic,1,2.65,3.99,0,1
T02966,P0304,2026-04-03,下午,C2,case,0,12.02,10.59,0,0
T02967,P2554,2026-04-03,下午,C1,case,1,12.33,10.42,0,1
T02968,P2688,2026-04-03,下午,C2,case,1,6.4,34.48,0,1
T02969,P1957,2026-04-03,下午,C1,case,0,8.62,38.72,0,0
T02970,P1048,2026-04-03,上午,C2,case,0,11.01,20.89,0,0
T02971,P2241,2026-04-03,上午,C1,basic,0,4.91,6.53,0,1
T02972,P2127,2026-04-03,上午,C2,case,1,6.64,12.36,0,1
T02973,P0083,2026-04-03,上午,C1,basic,0,2.41,7.44,0,1
T02974,P1592,2026-04-03,下午,C2,basic,1,5.61,4.16,0,1
T02975,P2297,2026-04-03,上午,C1,case,0,17.8,15.3,0,0
T02976,P0292,2026-04-03,下午,C2,case,0,40.19,34.42,0,1
T02977,P1350,2026-04-03,上午,C1,case,0,14.25,19.85,0,1
T02978,P0198,2026-04-03,上午,C2,basic,0,5.42,7.27,0,0
T02979,P1472,2026-04-03,上午,C1,basic,0,7.15,4.5,0,1
T02980,P0234,2026-04-03,下午,C2,basic,1,3.36,6.58,0,1
T02981,P1505,2026-04-03,上午,C1,case,0,50.06,13.09,0,1
T02982,P2112,2026-04-03,下午,C2,case,0,11.77,16.08,0,1
T02983,P0170,2026-04-03,下午,C1,case,0,10.93,9.83,0,1
T02984,P2681,2026-04-03,上午,C2,basic,0,5.06,10.21,0,1
T02985,P2242,2026-04-03,上午,C1,basic,0,24.18,15.86,0,1
T02986,P1727,2026-04-03,上午,C2,basic,1,6.1,16.22,0,1
T02987,P1696,2026-04-03,下午,C1,basic,1,3.46,6.19,0,1
T02988,P1606,2026-04-03,上午,C2,basic,1,2.91,16.6,0,1
T02989,P2599,2026-04-03,上午,C1,basic,1,6.78,12.29,0,0
T02990,P0599,2026-04-03,下午,C2,basic,0,4.51,3.28,0,1
T02991,P1162,2026-04-03,上午,C1,basic,0,7.07,8.0,0,1
T02992,P1861,2026-04-03,下午,C2,basic,1,3.18,3.16,0,1
T02993,P1086,2026-04-03,上午,C1,basic,0,85.92,3.13,0,1
T02994,P1572,2026-04-03,下午,C2,case,1,10.66,12.22,0,1
T02995,P2676,2026-04-03,下午,C1,basic,0,1.52,6.65,0,1
T02996,P0422,2026-04-03,上午,C2,case,0,20.09,32.82,0,1
T02997,P0432,2026-04-03,下午,C1,case,1,6.26,16.28,0,1
T02998,P0457,2026-04-03,上午,C2,case,1,19.68,47.58,0,1
T02999,P2079,2026-04-03,上午,C1,case,1,7.63,28.38,0,0
T03000,P1209,2026-04-03,上午,C2,basic,1,2.63,5.08,0,1
T03001,P2191,2026-04-06,上午,A1,case,0,11.64,12.43,0,1
T03002,P1558,2026-04-06,上午,A2,case,0,12.66,33.11,0,0
T03003,P2101,2026-04-06,上午,A1,case,0,38.93,,1,0
T03004,P2554,2026-04-06,上午,A2,basic,1,2.92,5.32,0,1
T03005,P1318,2026-04-06,下午,A1,case,0,9.76,26.66,0,1
T03006,P1060,2026-04-06,上午,A2,case,0,16.85,39.53,0,1
T03007,P1909,2026-04-06,下午,A1,case,0,5.8,24.7,0,1
T03008,P2684,2026-04-06,上午,A2,case,1,10.47,44.43,0,1
T03009,P0079,2026-04-06,上午,A1,case,0,18.79,19.68,0,1
T03010,P0609,2026-04-06,上午,A2,case,0,8.32,12.3,0,1
T03011,P0646,2026-04-06,下午,A1,case,0,9.04,24.94,0,0
T03012,P0351,2026-04-06,下午,A2,case,0,25.72,13.62,0,1
T03013,P0569,2026-04-06,上午,A1,case,0,18.09,15.67,0,1
T03014,P2316,2026-04-06,下午,A2,basic,0,7.92,1.27,0,1
T03015,P0646,2026-04-06,下午,A1,basic,0,4.85,2.99,0,1
T03016,P0208,2026-04-06,上午,A2,case,1,14.57,25.27,0,1
T03017,P2193,2026-04-06,下午,A1,case,0,4.39,13.46,0,1
T03018,P1953,2026-04-06,上午,A2,case,0,16.66,16.88,0,0
T03019,P0470,2026-04-06,下午,A1,case,0,12.27,10.88,0,0
T03020,P1685,2026-04-06,下午,A2,case,0,16.11,13.25,0,1
T03021,P0275,2026-04-06,上午,A1,case,0,21.77,10.22,0,1
T03022,P0628,2026-04-06,上午,A2,case,0,16.53,12.89,0,1
T03023,P1922,2026-04-06,下午,A1,case,0,13.4,17.25,0,0
T03024,P1322,2026-04-06,上午,A2,basic,0,4.73,6.25,0,1
T03025,P0579,2026-04-06,上午,A1,basic,0,2.55,4.35,0,1
T03026,P1787,2026-04-06,上午,A2,case,1,15.93,12.45,0,1
T03027,P0818,2026-04-06,上午,A1,case,0,17.02,20.05,0,0
T03028,P0692,2026-04-06,上午,A2,case,0,13.39,38.44,0,0
T03029,P2589,2026-04-06,上午,A1,basic,1,5.01,6.26,0,1
T03030,P0041,2026-04-06,上午,A2,case,0,24.78,7.14,0,1
T03031,P0624,2026-04-06,下午,A1,case,0,15.16,18.38,0,1
T03032,P0904,2026-04-06,下午,A2,basic,1,79.84,8.11,0,1
T03033,P2029,2026-04-06,上午,A1,basic,0,9.71,4.76,0,1
T03034,P2526,2026-04-06,上午,A2,case,0,24.44,3.72,0,1
T03035,P0213,2026-04-06,上午,A1,case,1,33.07,,1,0
T03036,P0311,2026-04-06,上午,A2,case,0,19.54,13.79,0,0
T03037,P0488,2026-04-06,下午,A1,basic,1,4.94,1.05,0,1
T03038,P0520,2026-04-06,上午,A2,case,0,18.78,35.22,0,0
T03039,P0246,2026-04-06,上午,A1,case,0,77.88,36.99,0,0
T03040,P1836,2026-04-06,上午,A2,case,0,30.03,15.08,0,1
T03041,P0541,2026-04-06,下午,B1,basic,0,22.12,2.54,0,1
T03042,P0765,2026-04-06,上午,B2,basic,0,10.76,10.09,0,1
T03043,P2626,2026-04-06,上午,B1,basic,1,3.09,16.59,0,1
T03044,P2023,2026-04-06,下午,B2,case,0,8.37,25.12,0,0
T03045,P1777,2026-04-06,上午,B1,case,0,54.63,14.05,0,0
T03046,P0884,2026-04-06,上午,B2,case,0,81.88,16.26,0,1
T03047,P0375,2026-04-06,上午,B1,basic,0,2.84,2.33,0,1
T03048,P1498,2026-04-06,上午,B2,case,1,14.47,5.4,0,0
T03049,P2171,2026-04-06,上午,B1,basic,1,7.72,5.02,0,1
T03050,P2623,2026-04-06,下午,B2,basic,1,4.12,9.99,0,1
T03051,P0286,2026-04-06,上午,B1,basic,1,5.79,1.75,0,1
T03052,P2094,2026-04-06,下午,B2,basic,1,7.21,2.13,0,1
T03053,P0448,2026-04-06,上午,B1,case,0,58.42,9.06,0,1
T03054,P2255,2026-04-06,上午,B2,basic,0,5.06,9.29,0,1
T03055,P1806,2026-04-06,下午,B1,basic,1,4.45,5.42,0,1
T03056,P0647,2026-04-06,下午,B2,basic,0,2.35,6.58,0,1
T03057,P1352,2026-04-06,上午,B1,basic,0,16.91,8.29,0,1
T03058,P0071,2026-04-06,上午,B2,case,1,18.97,10.97,0,0
T03059,P0546,2026-04-06,下午,B1,basic,1,3.6,10.05,0,1
T03060,P1067,2026-04-06,上午,B2,case,0,53.81,32.7,0,0
T03061,P1400,2026-04-06,上午,B1,basic,1,9.58,1.2,0,1
T03062,P0138,2026-04-06,上午,B2,basic,1,12.75,15.3,0,1
T03063,P2429,2026-04-06,下午,B1,basic,0,5.73,6.16,0,1
T03064,P0669,2026-04-06,上午,B2,basic,0,5.68,2.0,0,1
T03065,P0932,2026-04-06,上午,B1,basic,1,10.49,6.23,0,1
T03066,P2576,2026-04-06,上午,B2,case,0,38.16,27.02,0,0
T03067,P2026,2026-04-06,下午,B1,basic,1,6.62,10.59,0,1
T03068,P0099,2026-04-06,上午,B2,basic,1,4.95,9.52,0,1
T03069,P2123,2026-04-06,下午,B1,basic,1,4.63,7.85,0,1
T03070,P2378,2026-04-06,下午,B2,basic,0,8.48,11.16,0,1
T03071,P1864,2026-04-06,上午,B1,basic,0,9.49,5.49,0,1
T03072,P1849,2026-04-06,上午,B2,basic,1,3.57,4.05,0,1
T03073,P2679,2026-04-06,上午,B1,basic,1,4.66,6.44,0,1
T03074,P1439,2026-04-06,上午,B2,basic,1,7.55,5.24,0,1
T03075,P0593,2026-04-06,上午,B1,basic,1,3.54,7.86,0,1
T03076,P0461,2026-04-06,上午,B2,basic,1,11.48,7.68,0,1
T03077,P2689,2026-04-06,上午,B1,basic,0,4.88,6.46,0,1
T03078,P2511,2026-04-06,下午,B2,basic,0,8.83,6.88,0,1
T03079,P0166,2026-04-06,上午,B1,basic,0,4.63,9.42,0,1
T03080,P0306,2026-04-06,上午,B2,basic,1,4.81,5.69,0,1
T03081,P0031,2026-04-06,上午,C1,case,0,72.06,24.09,0,0
T03082,P2527,2026-04-06,上午,C2,basic,1,8.79,14.34,0,1
T03083,P1924,2026-04-06,下午,C1,basic,1,1.62,7.31,0,1
T03084,P0303,2026-04-06,下午,C2,case,0,9.13,32.0,0,1
T03085,P2597,2026-04-06,上午,C1,basic,1,3.17,18.96,0,1
T03086,P2112,2026-04-06,上午,C2,basic,1,1.91,8.06,0,1
T03087,P2321,2026-04-06,下午,C1,basic,1,2.9,1.32,0,1
T03088,P1171,2026-04-06,上午,C2,case,1,22.68,9.91,0,1
T03089,P2660,2026-04-06,下午,C1,basic,1,1.9,4.77,0,1
T03090,P2514,2026-04-06,上午,C2,basic,0,48.82,4.44,0,1
T03091,P2012,2026-04-06,下午,C1,case,0,6.79,13.32,0,1
T03092,P1935,2026-04-06,上午,C2,basic,0,2.73,3.19,0,1
T03093,P0268,2026-04-06,上午,C1,case,0,21.83,15.58,0,0
T03094,P2013,2026-04-06,下午,C2,case,0,22.57,23.11,0,1
T03095,P2263,2026-04-06,上午,C1,case,0,56.11,,1,0
T03096,P0068,2026-04-06,上午,C2,basic,1,3.28,5.53,0,1
T03097,P0579,2026-04-06,上午,C1,case,1,10.92,10.2,0,1
T03098,P0227,2026-04-06,下午,C2,case,0,12.77,29.69,0,0
T03099,P0363,2026-04-06,上午,C1,basic,1,7.13,2.69,0,1
T03100,P0705,2026-04-06,上午,C2,case,0,9.97,18.29,0,1
T03101,P1442,2026-04-06,下午,C1,case,0,11.85,16.01,0,0
T03102,P2338,2026-04-06,下午,C2,case,0,13.19,9.51,0,1
T03103,P1751,2026-04-06,上午,C1,basic,1,3.86,6.19,0,1
T03104,P0069,2026-04-06,上午,C2,case,0,26.8,27.56,0,1
T03105,P0198,2026-04-06,下午,C1,basic,0,3.59,9.95,0,1
T03106,P0410,2026-04-06,上午,C2,basic,1,1.84,5.31,0,0
T03107,P1146,2026-04-06,上午,C1,case,0,8.78,25.08,0,1
T03108,P1959,2026-04-06,上午,C2,case,0,14.47,14.62,0,1
T03109,P0817,2026-04-06,上午,C1,basic,1,12.3,3.65,0,1
T03110,P0863,2026-04-06,下午,C2,basic,0,3.49,4.08,0,1
T03111,P1673,2026-04-06,上午,C1,basic,1,5.01,6.29,0,1
T03112,P1315,2026-04-06,上午,C2,case,0,16.37,7.91,0,1
T03113,P1572,2026-04-06,上午,C1,basic,0,9.77,12.91,0,1
T03114,P2524,2026-04-06,下午,C2,case,0,11.45,14.2,0,1
T03115,P1629,2026-04-06,上午,C1,case,0,16.47,6.4,0,0
T03116,P0333,2026-04-06,上午,C2,case,0,21.61,11.22,0,1
T03117,P0231,2026-04-06,上午,C1,case,1,23.57,12.0,0,1
T03118,P2626,2026-04-06,上午,C2,case,0,13.8,11.59,0,1
T03119,P0375,2026-04-06,上午,C1,case,0,6.53,18.88,0,0
T03120,P1590,2026-04-06,下午,C2,basic,0,8.81,5.08,0,1
T03121,P2408,2026-04-07,上午,A1,case,0,21.72,12.49,0,0
T03122,P2412,2026-04-07,上午,A2,case,1,6.48,9.96,0,1
T03123,P0548,2026-04-07,下午,A1,case,0,12.33,36.18,0,1
T03124,P0793,2026-04-07,上午,A2,basic,0,4.97,10.05,0,1
T03125,P1937,2026-04-07,上午,A1,case,0,12.69,13.5,0,1
T03126,P1222,2026-04-07,上午,A2,case,0,11.14,30.77,0,1
T03127,P0263,2026-04-07,上午,A1,case,0,32.18,6.18,0,0
T03128,P2065,2026-04-07,上午,A2,case,0,28.42,,1,0
T03129,P1643,2026-04-07,上午,A1,basic,1,2.67,0.62,0,1
T03130,P1429,2026-04-07,上午,A2,case,0,9.42,39.1,0,1
T03131,P2346,2026-04-07,下午,A1,case,0,14.11,17.78,0,0
T03132,P0303,2026-04-07,上午,A2,case,0,23.02,20.87,0,1
T03133,P1458,2026-04-07,下午,A1,case,0,8.91,28.39,0,1
T03134,P0221,2026-04-07,上午,A2,case,0,27.39,19.51,0,0
T03135,P0244,2026-04-07,上午,A1,case,0,5.28,21.3,0,1
T03136,P0024,2026-04-07,上午,A2,case,1,10.86,25.17,0,1
T03137,P2656,2026-04-07,下午,A1,case,0,6.93,20.75,0,1
T03138,P0668,2026-04-07,上午,A2,case,1,6.06,7.75,0,1
T03139,P1906,2026-04-07,下午,A1,case,1,12.62,32.89,0,1
T03140,P2182,2026-04-07,上午,A2,case,1,23.5,18.93,0,1
T03141,P2024,2026-04-07,上午,A1,basic,1,8.51,8.25,0,1
T03142,P2199,2026-04-07,下午,A2,case,0,81.67,39.66,0,1
T03143,P0021,2026-04-07,上午,A1,case,1,6.47,15.05,0,1
T03144,P2307,2026-04-07,下午,A2,case,0,11.13,13.89,0,1
T03145,P2513,2026-04-07,上午,A1,case,0,14.0,20.89,0,1
T03146,P1496,2026-04-07,下午,A2,basic,1,3.36,13.18,0,1
T03147,P2288,2026-04-07,上午,A1,case,1,20.85,33.37,0,1
T03148,P1350,2026-04-07,上午,A2,case,0,12.72,16.31,0,1
T03149,P1972,2026-04-07,上午,A1,case,0,14.59,24.59,0,0
T03150,P1164,2026-04-07,上午,A2,case,0,14.75,28.8,0,0
T03151,P0168,2026-04-07,下午,A1,case,1,8.39,7.41,0,1
T03152,P2267,2026-04-07,上午,A2,case,0,11.54,9.2,0,1
T03153,P0860,2026-04-07,下午,A1,case,0,5.23,18.59,0,1
T03154,P0857,2026-04-07,上午,A2,case,0,15.48,27.35,0,1
T03155,P2272,2026-04-07,下午,A1,case,0,17.4,5.08,0,0
T03156,P0356,2026-04-07,上午,A2,basic,1,10.31,7.69,0,1
T03157,P0760,2026-04-07,上午,A1,case,0,32.54,14.94,0,1
T03158,P0527,2026-04-07,下午,A2,case,0,8.53,24.42,0,1
T03159,P0418,2026-04-07,上午,A1,case,0,11.67,13.53,0,1
T03160,P2461,2026-04-07,上午,A2,case,0,25.04,,1,0
T03161,P2601,2026-04-07,上午,B1,basic,1,3.82,11.06,0,1
T03162,P0092,2026-04-07,上午,B2,basic,0,10.49,12.08,0,1
T03163,P2077,2026-04-07,上午,B1,basic,1,2.2,6.32,0,1
T03164,P1775,2026-04-07,下午,B2,basic,1,3.27,1.79,0,1
T03165,P0700,2026-04-07,上午,B1,basic,1,22.52,8.96,0,1
T03166,P0835,2026-04-07,上午,B2,basic,1,7.29,19.52,0,0
T03167,P1090,2026-04-07,下午,B1,case,0,15.3,30.82,0,1
T03168,P1097,2026-04-07,上午,B2,basic,0,6.64,5.6,0,1
T03169,P1568,2026-04-07,上午,B1,case,0,34.34,,1,0
T03170,P0883,2026-04-07,上午,B2,case,0,6.45,13.44,0,0
T03171,P0093,2026-04-07,上午,B1,basic,0,4.29,13.05,0,1
T03172,P1642,2026-04-07,下午,B2,case,0,16.45,3.2,0,1
T03173,P2231,2026-04-07,上午,B1,basic,0,10.11,3.72,0,1
T03174,P2679,2026-04-07,上午,B2,basic,0,11.14,5.5,0,0
T03175,P1158,2026-04-07,上午,B1,basic,0,2.31,2.4,0,1
T03176,P1120,2026-04-07,下午,B2,basic,1,3.57,4.38,0,1
T03177,P2497,2026-04-07,上午,B1,basic,1,8.66,17.47,0,1
T03178,P1874,2026-04-07,上午,B2,basic,0,15.3,19.77,0,1
T03179,P1976,2026-04-07,上午,B1,case,0,9.4,39.78,0,0
T03180,P2016,2026-04-07,上午,B2,basic,1,7.46,15.53,0,1
T03181,P0632,2026-04-07,上午,B1,basic,0,6.89,5.85,0,1
T03182,P1728,2026-04-07,上午,B2,basic,0,3.69,8.16,0,1
T03183,P0701,2026-04-07,上午,B1,basic,0,8.96,7.18,0,1
T03184,P0641,2026-04-07,上午,B2,basic,0,9.91,3.02,0,1
T03185,P0362,2026-04-07,上午,B1,basic,0,6.23,5.81,0,1
T03186,P1935,2026-04-07,下午,B2,basic,0,9.62,1.53,0,0
T03187,P1502,2026-04-07,下午,B1,basic,0,3.45,8.81,0,1
T03188,P1337,2026-04-07,上午,B2,basic,1,20.33,8.75,0,1
T03189,P0123,2026-04-07,上午,B1,basic,0,87.02,4.11,0,1
T03190,P0233,2026-04-07,上午,B2,basic,1,5.64,4.41,0,1
T03191,P1092,2026-04-07,上午,B1,basic,1,4.27,11.08,0,0
T03192,P1523,2026-04-07,下午,B2,basic,0,6.46,5.99,0,1
T03193,P1811,2026-04-07,上午,B1,basic,1,5.58,2.45,0,1
T03194,P1142,2026-04-07,下午,B2,basic,0,44.86,19.62,0,1
T03195,P0559,2026-04-07,下午,B1,basic,1,4.1,8.73,0,1
T03196,P0871,2026-04-07,上午,B2,basic,0,5.7,9.24,0,1
T03197,P0286,2026-04-07,上午,B1,basic,0,9.42,8.02,0,1
T03198,P0697,2026-04-07,上午,B2,basic,0,26.29,6.44,0,0
T03199,P2555,2026-04-07,上午,B1,basic,0,21.83,9.9,0,0
T03200,P0443,2026-04-07,上午,B2,basic,0,15.54,19.06,0,1
T03201,P0879,2026-04-07,下午,C1,case,0,16.75,20.72,0,1
T03202,P1015,2026-04-07,上午,C2,case,0,18.59,14.31,0,0
T03203,P0140,2026-04-07,上午,C1,case,0,20.32,6.5,0,1
T03204,P1865,2026-04-07,下午,C2,basic,0,4.24,8.01,0,1
T03205,P2163,2026-04-07,上午,C1,case,0,9.63,7.84,0,1
T03206,P1638,2026-04-07,下午,C2,basic,0,5.91,2.5,0,1
T03207,P1022,2026-04-07,上午,C1,basic,1,6.5,7.36,0,1
T03208,P2017,2026-04-07,下午,C2,case,1,5.97,5.71,0,1
T03209,P2124,2026-04-07,上午,C1,basic,0,8.95,7.71,0,1
T03210,P1933,2026-04-07,上午,C2,basic,1,2.28,4.11,0,1
T03211,P1695,2026-04-07,下午,C1,case,1,11.76,15.89,0,1
T03212,P0436,2026-04-07,上午,C2,case,1,14.27,5.07,0,1
T03213,P1643,2026-04-07,下午,C1,case,0,3.94,5.78,0,1
T03214,P2612,2026-04-07,下午,C2,basic,1,1.31,5.01,0,1
T03215,P0763,2026-04-07,下午,C1,basic,1,7.76,11.93,0,0
T03216,P1557,2026-04-07,下午,C2,basic,0,14.28,2.84,0,0
T03217,P1052,2026-04-07,下午,C1,case,0,20.28,16.17,0,1
T03218,P0147,2026-04-07,上午,C2,basic,1,4.64,5.98,0,1
T03219,P1930,2026-04-07,上午,C1,basic,1,3.35,3.13,0,1
T03220,P0582,2026-04-07,下午,C2,basic,0,5.67,9.28,0,1
T03221,P1537,2026-04-07,上午,C1,basic,0,6.17,7.29,0,1
T03222,P2158,2026-04-07,下午,C2,case,0,17.75,9.19,0,0
T03223,P1183,2026-04-07,上午,C1,case,0,10.11,8.52,0,1
T03224,P2682,2026-04-07,下午,C2,case,1,6.73,27.39,0,1
T03225,P1573,2026-04-07,上午,C1,case,0,19.23,15.95,0,0
T03226,P2267,2026-04-07,上午,C2,case,0,8.9,14.07,0,1
T03227,P1941,2026-04-07,下午,C1,basic,0,11.2,3.67,0,1
T03228,P1334,2026-04-07,下午,C2,case,1,3.44,9.49,0,1
T03229,P0195,2026-04-07,上午,C1,basic,1,1.95,10.51,0,1
T03230,P1029,2026-04-07,上午,C2,case,0,11.58,19.64,0,1
T03231,P2597,2026-04-07,上午,C1,case,1,20.4,26.78,0,0
T03232,P1117,2026-04-07,下午,C2,case,0,21.97,20.12,0,1
T03233,P1044,2026-04-07,上午,C1,case,0,9.36,19.26,0,0
T03234,P1264,2026-04-07,上午,C2,case,1,5.52,23.37,0,0
T03235,P1396,2026-04-07,上午,C1,case,0,21.32,7.24,0,1
T03236,P0623,2026-04-07,上午,C2,basic,1,5.09,1.39,0,1
T03237,P0098,2026-04-07,上午,C1,case,0,15.6,15.67,0,0
T03238,P2111,2026-04-07,上午,C2,basic,0,1.71,5.5,0,1
T03239,P2388,2026-04-07,上午,C1,case,1,8.2,12.47,0,1
T03240,P1052,2026-04-07,上午,C2,case,0,23.56,7.89,0,0
T03241,P2700,2026-04-08,上午,A1,case,0,37.32,33.06,0,1
T03242,P0974,2026-04-08,下午,A2,case,0,14.55,42.62,0,1
T03243,P1280,2026-04-08,下午,A1,case,0,7.69,8.03,0,1
T03244,P1081,2026-04-08,上午,A2,basic,1,4.7,12.81,0,1
T03245,P2211,2026-04-08,上午,A1,case,0,17.3,5.53,0,1
T03246,P0424,2026-04-08,下午,A2,case,0,10.28,21.47,0,1
T03247,P0023,2026-04-08,上午,A1,case,0,17.57,12.62,0,1
T03248,P0427,2026-04-08,下午,A2,case,0,14.91,29.34,0,1
T03249,P1263,2026-04-08,下午,A1,case,0,21.1,15.15,0,1
T03250,P2259,2026-04-08,上午,A2,basic,0,4.6,4.49,0,1
T03251,P0191,2026-04-08,下午,A1,basic,1,3.39,4.61,0,1
T03252,P2591,2026-04-08,上午,A2,case,0,19.61,11.99,0,1
T03253,P0117,2026-04-08,上午,A1,case,1,19.49,63.76,0,1
T03254,P2324,2026-04-08,下午,A2,case,0,10.82,16.39,0,1
T03255,P1561,2026-04-08,上午,A1,case,1,7.52,12.98,0,1
T03256,P0697,2026-04-08,上午,A2,case,0,27.97,4.1,0,1
T03257,P2695,2026-04-08,下午,A1,case,0,16.36,10.8,0,1
T03258,P0092,2026-04-08,上午,A2,basic,1,4.74,5.09,0,1
T03259,P0878,2026-04-08,上午,A1,case,0,31.43,6.25,0,1
T03260,P1155,2026-04-08,上午,A2,case,0,8.04,17.21,0,0
T03261,P2064,2026-04-08,上午,A1,basic,1,2.69,18.07,0,1
T03262,P2213,2026-04-08,下午,A2,basic,1,1.28,16.41,0,1
T03263,P1008,2026-04-08,上午,A1,case,0,6.48,22.08,0,1
T03264,P1241,2026-04-08,上午,A2,basic,1,2.64,6.77,0,1
T03265,P1589,2026-04-08,上午,A1,case,0,6.82,23.53,0,1
T03266,P2395,2026-04-08,上午,A2,case,0,11.35,13.88,0,1
T03267,P1521,2026-04-08,上午,A1,case,0,22.39,8.18,0,1
T03268,P0380,2026-04-08,下午,A2,basic,0,6.54,7.5,0,0
T03269,P0608,2026-04-08,下午,A1,case,0,6.72,6.98,0,1
T03270,P0568,2026-04-08,上午,A2,case,0,11.41,21.13,0,1
T03271,P1350,2026-04-08,下午,A1,case,0,7.35,13.14,0,1
T03272,P0339,2026-04-08,上午,A2,case,0,17.81,3.56,0,1
T03273,P0702,2026-04-08,上午,A1,case,0,29.81,6.79,0,1
T03274,P1091,2026-04-08,下午,A2,basic,1,3.18,2.93,0,1
T03275,P1489,2026-04-08,上午,A1,basic,1,3.54,0.85,0,1
T03276,P0077,2026-04-08,上午,A2,case,1,8.18,10.61,0,1
T03277,P0942,2026-04-08,下午,A1,case,0,4.7,7.41,0,1
T03278,P1173,2026-04-08,下午,A2,case,0,6.04,11.06,0,1
T03279,P1945,2026-04-08,上午,A1,case,0,25.46,,1,0
T03280,P1379,2026-04-08,上午,A2,case,1,13.35,19.24,0,1
T03281,P0761,2026-04-08,上午,B1,basic,0,8.28,8.17,0,1
T03282,P1982,2026-04-08,下午,B2,basic,1,33.98,5.43,0,1
T03283,P1667,2026-04-08,上午,B1,basic,1,5.01,14.27,0,1
T03284,P2131,2026-04-08,下午,B2,basic,1,1.47,1.43,0,1
T03285,P2349,2026-04-08,上午,B1,basic,1,14.94,3.3,0,1
T03286,P0444,2026-04-08,上午,B2,case,0,18.86,55.49,0,1
T03287,P1930,2026-04-08,上午,B1,basic,0,3.44,9.02,0,1
T03288,P1430,2026-04-08,下午,B2,basic,0,6.38,11.33,0,1
T03289,P1428,2026-04-08,上午,B1,basic,1,6.33,11.53,0,1
T03290,P1554,2026-04-08,上午,B2,basic,0,8.45,13.25,0,1
T03291,P2149,2026-04-08,上午,B1,basic,1,8.68,4.21,0,1
T03292,P1423,2026-04-08,下午,B2,basic,1,4.26,8.31,0,1
T03293,P1733,2026-04-08,上午,B1,basic,0,12.23,16.14,0,1
T03294,P0470,2026-04-08,下午,B2,basic,1,3.34,9.3,0,1
T03295,P1884,2026-04-08,上午,B1,basic,1,5.49,2.75,0,1
T03296,P1699,2026-04-08,上午,B2,basic,0,9.71,9.46,0,1
T03297,P2545,2026-04-08,上午,B1,basic,1,17.81,11.81,0,0
T03298,P0191,2026-04-08,上午,B2,basic,0,20.92,6.81,0,1
T03299,P0208,2026-04-08,上午,B1,basic,0,5.23,10.11,0,1
T03300,P1418,2026-04-08,上午,B2,basic,1,8.55,9.81,0,1
T03301,P1952,2026-04-08,下午,B1,basic,0,6.59,4.13,0,1
T03302,P1898,2026-04-08,下午,B2,basic,0,3.69,3.25,0,1
T03303,P2017,2026-04-08,下午,B1,basic,1,3.43,7.11,0,0
T03304,P2509,2026-04-08,下午,B2,basic,0,3.73,10.23,0,1
T03305,P0221,2026-04-08,上午,B1,basic,1,4.64,2.27,0,1
T03306,P0204,2026-04-08,上午,B2,basic,1,4.83,14.89,0,1
T03307,P0502,2026-04-08,下午,B1,basic,0,4.15,11.38,0,1
T03308,P2626,2026-04-08,上午,B2,basic,0,11.3,9.7,0,1
T03309,P0964,2026-04-08,下午,B1,case,0,12.45,32.06,0,1
T03310,P0157,2026-04-08,上午,B2,basic,1,7.14,13.56,0,1
T03311,P2667,2026-04-08,下午,B1,basic,0,8.77,9.84,0,1
T03312,P0681,2026-04-08,下午,B2,case,1,13.37,17.31,0,0
T03313,P1319,2026-04-08,下午,B1,basic,0,3.07,2.8,0,1
T03314,P1191,2026-04-08,上午,B2,basic,1,8.75,5.84,0,1
T03315,P1481,2026-04-08,下午,B1,basic,0,5.4,4.35,0,1
T03316,P2224,2026-04-08,上午,B2,basic,1,49.05,8.68,0,1
T03317,P2538,2026-04-08,上午,B1,basic,1,4.97,7.53,0,1
T03318,P2100,2026-04-08,上午,B2,basic,0,9.54,4.83,0,0
T03319,P1911,2026-04-08,下午,B1,basic,0,3.11,2.91,0,1
T03320,P0537,2026-04-08,上午,B2,case,0,50.54,9.61,0,0
T03321,P1329,2026-04-08,上午,C1,basic,0,10.65,2.28,0,1
T03322,P0456,2026-04-08,上午,C2,case,0,22.93,20.32,0,1
T03323,P1792,2026-04-08,上午,C1,basic,1,4.72,21.45,0,1
T03324,P0530,2026-04-08,上午,C2,case,0,6.16,19.3,0,0
T03325,P1747,2026-04-08,上午,C1,case,0,11.67,17.92,0,0
T03326,P1292,2026-04-08,上午,C2,basic,0,7.93,2.68,0,1
T03327,P1957,2026-04-08,上午,C1,basic,0,7.58,6.26,0,1
T03328,P0455,2026-04-08,下午,C2,case,0,7.92,13.38,0,0
T03329,P0125,2026-04-08,上午,C1,basic,0,5.39,9.01,0,1
T03330,P2047,2026-04-08,上午,C2,case,1,5.95,17.41,0,1
T03331,P2650,2026-04-08,上午,C1,basic,0,6.54,3.88,0,1
T03332,P2571,2026-04-08,上午,C2,basic,0,6.07,7.32,0,1
T03333,P2278,2026-04-08,上午,C1,basic,1,2.61,6.39,0,1
T03334,P1576,2026-04-08,上午,C2,basic,1,9.91,1.81,0,0
T03335,P1920,2026-04-08,下午,C1,case,0,27.87,,1,0
T03336,P1724,2026-04-08,上午,C2,basic,1,8.71,1.92,0,1
T03337,P2652,2026-04-08,上午,C1,basic,1,5.04,6.6,0,1
T03338,P0927,2026-04-08,下午,C2,case,1,9.68,12.63,0,0
T03339,P1559,2026-04-08,下午,C1,basic,1,4.45,1.24,0,1
T03340,P2166,2026-04-08,上午,C2,basic,0,3.14,4.54,0,1
T03341,P1025,2026-04-08,上午,C1,case,1,7.26,14.48,0,1
T03342,P1454,2026-04-08,下午,C2,case,1,10.79,15.73,0,1
T03343,P1955,2026-04-08,上午,C1,case,0,17.28,29.97,0,1
T03344,P2619,2026-04-08,上午,C2,case,0,17.93,10.36,0,1
T03345,P1353,2026-04-08,下午,C1,case,0,12.67,8.15,0,0
T03346,P1939,2026-04-08,上午,C2,case,1,10.53,13.61,0,1
T03347,P2143,2026-04-08,上午,C1,basic,0,4.0,3.05,0,1
T03348,P1243,2026-04-08,上午,C2,basic,0,7.39,2.13,0,1
T03349,P2281,2026-04-08,上午,C1,case,0,36.18,,1,0
T03350,P0863,2026-04-08,下午,C2,basic,0,3.79,4.3,0,1
T03351,P1975,2026-04-08,上午,C1,case,1,9.23,32.69,0,0
T03352,P0385,2026-04-08,上午,C2,case,0,15.95,8.57,0,0
T03353,P1037,2026-04-08,上午,C1,case,0,21.5,20.88,0,1
T03354,P0062,2026-04-08,上午,C2,basic,0,12.17,9.2,0,1
T03355,P1526,2026-04-08,上午,C1,case,1,7.15,36.06,0,0
T03356,P2655,2026-04-08,上午,C2,case,0,8.49,26.59,0,1
T03357,P2262,2026-04-08,上午,C1,basic,1,7.08,9.52,0,0
T03358,P1033,2026-04-08,下午,C2,case,0,24.64,17.99,0,1
T03359,P0952,2026-04-08,下午,C1,basic,1,2.35,5.9,0,0
T03360,P1740,2026-04-08,上午,C2,basic,0,4.59,3.44,0,1
T03361,P1709,2026-04-09,上午,A1,basic,0,7.4,4.99,0,1
T03362,P2663,2026-04-09,下午,A2,case,0,4.72,7.9,0,1
T03363,P1270,2026-04-09,下午,A1,basic,0,5.95,12.11,0,0
T03364,P1706,2026-04-09,下午,A2,case,0,9.96,7.75,0,1
T03365,P0223,2026-04-09,上午,A1,basic,1,4.34,5.43,0,1
T03366,P1085,2026-04-09,下午,A2,basic,0,5.57,9.11,0,0
T03367,P0322,2026-04-09,下午,A1,basic,0,3.75,1.95,0,1
T03368,P0747,2026-04-09,下午,A2,case,1,11.0,7.36,0,1
T03369,P0570,2026-04-09,上午,A1,basic,1,2.34,11.2,0,1
T03370,P0956,2026-04-09,下午,A2,case,1,9.19,18.01,0,1
T03371,P1889,2026-04-09,下午,A1,case,0,10.07,9.44,0,1
T03372,P1405,2026-04-09,下午,A2,case,0,25.53,4.9,0,1
T03373,P0772,2026-04-09,上午,A1,case,0,14.83,14.31,0,1
T03374,P1726,2026-04-09,上午,A2,case,1,14.49,19.92,0,1
T03375,P2683,2026-04-09,上午,A1,case,1,52.04,,1,0
T03376,P1265,2026-04-09,下午,A2,case,0,19.78,4.97,0,0
T03377,P0253,2026-04-09,下午,A1,case,1,3.25,4.8,0,1
T03378,P0824,2026-04-09,上午,A2,basic,1,87.99,6.37,0,1
T03379,P0954,2026-04-09,上午,A1,basic,0,3.31,3.48,0,1
T03380,P0197,2026-04-09,下午,A2,basic,0,4.81,1.79,0,1
T03381,P1474,2026-04-09,上午,A1,case,0,21.27,15.49,0,1
T03382,P0640,2026-04-09,上午,A2,case,0,11.38,16.45,0,0
T03383,P0127,2026-04-09,下午,A1,basic,1,0.92,9.14,0,1
T03384,P2185,2026-04-09,上午,A2,case,0,18.48,10.29,0,1
T03385,P1357,2026-04-09,上午,A1,case,0,10.61,33.64,0,0
T03386,P2426,2026-04-09,下午,A2,case,1,9.44,15.07,0,1
T03387,P1268,2026-04-09,上午,A1,case,0,11.25,5.2,0,0
T03388,P2094,2026-04-09,下午,A2,case,1,9.16,9.9,0,1
T03389,P1336,2026-04-09,上午,A1,case,0,17.52,34.88,0,1
T03390,P0168,2026-04-09,上午,A2,case,0,25.81,3.24,0,1
T03391,P0867,2026-04-09,上午,A1,case,1,12.67,15.96,0,1
T03392,P0021,2026-04-09,上午,A2,case,0,10.69,69.84,0,0
T03393,P2342,2026-04-09,下午,A1,case,0,15.5,8.69,0,1
T03394,P0384,2026-04-09,上午,A2,case,0,100.2,16.6,0,1
T03395,P1886,2026-04-09,下午,A1,case,0,11.32,15.73,0,1
T03396,P1752,2026-04-09,上午,A2,basic,0,5.33,8.43,0,1
T03397,P2300,2026-04-09,上午,A1,case,1,5.09,10.86,0,0
T03398,P1975,2026-04-09,上午,A2,case,1,6.86,12.42,0,1
T03399,P1332,2026-04-09,上午,A1,case,0,19.02,20.03,0,1
T03400,P0252,2026-04-09,上午,A2,case,0,14.74,26.32,0,1
T03401,P0781,2026-04-09,上午,B1,basic,1,3.06,6.53,0,1
T03402,P1020,2026-04-09,上午,B2,basic,1,5.01,4.91,0,1
T03403,P2088,2026-04-09,上午,B1,basic,0,6.95,14.38,0,1
T03404,P1332,2026-04-09,上午,B2,case,0,31.82,,1,0
T03405,P2689,2026-04-09,上午,B1,basic,1,2.05,8.79,0,1
T03406,P2486,2026-04-09,上午,B2,basic,0,9.9,8.35,0,0
T03407,P0794,2026-04-09,上午,B1,case,1,11.7,23.3,0,1
T03408,P0266,2026-04-09,下午,B2,case,0,31.66,15.14,0,0
T03409,P1058,2026-04-09,上午,B1,basic,1,10.28,3.12,0,1
T03410,P0326,2026-04-09,下午,B2,basic,1,7.31,8.5,0,1
T03411,P0778,2026-04-09,上午,B1,basic,1,3.94,5.97,0,1
T03412,P2233,2026-04-09,上午,B2,basic,1,9.49,4.76,0,1
T03413,P1160,2026-04-09,下午,B1,basic,1,1.73,1.55,0,1
T03414,P0145,2026-04-09,下午,B2,basic,1,5.25,4.16,0,1
T03415,P0430,2026-04-09,上午,B1,case,0,22.87,6.65,0,1
T03416,P2681,2026-04-09,下午,B2,basic,0,5.07,3.72,0,1
T03417,P2013,2026-04-09,上午,B1,basic,1,17.9,7.18,0,1
T03418,P2252,2026-04-09,上午,B2,basic,1,10.27,1.71,0,1
T03419,P0939,2026-04-09,下午,B1,basic,0,1.62,4.69,0,1
T03420,P0763,2026-04-09,下午,B2,basic,1,62.76,5.73,0,1
T03421,P2117,2026-04-09,上午,B1,basic,0,7.07,12.08,0,1
T03422,P1192,2026-04-09,下午,B2,basic,0,67.14,10.09,0,1
T03423,P2251,2026-04-09,上午,B1,basic,1,3.83,5.3,0,1
T03424,P2602,2026-04-09,上午,B2,basic,0,23.73,2.38,0,1
T03425,P0637,2026-04-09,上午,B1,basic,0,4.88,9.78,0,1
T03426,P1090,2026-04-09,下午,B2,basic,0,10.43,7.56,0,1
T03427,P0545,2026-04-09,下午,B1,case,0,30.44,11.69,0,1
T03428,P0035,2026-04-09,下午,B2,basic,1,1.98,8.04,0,1
T03429,P2449,2026-04-09,上午,B1,case,0,9.8,17.32,0,1
T03430,P1860,2026-04-09,上午,B2,basic,1,7.22,2.7,0,1
T03431,P1753,2026-04-09,上午,B1,basic,0,7.1,4.95,0,1
T03432,P0204,2026-04-09,上午,B2,case,0,27.2,,1,0
T03433,P2675,2026-04-09,上午,B1,basic,0,7.13,7.14,0,1
T03434,P2406,2026-04-09,下午,B2,basic,0,8.07,3.64,0,1
T03435,P1846,2026-04-09,上午,B1,basic,1,6.45,17.28,0,0
T03436,P2613,2026-04-09,上午,B2,basic,1,7.0,1.4,0,0
T03437,P0347,2026-04-09,上午,B1,basic,1,3.86,3.57,0,1
T03438,P2016,2026-04-09,上午,B2,basic,1,11.73,3.51,0,1
T03439,P0763,2026-04-09,下午,B1,basic,1,2.56,12.11,0,1
T03440,P1046,2026-04-09,上午,B2,basic,0,8.47,12.19,0,0
T03441,P0723,2026-04-09,上午,C1,case,0,20.31,20.48,0,1
T03442,P1674,2026-04-09,上午,C2,case,0,32.83,22.69,0,0
T03443,P2033,2026-04-09,下午,C1,case,0,16.11,12.28,0,1
T03444,P0660,2026-04-09,上午,C2,basic,0,6.12,6.41,0,1
T03445,P2237,2026-04-09,下午,C1,case,0,17.8,5.02,0,1
T03446,P2001,2026-04-09,上午,C2,case,0,5.63,17.15,0,0
T03447,P0915,2026-04-09,上午,C1,basic,0,3.37,2.01,0,1
T03448,P1037,2026-04-09,上午,C2,basic,0,4.1,12.06,0,1
T03449,P1516,2026-04-09,下午,C1,basic,1,4.05,14.43,0,1
T03450,P0781,2026-04-09,下午,C2,basic,1,3.5,8.59,0,0
T03451,P0990,2026-04-09,上午,C1,case,0,13.58,5.43,0,1
T03452,P1436,2026-04-09,上午,C2,case,0,16.77,11.06,0,0
T03453,P0943,2026-04-09,下午,C1,case,0,13.57,32.37,0,0
T03454,P2326,2026-04-09,下午,C2,case,0,14.71,13.81,0,1
T03455,P0624,2026-04-09,上午,C1,case,0,27.66,11.32,0,1
T03456,P0522,2026-04-09,上午,C2,basic,1,2.58,5.43,0,1
T03457,P2285,2026-04-09,下午,C1,case,1,16.97,7.55,0,1
T03458,P1683,2026-04-09,下午,C2,case,0,14.75,28.06,0,1
T03459,P1088,2026-04-09,下午,C1,case,0,30.42,13.07,0,0
T03460,P1260,2026-04-09,下午,C2,basic,1,3.65,6.8,0,1
T03461,P0795,2026-04-09,上午,C1,case,0,52.76,5.07,0,1
T03462,P0010,2026-04-09,上午,C2,basic,0,20.66,16.2,0,1
T03463,P0445,2026-04-09,下午,C1,basic,1,1.89,12.46,0,1
T03464,P2609,2026-04-09,下午,C2,case,1,31.12,,1,0
T03465,P1171,2026-04-09,下午,C1,basic,1,3.56,5.65,0,1
T03466,P2282,2026-04-09,上午,C2,case,1,20.91,19.1,0,1
T03467,P2480,2026-04-09,下午,C1,case,1,11.74,4.84,0,1
T03468,P1507,2026-04-09,下午,C2,case,0,13.21,8.22,0,1
T03469,P1984,2026-04-09,上午,C1,basic,0,12.26,13.71,0,1
T03470,P1141,2026-04-09,上午,C2,case,1,10.52,25.75,0,1
T03471,P1864,2026-04-09,上午,C1,basic,1,5.02,7.97,0,1
T03472,P2478,2026-04-09,上午,C2,case,0,6.0,8.25,0,0
T03473,P0003,2026-04-09,下午,C1,basic,0,25.14,,1,0
T03474,P0968,2026-04-09,上午,C2,basic,0,9.54,2.68,0,1
T03475,P2546,2026-04-09,上午,C1,basic,1,3.31,6.15,0,1
T03476,P0926,2026-04-09,上午,C2,case,0,27.03,6.08,0,0
T03477,P1887,2026-04-09,上午,C1,basic,1,1.96,4.75,0,1
T03478,P2168,2026-04-09,下午,C2,case,0,61.74,15.14,0,0
T03479,P2647,2026-04-09,上午,C1,basic,0,8.76,3.34,0,1
T03480,P0787,2026-04-09,上午,C2,basic,1,21.29,3.33,0,1
T03481,P0009,2026-04-10,下午,A1,case,0,12.28,11.88,0,1
T03482,P1613,2026-04-10,上午,A2,case,0,6.43,22.91,0,1
T03483,P0913,2026-04-10,下午,A1,case,0,7.18,3.78,0,1
T03484,P1629,2026-04-10,下午,A2,case,0,6.57,8.78,0,1
T03485,P2058,2026-04-10,上午,A1,case,1,16.38,14.47,0,1
T03486,P2346,2026-04-10,上午,A2,case,1,12.42,3.47,0,1
T03487,P2561,2026-04-10,下午,A1,case,0,77.24,2.09,0,0
T03488,P1774,2026-04-10,上午,A2,case,1,13.35,17.57,0,1
T03489,P1994,2026-04-10,上午,A1,case,0,16.01,39.13,0,1
T03490,P2496,2026-04-10,上午,A2,case,1,5.32,6.47,0,1
T03491,P0461,2026-04-10,上午,A1,case,0,15.18,11.83,0,1
T03492,P1589,2026-04-10,上午,A2,case,0,22.98,17.56,0,1
T03493,P1540,2026-04-10,上午,A1,basic,1,5.53,7.48,0,1
T03494,P2240,2026-04-10,上午,A2,case,1,7.49,23.68,0,1
T03495,P0755,2026-04-10,上午,A1,case,0,8.7,21.95,0,1
T03496,P0108,2026-04-10,上午,A2,case,1,8.71,23.52,0,1
T03497,P1434,2026-04-10,上午,A1,case,0,9.78,5.4,0,1
T03498,P1222,2026-04-10,上午,A2,case,0,9.39,23.04,0,1
T03499,P1895,2026-04-10,下午,A1,basic,1,2.27,5.82,0,1
T03500,P1986,2026-04-10,上午,A2,basic,0,2.92,10.44,0,1
T03501,P0865,2026-04-10,上午,A1,basic,1,4.97,4.66,0,1
T03502,P2564,2026-04-10,上午,A2,case,1,13.27,5.68,0,1
T03503,P0872,2026-04-10,下午,A1,case,0,6.48,11.13,0,1
T03504,P1350,2026-04-10,上午,A2,basic,1,3.58,15.75,0,1
T03505,P2132,2026-04-10,上午,A1,case,0,83.26,20.01,0,1
T03506,P0399,2026-04-10,下午,A2,case,0,11.28,27.51,0,0
T03507,P0846,2026-04-10,下午,A1,case,1,12.55,36.69,0,1
T03508,P0736,2026-04-10,上午,A2,basic,0,6.0,3.36,0,1
T03509,P0809,2026-04-10,下午,A1,case,0,17.6,7.93,0,1
T03510,P0479,2026-04-10,下午,A2,basic,0,5.82,5.92,0,1
T03511,P2486,2026-04-10,上午,A1,case,0,25.88,,1,0
T03512,P0983,2026-04-10,上午,A2,basic,0,9.25,21.76,0,1
T03513,P2132,2026-04-10,上午,A1,case,1,12.38,36.96,0,1
T03514,P0095,2026-04-10,下午,A2,case,0,9.58,4.73,0,1
T03515,P2431,2026-04-10,上午,A1,case,0,14.9,22.61,0,1
T03516,P0009,2026-04-10,上午,A2,case,0,8.66,27.49,0,0
T03517,P0795,2026-04-10,下午,A1,case,0,14.06,7.29,0,1
T03518,P2430,2026-04-10,下午,A2,case,0,6.66,32.65,0,1
T03519,P2632,2026-04-10,上午,A1,case,0,13.67,18.33,0,0
T03520,P0618,2026-04-10,下午,A2,case,1,3.85,16.46,0,1
T03521,P1127,2026-04-10,下午,B1,basic,1,1.99,4.0,0,1
T03522,P0555,2026-04-10,上午,B2,case,1,13.49,8.44,0,1
T03523,P0476,2026-04-10,上午,B1,basic,0,11.9,8.23,0,1
T03524,P0768,2026-04-10,上午,B2,basic,1,2.74,7.0,0,1
T03525,P2574,2026-04-10,下午,B1,basic,1,3.33,6.13,0,1
T03526,P0467,2026-04-10,上午,B2,basic,0,23.75,11.51,0,1
T03527,P1101,2026-04-10,下午,B1,basic,0,6.51,12.55,0,0
T03528,P2167,2026-04-10,上午,B2,basic,1,10.54,4.4,0,1
T03529,P1030,2026-04-10,下午,B1,basic,1,3.82,5.34,0,1
T03530,P0352,2026-04-10,上午,B2,case,0,26.16,5.6,0,1
T03531,P1156,2026-04-10,下午,B1,basic,1,4.11,7.15,0,1
T03532,P1364,2026-04-10,上午,B2,basic,0,11.21,6.75,0,1
T03533,P1285,2026-04-10,上午,B1,basic,1,2.88,5.53,0,1
T03534,P0116,2026-04-10,上午,B2,basic,0,8.2,3.72,0,0
T03535,P1891,2026-04-10,下午,B1,case,0,7.18,16.44,0,1
T03536,P1335,2026-04-10,上午,B2,basic,0,9.01,8.93,0,1
T03537,P1288,2026-04-10,上午,B1,case,0,13.29,24.19,0,0
T03538,P1943,2026-04-10,下午,B2,basic,0,10.29,5.28,0,0
T03539,P2031,2026-04-10,上午,B1,basic,1,2.79,4.82,0,1
T03540,P1720,2026-04-10,下午,B2,basic,1,1.97,2.09,0,1
T03541,P2201,2026-04-10,上午,B1,basic,1,12.14,3.93,0,1
T03542,P2225,2026-04-10,上午,B2,basic,1,5.83,2.02,0,1
T03543,P1409,2026-04-10,下午,B1,basic,0,4.14,11.11,0,1
T03544,P0241,2026-04-10,下午,B2,case,0,19.87,28.52,0,1
T03545,P1117,2026-04-10,上午,B1,basic,1,3.53,5.61,0,1
T03546,P2586,2026-04-10,下午,B2,basic,1,3.93,3.22,0,1
T03547,P2094,2026-04-10,上午,B1,basic,1,8.4,5.94,0,1
T03548,P1758,2026-04-10,下午,B2,basic,1,3.85,11.17,0,1
T03549,P2237,2026-04-10,上午,B1,basic,1,14.41,7.41,0,1
T03550,P1044,2026-04-10,上午,B2,basic,0,15.6,6.19,0,1
T03551,P2627,2026-04-10,下午,B1,basic,0,8.21,4.71,0,1
T03552,P2323,2026-04-10,上午,B2,basic,0,6.02,4.95,0,1
T03553,P1830,2026-04-10,下午,B1,case,0,18.44,16.28,0,1
T03554,P2058,2026-04-10,上午,B2,basic,1,7.47,7.1,0,0
T03555,P1571,2026-04-10,上午,B1,basic,0,22.37,6.68,0,1
T03556,P0189,2026-04-10,下午,B2,basic,0,2.56,4.67,0,1
T03557,P0403,2026-04-10,下午,B1,basic,1,4.9,11.08,0,1
T03558,P0045,2026-04-10,上午,B2,basic,0,3.13,8.55,0,1
T03559,P0316,2026-04-10,下午,B1,basic,0,4.6,8.79,0,1
T03560,P1052,2026-04-10,上午,B2,case,0,27.96,32.51,0,1
T03561,P2371,2026-04-10,下午,C1,basic,0,4.01,6.13,0,0
T03562,P0711,2026-04-10,下午,C2,case,0,13.3,24.55,0,0
T03563,P2556,2026-04-10,下午,C1,case,0,21.93,10.97,0,1
T03564,P2583,2026-04-10,上午,C2,basic,1,3.8,12.66,0,1
T03565,P2493,2026-04-10,上午,C1,basic,0,2.83,8.36,0,1
T03566,P2138,2026-04-10,上午,C2,case,0,14.76,11.26,0,1
T03567,P2059,2026-04-10,上午,C1,case,1,11.99,18.73,0,1
T03568,P0776,2026-04-10,上午,C2,basic,1,3.7,1.19,0,1
T03569,P1652,2026-04-10,上午,C1,basic,0,4.25,10.13,0,1
T03570,P1736,2026-04-10,下午,C2,basic,1,4.47,3.55,0,1
T03571,P0781,2026-04-10,上午,C1,case,0,13.44,38.43,0,1
T03572,P1472,2026-04-10,上午,C2,case,0,8.44,24.73,0,1
T03573,P1915,2026-04-10,上午,C1,case,0,17.64,11.74,0,0
T03574,P0334,2026-04-10,上午,C2,basic,1,7.98,3.63,0,1
T03575,P0319,2026-04-10,上午,C1,case,0,21.52,24.2,0,1
T03576,P0568,2026-04-10,下午,C2,basic,1,1.99,4.72,0,1
T03577,P2245,2026-04-10,下午,C1,case,1,10.87,22.19,0,1
T03578,P0047,2026-04-10,上午,C2,basic,0,5.78,2.25,0,1
T03579,P0151,2026-04-10,下午,C1,basic,1,3.02,5.41,0,1
T03580,P1288,2026-04-10,上午,C2,case,0,31.26,24.22,0,0
T03581,P1575,2026-04-10,上午,C1,basic,1,7.45,10.89,0,1
T03582,P2636,2026-04-10,上午,C2,case,0,6.53,27.66,0,1
T03583,P1906,2026-04-10,下午,C1,case,0,20.37,11.21,0,1
T03584,P2594,2026-04-10,上午,C2,case,0,17.23,16.7,0,1
T03585,P0656,2026-04-10,上午,C1,case,1,22.22,9.08,0,1
T03586,P1742,2026-04-10,下午,C2,basic,1,2.18,6.1,0,1
T03587,P0935,2026-04-10,上午,C1,case,0,40.31,26.57,0,0
T03588,P1235,2026-04-10,下午,C2,case,0,11.62,15.75,0,1
T03589,P2419,2026-04-10,上午,C1,case,0,9.27,22.16,0,1
T03590,P1325,2026-04-10,上午,C2,basic,0,3.67,3.89,0,1
T03591,P1689,2026-04-10,下午,C1,case,0,15.52,14.74,0,0
T03592,P1426,2026-04-10,上午,C2,case,0,14.77,18.88,0,1
T03593,P2492,2026-04-10,下午,C1,basic,1,3.03,16.66,0,1
T03594,P2273,2026-04-10,下午,C2,case,1,5.15,8.37,0,1
T03595,P0342,2026-04-10,上午,C1,basic,1,4.86,9.23,0,1
T03596,P1885,2026-04-10,上午,C2,case,0,36.99,14.49,0,1
T03597,P0779,2026-04-10,上午,C1,basic,0,10.41,6.24,0,1
T03598,P2380,2026-04-10,下午,C2,basic,1,7.61,8.44,0,1
T03599,P1372,2026-04-10,上午,C1,case,0,17.67,10.95,0,1
T03600,P0948,2026-04-10,下午,C2,basic,0,1.46,5.76,0,1
