contact_id,ticket_id,contact_sequence,contact_type,contact_date,staff_minutes
T00001-1,T00001,1,首次受理,2026-03-02,8.33
T00001-2,T00001,2,补充沟通,2026-03-02,19.0
T00002-1,T00002,1,首次受理,2026-03-02,9.13
T00002-2,T00002,2,补充沟通,2026-03-02,9.55
T00002-3,T00002,3,补充沟通,2026-03-02,17.82
T00003-1,T00003,1,首次受理,2026-03-02,17.12
T00003-2,T00003,2,补充沟通,2026-03-02,9.47
T00004-1,T00004,1,首次受理,2026-03-02,7.56
T00005-1,T00005,1,首次受理,2026-03-02,8.75
T00005-2,T00005,2,补充沟通,2026-03-02,18.74
T00005-3,T00005,3,补充沟通,2026-03-02,11.31
T00006-1,T00006,1,首次受理,2026-03-02,18.83
T00006-2,T00006,2,补充沟通,2026-03-02,11.56
T00007-1,T00007,1,首次受理,2026-03-02,16.02
T00007-2,T00007,2,补充沟通,2026-03-02,3.68
T00008-1,T00008,1,首次受理,2026-03-02,17.74
T00008-2,T00008,2,补充沟通,2026-03-02,5.41
T00008-3,T00008,3,补充沟通,2026-03-02,9.8
T00009-1,T00009,1,首次受理,2026-03-02,6.34
T00009-2,T00009,2,补充沟通,2026-03-02,8.34
T00010-1,T00010,1,首次受理,2026-03-02,7.76
T00010-2,T00010,2,补充沟通,2026-03-02,18.28
T00011-1,T00011,1,首次受理,2026-03-02,19.25
T00011-2,T00011,2,补充沟通,2026-03-02,16.51
T00012-1,T00012,1,首次受理,2026-03-02,18.15
T00012-2,T00012,2,补充沟通,2026-03-02,12.31
T00012-3,T00012,3,补充沟通,2026-03-02,11.62
T00013-1,T00013,1,首次受理,2026-03-02,11.57
T00013-2,T00013,2,补充沟通,2026-03-02,15.4
T00013-3,T00013,3,补充沟通,2026-03-02,9.92
T00014-1,T00014,1,首次受理,2026-03-02,4.6
T00014-2,T00014,2,补充沟通,2026-03-02,10.52
T00014-3,T00014,3,补充沟通,2026-03-02,10.13
T00015-1,T00015,1,首次受理,2026-03-02,13.73
T00015-2,T00015,2,补充沟通,2026-03-02,8.56
T00016-1,T00016,1,首次受理,2026-03-02,5.29
T00016-2,T00016,2,补充沟通,2026-03-02,14.68
T00016-3,T00016,3,补充沟通,2026-03-02,12.45
T00017-1,T00017,1,首次受理,2026-03-02,14.91
T00017-2,T00017,2,补充沟通,2026-03-02,10.06
T00017-3,T00017,3,补充沟通,2026-03-02,7.27
T00018-1,T00018,1,首次受理,2026-03-02,4.27
T00018-2,T00018,2,补充沟通,2026-03-02,7.02
T00018-3,T00018,3,补充沟通,2026-03-02,11.03
T00019-1,T00019,1,首次受理,2026-03-02,4.99
T00020-1,T00020,1,首次受理,2026-03-02,6.86
T00020-2,T00020,2,补充沟通,2026-03-02,18.55
T00021-1,T00021,1,首次受理,2026-03-02,8.92
T00021-2,T00021,2,补充沟通,2026-03-02,3.8
T00022-1,T00022,1,首次受理,2026-03-02,9.11
T00023-1,T00023,1,首次受理,2026-03-02,16.68
T00023-2,T00023,2,补充沟通,2026-03-02,4.13
T00024-1,T00024,1,首次受理,2026-03-02,10.11
T00024-2,T00024,2,补充沟通,2026-03-02,11.0
T00025-1,T00025,1,首次受理,2026-03-02,3.91
T00025-2,T00025,2,补充沟通,2026-03-02,4.97
T00025-3,T00025,3,补充沟通,2026-03-02,13.95
T00026-1,T00026,1,首次受理,2026-03-02,11.39
T00026-2,T00026,2,补充沟通,2026-03-02,10.76
T00027-1,T00027,1,首次受理,2026-03-02,16.31
T00027-2,T00027,2,补充沟通,2026-03-02,8.83
T00028-1,T00028,1,首次受理,2026-03-02,10.39
T00028-2,T00028,2,补充沟通,2026-03-02,6.02
T00028-3,T00028,3,补充沟通,2026-03-02,16.14
T00029-1,T00029,1,首次受理,2026-03-02,9.7
T00029-2,T00029,2,补充沟通,2026-03-02,7.08
T00029-3,T00029,3,补充沟通,2026-03-02,5.44
T00030-1,T00030,1,首次受理,2026-03-02,5.83
T00030-2,T00030,2,补充沟通,2026-03-02,5.7
T00030-3,T00030,3,补充沟通,2026-03-02,12.43
T00031-1,T00031,1,首次受理,2026-03-02,18.01
T00031-2,T00031,2,补充沟通,2026-03-02,12.59
T00032-1,T00032,1,首次受理,2026-03-02,13.65
T00032-2,T00032,2,补充沟通,2026-03-02,12.87
T00033-1,T00033,1,首次受理,2026-03-02,9.47
T00033-2,T00033,2,补充沟通,2026-03-02,10.4
T00034-1,T00034,1,首次受理,2026-03-02,17.83
T00034-2,T00034,2,补充沟通,2026-03-02,18.37
T00035-1,T00035,1,首次受理,2026-03-02,5.57
T00036-1,T00036,1,首次受理,2026-03-02,7.13
T00037-1,T00037,1,首次受理,2026-03-02,3.07
T00038-1,T00038,1,首次受理,2026-03-02,10.16
T00038-2,T00038,2,补充沟通,2026-03-02,7.06
T00039-1,T00039,1,首次受理,2026-03-02,14.13
T00039-2,T00039,2,补充沟通,2026-03-02,7.67
T00039-3,T00039,3,补充沟通,2026-03-02,6.22
T00040-1,T00040,1,首次受理,2026-03-02,15.46
T00040-2,T00040,2,补充沟通,2026-03-02,15.75
T00040-3,T00040,3,补充沟通,2026-03-02,14.45
T00041-1,T00041,1,首次受理,2026-03-02,7.15
T00041-2,T00041,2,补充沟通,2026-03-02,7.38
T00042-1,T00042,1,首次受理,2026-03-02,9.17
T00043-1,T00043,1,首次受理,2026-03-02,6.22
T00044-1,T00044,1,首次受理,2026-03-02,6.33
T00045-1,T00045,1,首次受理,2026-03-02,6.07
T00046-1,T00046,1,首次受理,2026-03-02,8.22
T00046-2,T00046,2,补充沟通,2026-03-02,8.25
T00047-1,T00047,1,首次受理,2026-03-02,7.92
T00048-1,T00048,1,首次受理,2026-03-02,8.6
T00048-2,T00048,2,补充沟通,2026-03-02,8.78
T00049-1,T00049,1,首次受理,2026-03-02,5.55
T00050-1,T00050,1,首次受理,2026-03-02,10.04
T00051-1,T00051,1,首次受理,2026-03-02,3.27
T00052-1,T00052,1,首次受理,2026-03-02,7.68
T00053-1,T00053,1,首次受理,2026-03-02,7.43
T00054-1,T00054,1,首次受理,2026-03-02,4.52
T00055-1,T00055,1,首次受理,2026-03-02,9.82
T00056-1,T00056,1,首次受理,2026-03-02,2.79
T00056-2,T00056,2,补充沟通,2026-03-02,4.07
T00057-1,T00057,1,首次受理,2026-03-02,9.62
T00057-2,T00057,2,补充沟通,2026-03-02,8.11
T00058-1,T00058,1,首次受理,2026-03-02,4.32
T00059-1,T00059,1,首次受理,2026-03-02,10.54
T00060-1,T00060,1,首次受理,2026-03-02,9.77
T00061-1,T00061,1,首次受理,2026-03-02,3.98
T00061-2,T00061,2,补充沟通,2026-03-02,7.11
T00061-3,T00061,3,补充沟通,2026-03-02,13.69
T00062-1,T00062,1,首次受理,2026-03-02,2.9
T00063-1,T00063,1,首次受理,2026-03-02,5.0
T00064-1,T00064,1,首次受理,2026-03-02,7.3
T00065-1,T00065,1,首次受理,2026-03-02,9.3
T00065-2,T00065,2,补充沟通,2026-03-02,18.09
T00066-1,T00066,1,首次受理,2026-03-02,8.25
T00067-1,T00067,1,首次受理,2026-03-02,3.59
T00067-2,T00067,2,补充沟通,2026-03-02,2.61
T00068-1,T00068,1,首次受理,2026-03-02,7.79
T00068-2,T00068,2,补充沟通,2026-03-02,6.57
T00069-1,T00069,1,首次受理,2026-03-02,9.14
T00070-1,T00070,1,首次受理,2026-03-02,3.94
T00071-1,T00071,1,首次受理,2026-03-02,8.5
T00071-2,T00071,2,补充沟通,2026-03-02,2.5
T00072-1,T00072,1,首次受理,2026-03-02,6.37
T00073-1,T00073,1,首次受理,2026-03-02,8.54
T00073-2,T00073,2,补充沟通,2026-03-02,5.5
T00073-3,T00073,3,补充沟通,2026-03-02,12.46
T00074-1,T00074,1,首次受理,2026-03-02,9.6
T00075-1,T00075,1,首次受理,2026-03-02,6.82
T00075-2,T00075,2,补充沟通,2026-03-02,8.91
T00076-1,T00076,1,首次受理,2026-03-02,12.1
T00076-2,T00076,2,补充沟通,2026-03-02,19.02
T00077-1,T00077,1,首次受理,2026-03-02,9.39
T00078-1,T00078,1,首次受理,2026-03-02,6.19
T00079-1,T00079,1,首次受理,2026-03-02,3.16
T00079-2,T00079,2,补充沟通,2026-03-02,3.91
T00080-1,T00080,1,首次受理,2026-03-02,3.49
T00081-1,T00081,1,首次受理,2026-03-02,7.86
T00082-1,T00082,1,首次受理,2026-03-02,4.51
T00082-2,T00082,2,补充沟通,2026-03-02,7.73
T00083-1,T00083,1,首次受理,2026-03-02,9.89
T00083-2,T00083,2,补充沟通,2026-03-02,6.66
T00084-1,T00084,1,首次受理,2026-03-02,5.06
T00084-2,T00084,2,补充沟通,2026-03-02,18.89
T00085-1,T00085,1,首次受理,2026-03-02,6.83
T00086-1,T00086,1,首次受理,2026-03-02,15.02
T00086-2,T00086,2,补充沟通,2026-03-02,18.17
T00086-3,T00086,3,补充沟通,2026-03-02,13.13
T00087-1,T00087,1,首次受理,2026-03-02,6.55
T00087-2,T00087,2,补充沟通,2026-03-02,13.87
T00088-1,T00088,1,首次受理,2026-03-02,6.43
T00089-1,T00089,1,首次受理,2026-03-02,14.84
T00089-2,T00089,2,补充沟通,2026-03-02,7.78
T00090-1,T00090,1,首次受理,2026-03-02,10.7
T00090-2,T00090,2,补充沟通,2026-03-02,11.43
T00090-3,T00090,3,补充沟通,2026-03-02,12.24
T00091-1,T00091,1,首次受理,2026-03-02,7.15
T00092-1,T00092,1,首次受理,2026-03-02,10.8
T00092-2,T00092,2,补充沟通,2026-03-02,18.96
T00092-3,T00092,3,补充沟通,2026-03-02,8.32
T00092-4,T00092,4,补充沟通,2026-03-02,13.09
T00093-1,T00093,1,首次受理,2026-03-02,9.46
T00094-1,T00094,1,首次受理,2026-03-02,14.69
T00094-2,T00094,2,补充沟通,2026-03-02,16.69
T00095-1,T00095,1,首次受理,2026-03-02,5.85
T00095-2,T00095,2,补充沟通,2026-03-02,12.87
T00095-3,T00095,3,补充沟通,2026-03-02,5.48
T00096-1,T00096,1,首次受理,2026-03-02,13.35
T00096-2,T00096,2,补充沟通,2026-03-02,10.52
T00097-1,T00097,1,首次受理,2026-03-02,8.31
T00098-1,T00098,1,首次受理,2026-03-02,4.17
T00098-2,T00098,2,补充沟通,2026-03-02,4.22
T00099-1,T00099,1,首次受理,2026-03-02,5.67
T00100-1,T00100,1,首次受理,2026-03-02,7.28
T00101-1,T00101,1,首次受理,2026-03-02,3.11
T00102-1,T00102,1,首次受理,2026-03-02,7.56
T00103-1,T00103,1,首次受理,2026-03-02,11.04
T00103-2,T00103,2,补充沟通,2026-03-02,3.93
T00103-3,T00103,3,补充沟通,2026-03-02,16.97
T00104-1,T00104,1,首次受理,2026-03-02,5.27
T00104-2,T00104,2,补充沟通,2026-03-02,15.53
T00105-1,T00105,1,首次受理,2026-03-02,7.63
T00105-2,T00105,2,补充沟通,2026-03-02,3.04
T00106-1,T00106,1,首次受理,2026-03-02,17.69
T00106-2,T00106,2,补充沟通,2026-03-02,10.46
T00107-1,T00107,1,首次受理,2026-03-02,9.39
T00108-1,T00108,1,首次受理,2026-03-02,9.28
T00109-1,T00109,1,首次受理,2026-03-02,8.33
T00109-2,T00109,2,补充沟通,2026-03-02,4.27
T00110-1,T00110,1,首次受理,2026-03-02,5.77
T00111-1,T00111,1,首次受理,2026-03-02,12.89
T00111-2,T00111,2,补充沟通,2026-03-02,8.34
T00112-1,T00112,1,首次受理,2026-03-02,18.5
T00112-2,T00112,2,补充沟通,2026-03-02,7.14
T00113-1,T00113,1,首次受理,2026-03-02,10.69
T00114-1,T00114,1,首次受理,2026-03-02,7.24
T00114-2,T00114,2,补充沟通,2026-03-02,6.48
T00115-1,T00115,1,首次受理,2026-03-02,3.98
T00115-2,T00115,2,补充沟通,2026-03-02,4.53
T00116-1,T00116,1,首次受理,2026-03-02,18.98
T00116-2,T00116,2,补充沟通,2026-03-02,5.2
T00117-1,T00117,1,首次受理,2026-03-02,2.56
T00118-1,T00118,1,首次受理,2026-03-02,6.64
T00119-1,T00119,1,首次受理,2026-03-02,6.18
T00119-2,T00119,2,补充沟通,2026-03-02,4.03
T00120-1,T00120,1,首次受理,2026-03-02,14.66
T00120-2,T00120,2,补充沟通,2026-03-02,16.53
T00121-1,T00121,1,首次受理,2026-03-03,9.22
T00122-1,T00122,1,首次受理,2026-03-03,16.84
T00122-2,T00122,2,补充沟通,2026-03-03,15.98
T00123-1,T00123,1,首次受理,2026-03-03,7.51
T00123-2,T00123,2,补充沟通,2026-03-03,19.42
T00124-1,T00124,1,首次受理,2026-03-03,14.0
T00124-2,T00124,2,补充沟通,2026-03-03,8.75
T00125-1,T00125,1,首次受理,2026-03-03,11.82
T00125-2,T00125,2,补充沟通,2026-03-03,10.17
T00125-3,T00125,3,补充沟通,2026-03-03,6.7
T00126-1,T00126,1,首次受理,2026-03-03,5.23
T00126-2,T00126,2,补充沟通,2026-03-03,18.39
T00126-3,T00126,3,补充沟通,2026-03-03,4.19
T00127-1,T00127,1,首次受理,2026-03-03,6.77
T00128-1,T00128,1,首次受理,2026-03-03,13.06
T00128-2,T00128,2,补充沟通,2026-03-03,13.2
T00129-1,T00129,1,首次受理,2026-03-03,13.07
T00129-2,T00129,2,补充沟通,2026-03-03,10.86
T00130-1,T00130,1,首次受理,2026-03-03,13.3
T00130-2,T00130,2,补充沟通,2026-03-03,13.22
T00130-3,T00130,3,补充沟通,2026-03-03,5.89
T00131-1,T00131,1,首次受理,2026-03-03,7.33
T00131-2,T00131,2,补充沟通,2026-03-03,6.69
T00132-1,T00132,1,首次受理,2026-03-03,10.61
T00133-1,T00133,1,首次受理,2026-03-03,14.51
T00133-2,T00133,2,补充沟通,2026-03-03,4.53
T00133-3,T00133,3,补充沟通,2026-03-03,10.8
T00134-1,T00134,1,首次受理,2026-03-03,16.95
T00134-2,T00134,2,补充沟通,2026-03-03,7.67
T00135-1,T00135,1,首次受理,2026-03-03,12.15
T00135-2,T00135,2,补充沟通,2026-03-03,8.91
T00136-1,T00136,1,首次受理,2026-03-03,6.9
T00136-2,T00136,2,补充沟通,2026-03-03,4.34
T00136-3,T00136,3,补充沟通,2026-03-03,8.23
T00136-4,T00136,4,补充沟通,2026-03-03,19.5
T00137-1,T00137,1,首次受理,2026-03-03,17.03
T00137-2,T00137,2,补充沟通,2026-03-03,9.82
T00138-1,T00138,1,首次受理,2026-03-03,18.91
T00138-2,T00138,2,补充沟通,2026-03-03,15.15
T00139-1,T00139,1,首次受理,2026-03-03,13.63
T00139-2,T00139,2,补充沟通,2026-03-03,6.48
T00139-3,T00139,3,补充沟通,2026-03-03,19.39
T00139-4,T00139,4,补充沟通,2026-03-03,9.45
T00140-1,T00140,1,首次受理,2026-03-03,18.06
T00140-2,T00140,2,补充沟通,2026-03-03,6.01
T00141-1,T00141,1,首次受理,2026-03-03,13.65
T00141-2,T00141,2,补充沟通,2026-03-03,13.17
T00142-1,T00142,1,首次受理,2026-03-03,18.54
T00142-2,T00142,2,补充沟通,2026-03-03,4.75
T00143-1,T00143,1,首次受理,2026-03-03,6.65
T00143-2,T00143,2,补充沟通,2026-03-03,10.95
T00144-1,T00144,1,首次受理,2026-03-03,7.13
T00144-2,T00144,2,补充沟通,2026-03-03,6.91
T00145-1,T00145,1,首次受理,2026-03-03,13.93
T00145-2,T00145,2,补充沟通,2026-03-03,17.49
T00145-3,T00145,3,补充沟通,2026-03-03,12.55
T00146-1,T00146,1,首次受理,2026-03-03,6.49
T00146-2,T00146,2,补充沟通,2026-03-03,10.56
T00146-3,T00146,3,补充沟通,2026-03-03,18.61
T00146-4,T00146,4,补充沟通,2026-03-03,5.66
T00147-1,T00147,1,首次受理,2026-03-03,19.4
T00147-2,T00147,2,补充沟通,2026-03-03,10.5
T00147-3,T00147,3,补充沟通,2026-03-03,13.76
T00148-1,T00148,1,首次受理,2026-03-03,9.15
T00148-2,T00148,2,补充沟通,2026-03-03,16.05
T00148-3,T00148,3,补充沟通,2026-03-03,17.68
T00149-1,T00149,1,首次受理,2026-03-03,19.7
T00149-2,T00149,2,补充沟通,2026-03-03,9.54
T00149-3,T00149,3,补充沟通,2026-03-03,13.76
T00150-1,T00150,1,首次受理,2026-03-03,5.08
T00151-1,T00151,1,首次受理,2026-03-03,3.63
T00151-2,T00151,2,补充沟通,2026-03-03,8.73
T00151-3,T00151,3,补充沟通,2026-03-03,9.35
T00152-1,T00152,1,首次受理,2026-03-03,19.17
T00152-2,T00152,2,补充沟通,2026-03-03,9.7
T00153-1,T00153,1,首次受理,2026-03-03,10.96
T00153-2,T00153,2,补充沟通,2026-03-03,14.02
T00154-1,T00154,1,首次受理,2026-03-03,12.29
T00154-2,T00154,2,补充沟通,2026-03-03,18.29
T00154-3,T00154,3,补充沟通,2026-03-03,4.84
T00154-4,T00154,4,补充沟通,2026-03-03,18.1
T00155-1,T00155,1,首次受理,2026-03-03,3.8
T00155-2,T00155,2,补充沟通,2026-03-03,4.27
T00156-1,T00156,1,首次受理,2026-03-03,7.64
T00156-2,T00156,2,补充沟通,2026-03-03,14.32
T00157-1,T00157,1,首次受理,2026-03-03,2.13
T00157-2,T00157,2,补充沟通,2026-03-03,7.0
T00158-1,T00158,1,首次受理,2026-03-03,5.79
T00158-2,T00158,2,补充沟通,2026-03-03,18.76
T00159-1,T00159,1,首次受理,2026-03-03,14.59
T00159-2,T00159,2,补充沟通,2026-03-03,6.22
T00159-3,T00159,3,补充沟通,2026-03-03,10.88
T00159-4,T00159,4,补充沟通,2026-03-03,4.75
T00160-1,T00160,1,首次受理,2026-03-03,2.31
T00161-1,T00161,1,首次受理,2026-03-03,3.73
T00162-1,T00162,1,首次受理,2026-03-03,4.61
T00163-1,T00163,1,首次受理,2026-03-03,3.58
T00164-1,T00164,1,首次受理,2026-03-03,11.39
T00164-2,T00164,2,补充沟通,2026-03-03,14.12
T00164-3,T00164,3,补充沟通,2026-03-03,17.44
T00165-1,T00165,1,首次受理,2026-03-03,4.42
T00166-1,T00166,1,首次受理,2026-03-03,2.33
T00167-1,T00167,1,首次受理,2026-03-03,8.4
T00168-1,T00168,1,首次受理,2026-03-03,19.67
T00168-2,T00168,2,补充沟通,2026-03-03,19.03
T00168-3,T00168,3,补充沟通,2026-03-03,12.56
T00169-1,T00169,1,首次受理,2026-03-03,10.99
T00169-2,T00169,2,补充沟通,2026-03-03,11.5
T00169-3,T00169,3,补充沟通,2026-03-03,6.1
T00170-1,T00170,1,首次受理,2026-03-03,7.5
T00171-1,T00171,1,首次受理,2026-03-03,6.94
T00172-1,T00172,1,首次受理,2026-03-03,7.0
T00173-1,T00173,1,首次受理,2026-03-03,10.55
T00174-1,T00174,1,首次受理,2026-03-03,8.04
T00174-2,T00174,2,补充沟通,2026-03-03,6.29
T00174-3,T00174,3,补充沟通,2026-03-03,7.19
T00175-1,T00175,1,首次受理,2026-03-03,6.79
T00176-1,T00176,1,首次受理,2026-03-03,4.97
T00176-2,T00176,2,补充沟通,2026-03-03,10.97
T00177-1,T00177,1,首次受理,2026-03-03,2.48
T00178-1,T00178,1,首次受理,2026-03-03,4.76
T00179-1,T00179,1,首次受理,2026-03-03,9.17
T00180-1,T00180,1,首次受理,2026-03-03,7.51
T00181-1,T00181,1,首次受理,2026-03-03,14.06
T00181-2,T00181,2,补充沟通,2026-03-03,18.37
T00181-3,T00181,3,补充沟通,2026-03-03,4.1
T00182-1,T00182,1,首次受理,2026-03-03,5.06
T00183-1,T00183,1,首次受理,2026-03-03,2.92
T00184-1,T00184,1,首次受理,2026-03-03,14.46
T00184-2,T00184,2,补充沟通,2026-03-03,10.94
T00184-3,T00184,3,补充沟通,2026-03-03,14.17
T00185-1,T00185,1,首次受理,2026-03-03,12.28
T00185-2,T00185,2,补充沟通,2026-03-03,5.45
T00186-1,T00186,1,首次受理,2026-03-03,10.79
T00186-2,T00186,2,补充沟通,2026-03-03,5.1
T00187-1,T00187,1,首次受理,2026-03-03,5.44
T00188-1,T00188,1,首次受理,2026-03-03,2.94
T00189-1,T00189,1,首次受理,2026-03-03,8.67
T00190-1,T00190,1,首次受理,2026-03-03,2.43
T00191-1,T00191,1,首次受理,2026-03-03,16.43
T00191-2,T00191,2,补充沟通,2026-03-03,11.25
T00191-3,T00191,3,补充沟通,2026-03-03,7.41
T00192-1,T00192,1,首次受理,2026-03-03,18.65
T00192-2,T00192,2,补充沟通,2026-03-03,9.32
T00193-1,T00193,1,首次受理,2026-03-03,11.84
T00193-2,T00193,2,补充沟通,2026-03-03,10.94
T00193-3,T00193,3,补充沟通,2026-03-03,16.93
T00194-1,T00194,1,首次受理,2026-03-03,10.0
T00195-1,T00195,1,首次受理,2026-03-03,12.0
T00195-2,T00195,2,补充沟通,2026-03-03,11.42
T00196-1,T00196,1,首次受理,2026-03-03,6.07
T00197-1,T00197,1,首次受理,2026-03-03,4.76
T00197-2,T00197,2,补充沟通,2026-03-03,6.61
T00198-1,T00198,1,首次受理,2026-03-03,2.1
T00198-2,T00198,2,补充沟通,2026-03-03,4.01
T00199-1,T00199,1,首次受理,2026-03-03,9.42
T00199-2,T00199,2,补充沟通,2026-03-03,8.95
T00199-3,T00199,3,补充沟通,2026-03-03,15.22
T00200-1,T00200,1,首次受理,2026-03-03,15.87
T00200-2,T00200,2,补充沟通,2026-03-03,9.83
T00201-1,T00201,1,首次受理,2026-03-03,6.97
T00202-1,T00202,1,首次受理,2026-03-03,9.88
T00203-1,T00203,1,首次受理,2026-03-03,5.14
T00204-1,T00204,1,首次受理,2026-03-03,9.77
T00204-2,T00204,2,补充沟通,2026-03-03,12.42
T00205-1,T00205,1,首次受理,2026-03-03,11.41
T00205-2,T00205,2,补充沟通,2026-03-03,7.94
T00205-3,T00205,3,补充沟通,2026-03-03,12.13
T00206-1,T00206,1,首次受理,2026-03-03,14.79
T00206-2,T00206,2,补充沟通,2026-03-03,3.92
T00206-3,T00206,3,补充沟通,2026-03-03,19.06
T00207-1,T00207,1,首次受理,2026-03-03,3.05
T00208-1,T00208,1,首次受理,2026-03-03,9.18
T00208-2,T00208,2,补充沟通,2026-03-03,16.25
T00208-3,T00208,3,补充沟通,2026-03-03,14.19
T00208-4,T00208,4,补充沟通,2026-03-03,9.06
T00209-1,T00209,1,首次受理,2026-03-03,6.35
T00209-2,T00209,2,补充沟通,2026-03-03,5.09
T00210-1,T00210,1,首次受理,2026-03-03,13.15
T00210-2,T00210,2,补充沟通,2026-03-03,4.73
T00211-1,T00211,1,首次受理,2026-03-03,10.98
T00212-1,T00212,1,首次受理,2026-03-03,6.85
T00212-2,T00212,2,补充沟通,2026-03-03,7.34
T00213-1,T00213,1,首次受理,2026-03-03,3.52
T00214-1,T00214,1,首次受理,2026-03-03,7.25
T00215-1,T00215,1,首次受理,2026-03-03,5.72
T00215-2,T00215,2,补充沟通,2026-03-03,17.56
T00215-3,T00215,3,补充沟通,2026-03-03,18.58
T00216-1,T00216,1,首次受理,2026-03-03,6.39
T00216-2,T00216,2,补充沟通,2026-03-03,7.0
T00217-1,T00217,1,首次受理,2026-03-03,18.29
T00217-2,T00217,2,补充沟通,2026-03-03,17.51
T00217-3,T00217,3,补充沟通,2026-03-03,16.13
T00218-1,T00218,1,首次受理,2026-03-03,2.21
T00218-2,T00218,2,补充沟通,2026-03-03,4.77
T00218-3,T00218,3,补充沟通,2026-03-03,5.65
T00219-1,T00219,1,首次受理,2026-03-03,19.14
T00219-2,T00219,2,补充沟通,2026-03-03,10.45
T00220-1,T00220,1,首次受理,2026-03-03,5.33
T00221-1,T00221,1,首次受理,2026-03-03,10.38
T00221-2,T00221,2,补充沟通,2026-03-03,11.49
T00221-3,T00221,3,补充沟通,2026-03-03,14.0
T00222-1,T00222,1,首次受理,2026-03-03,10.72
T00223-1,T00223,1,首次受理,2026-03-03,5.89
T00224-1,T00224,1,首次受理,2026-03-03,2.46
T00225-1,T00225,1,首次受理,2026-03-03,19.52
T00225-2,T00225,2,补充沟通,2026-03-03,17.67
T00226-1,T00226,1,首次受理,2026-03-03,11.87
T00226-2,T00226,2,补充沟通,2026-03-03,11.91
T00226-3,T00226,3,补充沟通,2026-03-03,19.01
T00227-1,T00227,1,首次受理,2026-03-03,10.38
T00228-1,T00228,1,首次受理,2026-03-03,15.83
T00228-2,T00228,2,补充沟通,2026-03-03,5.29
T00228-3,T00228,3,补充沟通,2026-03-03,7.97
T00229-1,T00229,1,首次受理,2026-03-03,5.11
T00230-1,T00230,1,首次受理,2026-03-03,12.19
T00230-2,T00230,2,补充沟通,2026-03-03,14.84
T00231-1,T00231,1,首次受理,2026-03-03,4.67
T00231-2,T00231,2,补充沟通,2026-03-03,8.07
T00231-3,T00231,3,补充沟通,2026-03-03,7.12
T00232-1,T00232,1,首次受理,2026-03-03,10.66
T00233-1,T00233,1,首次受理,2026-03-03,9.58
T00234-1,T00234,1,首次受理,2026-03-03,8.76
T00235-1,T00235,1,首次受理,2026-03-03,9.14
T00236-1,T00236,1,首次受理,2026-03-03,9.62
T00237-1,T00237,1,首次受理,2026-03-03,8.57
T00237-2,T00237,2,补充沟通,2026-03-03,13.3
T00238-1,T00238,1,首次受理,2026-03-03,19.64
T00238-2,T00238,2,补充沟通,2026-03-03,11.14
T00238-3,T00238,3,补充沟通,2026-03-03,4.55
T00239-1,T00239,1,首次受理,2026-03-03,4.29
T00240-1,T00240,1,首次受理,2026-03-03,18.15
T00240-2,T00240,2,补充沟通,2026-03-03,11.75
T00240-3,T00240,3,补充沟通,2026-03-03,4.45
T00241-1,T00241,1,首次受理,2026-03-04,5.94
T00242-1,T00242,1,首次受理,2026-03-04,6.13
T00242-2,T00242,2,补充沟通,2026-03-04,13.89
T00242-3,T00242,3,补充沟通,2026-03-04,16.57
T00242-4,T00242,4,补充沟通,2026-03-04,18.75
T00243-1,T00243,1,首次受理,2026-03-04,18.91
T00243-2,T00243,2,补充沟通,2026-03-04,17.99
T00244-1,T00244,1,首次受理,2026-03-04,16.97
T00244-2,T00244,2,补充沟通,2026-03-04,6.42
T00245-1,T00245,1,首次受理,2026-03-04,13.42
T00245-2,T00245,2,补充沟通,2026-03-04,12.98
T00246-1,T00246,1,首次受理,2026-03-04,4.17
T00246-2,T00246,2,补充沟通,2026-03-04,15.55
T00246-3,T00246,3,补充沟通,2026-03-04,14.26
T00247-1,T00247,1,首次受理,2026-03-04,9.09
T00248-1,T00248,1,首次受理,2026-03-04,5.18
T00249-1,T00249,1,首次受理,2026-03-04,19.46
T00249-2,T00249,2,补充沟通,2026-03-04,18.52
T00249-3,T00249,3,补充沟通,2026-03-04,9.56
T00250-1,T00250,1,首次受理,2026-03-04,6.76
T00250-2,T00250,2,补充沟通,2026-03-04,9.56
T00251-1,T00251,1,首次受理,2026-03-04,17.06
T00251-2,T00251,2,补充沟通,2026-03-04,19.41
T00252-1,T00252,1,首次受理,2026-03-04,16.69
T00252-2,T00252,2,补充沟通,2026-03-04,11.86
T00252-3,T00252,3,补充沟通,2026-03-04,7.17
T00253-1,T00253,1,首次受理,2026-03-04,16.0
T00253-2,T00253,2,补充沟通,2026-03-04,10.87
T00253-3,T00253,3,补充沟通,2026-03-04,17.68
T00254-1,T00254,1,首次受理,2026-03-04,12.83
T00254-2,T00254,2,补充沟通,2026-03-04,8.84
T00254-3,T00254,3,补充沟通,2026-03-04,15.36
T00255-1,T00255,1,首次受理,2026-03-04,10.82
T00255-2,T00255,2,补充沟通,2026-03-04,5.03
T00256-1,T00256,1,首次受理,2026-03-04,18.21
T00256-2,T00256,2,补充沟通,2026-03-04,12.73
T00256-3,T00256,3,补充沟通,2026-03-04,7.81
T00257-1,T00257,1,首次受理,2026-03-04,8.49
T00257-2,T00257,2,补充沟通,2026-03-04,16.91
T00258-1,T00258,1,首次受理,2026-03-04,8.2
T00258-2,T00258,2,补充沟通,2026-03-04,5.16
T00259-1,T00259,1,首次受理,2026-03-04,5.07
T00259-2,T00259,2,补充沟通,2026-03-04,14.72
T00260-1,T00260,1,首次受理,2026-03-04,3.38
T00261-1,T00261,1,首次受理,2026-03-04,5.23
T00261-2,T00261,2,补充沟通,2026-03-04,12.29
T00261-3,T00261,3,补充沟通,2026-03-04,8.54
T00262-1,T00262,1,首次受理,2026-03-04,5.01
T00262-2,T00262,2,补充沟通,2026-03-04,6.59
T00263-1,T00263,1,首次受理,2026-03-04,5.85
T00263-2,T00263,2,补充沟通,2026-03-04,11.0
T00263-3,T00263,3,补充沟通,2026-03-04,15.52
T00263-4,T00263,4,补充沟通,2026-03-04,9.82
T00264-1,T00264,1,首次受理,2026-03-04,4.73
T00264-2,T00264,2,补充沟通,2026-03-04,17.91
T00264-3,T00264,3,补充沟通,2026-03-04,14.49
T00265-1,T00265,1,首次受理,2026-03-04,3.14
T00265-2,T00265,2,补充沟通,2026-03-04,6.33
T00266-1,T00266,1,首次受理,2026-03-04,4.91
T00266-2,T00266,2,补充沟通,2026-03-04,17.81
T00267-1,T00267,1,首次受理,2026-03-04,6.89
T00268-1,T00268,1,首次受理,2026-03-04,14.46
T00268-2,T00268,2,补充沟通,2026-03-04,18.63
T00268-3,T00268,3,补充沟通,2026-03-04,14.78
T00269-1,T00269,1,首次受理,2026-03-04,17.17
T00269-2,T00269,2,补充沟通,2026-03-04,10.24
T00270-1,T00270,1,首次受理,2026-03-04,3.73
T00271-1,T00271,1,首次受理,2026-03-04,3.73
T00271-2,T00271,2,补充沟通,2026-03-04,17.33
T00272-1,T00272,1,首次受理,2026-03-04,2.74
T00272-2,T00272,2,补充沟通,2026-03-04,8.73
T00273-1,T00273,1,首次受理,2026-03-04,3.67
T00273-2,T00273,2,补充沟通,2026-03-04,17.69
T00273-3,T00273,3,补充沟通,2026-03-04,14.64
T00274-1,T00274,1,首次受理,2026-03-04,13.49
T00274-2,T00274,2,补充沟通,2026-03-04,5.81
T00275-1,T00275,1,首次受理,2026-03-04,4.82
T00276-1,T00276,1,首次受理,2026-03-04,5.91
T00277-1,T00277,1,首次受理,2026-03-04,5.9
T00278-1,T00278,1,首次受理,2026-03-04,9.31
T00278-2,T00278,2,补充沟通,2026-03-04,14.05
T00278-3,T00278,3,补充沟通,2026-03-04,7.4
T00279-1,T00279,1,首次受理,2026-03-04,12.17
T00279-2,T00279,2,补充沟通,2026-03-04,12.23
T00280-1,T00280,1,首次受理,2026-03-04,13.95
T00280-2,T00280,2,补充沟通,2026-03-04,15.62
T00281-1,T00281,1,首次受理,2026-03-04,2.89
T00282-1,T00282,1,首次受理,2026-03-04,4.4
T00282-2,T00282,2,补充沟通,2026-03-04,8.05
T00282-3,T00282,3,补充沟通,2026-03-04,2.43
T00283-1,T00283,1,首次受理,2026-03-04,9.83
T00284-1,T00284,1,首次受理,2026-03-04,18.39
T00284-2,T00284,2,补充沟通,2026-03-04,7.52
T00285-1,T00285,1,首次受理,2026-03-04,5.9
T00285-2,T00285,2,补充沟通,2026-03-04,9.21
T00286-1,T00286,1,首次受理,2026-03-04,6.84
T00287-1,T00287,1,首次受理,2026-03-04,4.29
T00288-1,T00288,1,首次受理,2026-03-04,2.18
T00289-1,T00289,1,首次受理,2026-03-04,8.67
T00290-1,T00290,1,首次受理,2026-03-04,2.54
T00290-2,T00290,2,补充沟通,2026-03-04,2.85
T00291-1,T00291,1,首次受理,2026-03-04,6.45
T00292-1,T00292,1,首次受理,2026-03-04,7.37
T00292-2,T00292,2,补充沟通,2026-03-04,5.34
T00292-3,T00292,3,补充沟通,2026-03-04,5.37
T00293-1,T00293,1,首次受理,2026-03-04,9.82
T00294-1,T00294,1,首次受理,2026-03-04,4.32
T00295-1,T00295,1,首次受理,2026-03-04,2.02
T00296-1,T00296,1,首次受理,2026-03-04,6.54
T00297-1,T00297,1,首次受理,2026-03-04,4.68
T00298-1,T00298,1,首次受理,2026-03-04,6.96
T00299-1,T00299,1,首次受理,2026-03-04,6.82
T00300-1,T00300,1,首次受理,2026-03-04,8.93
T00301-1,T00301,1,首次受理,2026-03-04,3.31
T00302-1,T00302,1,首次受理,2026-03-04,8.46
T00302-2,T00302,2,补充沟通,2026-03-04,4.42
T00303-1,T00303,1,首次受理,2026-03-04,4.95
T00304-1,T00304,1,首次受理,2026-03-04,5.6
T00305-1,T00305,1,首次受理,2026-03-04,5.43
T00305-2,T00305,2,补充沟通,2026-03-04,4.92
T00306-1,T00306,1,首次受理,2026-03-04,10.7
T00307-1,T00307,1,首次受理,2026-03-04,5.09
T00308-1,T00308,1,首次受理,2026-03-04,2.47
T00309-1,T00309,1,首次受理,2026-03-04,8.99
T00310-1,T00310,1,首次受理,2026-03-04,8.19
T00311-1,T00311,1,首次受理,2026-03-04,8.51
T00312-1,T00312,1,首次受理,2026-03-04,11.56
T00312-2,T00312,2,补充沟通,2026-03-04,11.34
T00313-1,T00313,1,首次受理,2026-03-04,6.55
T00314-1,T00314,1,首次受理,2026-03-04,10.51
T00315-1,T00315,1,首次受理,2026-03-04,5.6
T00315-2,T00315,2,补充沟通,2026-03-04,6.42
T00316-1,T00316,1,首次受理,2026-03-04,8.79
T00316-2,T00316,2,补充沟通,2026-03-04,7.07
T00317-1,T00317,1,首次受理,2026-03-04,15.39
T00317-2,T00317,2,补充沟通,2026-03-04,16.33
T00318-1,T00318,1,首次受理,2026-03-04,6.88
T00319-1,T00319,1,首次受理,2026-03-04,19.74
T00319-2,T00319,2,补充沟通,2026-03-04,16.25
T00320-1,T00320,1,首次受理,2026-03-04,13.16
T00320-2,T00320,2,补充沟通,2026-03-04,4.54
T00321-1,T00321,1,首次受理,2026-03-04,6.07
T00321-2,T00321,2,补充沟通,2026-03-04,11.89
T00322-1,T00322,1,首次受理,2026-03-04,10.37
T00322-2,T00322,2,补充沟通,2026-03-04,13.7
T00323-1,T00323,1,首次受理,2026-03-04,18.33
T00323-2,T00323,2,补充沟通,2026-03-04,18.63
T00323-3,T00323,3,补充沟通,2026-03-04,14.12
T00324-1,T00324,1,首次受理,2026-03-04,7.27
T00324-2,T00324,2,补充沟通,2026-03-04,10.01
T00324-3,T00324,3,补充沟通,2026-03-04,16.12
T00325-1,T00325,1,首次受理,2026-03-04,3.74
T00325-2,T00325,2,补充沟通,2026-03-04,8.3
T00326-1,T00326,1,首次受理,2026-03-04,6.6
T00327-1,T00327,1,首次受理,2026-03-04,11.39
T00327-2,T00327,2,补充沟通,2026-03-04,13.16
T00328-1,T00328,1,首次受理,2026-03-04,15.03
T00328-2,T00328,2,补充沟通,2026-03-04,5.93
T00329-1,T00329,1,首次受理,2026-03-04,8.26
T00330-1,T00330,1,首次受理,2026-03-04,18.86
T00330-2,T00330,2,补充沟通,2026-03-04,11.84
T00331-1,T00331,1,首次受理,2026-03-04,7.47
T00332-1,T00332,1,首次受理,2026-03-04,18.18
T00332-2,T00332,2,补充沟通,2026-03-04,7.2
T00333-1,T00333,1,首次受理,2026-03-04,7.97
T00334-1,T00334,1,首次受理,2026-03-04,4.88
T00334-2,T00334,2,补充沟通,2026-03-04,9.62
T00335-1,T00335,1,首次受理,2026-03-04,10.27
T00336-1,T00336,1,首次受理,2026-03-04,3.81
T00336-2,T00336,2,补充沟通,2026-03-04,3.26
T00337-1,T00337,1,首次受理,2026-03-04,7.1
T00338-1,T00338,1,首次受理,2026-03-04,7.44
T00339-1,T00339,1,首次受理,2026-03-04,6.06
T00339-2,T00339,2,补充沟通,2026-03-04,13.74
T00340-1,T00340,1,首次受理,2026-03-04,13.0
T00340-2,T00340,2,补充沟通,2026-03-04,14.07
T00340-3,T00340,3,补充沟通,2026-03-04,14.42
T00341-1,T00341,1,首次受理,2026-03-04,18.72
T00341-2,T00341,2,补充沟通,2026-03-04,15.77
T00342-1,T00342,1,首次受理,2026-03-04,6.73
T00343-1,T00343,1,首次受理,2026-03-04,3.26
T00344-1,T00344,1,首次受理,2026-03-04,18.28
T00344-2,T00344,2,补充沟通,2026-03-04,17.4
T00345-1,T00345,1,首次受理,2026-03-04,2.28
T00346-1,T00346,1,首次受理,2026-03-04,15.02
T00346-2,T00346,2,补充沟通,2026-03-04,9.68
T00347-1,T00347,1,首次受理,2026-03-04,5.4
T00348-1,T00348,1,首次受理,2026-03-04,18.48
T00348-2,T00348,2,补充沟通,2026-03-04,17.09
T00348-3,T00348,3,补充沟通,2026-03-04,11.63
T00349-1,T00349,1,首次受理,2026-03-04,4.93
T00349-2,T00349,2,补充沟通,2026-03-04,9.64
T00350-1,T00350,1,首次受理,2026-03-04,12.74
T00350-2,T00350,2,补充沟通,2026-03-04,12.21
T00351-1,T00351,1,首次受理,2026-03-04,16.86
T00351-2,T00351,2,补充沟通,2026-03-04,5.03
T00351-3,T00351,3,补充沟通,2026-03-04,16.11
T00352-1,T00352,1,首次受理,2026-03-04,5.0
T00352-2,T00352,2,补充沟通,2026-03-04,11.61
T00353-1,T00353,1,首次受理,2026-03-04,2.51
T00354-1,T00354,1,首次受理,2026-03-04,5.92
T00355-1,T00355,1,首次受理,2026-03-04,7.52
T00355-2,T00355,2,补充沟通,2026-03-04,19.75
T00355-3,T00355,3,补充沟通,2026-03-04,19.56
T00356-1,T00356,1,首次受理,2026-03-04,6.39
T00357-1,T00357,1,首次受理,2026-03-04,11.0
T00357-2,T00357,2,补充沟通,2026-03-04,7.19
T00358-1,T00358,1,首次受理,2026-03-04,10.43
T00358-2,T00358,2,补充沟通,2026-03-04,17.17
T00359-1,T00359,1,首次受理,2026-03-04,19.24
T00359-2,T00359,2,补充沟通,2026-03-04,18.92
T00359-3,T00359,3,补充沟通,2026-03-04,6.66
T00360-1,T00360,1,首次受理,2026-03-04,5.16
T00360-2,T00360,2,补充沟通,2026-03-04,8.07
T00361-1,T00361,1,首次受理,2026-03-05,17.13
T00361-2,T00361,2,补充沟通,2026-03-05,6.75
T00361-3,T00361,3,补充沟通,2026-03-05,17.85
T00362-1,T00362,1,首次受理,2026-03-05,14.34
T00362-2,T00362,2,补充沟通,2026-03-05,13.66
T00363-1,T00363,1,首次受理,2026-03-05,2.53
T00364-1,T00364,1,首次受理,2026-03-05,8.4
T00364-2,T00364,2,补充沟通,2026-03-05,8.14
T00365-1,T00365,1,首次受理,2026-03-05,12.79
T00365-2,T00365,2,补充沟通,2026-03-05,17.67
T00366-1,T00366,1,首次受理,2026-03-05,7.33
T00366-2,T00366,2,补充沟通,2026-03-05,14.33
T00366-3,T00366,3,补充沟通,2026-03-05,14.2
T00367-1,T00367,1,首次受理,2026-03-05,13.11
T00367-2,T00367,2,补充沟通,2026-03-05,8.37
T00368-1,T00368,1,首次受理,2026-03-05,13.56
T00368-2,T00368,2,补充沟通,2026-03-05,12.59
T00368-3,T00368,3,补充沟通,2026-03-05,6.82
T00369-1,T00369,1,首次受理,2026-03-05,15.79
T00369-2,T00369,2,补充沟通,2026-03-05,15.89
T00370-1,T00370,1,首次受理,2026-03-05,7.51
T00370-2,T00370,2,补充沟通,2026-03-05,11.61
T00370-3,T00370,3,补充沟通,2026-03-05,9.01
T00371-1,T00371,1,首次受理,2026-03-05,7.39
T00371-2,T00371,2,补充沟通,2026-03-05,18.02
T00372-1,T00372,1,首次受理,2026-03-05,12.35
T00372-2,T00372,2,补充沟通,2026-03-05,11.2
T00372-3,T00372,3,补充沟通,2026-03-05,12.93
T00373-1,T00373,1,首次受理,2026-03-05,14.51
T00373-2,T00373,2,补充沟通,2026-03-05,5.44
T00374-1,T00374,1,首次受理,2026-03-05,17.99
T00374-2,T00374,2,补充沟通,2026-03-05,15.66
T00375-1,T00375,1,首次受理,2026-03-05,8.05
T00375-2,T00375,2,补充沟通,2026-03-05,18.99
T00376-1,T00376,1,首次受理,2026-03-05,4.95
T00377-1,T00377,1,首次受理,2026-03-05,15.18
T00377-2,T00377,2,补充沟通,2026-03-05,4.63
T00378-1,T00378,1,首次受理,2026-03-05,5.56
T00378-2,T00378,2,补充沟通,2026-03-05,11.36
T00378-3,T00378,3,补充沟通,2026-03-05,8.66
T00379-1,T00379,1,首次受理,2026-03-05,17.61
T00379-2,T00379,2,补充沟通,2026-03-05,6.25
T00379-3,T00379,3,补充沟通,2026-03-05,8.06
T00380-1,T00380,1,首次受理,2026-03-05,10.06
T00381-1,T00381,1,首次受理,2026-03-05,5.8
T00382-1,T00382,1,首次受理,2026-03-05,10.94
T00383-1,T00383,1,首次受理,2026-03-05,5.86
T00383-2,T00383,2,补充沟通,2026-03-05,15.46
T00383-3,T00383,3,补充沟通,2026-03-05,15.97
T00384-1,T00384,1,首次受理,2026-03-05,18.13
T00384-2,T00384,2,补充沟通,2026-03-05,6.07
T00384-3,T00384,3,补充沟通,2026-03-05,7.6
T00385-1,T00385,1,首次受理,2026-03-05,14.74
T00385-2,T00385,2,补充沟通,2026-03-05,12.02
T00386-1,T00386,1,首次受理,2026-03-05,8.18
T00386-2,T00386,2,补充沟通,2026-03-05,18.35
T00386-3,T00386,3,补充沟通,2026-03-05,4.42
T00387-1,T00387,1,首次受理,2026-03-05,7.24
T00387-2,T00387,2,补充沟通,2026-03-05,4.59
T00388-1,T00388,1,首次受理,2026-03-05,13.3
T00388-2,T00388,2,补充沟通,2026-03-05,16.66
T00388-3,T00388,3,补充沟通,2026-03-05,12.13
T00389-1,T00389,1,首次受理,2026-03-05,5.26
T00389-2,T00389,2,补充沟通,2026-03-05,13.16
T00390-1,T00390,1,首次受理,2026-03-05,7.39
T00390-2,T00390,2,补充沟通,2026-03-05,13.77
T00391-1,T00391,1,首次受理,2026-03-05,12.72
T00391-2,T00391,2,补充沟通,2026-03-05,5.09
T00392-1,T00392,1,首次受理,2026-03-05,13.03
T00392-2,T00392,2,补充沟通,2026-03-05,9.3
T00392-3,T00392,3,补充沟通,2026-03-05,18.47
T00393-1,T00393,1,首次受理,2026-03-05,11.35
T00393-2,T00393,2,补充沟通,2026-03-05,5.44
T00394-1,T00394,1,首次受理,2026-03-05,17.82
T00394-2,T00394,2,补充沟通,2026-03-05,18.47
T00395-1,T00395,1,首次受理,2026-03-05,12.22
T00395-2,T00395,2,补充沟通,2026-03-05,14.64
T00396-1,T00396,1,首次受理,2026-03-05,10.78
T00397-1,T00397,1,首次受理,2026-03-05,8.07
T00397-2,T00397,2,补充沟通,2026-03-05,9.68
T00397-3,T00397,3,补充沟通,2026-03-05,17.02
T00398-1,T00398,1,首次受理,2026-03-05,17.39
T00398-2,T00398,2,补充沟通,2026-03-05,18.73
T00398-3,T00398,3,补充沟通,2026-03-05,5.3
T00399-1,T00399,1,首次受理,2026-03-05,3.95
T00400-1,T00400,1,首次受理,2026-03-05,10.95
T00400-2,T00400,2,补充沟通,2026-03-05,15.71
T00401-1,T00401,1,首次受理,2026-03-05,3.04
T00402-1,T00402,1,首次受理,2026-03-05,9.54
T00403-1,T00403,1,首次受理,2026-03-05,9.16
T00404-1,T00404,1,首次受理,2026-03-05,3.74
T00405-1,T00405,1,首次受理,2026-03-05,8.04
T00405-2,T00405,2,补充沟通,2026-03-05,7.3
T00406-1,T00406,1,首次受理,2026-03-05,7.8
T00407-1,T00407,1,首次受理,2026-03-05,5.99
T00408-1,T00408,1,首次受理,2026-03-05,14.57
T00408-2,T00408,2,补充沟通,2026-03-05,19.05
T00409-1,T00409,1,首次受理,2026-03-05,9.73
T00410-1,T00410,1,首次受理,2026-03-05,14.73
T00410-2,T00410,2,补充沟通,2026-03-05,17.33
T00410-3,T00410,3,补充沟通,2026-03-05,19.1
T00411-1,T00411,1,首次受理,2026-03-05,7.61
T00412-1,T00412,1,首次受理,2026-03-05,7.68
T00413-1,T00413,1,首次受理,2026-03-05,3.51
T00413-2,T00413,2,补充沟通,2026-03-05,6.43
T00414-1,T00414,1,首次受理,2026-03-05,9.12
T00415-1,T00415,1,首次受理,2026-03-05,5.86
T00416-1,T00416,1,首次受理,2026-03-05,17.08
T00416-2,T00416,2,补充沟通,2026-03-05,4.18
T00417-1,T00417,1,首次受理,2026-03-05,7.3
T00418-1,T00418,1,首次受理,2026-03-05,5.23
T00418-2,T00418,2,补充沟通,2026-03-05,5.1
T00419-1,T00419,1,首次受理,2026-03-05,15.54
T00419-2,T00419,2,补充沟通,2026-03-05,11.06
T00419-3,T00419,3,补充沟通,2026-03-05,6.07
T00420-1,T00420,1,首次受理,2026-03-05,7.07
T00421-1,T00421,1,首次受理,2026-03-05,4.61
T00421-2,T00421,2,补充沟通,2026-03-05,2.22
T00422-1,T00422,1,首次受理,2026-03-05,8.03
T00423-1,T00423,1,首次受理,2026-03-05,10.91
T00424-1,T00424,1,首次受理,2026-03-05,9.56
T00425-1,T00425,1,首次受理,2026-03-05,19.3
T00425-2,T00425,2,补充沟通,2026-03-05,8.23
T00425-3,T00425,3,补充沟通,2026-03-05,11.03
T00426-1,T00426,1,首次受理,2026-03-05,4.78
T00427-1,T00427,1,首次受理,2026-03-05,4.91
T00428-1,T00428,1,首次受理,2026-03-05,7.66
T00428-2,T00428,2,补充沟通,2026-03-05,16.89
T00428-3,T00428,3,补充沟通,2026-03-05,12.09
T00429-1,T00429,1,首次受理,2026-03-05,9.33
T00429-2,T00429,2,补充沟通,2026-03-05,15.17
T00430-1,T00430,1,首次受理,2026-03-05,15.05
T00430-2,T00430,2,补充沟通,2026-03-05,5.05
T00431-1,T00431,1,首次受理,2026-03-05,4.33
T00431-2,T00431,2,补充沟通,2026-03-05,8.64
T00432-1,T00432,1,首次受理,2026-03-05,7.43
T00433-1,T00433,1,首次受理,2026-03-05,2.43
T00434-1,T00434,1,首次受理,2026-03-05,8.76
T00435-1,T00435,1,首次受理,2026-03-05,10.69
T00435-2,T00435,2,补充沟通,2026-03-05,8.73
T00435-3,T00435,3,补充沟通,2026-03-05,4.71
T00436-1,T00436,1,首次受理,2026-03-05,6.84
T00437-1,T00437,1,首次受理,2026-03-05,2.52
T00438-1,T00438,1,首次受理,2026-03-05,8.51
T00439-1,T00439,1,首次受理,2026-03-05,14.63
T00439-2,T00439,2,补充沟通,2026-03-05,13.07
T00440-1,T00440,1,首次受理,2026-03-05,5.44
T00441-1,T00441,1,首次受理,2026-03-05,4.87
T00441-2,T00441,2,补充沟通,2026-03-05,2.97
T00442-1,T00442,1,首次受理,2026-03-05,7.35
T00443-1,T00443,1,首次受理,2026-03-05,10.43
T00444-1,T00444,1,首次受理,2026-03-05,10.31
T00445-1,T00445,1,首次受理,2026-03-05,16.48
T00445-2,T00445,2,补充沟通,2026-03-05,11.88
T00445-3,T00445,3,补充沟通,2026-03-05,5.44
T00446-1,T00446,1,首次受理,2026-03-05,2.99
T00447-1,T00447,1,首次受理,2026-03-05,13.52
T00447-2,T00447,2,补充沟通,2026-03-05,5.04
T00448-1,T00448,1,首次受理,2026-03-05,18.58
T00448-2,T00448,2,补充沟通,2026-03-05,9.71
T00448-3,T00448,3,补充沟通,2026-03-05,19.47
T00449-1,T00449,1,首次受理,2026-03-05,16.39
T00449-2,T00449,2,补充沟通,2026-03-05,10.18
T00449-3,T00449,3,补充沟通,2026-03-05,10.64
T00450-1,T00450,1,首次受理,2026-03-05,19.71
T00450-2,T00450,2,补充沟通,2026-03-05,15.07
T00450-3,T00450,3,补充沟通,2026-03-05,15.11
T00451-1,T00451,1,首次受理,2026-03-05,5.0
T00451-2,T00451,2,补充沟通,2026-03-05,2.02
T00452-1,T00452,1,首次受理,2026-03-05,6.93
T00453-1,T00453,1,首次受理,2026-03-05,8.05
T00454-1,T00454,1,首次受理,2026-03-05,5.05
T00454-2,T00454,2,补充沟通,2026-03-05,12.09
T00454-3,T00454,3,补充沟通,2026-03-05,16.46
T00455-1,T00455,1,首次受理,2026-03-05,3.25
T00456-1,T00456,1,首次受理,2026-03-05,12.8
T00456-2,T00456,2,补充沟通,2026-03-05,5.34
T00456-3,T00456,3,补充沟通,2026-03-05,8.29
T00456-4,T00456,4,补充沟通,2026-03-05,16.08
T00457-1,T00457,1,首次受理,2026-03-05,9.82
T00458-1,T00458,1,首次受理,2026-03-05,19.2
T00458-2,T00458,2,补充沟通,2026-03-05,11.8
T00458-3,T00458,3,补充沟通,2026-03-05,13.17
T00459-1,T00459,1,首次受理,2026-03-05,15.17
T00459-2,T00459,2,补充沟通,2026-03-05,9.34
T00460-1,T00460,1,首次受理,2026-03-05,7.59
T00461-1,T00461,1,首次受理,2026-03-05,9.43
T00462-1,T00462,1,首次受理,2026-03-05,5.87
T00463-1,T00463,1,首次受理,2026-03-05,6.9
T00463-2,T00463,2,补充沟通,2026-03-05,9.08
T00464-1,T00464,1,首次受理,2026-03-05,3.41
T00465-1,T00465,1,首次受理,2026-03-05,10.74
T00466-1,T00466,1,首次受理,2026-03-05,19.57
T00466-2,T00466,2,补充沟通,2026-03-05,10.81
T00466-3,T00466,3,补充沟通,2026-03-05,4.34
T00467-1,T00467,1,首次受理,2026-03-05,18.35
T00467-2,T00467,2,补充沟通,2026-03-05,8.18
T00468-1,T00468,1,首次受理,2026-03-05,5.54
T00468-2,T00468,2,补充沟通,2026-03-05,11.36
T00468-3,T00468,3,补充沟通,2026-03-05,10.33
T00469-1,T00469,1,首次受理,2026-03-05,3.98
T00470-1,T00470,1,首次受理,2026-03-05,16.35
T00470-2,T00470,2,补充沟通,2026-03-05,12.64
T00471-1,T00471,1,首次受理,2026-03-05,15.8
T00471-2,T00471,2,补充沟通,2026-03-05,5.77
T00472-1,T00472,1,首次受理,2026-03-05,14.11
T00472-2,T00472,2,补充沟通,2026-03-05,4.55
T00472-3,T00472,3,补充沟通,2026-03-05,11.84
T00472-4,T00472,4,补充沟通,2026-03-05,7.85
T00473-1,T00473,1,首次受理,2026-03-05,8.29
T00474-1,T00474,1,首次受理,2026-03-05,11.5
T00474-2,T00474,2,补充沟通,2026-03-05,3.9
T00475-1,T00475,1,首次受理,2026-03-05,7.68
T00476-1,T00476,1,首次受理,2026-03-05,3.92
T00476-2,T00476,2,补充沟通,2026-03-05,10.71
T00476-3,T00476,3,补充沟通,2026-03-05,10.14
T00477-1,T00477,1,首次受理,2026-03-05,3.84
T00478-1,T00478,1,首次受理,2026-03-05,13.15
T00478-2,T00478,2,补充沟通,2026-03-05,4.74
T00478-3,T00478,3,补充沟通,2026-03-05,13.19
T00479-1,T00479,1,首次受理,2026-03-05,5.45
T00480-1,T00480,1,首次受理,2026-03-05,9.14
T00481-1,T00481,1,首次受理,2026-03-06,8.11
T00481-2,T00481,2,补充沟通,2026-03-06,5.61
T00482-1,T00482,1,首次受理,2026-03-06,10.62
T00483-1,T00483,1,首次受理,2026-03-06,7.45
T00483-2,T00483,2,补充沟通,2026-03-06,19.49
T00484-1,T00484,1,首次受理,2026-03-06,4.97
T00484-2,T00484,2,补充沟通,2026-03-06,5.37
T00484-3,T00484,3,补充沟通,2026-03-06,16.83
T00485-1,T00485,1,首次受理,2026-03-06,18.61
T00485-2,T00485,2,补充沟通,2026-03-06,6.55
T00486-1,T00486,1,首次受理,2026-03-06,4.51
T00486-2,T00486,2,补充沟通,2026-03-06,14.64
T00487-1,T00487,1,首次受理,2026-03-06,3.8
T00487-2,T00487,2,补充沟通,2026-03-06,16.76
T00487-3,T00487,3,补充沟通,2026-03-06,17.45
T00488-1,T00488,1,首次受理,2026-03-06,6.15
T00488-2,T00488,2,补充沟通,2026-03-06,3.63
T00488-3,T00488,3,补充沟通,2026-03-06,14.28
T00489-1,T00489,1,首次受理,2026-03-06,9.72
T00489-2,T00489,2,补充沟通,2026-03-06,16.4
T00490-1,T00490,1,首次受理,2026-03-06,10.25
T00491-1,T00491,1,首次受理,2026-03-06,16.55
T00491-2,T00491,2,补充沟通,2026-03-06,17.11
T00492-1,T00492,1,首次受理,2026-03-06,13.9
T00492-2,T00492,2,补充沟通,2026-03-06,5.97
T00492-3,T00492,3,补充沟通,2026-03-06,6.59
T00493-1,T00493,1,首次受理,2026-03-06,10.75
T00494-1,T00494,1,首次受理,2026-03-06,6.36
T00494-2,T00494,2,补充沟通,2026-03-06,18.39
T00495-1,T00495,1,首次受理,2026-03-06,6.99
T00496-1,T00496,1,首次受理,2026-03-06,16.43
T00496-2,T00496,2,补充沟通,2026-03-06,4.22
T00497-1,T00497,1,首次受理,2026-03-06,6.23
T00497-2,T00497,2,补充沟通,2026-03-06,6.48
T00498-1,T00498,1,首次受理,2026-03-06,8.44
T00499-1,T00499,1,首次受理,2026-03-06,12.9
T00499-2,T00499,2,补充沟通,2026-03-06,4.74
T00500-1,T00500,1,首次受理,2026-03-06,18.68
T00500-2,T00500,2,补充沟通,2026-03-06,14.23
T00501-1,T00501,1,首次受理,2026-03-06,17.89
T00501-2,T00501,2,补充沟通,2026-03-06,13.19
T00502-1,T00502,1,首次受理,2026-03-06,13.69
T00502-2,T00502,2,补充沟通,2026-03-06,14.2
T00503-1,T00503,1,首次受理,2026-03-06,14.5
T00503-2,T00503,2,补充沟通,2026-03-06,4.18
T00504-1,T00504,1,首次受理,2026-03-06,18.28
T00504-2,T00504,2,补充沟通,2026-03-06,8.95
T00504-3,T00504,3,补充沟通,2026-03-06,11.83
T00505-1,T00505,1,首次受理,2026-03-06,14.99
T00505-2,T00505,2,补充沟通,2026-03-06,12.67
T00505-3,T00505,3,补充沟通,2026-03-06,15.36
T00506-1,T00506,1,首次受理,2026-03-06,4.82
T00506-2,T00506,2,补充沟通,2026-03-06,16.69
T00507-1,T00507,1,首次受理,2026-03-06,8.46
T00507-2,T00507,2,补充沟通,2026-03-06,15.72
T00508-1,T00508,1,首次受理,2026-03-06,18.3
T00508-2,T00508,2,补充沟通,2026-03-06,6.8
T00509-1,T00509,1,首次受理,2026-03-06,2.76
T00510-1,T00510,1,首次受理,2026-03-06,14.46
T00510-2,T00510,2,补充沟通,2026-03-06,19.11
T00511-1,T00511,1,首次受理,2026-03-06,9.08
T00512-1,T00512,1,首次受理,2026-03-06,18.9
T00512-2,T00512,2,补充沟通,2026-03-06,15.0
T00512-3,T00512,3,补充沟通,2026-03-06,10.81
T00513-1,T00513,1,首次受理,2026-03-06,9.12
T00514-1,T00514,1,首次受理,2026-03-06,10.69
T00514-2,T00514,2,补充沟通,2026-03-06,14.17
T00515-1,T00515,1,首次受理,2026-03-06,12.33
T00515-2,T00515,2,补充沟通,2026-03-06,11.47
T00516-1,T00516,1,首次受理,2026-03-06,7.28
T00516-2,T00516,2,补充沟通,2026-03-06,18.8
T00517-1,T00517,1,首次受理,2026-03-06,13.93
T00517-2,T00517,2,补充沟通,2026-03-06,11.67
T00517-3,T00517,3,补充沟通,2026-03-06,3.81
T00518-1,T00518,1,首次受理,2026-03-06,12.47
T00518-2,T00518,2,补充沟通,2026-03-06,7.3
T00518-3,T00518,3,补充沟通,2026-03-06,6.34
T00519-1,T00519,1,首次受理,2026-03-06,8.8
T00520-1,T00520,1,首次受理,2026-03-06,8.07
T00521-1,T00521,1,首次受理,2026-03-06,8.22
T00522-1,T00522,1,首次受理,2026-03-06,9.7
T00523-1,T00523,1,首次受理,2026-03-06,9.84
T00524-1,T00524,1,首次受理,2026-03-06,4.49
T00525-1,T00525,1,首次受理,2026-03-06,6.96
T00525-2,T00525,2,补充沟通,2026-03-06,11.84
T00525-3,T00525,3,补充沟通,2026-03-06,14.01
T00526-1,T00526,1,首次受理,2026-03-06,3.41
T00526-2,T00526,2,补充沟通,2026-03-06,5.4
T00527-1,T00527,1,首次受理,2026-03-06,7.17
T00527-2,T00527,2,补充沟通,2026-03-06,7.86
T00527-3,T00527,3,补充沟通,2026-03-06,5.6
T00528-1,T00528,1,首次受理,2026-03-06,6.96
T00529-1,T00529,1,首次受理,2026-03-06,9.97
T00529-2,T00529,2,补充沟通,2026-03-06,3.24
T00530-1,T00530,1,首次受理,2026-03-06,9.64
T00531-1,T00531,1,首次受理,2026-03-06,4.38
T00532-1,T00532,1,首次受理,2026-03-06,7.74
T00532-2,T00532,2,补充沟通,2026-03-06,6.19
T00533-1,T00533,1,首次受理,2026-03-06,3.78
T00534-1,T00534,1,首次受理,2026-03-06,3.79
T00534-2,T00534,2,补充沟通,2026-03-06,2.32
T00535-1,T00535,1,首次受理,2026-03-06,6.12
T00535-2,T00535,2,补充沟通,2026-03-06,14.76
T00536-1,T00536,1,首次受理,2026-03-06,5.34
T00536-2,T00536,2,补充沟通,2026-03-06,4.1
T00536-3,T00536,3,补充沟通,2026-03-06,11.68
T00536-4,T00536,4,补充沟通,2026-03-06,16.23
T00537-1,T00537,1,首次受理,2026-03-06,9.36
T00538-1,T00538,1,首次受理,2026-03-06,4.32
T00539-1,T00539,1,首次受理,2026-03-06,7.43
T00540-1,T00540,1,首次受理,2026-03-06,2.47
T00541-1,T00541,1,首次受理,2026-03-06,16.12
T00541-2,T00541,2,补充沟通,2026-03-06,11.1
T00541-3,T00541,3,补充沟通,2026-03-06,10.93
T00542-1,T00542,1,首次受理,2026-03-06,12.26
T00542-2,T00542,2,补充沟通,2026-03-06,5.17
T00542-3,T00542,3,补充沟通,2026-03-06,7.58
T00543-1,T00543,1,首次受理,2026-03-06,10.44
T00543-2,T00543,2,补充沟通,2026-03-06,18.79
T00544-1,T00544,1,首次受理,2026-03-06,3.18
T00545-1,T00545,1,首次受理,2026-03-06,6.31
T00545-2,T00545,2,补充沟通,2026-03-06,3.85
T00545-3,T00545,3,补充沟通,2026-03-06,8.79
T00546-1,T00546,1,首次受理,2026-03-06,4.83
T00547-1,T00547,1,首次受理,2026-03-06,3.48
T00548-1,T00548,1,首次受理,2026-03-06,3.09
T00549-1,T00549,1,首次受理,2026-03-06,10.27
T00550-1,T00550,1,首次受理,2026-03-06,3.27
T00550-2,T00550,2,补充沟通,2026-03-06,9.07
T00551-1,T00551,1,首次受理,2026-03-06,9.35
T00552-1,T00552,1,首次受理,2026-03-06,4.83
T00553-1,T00553,1,首次受理,2026-03-06,9.76
T00554-1,T00554,1,首次受理,2026-03-06,10.12
T00555-1,T00555,1,首次受理,2026-03-06,10.69
T00556-1,T00556,1,首次受理,2026-03-06,10.45
T00557-1,T00557,1,首次受理,2026-03-06,4.49
T00558-1,T00558,1,首次受理,2026-03-06,9.86
T00559-1,T00559,1,首次受理,2026-03-06,2.67
T00560-1,T00560,1,首次受理,2026-03-06,3.64
T00561-1,T00561,1,首次受理,2026-03-06,2.31
T00562-1,T00562,1,首次受理,2026-03-06,8.94
T00562-2,T00562,2,补充沟通,2026-03-06,17.21
T00563-1,T00563,1,首次受理,2026-03-06,9.58
T00564-1,T00564,1,首次受理,2026-03-06,9.7
T00564-2,T00564,2,补充沟通,2026-03-06,7.84
T00565-1,T00565,1,首次受理,2026-03-06,3.14
T00566-1,T00566,1,首次受理,2026-03-06,7.8
T00566-2,T00566,2,补充沟通,2026-03-06,14.12
T00567-1,T00567,1,首次受理,2026-03-06,5.37
T00568-1,T00568,1,首次受理,2026-03-06,10.81
T00568-2,T00568,2,补充沟通,2026-03-06,15.08
T00569-1,T00569,1,首次受理,2026-03-06,4.86
T00569-2,T00569,2,补充沟通,2026-03-06,12.47
T00569-3,T00569,3,补充沟通,2026-03-06,6.31
T00570-1,T00570,1,首次受理,2026-03-06,11.21
T00570-2,T00570,2,补充沟通,2026-03-06,18.01
T00571-1,T00571,1,首次受理,2026-03-06,10.22
T00572-1,T00572,1,首次受理,2026-03-06,3.47
T00573-1,T00573,1,首次受理,2026-03-06,4.1
T00573-2,T00573,2,补充沟通,2026-03-06,18.03
T00574-1,T00574,1,首次受理,2026-03-06,4.99
T00574-2,T00574,2,补充沟通,2026-03-06,18.25
T00574-3,T00574,3,补充沟通,2026-03-06,6.79
T00575-1,T00575,1,首次受理,2026-03-06,13.78
T00575-2,T00575,2,补充沟通,2026-03-06,11.15
T00575-3,T00575,3,补充沟通,2026-03-06,14.37
T00576-1,T00576,1,首次受理,2026-03-06,16.6
T00576-2,T00576,2,补充沟通,2026-03-06,16.5
T00577-1,T00577,1,首次受理,2026-03-06,5.73
T00577-2,T00577,2,补充沟通,2026-03-06,13.26
T00577-3,T00577,3,补充沟通,2026-03-06,6.53
T00578-1,T00578,1,首次受理,2026-03-06,10.36
T00578-2,T00578,2,补充沟通,2026-03-06,9.63
T00578-3,T00578,3,补充沟通,2026-03-06,5.04
T00579-1,T00579,1,首次受理,2026-03-06,17.21
T00579-2,T00579,2,补充沟通,2026-03-06,5.03
T00580-1,T00580,1,首次受理,2026-03-06,18.75
T00580-2,T00580,2,补充沟通,2026-03-06,14.09
T00580-3,T00580,3,补充沟通,2026-03-06,15.19
T00581-1,T00581,1,首次受理,2026-03-06,8.45
T00582-1,T00582,1,首次受理,2026-03-06,2.73
T00582-2,T00582,2,补充沟通,2026-03-06,6.25
T00583-1,T00583,1,首次受理,2026-03-06,3.77
T00584-1,T00584,1,首次受理,2026-03-06,19.59
T00584-2,T00584,2,补充沟通,2026-03-06,10.44
T00584-3,T00584,3,补充沟通,2026-03-06,16.97
T00585-1,T00585,1,首次受理,2026-03-06,4.85
T00585-2,T00585,2,补充沟通,2026-03-06,4.49
T00585-3,T00585,3,补充沟通,2026-03-06,4.3
T00586-1,T00586,1,首次受理,2026-03-06,12.97
T00586-2,T00586,2,补充沟通,2026-03-06,18.67
T00587-1,T00587,1,首次受理,2026-03-06,6.51
T00587-2,T00587,2,补充沟通,2026-03-06,16.41
T00588-1,T00588,1,首次受理,2026-03-06,12.54
T00588-2,T00588,2,补充沟通,2026-03-06,17.69
T00588-3,T00588,3,补充沟通,2026-03-06,11.79
T00589-1,T00589,1,首次受理,2026-03-06,16.61
T00589-2,T00589,2,补充沟通,2026-03-06,7.74
T00589-3,T00589,3,补充沟通,2026-03-06,6.59
T00590-1,T00590,1,首次受理,2026-03-06,8.76
T00590-2,T00590,2,补充沟通,2026-03-06,11.16
T00591-1,T00591,1,首次受理,2026-03-06,5.01
T00591-2,T00591,2,补充沟通,2026-03-06,13.25
T00591-3,T00591,3,补充沟通,2026-03-06,8.27
T00592-1,T00592,1,首次受理,2026-03-06,11.8
T00592-2,T00592,2,补充沟通,2026-03-06,7.07
T00593-1,T00593,1,首次受理,2026-03-06,4.58
T00594-1,T00594,1,首次受理,2026-03-06,17.87
T00594-2,T00594,2,补充沟通,2026-03-06,10.82
T00595-1,T00595,1,首次受理,2026-03-06,6.04
T00595-2,T00595,2,补充沟通,2026-03-06,11.5
T00596-1,T00596,1,首次受理,2026-03-06,3.96
T00596-2,T00596,2,补充沟通,2026-03-06,12.49
T00597-1,T00597,1,首次受理,2026-03-06,14.01
T00597-2,T00597,2,补充沟通,2026-03-06,4.53
T00598-1,T00598,1,首次受理,2026-03-06,18.13
T00598-2,T00598,2,补充沟通,2026-03-06,19.08
T00598-3,T00598,3,补充沟通,2026-03-06,4.48
T00599-1,T00599,1,首次受理,2026-03-06,2.57
T00600-1,T00600,1,首次受理,2026-03-06,10.99
T00600-2,T00600,2,补充沟通,2026-03-06,10.35
T00601-1,T00601,1,首次受理,2026-03-09,5.35
T00602-1,T00602,1,首次受理,2026-03-09,6.35
T00602-2,T00602,2,补充沟通,2026-03-09,6.25
T00602-3,T00602,3,补充沟通,2026-03-09,15.22
T00603-1,T00603,1,首次受理,2026-03-09,17.25
T00603-2,T00603,2,补充沟通,2026-03-09,8.82
T00603-3,T00603,3,补充沟通,2026-03-09,15.37
T00604-1,T00604,1,首次受理,2026-03-09,7.27
T00604-2,T00604,2,补充沟通,2026-03-09,16.44
T00604-3,T00604,3,补充沟通,2026-03-09,16.05
T00605-1,T00605,1,首次受理,2026-03-09,18.28
T00605-2,T00605,2,补充沟通,2026-03-09,10.35
T00605-3,T00605,3,补充沟通,2026-03-09,13.23
T00606-1,T00606,1,首次受理,2026-03-09,7.01
T00606-2,T00606,2,补充沟通,2026-03-09,9.25
T00607-1,T00607,1,首次受理,2026-03-09,14.13
T00607-2,T00607,2,补充沟通,2026-03-09,15.5
T00607-3,T00607,3,补充沟通,2026-03-09,9.5
T00608-1,T00608,1,首次受理,2026-03-09,8.82
T00608-2,T00608,2,补充沟通,2026-03-09,7.83
T00608-3,T00608,3,补充沟通,2026-03-09,7.04
T00609-1,T00609,1,首次受理,2026-03-09,7.38
T00610-1,T00610,1,首次受理,2026-03-09,19.42
T00610-2,T00610,2,补充沟通,2026-03-09,13.33
T00611-1,T00611,1,首次受理,2026-03-09,3.86
T00611-2,T00611,2,补充沟通,2026-03-09,5.61
T00612-1,T00612,1,首次受理,2026-03-09,15.69
T00612-2,T00612,2,补充沟通,2026-03-09,19.25
T00613-1,T00613,1,首次受理,2026-03-09,6.14
T00613-2,T00613,2,补充沟通,2026-03-09,14.85
T00614-1,T00614,1,首次受理,2026-03-09,10.83
T00615-1,T00615,1,首次受理,2026-03-09,17.7
T00615-2,T00615,2,补充沟通,2026-03-09,4.73
T00615-3,T00615,3,补充沟通,2026-03-09,6.21
T00616-1,T00616,1,首次受理,2026-03-09,12.74
T00616-2,T00616,2,补充沟通,2026-03-09,19.27
T00617-1,T00617,1,首次受理,2026-03-09,18.37
T00617-2,T00617,2,补充沟通,2026-03-09,17.71
T00617-3,T00617,3,补充沟通,2026-03-09,7.87
T00618-1,T00618,1,首次受理,2026-03-09,19.72
T00618-2,T00618,2,补充沟通,2026-03-09,13.39
T00619-1,T00619,1,首次受理,2026-03-09,12.03
T00619-2,T00619,2,补充沟通,2026-03-09,19.31
T00620-1,T00620,1,首次受理,2026-03-09,13.11
T00620-2,T00620,2,补充沟通,2026-03-09,17.08
T00620-3,T00620,3,补充沟通,2026-03-09,11.08
T00621-1,T00621,1,首次受理,2026-03-09,8.88
T00621-2,T00621,2,补充沟通,2026-03-09,4.44
T00622-1,T00622,1,首次受理,2026-03-09,8.19
T00622-2,T00622,2,补充沟通,2026-03-09,9.4
T00623-1,T00623,1,首次受理,2026-03-09,13.09
T00623-2,T00623,2,补充沟通,2026-03-09,12.27
T00624-1,T00624,1,首次受理,2026-03-09,11.73
T00624-2,T00624,2,补充沟通,2026-03-09,16.92
T00625-1,T00625,1,首次受理,2026-03-09,9.98
T00625-2,T00625,2,补充沟通,2026-03-09,18.42
T00626-1,T00626,1,首次受理,2026-03-09,17.0
T00626-2,T00626,2,补充沟通,2026-03-09,8.93
T00627-1,T00627,1,首次受理,2026-03-09,16.56
T00627-2,T00627,2,补充沟通,2026-03-09,14.03
T00627-3,T00627,3,补充沟通,2026-03-09,19.2
T00628-1,T00628,1,首次受理,2026-03-09,4.03
T00628-2,T00628,2,补充沟通,2026-03-09,13.54
T00629-1,T00629,1,首次受理,2026-03-09,5.77
T00630-1,T00630,1,首次受理,2026-03-09,12.41
T00630-2,T00630,2,补充沟通,2026-03-09,18.33
T00631-1,T00631,1,首次受理,2026-03-09,2.51
T00632-1,T00632,1,首次受理,2026-03-09,14.33
T00632-2,T00632,2,补充沟通,2026-03-09,12.77
T00632-3,T00632,3,补充沟通,2026-03-09,14.6
T00633-1,T00633,1,首次受理,2026-03-09,9.61
T00634-1,T00634,1,首次受理,2026-03-09,4.83
T00635-1,T00635,1,首次受理,2026-03-09,4.5
T00635-2,T00635,2,补充沟通,2026-03-09,4.52
T00636-1,T00636,1,首次受理,2026-03-09,12.13
T00636-2,T00636,2,补充沟通,2026-03-09,3.69
T00637-1,T00637,1,首次受理,2026-03-09,8.5
T00637-2,T00637,2,补充沟通,2026-03-09,4.89
T00637-3,T00637,3,补充沟通,2026-03-09,7.39
T00638-1,T00638,1,首次受理,2026-03-09,16.43
T00638-2,T00638,2,补充沟通,2026-03-09,8.64
T00639-1,T00639,1,首次受理,2026-03-09,11.94
T00639-2,T00639,2,补充沟通,2026-03-09,15.16
T00640-1,T00640,1,首次受理,2026-03-09,8.89
T00640-2,T00640,2,补充沟通,2026-03-09,4.32
T00641-1,T00641,1,首次受理,2026-03-09,17.56
T00641-2,T00641,2,补充沟通,2026-03-09,10.29
T00642-1,T00642,1,首次受理,2026-03-09,7.62
T00642-2,T00642,2,补充沟通,2026-03-09,10.42
T00642-3,T00642,3,补充沟通,2026-03-09,4.86
T00643-1,T00643,1,首次受理,2026-03-09,8.36
T00644-1,T00644,1,首次受理,2026-03-09,7.28
T00645-1,T00645,1,首次受理,2026-03-09,2.21
T00645-2,T00645,2,补充沟通,2026-03-09,3.72
T00646-1,T00646,1,首次受理,2026-03-09,8.2
T00646-2,T00646,2,补充沟通,2026-03-09,3.47
T00647-1,T00647,1,首次受理,2026-03-09,4.72
T00648-1,T00648,1,首次受理,2026-03-09,6.54
T00648-2,T00648,2,补充沟通,2026-03-09,10.19
T00649-1,T00649,1,首次受理,2026-03-09,5.45
T00649-2,T00649,2,补充沟通,2026-03-09,4.6
T00650-1,T00650,1,首次受理,2026-03-09,6.1
T00651-1,T00651,1,首次受理,2026-03-09,3.58
T00652-1,T00652,1,首次受理,2026-03-09,9.96
T00653-1,T00653,1,首次受理,2026-03-09,15.81
T00653-2,T00653,2,补充沟通,2026-03-09,9.8
T00653-3,T00653,3,补充沟通,2026-03-09,12.65
T00653-4,T00653,4,补充沟通,2026-03-09,6.93
T00654-1,T00654,1,首次受理,2026-03-09,5.25
T00655-1,T00655,1,首次受理,2026-03-09,11.35
T00655-2,T00655,2,补充沟通,2026-03-09,10.75
T00655-3,T00655,3,补充沟通,2026-03-09,8.31
T00656-1,T00656,1,首次受理,2026-03-09,8.53
T00657-1,T00657,1,首次受理,2026-03-09,5.19
T00657-2,T00657,2,补充沟通,2026-03-09,10.76
T00658-1,T00658,1,首次受理,2026-03-09,17.62
T00658-2,T00658,2,补充沟通,2026-03-09,11.38
T00659-1,T00659,1,首次受理,2026-03-09,10.87
T00660-1,T00660,1,首次受理,2026-03-09,10.26
T00661-1,T00661,1,首次受理,2026-03-09,11.0
T00662-1,T00662,1,首次受理,2026-03-09,6.13
T00663-1,T00663,1,首次受理,2026-03-09,19.62
T00663-2,T00663,2,补充沟通,2026-03-09,16.63
T00663-3,T00663,3,补充沟通,2026-03-09,8.71
T00664-1,T00664,1,首次受理,2026-03-09,9.38
T00665-1,T00665,1,首次受理,2026-03-09,5.06
T00666-1,T00666,1,首次受理,2026-03-09,7.43
T00667-1,T00667,1,首次受理,2026-03-09,4.84
T00668-1,T00668,1,首次受理,2026-03-09,15.58
T00668-2,T00668,2,补充沟通,2026-03-09,11.75
T00669-1,T00669,1,首次受理,2026-03-09,5.8
T00670-1,T00670,1,首次受理,2026-03-09,2.26
T00670-2,T00670,2,补充沟通,2026-03-09,2.42
T00671-1,T00671,1,首次受理,2026-03-09,4.51
T00672-1,T00672,1,首次受理,2026-03-09,7.65
T00672-2,T00672,2,补充沟通,2026-03-09,19.19
T00672-3,T00672,3,补充沟通,2026-03-09,4.93
T00673-1,T00673,1,首次受理,2026-03-09,12.71
T00673-2,T00673,2,补充沟通,2026-03-09,8.35
T00673-3,T00673,3,补充沟通,2026-03-09,9.5
T00674-1,T00674,1,首次受理,2026-03-09,7.02
T00674-2,T00674,2,补充沟通,2026-03-09,2.4
T00675-1,T00675,1,首次受理,2026-03-09,10.17
T00676-1,T00676,1,首次受理,2026-03-09,3.01
T00677-1,T00677,1,首次受理,2026-03-09,10.97
T00678-1,T00678,1,首次受理,2026-03-09,7.74
T00679-1,T00679,1,首次受理,2026-03-09,17.82
T00679-2,T00679,2,补充沟通,2026-03-09,16.46
T00680-1,T00680,1,首次受理,2026-03-09,9.37
T00681-1,T00681,1,首次受理,2026-03-09,6.47
T00682-1,T00682,1,首次受理,2026-03-09,18.28
T00682-2,T00682,2,补充沟通,2026-03-09,16.21
T00683-1,T00683,1,首次受理,2026-03-09,2.6
T00683-2,T00683,2,补充沟通,2026-03-09,4.51
T00684-1,T00684,1,首次受理,2026-03-09,5.18
T00684-2,T00684,2,补充沟通,2026-03-09,7.18
T00685-1,T00685,1,首次受理,2026-03-09,7.8
T00686-1,T00686,1,首次受理,2026-03-09,3.72
T00687-1,T00687,1,首次受理,2026-03-09,6.02
T00687-2,T00687,2,补充沟通,2026-03-09,6.0
T00688-1,T00688,1,首次受理,2026-03-09,19.19
T00688-2,T00688,2,补充沟通,2026-03-09,11.36
T00689-1,T00689,1,首次受理,2026-03-09,2.35
T00690-1,T00690,1,首次受理,2026-03-09,5.08
T00690-2,T00690,2,补充沟通,2026-03-09,10.19
T00691-1,T00691,1,首次受理,2026-03-09,5.28
T00691-2,T00691,2,补充沟通,2026-03-09,18.34
T00692-1,T00692,1,首次受理,2026-03-09,8.97
T00693-1,T00693,1,首次受理,2026-03-09,6.22
T00694-1,T00694,1,首次受理,2026-03-09,7.71
T00695-1,T00695,1,首次受理,2026-03-09,4.66
T00695-2,T00695,2,补充沟通,2026-03-09,8.3
T00695-3,T00695,3,补充沟通,2026-03-09,11.9
T00696-1,T00696,1,首次受理,2026-03-09,9.45
T00697-1,T00697,1,首次受理,2026-03-09,2.39
T00697-2,T00697,2,补充沟通,2026-03-09,10.57
T00698-1,T00698,1,首次受理,2026-03-09,10.03
T00698-2,T00698,2,补充沟通,2026-03-09,6.28
T00698-3,T00698,3,补充沟通,2026-03-09,8.73
T00699-1,T00699,1,首次受理,2026-03-09,7.49
T00700-1,T00700,1,首次受理,2026-03-09,7.94
T00700-2,T00700,2,补充沟通,2026-03-09,9.83
T00701-1,T00701,1,首次受理,2026-03-09,11.54
T00701-2,T00701,2,补充沟通,2026-03-09,11.81
T00702-1,T00702,1,首次受理,2026-03-09,17.68
T00702-2,T00702,2,补充沟通,2026-03-09,9.0
T00702-3,T00702,3,补充沟通,2026-03-09,11.48
T00703-1,T00703,1,首次受理,2026-03-09,3.58
T00704-1,T00704,1,首次受理,2026-03-09,8.03
T00705-1,T00705,1,首次受理,2026-03-09,7.11
T00706-1,T00706,1,首次受理,2026-03-09,7.99
T00707-1,T00707,1,首次受理,2026-03-09,16.03
T00707-2,T00707,2,补充沟通,2026-03-09,6.32
T00708-1,T00708,1,首次受理,2026-03-09,17.89
T00708-2,T00708,2,补充沟通,2026-03-09,13.12
T00708-3,T00708,3,补充沟通,2026-03-09,17.77
T00709-1,T00709,1,首次受理,2026-03-09,14.78
T00709-2,T00709,2,补充沟通,2026-03-09,19.64
T00710-1,T00710,1,首次受理,2026-03-09,6.01
T00710-2,T00710,2,补充沟通,2026-03-09,14.76
T00711-1,T00711,1,首次受理,2026-03-09,16.48
T00711-2,T00711,2,补充沟通,2026-03-09,10.61
T00711-3,T00711,3,补充沟通,2026-03-09,16.82
T00712-1,T00712,1,首次受理,2026-03-09,4.23
T00713-1,T00713,1,首次受理,2026-03-09,4.07
T00714-1,T00714,1,首次受理,2026-03-09,4.53
T00715-1,T00715,1,首次受理,2026-03-09,5.52
T00715-2,T00715,2,补充沟通,2026-03-09,8.28
T00716-1,T00716,1,首次受理,2026-03-09,9.96
T00717-1,T00717,1,首次受理,2026-03-09,8.14
T00717-2,T00717,2,补充沟通,2026-03-09,10.7
T00718-1,T00718,1,首次受理,2026-03-09,7.25
T00718-2,T00718,2,补充沟通,2026-03-09,15.65
T00719-1,T00719,1,首次受理,2026-03-09,6.11
T00719-2,T00719,2,补充沟通,2026-03-09,5.75
T00719-3,T00719,3,补充沟通,2026-03-09,4.12
T00720-1,T00720,1,首次受理,2026-03-09,3.54
T00720-2,T00720,2,补充沟通,2026-03-09,2.51
T00721-1,T00721,1,首次受理,2026-03-10,10.15
T00721-2,T00721,2,补充沟通,2026-03-10,16.24
T00721-3,T00721,3,补充沟通,2026-03-10,10.21
T00721-4,T00721,4,补充沟通,2026-03-10,8.53
T00722-1,T00722,1,首次受理,2026-03-10,11.83
T00722-2,T00722,2,补充沟通,2026-03-10,6.9
T00723-1,T00723,1,首次受理,2026-03-10,6.0
T00723-2,T00723,2,补充沟通,2026-03-10,10.15
T00724-1,T00724,1,首次受理,2026-03-10,8.42
T00724-2,T00724,2,补充沟通,2026-03-10,5.51
T00725-1,T00725,1,首次受理,2026-03-10,17.68
T00725-2,T00725,2,补充沟通,2026-03-10,4.65
T00726-1,T00726,1,首次受理,2026-03-10,9.95
T00727-1,T00727,1,首次受理,2026-03-10,5.76
T00727-2,T00727,2,补充沟通,2026-03-10,17.53
T00728-1,T00728,1,首次受理,2026-03-10,19.19
T00728-2,T00728,2,补充沟通,2026-03-10,10.33
T00729-1,T00729,1,首次受理,2026-03-10,16.57
T00729-2,T00729,2,补充沟通,2026-03-10,6.69
T00730-1,T00730,1,首次受理,2026-03-10,14.5
T00730-2,T00730,2,补充沟通,2026-03-10,18.96
T00731-1,T00731,1,首次受理,2026-03-10,11.42
T00731-2,T00731,2,补充沟通,2026-03-10,4.43
T00732-1,T00732,1,首次受理,2026-03-10,7.22
T00732-2,T00732,2,补充沟通,2026-03-10,5.4
T00733-1,T00733,1,首次受理,2026-03-10,5.68
T00733-2,T00733,2,补充沟通,2026-03-10,9.22
T00734-1,T00734,1,首次受理,2026-03-10,4.26
T00734-2,T00734,2,补充沟通,2026-03-10,11.96
T00734-3,T00734,3,补充沟通,2026-03-10,17.55
T00735-1,T00735,1,首次受理,2026-03-10,2.07
T00736-1,T00736,1,首次受理,2026-03-10,9.42
T00737-1,T00737,1,首次受理,2026-03-10,5.96
T00738-1,T00738,1,首次受理,2026-03-10,10.31
T00738-2,T00738,2,补充沟通,2026-03-10,15.97
T00738-3,T00738,3,补充沟通,2026-03-10,7.62
T00739-1,T00739,1,首次受理,2026-03-10,5.63
T00740-1,T00740,1,首次受理,2026-03-10,10.83
T00740-2,T00740,2,补充沟通,2026-03-10,7.92
T00740-3,T00740,3,补充沟通,2026-03-10,5.03
T00740-4,T00740,4,补充沟通,2026-03-10,17.72
T00741-1,T00741,1,首次受理,2026-03-10,10.2
T00741-2,T00741,2,补充沟通,2026-03-10,3.14
T00742-1,T00742,1,首次受理,2026-03-10,6.34
T00742-2,T00742,2,补充沟通,2026-03-10,14.67
T00742-3,T00742,3,补充沟通,2026-03-10,14.08
T00743-1,T00743,1,首次受理,2026-03-10,15.12
T00743-2,T00743,2,补充沟通,2026-03-10,7.84
T00743-3,T00743,3,补充沟通,2026-03-10,17.9
T00744-1,T00744,1,首次受理,2026-03-10,4.65
T00745-1,T00745,1,首次受理,2026-03-10,4.76
T00746-1,T00746,1,首次受理,2026-03-10,17.83
T00746-2,T00746,2,补充沟通,2026-03-10,6.58
T00746-3,T00746,3,补充沟通,2026-03-10,13.73
T00747-1,T00747,1,首次受理,2026-03-10,12.29
T00747-2,T00747,2,补充沟通,2026-03-10,4.85
T00748-1,T00748,1,首次受理,2026-03-10,15.22
T00748-2,T00748,2,补充沟通,2026-03-10,11.59
T00749-1,T00749,1,首次受理,2026-03-10,2.61
T00750-1,T00750,1,首次受理,2026-03-10,15.45
T00750-2,T00750,2,补充沟通,2026-03-10,15.37
T00750-3,T00750,3,补充沟通,2026-03-10,12.72
T00751-1,T00751,1,首次受理,2026-03-10,7.66
T00751-2,T00751,2,补充沟通,2026-03-10,9.47
T00752-1,T00752,1,首次受理,2026-03-10,12.95
T00752-2,T00752,2,补充沟通,2026-03-10,17.46
T00752-3,T00752,3,补充沟通,2026-03-10,18.92
T00753-1,T00753,1,首次受理,2026-03-10,6.0
T00753-2,T00753,2,补充沟通,2026-03-10,8.96
T00753-3,T00753,3,补充沟通,2026-03-10,6.49
T00754-1,T00754,1,首次受理,2026-03-10,4.72
T00755-1,T00755,1,首次受理,2026-03-10,9.0
T00755-2,T00755,2,补充沟通,2026-03-10,10.22
T00756-1,T00756,1,首次受理,2026-03-10,2.53
T00757-1,T00757,1,首次受理,2026-03-10,18.01
T00757-2,T00757,2,补充沟通,2026-03-10,13.11
T00758-1,T00758,1,首次受理,2026-03-10,18.58
T00758-2,T00758,2,补充沟通,2026-03-10,8.83
T00759-1,T00759,1,首次受理,2026-03-10,5.48
T00760-1,T00760,1,首次受理,2026-03-10,8.3
T00760-2,T00760,2,补充沟通,2026-03-10,19.58
T00761-1,T00761,1,首次受理,2026-03-10,6.73
T00762-1,T00762,1,首次受理,2026-03-10,3.81
T00762-2,T00762,2,补充沟通,2026-03-10,9.33
T00763-1,T00763,1,首次受理,2026-03-10,10.38
T00764-1,T00764,1,首次受理,2026-03-10,3.89
T00765-1,T00765,1,首次受理,2026-03-10,3.31
T00766-1,T00766,1,首次受理,2026-03-10,5.89
T00766-2,T00766,2,补充沟通,2026-03-10,9.26
T00766-3,T00766,3,补充沟通,2026-03-10,6.71
T00767-1,T00767,1,首次受理,2026-03-10,6.39
T00767-2,T00767,2,补充沟通,2026-03-10,19.62
T00767-3,T00767,3,补充沟通,2026-03-10,16.81
T00768-1,T00768,1,首次受理,2026-03-10,10.15
T00769-1,T00769,1,首次受理,2026-03-10,7.29
T00770-1,T00770,1,首次受理,2026-03-10,3.19
T00771-1,T00771,1,首次受理,2026-03-10,8.97
T00771-2,T00771,2,补充沟通,2026-03-10,8.19
T00772-1,T00772,1,首次受理,2026-03-10,9.78
T00773-1,T00773,1,首次受理,2026-03-10,7.56
T00774-1,T00774,1,首次受理,2026-03-10,3.27
T00775-1,T00775,1,首次受理,2026-03-10,6.58
T00776-1,T00776,1,首次受理,2026-03-10,16.37
T00776-2,T00776,2,补充沟通,2026-03-10,9.9
T00776-3,T00776,3,补充沟通,2026-03-10,9.21
T00777-1,T00777,1,首次受理,2026-03-10,4.79
T00778-1,T00778,1,首次受理,2026-03-10,13.64
T00778-2,T00778,2,补充沟通,2026-03-10,13.0
T00778-3,T00778,3,补充沟通,2026-03-10,5.0
T00779-1,T00779,1,首次受理,2026-03-10,3.04
T00780-1,T00780,1,首次受理,2026-03-10,6.78
T00781-1,T00781,1,首次受理,2026-03-10,4.76
T00782-1,T00782,1,首次受理,2026-03-10,3.98
T00783-1,T00783,1,首次受理,2026-03-10,2.14
T00784-1,T00784,1,首次受理,2026-03-10,5.29
T00785-1,T00785,1,首次受理,2026-03-10,10.48
T00786-1,T00786,1,首次受理,2026-03-10,10.24
T00787-1,T00787,1,首次受理,2026-03-10,3.65
T00787-2,T00787,2,补充沟通,2026-03-10,12.85
T00788-1,T00788,1,首次受理,2026-03-10,9.99
T00788-2,T00788,2,补充沟通,2026-03-10,10.51
T00789-1,T00789,1,首次受理,2026-03-10,6.27
T00790-1,T00790,1,首次受理,2026-03-10,17.98
T00790-2,T00790,2,补充沟通,2026-03-10,16.17
T00791-1,T00791,1,首次受理,2026-03-10,15.21
T00791-2,T00791,2,补充沟通,2026-03-10,4.5
T00792-1,T00792,1,首次受理,2026-03-10,7.0
T00793-1,T00793,1,首次受理,2026-03-10,10.8
T00794-1,T00794,1,首次受理,2026-03-10,8.01
T00795-1,T00795,1,首次受理,2026-03-10,5.44
T00796-1,T00796,1,首次受理,2026-03-10,7.07
T00796-2,T00796,2,补充沟通,2026-03-10,7.19
T00796-3,T00796,3,补充沟通,2026-03-10,6.55
T00797-1,T00797,1,首次受理,2026-03-10,10.21
T00797-2,T00797,2,补充沟通,2026-03-10,13.71
T00798-1,T00798,1,首次受理,2026-03-10,8.64
T00799-1,T00799,1,首次受理,2026-03-10,3.77
T00799-2,T00799,2,补充沟通,2026-03-10,5.55
T00800-1,T00800,1,首次受理,2026-03-10,16.0
T00800-2,T00800,2,补充沟通,2026-03-10,18.55
T00801-1,T00801,1,首次受理,2026-03-10,10.15
T00801-2,T00801,2,补充沟通,2026-03-10,12.4
T00801-3,T00801,3,补充沟通,2026-03-10,8.52
T00802-1,T00802,1,首次受理,2026-03-10,6.4
T00803-1,T00803,1,首次受理,2026-03-10,2.95
T00804-1,T00804,1,首次受理,2026-03-10,14.82
T00804-2,T00804,2,补充沟通,2026-03-10,5.13
T00804-3,T00804,3,补充沟通,2026-03-10,13.5
T00805-1,T00805,1,首次受理,2026-03-10,6.02
T00806-1,T00806,1,首次受理,2026-03-10,7.61
T00806-2,T00806,2,补充沟通,2026-03-10,5.8
T00807-1,T00807,1,首次受理,2026-03-10,7.31
T00807-2,T00807,2,补充沟通,2026-03-10,7.0
T00808-1,T00808,1,首次受理,2026-03-10,15.49
T00808-2,T00808,2,补充沟通,2026-03-10,5.92
T00808-3,T00808,3,补充沟通,2026-03-10,10.75
T00809-1,T00809,1,首次受理,2026-03-10,8.54
T00809-2,T00809,2,补充沟通,2026-03-10,14.11
T00809-3,T00809,3,补充沟通,2026-03-10,5.28
T00810-1,T00810,1,首次受理,2026-03-10,10.92
T00810-2,T00810,2,补充沟通,2026-03-10,10.81
T00810-3,T00810,3,补充沟通,2026-03-10,6.96
T00811-1,T00811,1,首次受理,2026-03-10,3.97
T00812-1,T00812,1,首次受理,2026-03-10,18.72
T00812-2,T00812,2,补充沟通,2026-03-10,16.82
T00812-3,T00812,3,补充沟通,2026-03-10,15.37
T00813-1,T00813,1,首次受理,2026-03-10,8.92
T00813-2,T00813,2,补充沟通,2026-03-10,7.3
T00814-1,T00814,1,首次受理,2026-03-10,5.6
T00815-1,T00815,1,首次受理,2026-03-10,11.12
T00815-2,T00815,2,补充沟通,2026-03-10,4.88
T00815-3,T00815,3,补充沟通,2026-03-10,15.42
T00816-1,T00816,1,首次受理,2026-03-10,8.62
T00817-1,T00817,1,首次受理,2026-03-10,8.41
T00817-2,T00817,2,补充沟通,2026-03-10,5.33
T00817-3,T00817,3,补充沟通,2026-03-10,18.04
T00818-1,T00818,1,首次受理,2026-03-10,17.73
T00818-2,T00818,2,补充沟通,2026-03-10,5.07
T00819-1,T00819,1,首次受理,2026-03-10,7.89
T00819-2,T00819,2,补充沟通,2026-03-10,8.32
T00819-3,T00819,3,补充沟通,2026-03-10,11.81
T00820-1,T00820,1,首次受理,2026-03-10,2.74
T00821-1,T00821,1,首次受理,2026-03-10,8.95
T00822-1,T00822,1,首次受理,2026-03-10,8.35
T00822-2,T00822,2,补充沟通,2026-03-10,8.85
T00822-3,T00822,3,补充沟通,2026-03-10,6.59
T00823-1,T00823,1,首次受理,2026-03-10,15.13
T00823-2,T00823,2,补充沟通,2026-03-10,15.45
T00824-1,T00824,1,首次受理,2026-03-10,5.42
T00825-1,T00825,1,首次受理,2026-03-10,16.91
T00825-2,T00825,2,补充沟通,2026-03-10,6.12
T00826-1,T00826,1,首次受理,2026-03-10,7.22
T00826-2,T00826,2,补充沟通,2026-03-10,19.09
T00827-1,T00827,1,首次受理,2026-03-10,7.42
T00827-2,T00827,2,补充沟通,2026-03-10,10.42
T00828-1,T00828,1,首次受理,2026-03-10,16.05
T00828-2,T00828,2,补充沟通,2026-03-10,6.0
T00829-1,T00829,1,首次受理,2026-03-10,8.44
T00829-2,T00829,2,补充沟通,2026-03-10,16.42
T00830-1,T00830,1,首次受理,2026-03-10,7.06
T00830-2,T00830,2,补充沟通,2026-03-10,8.39
T00831-1,T00831,1,首次受理,2026-03-10,15.91
T00831-2,T00831,2,补充沟通,2026-03-10,9.77
T00832-1,T00832,1,首次受理,2026-03-10,4.07
T00833-1,T00833,1,首次受理,2026-03-10,4.1
T00833-2,T00833,2,补充沟通,2026-03-10,16.06
T00833-3,T00833,3,补充沟通,2026-03-10,9.53
T00834-1,T00834,1,首次受理,2026-03-10,6.0
T00834-2,T00834,2,补充沟通,2026-03-10,8.54
T00834-3,T00834,3,补充沟通,2026-03-10,7.46
T00835-1,T00835,1,首次受理,2026-03-10,6.64
T00836-1,T00836,1,首次受理,2026-03-10,11.86
T00836-2,T00836,2,补充沟通,2026-03-10,19.39
T00837-1,T00837,1,首次受理,2026-03-10,7.57
T00838-1,T00838,1,首次受理,2026-03-10,6.15
T00838-2,T00838,2,补充沟通,2026-03-10,3.79
T00839-1,T00839,1,首次受理,2026-03-10,8.34
T00839-2,T00839,2,补充沟通,2026-03-10,15.34
T00840-1,T00840,1,首次受理,2026-03-10,11.03
T00840-2,T00840,2,补充沟通,2026-03-10,18.19
T00841-1,T00841,1,首次受理,2026-03-11,18.32
T00841-2,T00841,2,补充沟通,2026-03-11,8.39
T00842-1,T00842,1,首次受理,2026-03-11,13.79
T00842-2,T00842,2,补充沟通,2026-03-11,14.86
T00843-1,T00843,1,首次受理,2026-03-11,15.04
T00843-2,T00843,2,补充沟通,2026-03-11,9.54
T00844-1,T00844,1,首次受理,2026-03-11,4.75
T00845-1,T00845,1,首次受理,2026-03-11,17.42
T00845-2,T00845,2,补充沟通,2026-03-11,5.06
T00846-1,T00846,1,首次受理,2026-03-11,10.45
T00846-2,T00846,2,补充沟通,2026-03-11,16.86
T00846-3,T00846,3,补充沟通,2026-03-11,13.67
T00847-1,T00847,1,首次受理,2026-03-11,12.39
T00847-2,T00847,2,补充沟通,2026-03-11,12.64
T00848-1,T00848,1,首次受理,2026-03-11,5.35
T00848-2,T00848,2,补充沟通,2026-03-11,9.18
T00849-1,T00849,1,首次受理,2026-03-11,9.43
T00849-2,T00849,2,补充沟通,2026-03-11,13.92
T00849-3,T00849,3,补充沟通,2026-03-11,6.07
T00850-1,T00850,1,首次受理,2026-03-11,7.26
T00851-1,T00851,1,首次受理,2026-03-11,9.31
T00852-1,T00852,1,首次受理,2026-03-11,4.36
T00852-2,T00852,2,补充沟通,2026-03-11,13.98
T00852-3,T00852,3,补充沟通,2026-03-11,14.27
T00853-1,T00853,1,首次受理,2026-03-11,16.34
T00853-2,T00853,2,补充沟通,2026-03-11,5.35
T00854-1,T00854,1,首次受理,2026-03-11,9.77
T00854-2,T00854,2,补充沟通,2026-03-11,4.94
T00854-3,T00854,3,补充沟通,2026-03-11,6.95
T00855-1,T00855,1,首次受理,2026-03-11,11.52
T00855-2,T00855,2,补充沟通,2026-03-11,5.47
T00856-1,T00856,1,首次受理,2026-03-11,6.26
T00857-1,T00857,1,首次受理,2026-03-11,6.62
T00857-2,T00857,2,补充沟通,2026-03-11,17.51
T00858-1,T00858,1,首次受理,2026-03-11,17.52
T00858-2,T00858,2,补充沟通,2026-03-11,15.65
T00858-3,T00858,3,补充沟通,2026-03-11,14.72
T00859-1,T00859,1,首次受理,2026-03-11,19.33
T00859-2,T00859,2,补充沟通,2026-03-11,10.7
T00859-3,T00859,3,补充沟通,2026-03-11,19.24
T00860-1,T00860,1,首次受理,2026-03-11,3.66
T00860-2,T00860,2,补充沟通,2026-03-11,14.75
T00860-3,T00860,3,补充沟通,2026-03-11,14.26
T00861-1,T00861,1,首次受理,2026-03-11,5.46
T00861-2,T00861,2,补充沟通,2026-03-11,15.25
T00861-3,T00861,3,补充沟通,2026-03-11,16.48
T00862-1,T00862,1,首次受理,2026-03-11,10.27
T00862-2,T00862,2,补充沟通,2026-03-11,13.92
T00863-1,T00863,1,首次受理,2026-03-11,18.41
T00863-2,T00863,2,补充沟通,2026-03-11,6.17
T00863-3,T00863,3,补充沟通,2026-03-11,18.08
T00864-1,T00864,1,首次受理,2026-03-11,9.92
T00864-2,T00864,2,补充沟通,2026-03-11,19.34
T00864-3,T00864,3,补充沟通,2026-03-11,4.89
T00865-1,T00865,1,首次受理,2026-03-11,16.57
T00865-2,T00865,2,补充沟通,2026-03-11,4.06
T00865-3,T00865,3,补充沟通,2026-03-11,14.99
T00866-1,T00866,1,首次受理,2026-03-11,5.06
T00866-2,T00866,2,补充沟通,2026-03-11,8.36
T00866-3,T00866,3,补充沟通,2026-03-11,12.35
T00867-1,T00867,1,首次受理,2026-03-11,10.91
T00868-1,T00868,1,首次受理,2026-03-11,12.86
T00868-2,T00868,2,补充沟通,2026-03-11,14.11
T00868-3,T00868,3,补充沟通,2026-03-11,11.62
T00869-1,T00869,1,首次受理,2026-03-11,11.45
T00869-2,T00869,2,补充沟通,2026-03-11,4.8
T00870-1,T00870,1,首次受理,2026-03-11,7.01
T00870-2,T00870,2,补充沟通,2026-03-11,3.7
T00870-3,T00870,3,补充沟通,2026-03-11,14.53
T00871-1,T00871,1,首次受理,2026-03-11,6.68
T00871-2,T00871,2,补充沟通,2026-03-11,5.88
T00871-3,T00871,3,补充沟通,2026-03-11,19.01
T00872-1,T00872,1,首次受理,2026-03-11,5.02
T00872-2,T00872,2,补充沟通,2026-03-11,19.06
T00873-1,T00873,1,首次受理,2026-03-11,6.38
T00873-2,T00873,2,补充沟通,2026-03-11,5.45
T00873-3,T00873,3,补充沟通,2026-03-11,12.54
T00874-1,T00874,1,首次受理,2026-03-11,14.67
T00874-2,T00874,2,补充沟通,2026-03-11,11.79
T00875-1,T00875,1,首次受理,2026-03-11,18.07
T00875-2,T00875,2,补充沟通,2026-03-11,7.49
T00875-3,T00875,3,补充沟通,2026-03-11,7.72
T00875-4,T00875,4,补充沟通,2026-03-11,5.78
T00876-1,T00876,1,首次受理,2026-03-11,15.83
T00876-2,T00876,2,补充沟通,2026-03-11,13.04
T00876-3,T00876,3,补充沟通,2026-03-11,5.35
T00877-1,T00877,1,首次受理,2026-03-11,16.63
T00877-2,T00877,2,补充沟通,2026-03-11,6.08
T00877-3,T00877,3,补充沟通,2026-03-11,19.53
T00878-1,T00878,1,首次受理,2026-03-11,12.79
T00878-2,T00878,2,补充沟通,2026-03-11,11.82
T00878-3,T00878,3,补充沟通,2026-03-11,19.66
T00878-4,T00878,4,补充沟通,2026-03-11,17.18
T00879-1,T00879,1,首次受理,2026-03-11,4.87
T00879-2,T00879,2,补充沟通,2026-03-11,18.01
T00880-1,T00880,1,首次受理,2026-03-11,14.6
T00880-2,T00880,2,补充沟通,2026-03-11,14.81
T00881-1,T00881,1,首次受理,2026-03-11,7.31
T00882-1,T00882,1,首次受理,2026-03-11,6.74
T00883-1,T00883,1,首次受理,2026-03-11,5.31
T00884-1,T00884,1,首次受理,2026-03-11,4.89
T00884-2,T00884,2,补充沟通,2026-03-11,5.91
T00885-1,T00885,1,首次受理,2026-03-11,7.44
T00885-2,T00885,2,补充沟通,2026-03-11,9.97
T00885-3,T00885,3,补充沟通,2026-03-11,4.98
T00886-1,T00886,1,首次受理,2026-03-11,8.13
T00887-1,T00887,1,首次受理,2026-03-11,17.82
T00887-2,T00887,2,补充沟通,2026-03-11,5.81
T00888-1,T00888,1,首次受理,2026-03-11,13.34
T00888-2,T00888,2,补充沟通,2026-03-11,11.55
T00889-1,T00889,1,首次受理,2026-03-11,2.38
T00890-1,T00890,1,首次受理,2026-03-11,7.07
T00891-1,T00891,1,首次受理,2026-03-11,5.01
T00892-1,T00892,1,首次受理,2026-03-11,2.92
T00893-1,T00893,1,首次受理,2026-03-11,4.94
T00893-2,T00893,2,补充沟通,2026-03-11,3.67
T00894-1,T00894,1,首次受理,2026-03-11,2.95
T00895-1,T00895,1,首次受理,2026-03-11,3.8
T00895-2,T00895,2,补充沟通,2026-03-11,10.46
T00896-1,T00896,1,首次受理,2026-03-11,19.55
T00896-2,T00896,2,补充沟通,2026-03-11,8.11
T00897-1,T00897,1,首次受理,2026-03-11,5.76
T00898-1,T00898,1,首次受理,2026-03-11,5.24
T00898-2,T00898,2,补充沟通,2026-03-11,6.75
T00898-3,T00898,3,补充沟通,2026-03-11,11.36
T00899-1,T00899,1,首次受理,2026-03-11,10.81
T00900-1,T00900,1,首次受理,2026-03-11,2.05
T00901-1,T00901,1,首次受理,2026-03-11,8.53
T00902-1,T00902,1,首次受理,2026-03-11,6.67
T00902-2,T00902,2,补充沟通,2026-03-11,5.9
T00903-1,T00903,1,首次受理,2026-03-11,10.56
T00904-1,T00904,1,首次受理,2026-03-11,7.79
T00905-1,T00905,1,首次受理,2026-03-11,5.81
T00905-2,T00905,2,补充沟通,2026-03-11,9.64
T00905-3,T00905,3,补充沟通,2026-03-11,15.67
T00906-1,T00906,1,首次受理,2026-03-11,9.39
T00907-1,T00907,1,首次受理,2026-03-11,3.46
T00908-1,T00908,1,首次受理,2026-03-11,9.59
T00909-1,T00909,1,首次受理,2026-03-11,9.14
T00910-1,T00910,1,首次受理,2026-03-11,8.48
T00911-1,T00911,1,首次受理,2026-03-11,3.98
T00911-2,T00911,2,补充沟通,2026-03-11,5.31
T00912-1,T00912,1,首次受理,2026-03-11,5.26
T00912-2,T00912,2,补充沟通,2026-03-11,7.55
T00912-3,T00912,3,补充沟通,2026-03-11,19.13
T00912-4,T00912,4,补充沟通,2026-03-11,14.14
T00913-1,T00913,1,首次受理,2026-03-11,6.02
T00913-2,T00913,2,补充沟通,2026-03-11,14.94
T00914-1,T00914,1,首次受理,2026-03-11,16.15
T00914-2,T00914,2,补充沟通,2026-03-11,13.42
T00914-3,T00914,3,补充沟通,2026-03-11,3.85
T00915-1,T00915,1,首次受理,2026-03-11,16.76
T00915-2,T00915,2,补充沟通,2026-03-11,14.92
T00915-3,T00915,3,补充沟通,2026-03-11,14.62
T00916-1,T00916,1,首次受理,2026-03-11,2.0
T00917-1,T00917,1,首次受理,2026-03-11,5.34
T00917-2,T00917,2,补充沟通,2026-03-11,10.51
T00917-3,T00917,3,补充沟通,2026-03-11,17.31
T00918-1,T00918,1,首次受理,2026-03-11,3.51
T00918-2,T00918,2,补充沟通,2026-03-11,4.2
T00919-1,T00919,1,首次受理,2026-03-11,6.39
T00920-1,T00920,1,首次受理,2026-03-11,6.52
T00921-1,T00921,1,首次受理,2026-03-11,6.96
T00921-2,T00921,2,补充沟通,2026-03-11,8.37
T00922-1,T00922,1,首次受理,2026-03-11,4.3
T00923-1,T00923,1,首次受理,2026-03-11,7.04
T00923-2,T00923,2,补充沟通,2026-03-11,8.17
T00924-1,T00924,1,首次受理,2026-03-11,12.81
T00924-2,T00924,2,补充沟通,2026-03-11,13.22
T00925-1,T00925,1,首次受理,2026-03-11,10.51
T00926-1,T00926,1,首次受理,2026-03-11,5.73
T00927-1,T00927,1,首次受理,2026-03-11,5.54
T00927-2,T00927,2,补充沟通,2026-03-11,16.63
T00928-1,T00928,1,首次受理,2026-03-11,5.56
T00928-2,T00928,2,补充沟通,2026-03-11,10.17
T00929-1,T00929,1,首次受理,2026-03-11,10.02
T00929-2,T00929,2,补充沟通,2026-03-11,9.96
T00930-1,T00930,1,首次受理,2026-03-11,4.69
T00930-2,T00930,2,补充沟通,2026-03-11,17.4
T00931-1,T00931,1,首次受理,2026-03-11,4.63
T00931-2,T00931,2,补充沟通,2026-03-11,18.06
T00932-1,T00932,1,首次受理,2026-03-11,7.19
T00933-1,T00933,1,首次受理,2026-03-11,4.84
T00933-2,T00933,2,补充沟通,2026-03-11,4.06
T00933-3,T00933,3,补充沟通,2026-03-11,10.58
T00934-1,T00934,1,首次受理,2026-03-11,7.17
T00934-2,T00934,2,补充沟通,2026-03-11,10.45
T00935-1,T00935,1,首次受理,2026-03-11,7.76
T00935-2,T00935,2,补充沟通,2026-03-11,4.67
T00935-3,T00935,3,补充沟通,2026-03-11,9.6
T00936-1,T00936,1,首次受理,2026-03-11,4.3
T00937-1,T00937,1,首次受理,2026-03-11,13.13
T00937-2,T00937,2,补充沟通,2026-03-11,16.82
T00938-1,T00938,1,首次受理,2026-03-11,7.24
T00938-2,T00938,2,补充沟通,2026-03-11,5.79
T00938-3,T00938,3,补充沟通,2026-03-11,18.68
T00939-1,T00939,1,首次受理,2026-03-11,7.06
T00940-1,T00940,1,首次受理,2026-03-11,4.57
T00941-1,T00941,1,首次受理,2026-03-11,6.24
T00942-1,T00942,1,首次受理,2026-03-11,2.59
T00943-1,T00943,1,首次受理,2026-03-11,13.69
T00943-2,T00943,2,补充沟通,2026-03-11,18.36
T00944-1,T00944,1,首次受理,2026-03-11,14.25
T00944-2,T00944,2,补充沟通,2026-03-11,10.22
T00945-1,T00945,1,首次受理,2026-03-11,8.66
T00946-1,T00946,1,首次受理,2026-03-11,5.2
T00946-2,T00946,2,补充沟通,2026-03-11,10.78
T00946-3,T00946,3,补充沟通,2026-03-11,12.39
T00947-1,T00947,1,首次受理,2026-03-11,4.37
T00948-1,T00948,1,首次受理,2026-03-11,5.18
T00949-1,T00949,1,首次受理,2026-03-11,10.08
T00949-2,T00949,2,补充沟通,2026-03-11,3.99
T00950-1,T00950,1,首次受理,2026-03-11,9.11
T00950-2,T00950,2,补充沟通,2026-03-11,2.2
T00951-1,T00951,1,首次受理,2026-03-11,18.83
T00951-2,T00951,2,补充沟通,2026-03-11,16.72
T00952-1,T00952,1,首次受理,2026-03-11,4.66
T00952-2,T00952,2,补充沟通,2026-03-11,10.44
T00953-1,T00953,1,首次受理,2026-03-11,4.7
T00953-2,T00953,2,补充沟通,2026-03-11,3.33
T00954-1,T00954,1,首次受理,2026-03-11,5.82
T00954-2,T00954,2,补充沟通,2026-03-11,14.96
T00955-1,T00955,1,首次受理,2026-03-11,6.45
T00955-2,T00955,2,补充沟通,2026-03-11,5.38
T00955-3,T00955,3,补充沟通,2026-03-11,18.59
T00956-1,T00956,1,首次受理,2026-03-11,6.8
T00956-2,T00956,2,补充沟通,2026-03-11,18.59
T00956-3,T00956,3,补充沟通,2026-03-11,14.19
T00957-1,T00957,1,首次受理,2026-03-11,5.44
T00958-1,T00958,1,首次受理,2026-03-11,6.63
T00958-2,T00958,2,补充沟通,2026-03-11,6.92
T00959-1,T00959,1,首次受理,2026-03-11,10.13
T00959-2,T00959,2,补充沟通,2026-03-11,5.3
T00959-3,T00959,3,补充沟通,2026-03-11,3.61
T00960-1,T00960,1,首次受理,2026-03-11,12.08
T00960-2,T00960,2,补充沟通,2026-03-11,9.8
T00960-3,T00960,3,补充沟通,2026-03-11,16.79
T00961-1,T00961,1,首次受理,2026-03-12,11.61
T00961-2,T00961,2,补充沟通,2026-03-12,5.93
T00961-3,T00961,3,补充沟通,2026-03-12,5.5
T00961-4,T00961,4,补充沟通,2026-03-12,15.43
T00962-1,T00962,1,首次受理,2026-03-12,4.55
T00962-2,T00962,2,补充沟通,2026-03-12,7.67
T00963-1,T00963,1,首次受理,2026-03-12,15.98
T00963-2,T00963,2,补充沟通,2026-03-12,4.84
T00964-1,T00964,1,首次受理,2026-03-12,15.71
T00964-2,T00964,2,补充沟通,2026-03-12,16.19
T00965-1,T00965,1,首次受理,2026-03-12,6.11
T00965-2,T00965,2,补充沟通,2026-03-12,9.68
T00966-1,T00966,1,首次受理,2026-03-12,4.57
T00966-2,T00966,2,补充沟通,2026-03-12,6.73
T00967-1,T00967,1,首次受理,2026-03-12,5.22
T00967-2,T00967,2,补充沟通,2026-03-12,17.62
T00967-3,T00967,3,补充沟通,2026-03-12,18.3
T00968-1,T00968,1,首次受理,2026-03-12,7.85
T00968-2,T00968,2,补充沟通,2026-03-12,13.34
T00969-1,T00969,1,首次受理,2026-03-12,2.84
T00970-1,T00970,1,首次受理,2026-03-12,6.11
T00970-2,T00970,2,补充沟通,2026-03-12,4.57
T00971-1,T00971,1,首次受理,2026-03-12,4.88
T00971-2,T00971,2,补充沟通,2026-03-12,17.28
T00972-1,T00972,1,首次受理,2026-03-12,17.03
T00972-2,T00972,2,补充沟通,2026-03-12,9.88
T00972-3,T00972,3,补充沟通,2026-03-12,18.71
T00973-1,T00973,1,首次受理,2026-03-12,14.28
T00973-2,T00973,2,补充沟通,2026-03-12,4.0
T00974-1,T00974,1,首次受理,2026-03-12,9.4
T00974-2,T00974,2,补充沟通,2026-03-12,7.4
T00975-1,T00975,1,首次受理,2026-03-12,16.11
T00975-2,T00975,2,补充沟通,2026-03-12,10.88
T00976-1,T00976,1,首次受理,2026-03-12,14.76
T00976-2,T00976,2,补充沟通,2026-03-12,11.91
T00976-3,T00976,3,补充沟通,2026-03-12,8.13
T00977-1,T00977,1,首次受理,2026-03-12,16.95
T00977-2,T00977,2,补充沟通,2026-03-12,5.34
T00977-3,T00977,3,补充沟通,2026-03-12,15.62
T00978-1,T00978,1,首次受理,2026-03-12,17.0
T00978-2,T00978,2,补充沟通,2026-03-12,12.68
T00979-1,T00979,1,首次受理,2026-03-12,16.39
T00979-2,T00979,2,补充沟通,2026-03-12,9.48
T00980-1,T00980,1,首次受理,2026-03-12,16.17
T00980-2,T00980,2,补充沟通,2026-03-12,17.51
T00980-3,T00980,3,补充沟通,2026-03-12,17.88
T00980-4,T00980,4,补充沟通,2026-03-12,8.66
T00981-1,T00981,1,首次受理,2026-03-12,18.32
T00981-2,T00981,2,补充沟通,2026-03-12,8.59
T00981-3,T00981,3,补充沟通,2026-03-12,5.7
T00982-1,T00982,1,首次受理,2026-03-12,16.29
T00982-2,T00982,2,补充沟通,2026-03-12,19.01
T00983-1,T00983,1,首次受理,2026-03-12,10.24
T00983-2,T00983,2,补充沟通,2026-03-12,19.63
T00983-3,T00983,3,补充沟通,2026-03-12,10.57
T00984-1,T00984,1,首次受理,2026-03-12,7.97
T00985-1,T00985,1,首次受理,2026-03-12,6.51
T00985-2,T00985,2,补充沟通,2026-03-12,7.68
T00986-1,T00986,1,首次受理,2026-03-12,14.6
T00986-2,T00986,2,补充沟通,2026-03-12,9.74
T00987-1,T00987,1,首次受理,2026-03-12,5.0
T00987-2,T00987,2,补充沟通,2026-03-12,18.39
T00988-1,T00988,1,首次受理,2026-03-12,10.35
T00989-1,T00989,1,首次受理,2026-03-12,2.3
T00990-1,T00990,1,首次受理,2026-03-12,19.51
T00990-2,T00990,2,补充沟通,2026-03-12,4.36
T00990-3,T00990,3,补充沟通,2026-03-12,4.89
T00991-1,T00991,1,首次受理,2026-03-12,9.38
T00992-1,T00992,1,首次受理,2026-03-12,11.6
T00992-2,T00992,2,补充沟通,2026-03-12,8.83
T00993-1,T00993,1,首次受理,2026-03-12,19.67
T00993-2,T00993,2,补充沟通,2026-03-12,12.19
T00993-3,T00993,3,补充沟通,2026-03-12,18.3
T00994-1,T00994,1,首次受理,2026-03-12,15.35
T00994-2,T00994,2,补充沟通,2026-03-12,15.47
T00994-3,T00994,3,补充沟通,2026-03-12,5.28
T00994-4,T00994,4,补充沟通,2026-03-12,18.38
T00995-1,T00995,1,首次受理,2026-03-12,12.45
T00995-2,T00995,2,补充沟通,2026-03-12,14.69
T00996-1,T00996,1,首次受理,2026-03-12,10.16
T00997-1,T00997,1,首次受理,2026-03-12,17.22
T00997-2,T00997,2,补充沟通,2026-03-12,17.38
T00998-1,T00998,1,首次受理,2026-03-12,18.85
T00998-2,T00998,2,补充沟通,2026-03-12,4.51
T00999-1,T00999,1,首次受理,2026-03-12,11.56
T00999-2,T00999,2,补充沟通,2026-03-12,6.9
T01000-1,T01000,1,首次受理,2026-03-12,16.91
T01000-2,T01000,2,补充沟通,2026-03-12,14.55
T01000-3,T01000,3,补充沟通,2026-03-12,19.26
T01001-1,T01001,1,首次受理,2026-03-12,2.68
T01002-1,T01002,1,首次受理,2026-03-12,7.71
T01003-1,T01003,1,首次受理,2026-03-12,3.3
T01004-1,T01004,1,首次受理,2026-03-12,8.87
T01004-2,T01004,2,补充沟通,2026-03-12,2.26
T01005-1,T01005,1,首次受理,2026-03-12,7.87
T01005-2,T01005,2,补充沟通,2026-03-12,9.08
T01006-1,T01006,1,首次受理,2026-03-12,10.66
T01007-1,T01007,1,首次受理,2026-03-12,10.51
T01007-2,T01007,2,补充沟通,2026-03-12,6.92
T01008-1,T01008,1,首次受理,2026-03-12,2.54
T01008-2,T01008,2,补充沟通,2026-03-12,4.73
T01009-1,T01009,1,首次受理,2026-03-12,9.0
T01009-2,T01009,2,补充沟通,2026-03-12,9.36
T01009-3,T01009,3,补充沟通,2026-03-12,3.46
T01010-1,T01010,1,首次受理,2026-03-12,2.8
T01010-2,T01010,2,补充沟通,2026-03-12,5.17
T01011-1,T01011,1,首次受理,2026-03-12,5.28
T01012-1,T01012,1,首次受理,2026-03-12,9.68
T01013-1,T01013,1,首次受理,2026-03-12,8.09
T01014-1,T01014,1,首次受理,2026-03-12,5.33
T01014-2,T01014,2,补充沟通,2026-03-12,18.15
T01014-3,T01014,3,补充沟通,2026-03-12,19.77
T01015-1,T01015,1,首次受理,2026-03-12,7.2
T01016-1,T01016,1,首次受理,2026-03-12,10.15
T01017-1,T01017,1,首次受理,2026-03-12,4.29
T01017-2,T01017,2,补充沟通,2026-03-12,10.28
T01018-1,T01018,1,首次受理,2026-03-12,3.17
T01019-1,T01019,1,首次受理,2026-03-12,8.97
T01020-1,T01020,1,首次受理,2026-03-12,9.69
T01021-1,T01021,1,首次受理,2026-03-12,9.09
T01021-2,T01021,2,补充沟通,2026-03-12,7.1
T01022-1,T01022,1,首次受理,2026-03-12,10.52
T01022-2,T01022,2,补充沟通,2026-03-12,9.46
T01022-3,T01022,3,补充沟通,2026-03-12,15.4
T01023-1,T01023,1,首次受理,2026-03-12,5.97
T01024-1,T01024,1,首次受理,2026-03-12,4.41
T01024-2,T01024,2,补充沟通,2026-03-12,6.62
T01025-1,T01025,1,首次受理,2026-03-12,5.79
T01026-1,T01026,1,首次受理,2026-03-12,5.73
T01027-1,T01027,1,首次受理,2026-03-12,15.62
T01027-2,T01027,2,补充沟通,2026-03-12,17.89
T01027-3,T01027,3,补充沟通,2026-03-12,8.86
T01028-1,T01028,1,首次受理,2026-03-12,2.24
T01029-1,T01029,1,首次受理,2026-03-12,10.38
T01030-1,T01030,1,首次受理,2026-03-12,5.12
T01031-1,T01031,1,首次受理,2026-03-12,6.38
T01032-1,T01032,1,首次受理,2026-03-12,6.27
T01033-1,T01033,1,首次受理,2026-03-12,17.92
T01033-2,T01033,2,补充沟通,2026-03-12,6.2
T01034-1,T01034,1,首次受理,2026-03-12,5.56
T01035-1,T01035,1,首次受理,2026-03-12,8.49
T01035-2,T01035,2,补充沟通,2026-03-12,15.71
T01035-3,T01035,3,补充沟通,2026-03-12,15.72
T01036-1,T01036,1,首次受理,2026-03-12,14.92
T01036-2,T01036,2,补充沟通,2026-03-12,17.52
T01037-1,T01037,1,首次受理,2026-03-12,9.99
T01038-1,T01038,1,首次受理,2026-03-12,4.13
T01039-1,T01039,1,首次受理,2026-03-12,3.11
T01040-1,T01040,1,首次受理,2026-03-12,4.0
T01041-1,T01041,1,首次受理,2026-03-12,8.55
T01041-2,T01041,2,补充沟通,2026-03-12,10.25
T01041-3,T01041,3,补充沟通,2026-03-12,17.54
T01042-1,T01042,1,首次受理,2026-03-12,18.27
T01042-2,T01042,2,补充沟通,2026-03-12,18.4
T01043-1,T01043,1,首次受理,2026-03-12,16.19
T01043-2,T01043,2,补充沟通,2026-03-12,11.49
T01044-1,T01044,1,首次受理,2026-03-12,16.13
T01044-2,T01044,2,补充沟通,2026-03-12,11.95
T01045-1,T01045,1,首次受理,2026-03-12,16.07
T01045-2,T01045,2,补充沟通,2026-03-12,11.85
T01046-1,T01046,1,首次受理,2026-03-12,8.12
T01046-2,T01046,2,补充沟通,2026-03-12,4.6
T01046-3,T01046,3,补充沟通,2026-03-12,8.11
T01047-1,T01047,1,首次受理,2026-03-12,13.44
T01047-2,T01047,2,补充沟通,2026-03-12,3.83
T01047-3,T01047,3,补充沟通,2026-03-12,4.28
T01048-1,T01048,1,首次受理,2026-03-12,5.18
T01048-2,T01048,2,补充沟通,2026-03-12,18.91
T01048-3,T01048,3,补充沟通,2026-03-12,9.06
T01049-1,T01049,1,首次受理,2026-03-12,15.19
T01049-2,T01049,2,补充沟通,2026-03-12,18.01
T01049-3,T01049,3,补充沟通,2026-03-12,18.66
T01050-1,T01050,1,首次受理,2026-03-12,8.69
T01051-1,T01051,1,首次受理,2026-03-12,5.91
T01051-2,T01051,2,补充沟通,2026-03-12,18.74
T01052-1,T01052,1,首次受理,2026-03-12,2.05
T01053-1,T01053,1,首次受理,2026-03-12,13.42
T01053-2,T01053,2,补充沟通,2026-03-12,11.08
T01053-3,T01053,3,补充沟通,2026-03-12,12.36
T01054-1,T01054,1,首次受理,2026-03-12,4.63
T01054-2,T01054,2,补充沟通,2026-03-12,5.72
T01055-1,T01055,1,首次受理,2026-03-12,9.56
T01055-2,T01055,2,补充沟通,2026-03-12,4.11
T01056-1,T01056,1,首次受理,2026-03-12,4.08
T01057-1,T01057,1,首次受理,2026-03-12,9.25
T01058-1,T01058,1,首次受理,2026-03-12,13.81
T01058-2,T01058,2,补充沟通,2026-03-12,7.47
T01059-1,T01059,1,首次受理,2026-03-12,11.52
T01059-2,T01059,2,补充沟通,2026-03-12,17.05
T01059-3,T01059,3,补充沟通,2026-03-12,14.93
T01060-1,T01060,1,首次受理,2026-03-12,4.07
T01060-2,T01060,2,补充沟通,2026-03-12,8.35
T01061-1,T01061,1,首次受理,2026-03-12,2.3
T01062-1,T01062,1,首次受理,2026-03-12,3.4
T01063-1,T01063,1,首次受理,2026-03-12,15.81
T01063-2,T01063,2,补充沟通,2026-03-12,15.85
T01063-3,T01063,3,补充沟通,2026-03-12,6.11
T01063-4,T01063,4,补充沟通,2026-03-12,4.22
T01064-1,T01064,1,首次受理,2026-03-12,9.64
T01065-1,T01065,1,首次受理,2026-03-12,14.0
T01065-2,T01065,2,补充沟通,2026-03-12,6.31
T01066-1,T01066,1,首次受理,2026-03-12,9.0
T01066-2,T01066,2,补充沟通,2026-03-12,5.42
T01067-1,T01067,1,首次受理,2026-03-12,13.04
T01067-2,T01067,2,补充沟通,2026-03-12,10.18
T01068-1,T01068,1,首次受理,2026-03-12,10.86
T01068-2,T01068,2,补充沟通,2026-03-12,15.69
T01069-1,T01069,1,首次受理,2026-03-12,7.54
T01070-1,T01070,1,首次受理,2026-03-12,4.79
T01071-1,T01071,1,首次受理,2026-03-12,7.79
T01072-1,T01072,1,首次受理,2026-03-12,10.88
T01073-1,T01073,1,首次受理,2026-03-12,10.13
T01074-1,T01074,1,首次受理,2026-03-12,8.48
T01075-1,T01075,1,首次受理,2026-03-12,7.59
T01076-1,T01076,1,首次受理,2026-03-12,14.35
T01076-2,T01076,2,补充沟通,2026-03-12,12.52
T01077-1,T01077,1,首次受理,2026-03-12,7.32
T01078-1,T01078,1,首次受理,2026-03-12,5.95
T01079-1,T01079,1,首次受理,2026-03-12,6.85
T01079-2,T01079,2,补充沟通,2026-03-12,7.79
T01079-3,T01079,3,补充沟通,2026-03-12,3.03
T01080-1,T01080,1,首次受理,2026-03-12,10.57
T01080-2,T01080,2,补充沟通,2026-03-12,9.51
T01081-1,T01081,1,首次受理,2026-03-13,11.64
T01081-2,T01081,2,补充沟通,2026-03-13,11.91
T01081-3,T01081,3,补充沟通,2026-03-13,16.3
T01082-1,T01082,1,首次受理,2026-03-13,19.66
T01082-2,T01082,2,补充沟通,2026-03-13,6.39
T01082-3,T01082,3,补充沟通,2026-03-13,14.71
T01083-1,T01083,1,首次受理,2026-03-13,5.05
T01084-1,T01084,1,首次受理,2026-03-13,8.96
T01085-1,T01085,1,首次受理,2026-03-13,12.9
T01085-2,T01085,2,补充沟通,2026-03-13,7.02
T01085-3,T01085,3,补充沟通,2026-03-13,13.39
T01085-4,T01085,4,补充沟通,2026-03-13,7.81
T01086-1,T01086,1,首次受理,2026-03-13,18.03
T01086-2,T01086,2,补充沟通,2026-03-13,10.3
T01086-3,T01086,3,补充沟通,2026-03-13,16.61
T01087-1,T01087,1,首次受理,2026-03-13,3.65
T01087-2,T01087,2,补充沟通,2026-03-13,14.86
T01088-1,T01088,1,首次受理,2026-03-13,13.98
T01088-2,T01088,2,补充沟通,2026-03-13,17.99
T01088-3,T01088,3,补充沟通,2026-03-13,5.42
T01089-1,T01089,1,首次受理,2026-03-13,15.12
T01089-2,T01089,2,补充沟通,2026-03-13,15.55
T01090-1,T01090,1,首次受理,2026-03-13,7.27
T01090-2,T01090,2,补充沟通,2026-03-13,14.3
T01090-3,T01090,3,补充沟通,2026-03-13,9.6
T01091-1,T01091,1,首次受理,2026-03-13,14.51
T01091-2,T01091,2,补充沟通,2026-03-13,5.48
T01092-1,T01092,1,首次受理,2026-03-13,4.95
T01092-2,T01092,2,补充沟通,2026-03-13,10.65
T01093-1,T01093,1,首次受理,2026-03-13,18.97
T01093-2,T01093,2,补充沟通,2026-03-13,11.36
T01093-3,T01093,3,补充沟通,2026-03-13,13.84
T01093-4,T01093,4,补充沟通,2026-03-13,17.38
T01094-1,T01094,1,首次受理,2026-03-13,12.99
T01094-2,T01094,2,补充沟通,2026-03-13,7.65
T01094-3,T01094,3,补充沟通,2026-03-13,16.14
T01094-4,T01094,4,补充沟通,2026-03-13,14.12
T01095-1,T01095,1,首次受理,2026-03-13,7.08
T01095-2,T01095,2,补充沟通,2026-03-13,7.03
T01096-1,T01096,1,首次受理,2026-03-13,6.01
T01096-2,T01096,2,补充沟通,2026-03-13,13.3
T01096-3,T01096,3,补充沟通,2026-03-13,14.11
T01097-1,T01097,1,首次受理,2026-03-13,4.37
T01097-2,T01097,2,补充沟通,2026-03-13,9.97
T01097-3,T01097,3,补充沟通,2026-03-13,17.55
T01098-1,T01098,1,首次受理,2026-03-13,12.63
T01098-2,T01098,2,补充沟通,2026-03-13,11.9
T01099-1,T01099,1,首次受理,2026-03-13,8.24
T01100-1,T01100,1,首次受理,2026-03-13,3.69
T01101-1,T01101,1,首次受理,2026-03-13,17.16
T01101-2,T01101,2,补充沟通,2026-03-13,16.92
T01102-1,T01102,1,首次受理,2026-03-13,10.02
T01102-2,T01102,2,补充沟通,2026-03-13,14.59
T01102-3,T01102,3,补充沟通,2026-03-13,16.96
T01103-1,T01103,1,首次受理,2026-03-13,9.14
T01103-2,T01103,2,补充沟通,2026-03-13,15.53
T01104-1,T01104,1,首次受理,2026-03-13,5.75
T01104-2,T01104,2,补充沟通,2026-03-13,12.88
T01104-3,T01104,3,补充沟通,2026-03-13,8.19
T01105-1,T01105,1,首次受理,2026-03-13,8.17
T01105-2,T01105,2,补充沟通,2026-03-13,16.71
T01105-3,T01105,3,补充沟通,2026-03-13,11.51
T01106-1,T01106,1,首次受理,2026-03-13,14.51
T01106-2,T01106,2,补充沟通,2026-03-13,12.41
T01107-1,T01107,1,首次受理,2026-03-13,7.03
T01107-2,T01107,2,补充沟通,2026-03-13,15.18
T01108-1,T01108,1,首次受理,2026-03-13,5.94
T01109-1,T01109,1,首次受理,2026-03-13,4.22
T01109-2,T01109,2,补充沟通,2026-03-13,18.37
T01110-1,T01110,1,首次受理,2026-03-13,5.56
T01111-1,T01111,1,首次受理,2026-03-13,13.93
T01111-2,T01111,2,补充沟通,2026-03-13,13.09
T01111-3,T01111,3,补充沟通,2026-03-13,4.09
T01111-4,T01111,4,补充沟通,2026-03-13,14.25
T01112-1,T01112,1,首次受理,2026-03-13,12.41
T01112-2,T01112,2,补充沟通,2026-03-13,4.41
T01113-1,T01113,1,首次受理,2026-03-13,16.28
T01113-2,T01113,2,补充沟通,2026-03-13,3.89
T01114-1,T01114,1,首次受理,2026-03-13,9.25
T01114-2,T01114,2,补充沟通,2026-03-13,6.26
T01115-1,T01115,1,首次受理,2026-03-13,7.8
T01115-2,T01115,2,补充沟通,2026-03-13,10.74
T01116-1,T01116,1,首次受理,2026-03-13,5.72
T01116-2,T01116,2,补充沟通,2026-03-13,6.51
T01116-3,T01116,3,补充沟通,2026-03-13,9.2
T01116-4,T01116,4,补充沟通,2026-03-13,10.8
T01117-1,T01117,1,首次受理,2026-03-13,5.5
T01117-2,T01117,2,补充沟通,2026-03-13,18.78
T01117-3,T01117,3,补充沟通,2026-03-13,5.95
T01118-1,T01118,1,首次受理,2026-03-13,7.36
T01119-1,T01119,1,首次受理,2026-03-13,7.79
T01119-2,T01119,2,补充沟通,2026-03-13,17.38
T01120-1,T01120,1,首次受理,2026-03-13,12.27
T01120-2,T01120,2,补充沟通,2026-03-13,7.04
T01120-3,T01120,3,补充沟通,2026-03-13,8.94
T01121-1,T01121,1,首次受理,2026-03-13,7.3
T01121-2,T01121,2,补充沟通,2026-03-13,4.46
T01122-1,T01122,1,首次受理,2026-03-13,9.64
T01122-2,T01122,2,补充沟通,2026-03-13,9.89
T01123-1,T01123,1,首次受理,2026-03-13,8.82
T01124-1,T01124,1,首次受理,2026-03-13,17.68
T01124-2,T01124,2,补充沟通,2026-03-13,18.77
T01124-3,T01124,3,补充沟通,2026-03-13,12.75
T01125-1,T01125,1,首次受理,2026-03-13,10.87
T01125-2,T01125,2,补充沟通,2026-03-13,2.44
T01126-1,T01126,1,首次受理,2026-03-13,3.14
T01127-1,T01127,1,首次受理,2026-03-13,2.54
T01127-2,T01127,2,补充沟通,2026-03-13,4.44
T01128-1,T01128,1,首次受理,2026-03-13,6.98
T01129-1,T01129,1,首次受理,2026-03-13,9.82
T01129-2,T01129,2,补充沟通,2026-03-13,17.85
T01129-3,T01129,3,补充沟通,2026-03-13,8.82
T01130-1,T01130,1,首次受理,2026-03-13,10.46
T01130-2,T01130,2,补充沟通,2026-03-13,14.71
T01131-1,T01131,1,首次受理,2026-03-13,5.85
T01132-1,T01132,1,首次受理,2026-03-13,8.68
T01133-1,T01133,1,首次受理,2026-03-13,10.2
T01134-1,T01134,1,首次受理,2026-03-13,6.61
T01135-1,T01135,1,首次受理,2026-03-13,6.5
T01135-2,T01135,2,补充沟通,2026-03-13,10.91
T01135-3,T01135,3,补充沟通,2026-03-13,9.29
T01136-1,T01136,1,首次受理,2026-03-13,6.46
T01137-1,T01137,1,首次受理,2026-03-13,3.14
T01137-2,T01137,2,补充沟通,2026-03-13,9.53
T01138-1,T01138,1,首次受理,2026-03-13,4.0
T01139-1,T01139,1,首次受理,2026-03-13,10.3
T01140-1,T01140,1,首次受理,2026-03-13,2.17
T01140-2,T01140,2,补充沟通,2026-03-13,5.31
T01140-3,T01140,3,补充沟通,2026-03-13,6.76
T01141-1,T01141,1,首次受理,2026-03-13,3.69
T01142-1,T01142,1,首次受理,2026-03-13,7.9
T01142-2,T01142,2,补充沟通,2026-03-13,4.65
T01142-3,T01142,3,补充沟通,2026-03-13,14.09
T01143-1,T01143,1,首次受理,2026-03-13,3.97
T01144-1,T01144,1,首次受理,2026-03-13,4.8
T01145-1,T01145,1,首次受理,2026-03-13,5.86
T01146-1,T01146,1,首次受理,2026-03-13,8.06
T01147-1,T01147,1,首次受理,2026-03-13,6.24
T01148-1,T01148,1,首次受理,2026-03-13,5.24
T01149-1,T01149,1,首次受理,2026-03-13,3.52
T01150-1,T01150,1,首次受理,2026-03-13,11.66
T01150-2,T01150,2,补充沟通,2026-03-13,19.55
T01151-1,T01151,1,首次受理,2026-03-13,16.65
T01151-2,T01151,2,补充沟通,2026-03-13,10.32
T01151-3,T01151,3,补充沟通,2026-03-13,17.83
T01152-1,T01152,1,首次受理,2026-03-13,10.84
T01153-1,T01153,1,首次受理,2026-03-13,9.38
T01154-1,T01154,1,首次受理,2026-03-13,3.66
T01154-2,T01154,2,补充沟通,2026-03-13,5.77
T01155-1,T01155,1,首次受理,2026-03-13,5.92
T01156-1,T01156,1,首次受理,2026-03-13,4.07
T01157-1,T01157,1,首次受理,2026-03-13,2.1
T01158-1,T01158,1,首次受理,2026-03-13,6.51
T01158-2,T01158,2,补充沟通,2026-03-13,10.98
T01158-3,T01158,3,补充沟通,2026-03-13,6.74
T01159-1,T01159,1,首次受理,2026-03-13,2.16
T01160-1,T01160,1,首次受理,2026-03-13,7.88
T01161-1,T01161,1,首次受理,2026-03-13,6.5
T01162-1,T01162,1,首次受理,2026-03-13,13.5
T01162-2,T01162,2,补充沟通,2026-03-13,9.7
T01162-3,T01162,3,补充沟通,2026-03-13,6.93
T01163-1,T01163,1,首次受理,2026-03-13,8.6
T01164-1,T01164,1,首次受理,2026-03-13,17.68
T01164-2,T01164,2,补充沟通,2026-03-13,15.86
T01165-1,T01165,1,首次受理,2026-03-13,10.1
T01166-1,T01166,1,首次受理,2026-03-13,7.04
T01166-2,T01166,2,补充沟通,2026-03-13,6.67
T01167-1,T01167,1,首次受理,2026-03-13,3.05
T01168-1,T01168,1,首次受理,2026-03-13,10.5
T01169-1,T01169,1,首次受理,2026-03-13,3.46
T01170-1,T01170,1,首次受理,2026-03-13,7.4
T01170-2,T01170,2,补充沟通,2026-03-13,5.47
T01171-1,T01171,1,首次受理,2026-03-13,16.49
T01171-2,T01171,2,补充沟通,2026-03-13,17.4
T01171-3,T01171,3,补充沟通,2026-03-13,8.8
T01172-1,T01172,1,首次受理,2026-03-13,15.82
T01172-2,T01172,2,补充沟通,2026-03-13,8.15
T01172-3,T01172,3,补充沟通,2026-03-13,10.25
T01172-4,T01172,4,补充沟通,2026-03-13,18.3
T01173-1,T01173,1,首次受理,2026-03-13,14.95
T01173-2,T01173,2,补充沟通,2026-03-13,11.43
T01173-3,T01173,3,补充沟通,2026-03-13,7.54
T01174-1,T01174,1,首次受理,2026-03-13,6.79
T01174-2,T01174,2,补充沟通,2026-03-13,15.22
T01174-3,T01174,3,补充沟通,2026-03-13,6.46
T01175-1,T01175,1,首次受理,2026-03-13,3.6
T01176-1,T01176,1,首次受理,2026-03-13,16.9
T01176-2,T01176,2,补充沟通,2026-03-13,5.54
T01177-1,T01177,1,首次受理,2026-03-13,8.41
T01178-1,T01178,1,首次受理,2026-03-13,8.57
T01178-2,T01178,2,补充沟通,2026-03-13,4.84
T01178-3,T01178,3,补充沟通,2026-03-13,5.49
T01179-1,T01179,1,首次受理,2026-03-13,4.5
T01179-2,T01179,2,补充沟通,2026-03-13,4.98
T01179-3,T01179,3,补充沟通,2026-03-13,11.54
T01180-1,T01180,1,首次受理,2026-03-13,3.93
T01181-1,T01181,1,首次受理,2026-03-13,6.6
T01182-1,T01182,1,首次受理,2026-03-13,2.0
T01183-1,T01183,1,首次受理,2026-03-13,9.61
T01184-1,T01184,1,首次受理,2026-03-13,4.73
T01185-1,T01185,1,首次受理,2026-03-13,9.03
T01185-2,T01185,2,补充沟通,2026-03-13,4.93
T01186-1,T01186,1,首次受理,2026-03-13,13.06
T01186-2,T01186,2,补充沟通,2026-03-13,5.91
T01186-3,T01186,3,补充沟通,2026-03-13,4.54
T01187-1,T01187,1,首次受理,2026-03-13,4.66
T01188-1,T01188,1,首次受理,2026-03-13,18.08
T01188-2,T01188,2,补充沟通,2026-03-13,7.0
T01188-3,T01188,3,补充沟通,2026-03-13,7.63
T01189-1,T01189,1,首次受理,2026-03-13,6.72
T01190-1,T01190,1,首次受理,2026-03-13,14.81
T01190-2,T01190,2,补充沟通,2026-03-13,4.02
T01190-3,T01190,3,补充沟通,2026-03-13,18.18
T01191-1,T01191,1,首次受理,2026-03-13,10.14
T01191-2,T01191,2,补充沟通,2026-03-13,3.64
T01191-3,T01191,3,补充沟通,2026-03-13,7.56
T01192-1,T01192,1,首次受理,2026-03-13,6.01
T01193-1,T01193,1,首次受理,2026-03-13,10.14
T01194-1,T01194,1,首次受理,2026-03-13,7.79
T01194-2,T01194,2,补充沟通,2026-03-13,10.09
T01194-3,T01194,3,补充沟通,2026-03-13,14.28
T01195-1,T01195,1,首次受理,2026-03-13,8.53
T01195-2,T01195,2,补充沟通,2026-03-13,4.87
T01196-1,T01196,1,首次受理,2026-03-13,10.91
T01196-2,T01196,2,补充沟通,2026-03-13,19.45
T01196-3,T01196,3,补充沟通,2026-03-13,15.51
T01197-1,T01197,1,首次受理,2026-03-13,2.89
T01198-1,T01198,1,首次受理,2026-03-13,8.35
T01199-1,T01199,1,首次受理,2026-03-13,9.88
T01199-2,T01199,2,补充沟通,2026-03-13,19.38
T01200-1,T01200,1,首次受理,2026-03-13,17.15
T01200-2,T01200,2,补充沟通,2026-03-13,15.45
T01201-1,T01201,1,首次受理,2026-03-16,18.35
T01201-2,T01201,2,补充沟通,2026-03-16,8.86
T01201-3,T01201,3,补充沟通,2026-03-16,11.23
T01202-1,T01202,1,首次受理,2026-03-16,18.99
T01202-2,T01202,2,补充沟通,2026-03-16,19.58
T01202-3,T01202,3,补充沟通,2026-03-16,13.56
T01202-4,T01202,4,补充沟通,2026-03-16,6.71
T01203-1,T01203,1,首次受理,2026-03-16,8.57
T01203-2,T01203,2,补充沟通,2026-03-16,3.67
T01204-1,T01204,1,首次受理,2026-03-16,17.3
T01204-2,T01204,2,补充沟通,2026-03-16,19.13
T01204-3,T01204,3,补充沟通,2026-03-16,9.8
T01204-4,T01204,4,补充沟通,2026-03-16,11.59
T01205-1,T01205,1,首次受理,2026-03-16,6.23
T01205-2,T01205,2,补充沟通,2026-03-16,8.02
T01205-3,T01205,3,补充沟通,2026-03-16,13.58
T01206-1,T01206,1,首次受理,2026-03-16,2.33
T01207-1,T01207,1,首次受理,2026-03-16,18.64
T01207-2,T01207,2,补充沟通,2026-03-16,14.34
T01208-1,T01208,1,首次受理,2026-03-16,9.11
T01209-1,T01209,1,首次受理,2026-03-16,8.8
T01209-2,T01209,2,补充沟通,2026-03-16,14.1
T01210-1,T01210,1,首次受理,2026-03-16,7.62
T01210-2,T01210,2,补充沟通,2026-03-16,10.37
T01210-3,T01210,3,补充沟通,2026-03-16,5.78
T01211-1,T01211,1,首次受理,2026-03-16,15.29
T01211-2,T01211,2,补充沟通,2026-03-16,14.2
T01212-1,T01212,1,首次受理,2026-03-16,9.52
T01212-2,T01212,2,补充沟通,2026-03-16,18.95
T01213-1,T01213,1,首次受理,2026-03-16,4.33
T01213-2,T01213,2,补充沟通,2026-03-16,3.92
T01213-3,T01213,3,补充沟通,2026-03-16,16.56
T01214-1,T01214,1,首次受理,2026-03-16,14.03
T01214-2,T01214,2,补充沟通,2026-03-16,11.41
T01214-3,T01214,3,补充沟通,2026-03-16,19.41
T01215-1,T01215,1,首次受理,2026-03-16,7.01
T01216-1,T01216,1,首次受理,2026-03-16,5.2
T01216-2,T01216,2,补充沟通,2026-03-16,13.5
T01216-3,T01216,3,补充沟通,2026-03-16,18.5
T01217-1,T01217,1,首次受理,2026-03-16,8.06
T01217-2,T01217,2,补充沟通,2026-03-16,17.9
T01217-3,T01217,3,补充沟通,2026-03-16,4.54
T01218-1,T01218,1,首次受理,2026-03-16,12.0
T01218-2,T01218,2,补充沟通,2026-03-16,14.42
T01218-3,T01218,3,补充沟通,2026-03-16,6.22
T01219-1,T01219,1,首次受理,2026-03-16,5.71
T01219-2,T01219,2,补充沟通,2026-03-16,3.14
T01220-1,T01220,1,首次受理,2026-03-16,3.75
T01220-2,T01220,2,补充沟通,2026-03-16,18.26
T01221-1,T01221,1,首次受理,2026-03-16,9.9
T01221-2,T01221,2,补充沟通,2026-03-16,15.41
T01222-1,T01222,1,首次受理,2026-03-16,16.19
T01222-2,T01222,2,补充沟通,2026-03-16,8.46
T01222-3,T01222,3,补充沟通,2026-03-16,17.41
T01223-1,T01223,1,首次受理,2026-03-16,3.69
T01223-2,T01223,2,补充沟通,2026-03-16,16.81
T01224-1,T01224,1,首次受理,2026-03-16,12.37
T01224-2,T01224,2,补充沟通,2026-03-16,19.32
T01225-1,T01225,1,首次受理,2026-03-16,9.49
T01225-2,T01225,2,补充沟通,2026-03-16,7.91
T01226-1,T01226,1,首次受理,2026-03-16,12.08
T01226-2,T01226,2,补充沟通,2026-03-16,12.56
T01227-1,T01227,1,首次受理,2026-03-16,11.02
T01227-2,T01227,2,补充沟通,2026-03-16,8.14
T01228-1,T01228,1,首次受理,2026-03-16,9.49
T01229-1,T01229,1,首次受理,2026-03-16,18.55
T01229-2,T01229,2,补充沟通,2026-03-16,8.2
T01230-1,T01230,1,首次受理,2026-03-16,17.81
T01230-2,T01230,2,补充沟通,2026-03-16,7.68
T01231-1,T01231,1,首次受理,2026-03-16,12.96
T01231-2,T01231,2,补充沟通,2026-03-16,13.5
T01231-3,T01231,3,补充沟通,2026-03-16,9.4
T01232-1,T01232,1,首次受理,2026-03-16,3.69
T01232-2,T01232,2,补充沟通,2026-03-16,10.07
T01233-1,T01233,1,首次受理,2026-03-16,16.15
T01233-2,T01233,2,补充沟通,2026-03-16,14.27
T01233-3,T01233,3,补充沟通,2026-03-16,9.64
T01234-1,T01234,1,首次受理,2026-03-16,15.77
T01234-2,T01234,2,补充沟通,2026-03-16,10.7
T01235-1,T01235,1,首次受理,2026-03-16,19.8
T01235-2,T01235,2,补充沟通,2026-03-16,16.66
T01235-3,T01235,3,补充沟通,2026-03-16,16.97
T01236-1,T01236,1,首次受理,2026-03-16,17.1
T01236-2,T01236,2,补充沟通,2026-03-16,18.74
T01237-1,T01237,1,首次受理,2026-03-16,15.53
T01237-2,T01237,2,补充沟通,2026-03-16,13.47
T01237-3,T01237,3,补充沟通,2026-03-16,10.89
T01238-1,T01238,1,首次受理,2026-03-16,9.26
T01238-2,T01238,2,补充沟通,2026-03-16,6.24
T01239-1,T01239,1,首次受理,2026-03-16,5.69
T01239-2,T01239,2,补充沟通,2026-03-16,18.45
T01239-3,T01239,3,补充沟通,2026-03-16,4.1
T01240-1,T01240,1,首次受理,2026-03-16,4.75
T01240-2,T01240,2,补充沟通,2026-03-16,14.78
T01241-1,T01241,1,首次受理,2026-03-16,7.23
T01242-1,T01242,1,首次受理,2026-03-16,5.43
T01242-2,T01242,2,补充沟通,2026-03-16,7.33
T01242-3,T01242,3,补充沟通,2026-03-16,6.0
T01243-1,T01243,1,首次受理,2026-03-16,2.89
T01244-1,T01244,1,首次受理,2026-03-16,3.99
T01245-1,T01245,1,首次受理,2026-03-16,17.11
T01245-2,T01245,2,补充沟通,2026-03-16,7.87
T01246-1,T01246,1,首次受理,2026-03-16,5.01
T01247-1,T01247,1,首次受理,2026-03-16,10.02
T01247-2,T01247,2,补充沟通,2026-03-16,19.45
T01248-1,T01248,1,首次受理,2026-03-16,3.74
T01248-2,T01248,2,补充沟通,2026-03-16,5.42
T01249-1,T01249,1,首次受理,2026-03-16,11.03
T01249-2,T01249,2,补充沟通,2026-03-16,7.63
T01250-1,T01250,1,首次受理,2026-03-16,4.93
T01250-2,T01250,2,补充沟通,2026-03-16,12.33
T01250-3,T01250,3,补充沟通,2026-03-16,11.12
T01251-1,T01251,1,首次受理,2026-03-16,3.01
T01252-1,T01252,1,首次受理,2026-03-16,3.7
T01253-1,T01253,1,首次受理,2026-03-16,4.4
T01254-1,T01254,1,首次受理,2026-03-16,11.77
T01254-2,T01254,2,补充沟通,2026-03-16,14.16
T01254-3,T01254,3,补充沟通,2026-03-16,9.22
T01255-1,T01255,1,首次受理,2026-03-16,5.56
T01255-2,T01255,2,补充沟通,2026-03-16,6.73
T01256-1,T01256,1,首次受理,2026-03-16,9.78
T01257-1,T01257,1,首次受理,2026-03-16,8.76
T01257-2,T01257,2,补充沟通,2026-03-16,16.58
T01258-1,T01258,1,首次受理,2026-03-16,5.88
T01258-2,T01258,2,补充沟通,2026-03-16,4.32
T01259-1,T01259,1,首次受理,2026-03-16,6.8
T01260-1,T01260,1,首次受理,2026-03-16,3.2
T01261-1,T01261,1,首次受理,2026-03-16,3.91
T01262-1,T01262,1,首次受理,2026-03-16,10.3
T01263-1,T01263,1,首次受理,2026-03-16,15.5
T01263-2,T01263,2,补充沟通,2026-03-16,5.74
T01263-3,T01263,3,补充沟通,2026-03-16,10.59
T01264-1,T01264,1,首次受理,2026-03-16,12.34
T01264-2,T01264,2,补充沟通,2026-03-16,15.29
T01264-3,T01264,3,补充沟通,2026-03-16,11.15
T01265-1,T01265,1,首次受理,2026-03-16,5.05
T01266-1,T01266,1,首次受理,2026-03-16,5.53
T01267-1,T01267,1,首次受理,2026-03-16,9.01
T01268-1,T01268,1,首次受理,2026-03-16,9.92
T01269-1,T01269,1,首次受理,2026-03-16,6.79
T01270-1,T01270,1,首次受理,2026-03-16,10.24
T01271-1,T01271,1,首次受理,2026-03-16,6.32
T01272-1,T01272,1,首次受理,2026-03-16,10.77
T01272-2,T01272,2,补充沟通,2026-03-16,10.45
T01273-1,T01273,1,首次受理,2026-03-16,7.3
T01274-1,T01274,1,首次受理,2026-03-16,9.01
T01275-1,T01275,1,首次受理,2026-03-16,6.54
T01276-1,T01276,1,首次受理,2026-03-16,3.94
T01277-1,T01277,1,首次受理,2026-03-16,5.13
T01277-2,T01277,2,补充沟通,2026-03-16,6.76
T01278-1,T01278,1,首次受理,2026-03-16,2.83
T01279-1,T01279,1,首次受理,2026-03-16,12.68
T01279-2,T01279,2,补充沟通,2026-03-16,12.69
T01280-1,T01280,1,首次受理,2026-03-16,8.92
T01280-2,T01280,2,补充沟通,2026-03-16,7.33
T01281-1,T01281,1,首次受理,2026-03-16,3.73
T01282-1,T01282,1,首次受理,2026-03-16,8.74
T01283-1,T01283,1,首次受理,2026-03-16,7.17
T01284-1,T01284,1,首次受理,2026-03-16,8.89
T01284-2,T01284,2,补充沟通,2026-03-16,11.42
T01284-3,T01284,3,补充沟通,2026-03-16,19.17
T01285-1,T01285,1,首次受理,2026-03-16,6.51
T01285-2,T01285,2,补充沟通,2026-03-16,15.99
T01285-3,T01285,3,补充沟通,2026-03-16,9.45
T01285-4,T01285,4,补充沟通,2026-03-16,13.61
T01286-1,T01286,1,首次受理,2026-03-16,4.36
T01287-1,T01287,1,首次受理,2026-03-16,8.75
T01288-1,T01288,1,首次受理,2026-03-16,10.31
T01288-2,T01288,2,补充沟通,2026-03-16,8.59
T01289-1,T01289,1,首次受理,2026-03-16,3.11
T01289-2,T01289,2,补充沟通,2026-03-16,4.52
T01290-1,T01290,1,首次受理,2026-03-16,7.68
T01291-1,T01291,1,首次受理,2026-03-16,9.34
T01291-2,T01291,2,补充沟通,2026-03-16,15.78
T01292-1,T01292,1,首次受理,2026-03-16,6.01
T01292-2,T01292,2,补充沟通,2026-03-16,8.36
T01293-1,T01293,1,首次受理,2026-03-16,4.91
T01294-1,T01294,1,首次受理,2026-03-16,17.61
T01294-2,T01294,2,补充沟通,2026-03-16,6.22
T01295-1,T01295,1,首次受理,2026-03-16,9.0
T01295-2,T01295,2,补充沟通,2026-03-16,18.75
T01295-3,T01295,3,补充沟通,2026-03-16,3.66
T01296-1,T01296,1,首次受理,2026-03-16,5.46
T01297-1,T01297,1,首次受理,2026-03-16,6.14
T01297-2,T01297,2,补充沟通,2026-03-16,4.68
T01298-1,T01298,1,首次受理,2026-03-16,4.58
T01299-1,T01299,1,首次受理,2026-03-16,5.97
T01299-2,T01299,2,补充沟通,2026-03-16,15.93
T01300-1,T01300,1,首次受理,2026-03-16,12.41
T01300-2,T01300,2,补充沟通,2026-03-16,12.92
T01300-3,T01300,3,补充沟通,2026-03-16,13.22
T01301-1,T01301,1,首次受理,2026-03-16,8.98
T01302-1,T01302,1,首次受理,2026-03-16,4.8
T01303-1,T01303,1,首次受理,2026-03-16,10.37
T01304-1,T01304,1,首次受理,2026-03-16,9.26
T01305-1,T01305,1,首次受理,2026-03-16,2.89
T01306-1,T01306,1,首次受理,2026-03-16,2.95
T01307-1,T01307,1,首次受理,2026-03-16,3.6
T01307-2,T01307,2,补充沟通,2026-03-16,13.25
T01308-1,T01308,1,首次受理,2026-03-16,11.79
T01308-2,T01308,2,补充沟通,2026-03-16,10.07
T01308-3,T01308,3,补充沟通,2026-03-16,11.58
T01309-1,T01309,1,首次受理,2026-03-16,15.62
T01309-2,T01309,2,补充沟通,2026-03-16,15.98
T01310-1,T01310,1,首次受理,2026-03-16,5.72
T01310-2,T01310,2,补充沟通,2026-03-16,9.09
T01311-1,T01311,1,首次受理,2026-03-16,11.92
T01311-2,T01311,2,补充沟通,2026-03-16,6.34
T01312-1,T01312,1,首次受理,2026-03-16,10.87
T01312-2,T01312,2,补充沟通,2026-03-16,13.26
T01313-1,T01313,1,首次受理,2026-03-16,13.53
T01313-2,T01313,2,补充沟通,2026-03-16,4.22
T01313-3,T01313,3,补充沟通,2026-03-16,6.52
T01314-1,T01314,1,首次受理,2026-03-16,2.17
T01315-1,T01315,1,首次受理,2026-03-16,3.99
T01316-1,T01316,1,首次受理,2026-03-16,5.65
T01316-2,T01316,2,补充沟通,2026-03-16,4.6
T01317-1,T01317,1,首次受理,2026-03-16,3.68
T01317-2,T01317,2,补充沟通,2026-03-16,7.98
T01318-1,T01318,1,首次受理,2026-03-16,4.52
T01318-2,T01318,2,补充沟通,2026-03-16,2.28
T01319-1,T01319,1,首次受理,2026-03-16,8.96
T01320-1,T01320,1,首次受理,2026-03-16,17.52
T01320-2,T01320,2,补充沟通,2026-03-16,16.25
T01321-1,T01321,1,首次受理,2026-03-17,18.98
T01321-2,T01321,2,补充沟通,2026-03-17,18.12
T01322-1,T01322,1,首次受理,2026-03-17,5.23
T01323-1,T01323,1,首次受理,2026-03-17,18.87
T01323-2,T01323,2,补充沟通,2026-03-17,6.28
T01323-3,T01323,3,补充沟通,2026-03-17,8.35
T01324-1,T01324,1,首次受理,2026-03-17,12.65
T01324-2,T01324,2,补充沟通,2026-03-17,19.48
T01324-3,T01324,3,补充沟通,2026-03-17,9.12
T01325-1,T01325,1,首次受理,2026-03-17,11.27
T01325-2,T01325,2,补充沟通,2026-03-17,9.59
T01326-1,T01326,1,首次受理,2026-03-17,14.04
T01326-2,T01326,2,补充沟通,2026-03-17,5.83
T01327-1,T01327,1,首次受理,2026-03-17,6.3
T01327-2,T01327,2,补充沟通,2026-03-17,9.24
T01327-3,T01327,3,补充沟通,2026-03-17,6.26
T01328-1,T01328,1,首次受理,2026-03-17,14.04
T01328-2,T01328,2,补充沟通,2026-03-17,10.89
T01329-1,T01329,1,首次受理,2026-03-17,13.12
T01329-2,T01329,2,补充沟通,2026-03-17,12.34
T01329-3,T01329,3,补充沟通,2026-03-17,13.87
T01330-1,T01330,1,首次受理,2026-03-17,7.94
T01331-1,T01331,1,首次受理,2026-03-17,17.82
T01331-2,T01331,2,补充沟通,2026-03-17,10.41
T01332-1,T01332,1,首次受理,2026-03-17,18.36
T01332-2,T01332,2,补充沟通,2026-03-17,19.73
T01332-3,T01332,3,补充沟通,2026-03-17,8.8
T01333-1,T01333,1,首次受理,2026-03-17,7.7
T01333-2,T01333,2,补充沟通,2026-03-17,9.39
T01333-3,T01333,3,补充沟通,2026-03-17,13.01
T01334-1,T01334,1,首次受理,2026-03-17,18.6
T01334-2,T01334,2,补充沟通,2026-03-17,17.22
T01335-1,T01335,1,首次受理,2026-03-17,6.32
T01335-2,T01335,2,补充沟通,2026-03-17,12.86
T01336-1,T01336,1,首次受理,2026-03-17,9.68
T01336-2,T01336,2,补充沟通,2026-03-17,8.64
T01337-1,T01337,1,首次受理,2026-03-17,13.8
T01337-2,T01337,2,补充沟通,2026-03-17,7.21
T01338-1,T01338,1,首次受理,2026-03-17,11.41
T01338-2,T01338,2,补充沟通,2026-03-17,18.99
T01338-3,T01338,3,补充沟通,2026-03-17,6.43
T01339-1,T01339,1,首次受理,2026-03-17,17.88
T01339-2,T01339,2,补充沟通,2026-03-17,8.38
T01340-1,T01340,1,首次受理,2026-03-17,6.04
T01340-2,T01340,2,补充沟通,2026-03-17,14.06
T01340-3,T01340,3,补充沟通,2026-03-17,4.09
T01341-1,T01341,1,首次受理,2026-03-17,17.49
T01341-2,T01341,2,补充沟通,2026-03-17,18.17
T01342-1,T01342,1,首次受理,2026-03-17,16.93
T01342-2,T01342,2,补充沟通,2026-03-17,11.62
T01342-3,T01342,3,补充沟通,2026-03-17,14.11
T01343-1,T01343,1,首次受理,2026-03-17,4.78
T01344-1,T01344,1,首次受理,2026-03-17,7.62
T01344-2,T01344,2,补充沟通,2026-03-17,15.32
T01344-3,T01344,3,补充沟通,2026-03-17,13.6
T01345-1,T01345,1,首次受理,2026-03-17,12.11
T01345-2,T01345,2,补充沟通,2026-03-17,10.11
T01346-1,T01346,1,首次受理,2026-03-17,11.51
T01346-2,T01346,2,补充沟通,2026-03-17,11.89
T01347-1,T01347,1,首次受理,2026-03-17,9.33
T01347-2,T01347,2,补充沟通,2026-03-17,16.57
T01347-3,T01347,3,补充沟通,2026-03-17,3.92
T01348-1,T01348,1,首次受理,2026-03-17,8.19
T01348-2,T01348,2,补充沟通,2026-03-17,2.1
T01349-1,T01349,1,首次受理,2026-03-17,3.95
T01349-2,T01349,2,补充沟通,2026-03-17,5.97
T01350-1,T01350,1,首次受理,2026-03-17,13.66
T01350-2,T01350,2,补充沟通,2026-03-17,14.84
T01351-1,T01351,1,首次受理,2026-03-17,4.88
T01351-2,T01351,2,补充沟通,2026-03-17,15.44
T01352-1,T01352,1,首次受理,2026-03-17,12.5
T01352-2,T01352,2,补充沟通,2026-03-17,12.09
T01352-3,T01352,3,补充沟通,2026-03-17,13.22
T01353-1,T01353,1,首次受理,2026-03-17,5.6
T01353-2,T01353,2,补充沟通,2026-03-17,7.51
T01354-1,T01354,1,首次受理,2026-03-17,3.97
T01354-2,T01354,2,补充沟通,2026-03-17,18.85
T01355-1,T01355,1,首次受理,2026-03-17,4.53
T01356-1,T01356,1,首次受理,2026-03-17,17.65
T01356-2,T01356,2,补充沟通,2026-03-17,13.9
T01356-3,T01356,3,补充沟通,2026-03-17,11.66
T01357-1,T01357,1,首次受理,2026-03-17,13.63
T01357-2,T01357,2,补充沟通,2026-03-17,16.31
T01358-1,T01358,1,首次受理,2026-03-17,10.51
T01359-1,T01359,1,首次受理,2026-03-17,14.41
T01359-2,T01359,2,补充沟通,2026-03-17,13.26
T01360-1,T01360,1,首次受理,2026-03-17,3.76
T01360-2,T01360,2,补充沟通,2026-03-17,18.58
T01361-1,T01361,1,首次受理,2026-03-17,14.47
T01361-2,T01361,2,补充沟通,2026-03-17,4.79
T01362-1,T01362,1,首次受理,2026-03-17,3.81
T01363-1,T01363,1,首次受理,2026-03-17,5.41
T01364-1,T01364,1,首次受理,2026-03-17,9.34
T01364-2,T01364,2,补充沟通,2026-03-17,7.73
T01364-3,T01364,3,补充沟通,2026-03-17,8.05
T01365-1,T01365,1,首次受理,2026-03-17,9.75
T01365-2,T01365,2,补充沟通,2026-03-17,2.83
T01366-1,T01366,1,首次受理,2026-03-17,10.8
T01366-2,T01366,2,补充沟通,2026-03-17,12.58
T01366-3,T01366,3,补充沟通,2026-03-17,11.99
T01367-1,T01367,1,首次受理,2026-03-17,2.03
T01368-1,T01368,1,首次受理,2026-03-17,8.06
T01369-1,T01369,1,首次受理,2026-03-17,4.0
T01370-1,T01370,1,首次受理,2026-03-17,9.34
T01371-1,T01371,1,首次受理,2026-03-17,5.09
T01372-1,T01372,1,首次受理,2026-03-17,3.55
T01373-1,T01373,1,首次受理,2026-03-17,19.01
T01373-2,T01373,2,补充沟通,2026-03-17,17.74
T01374-1,T01374,1,首次受理,2026-03-17,19.04
T01374-2,T01374,2,补充沟通,2026-03-17,18.94
T01374-3,T01374,3,补充沟通,2026-03-17,7.58
T01375-1,T01375,1,首次受理,2026-03-17,11.65
T01375-2,T01375,2,补充沟通,2026-03-17,10.33
T01376-1,T01376,1,首次受理,2026-03-17,5.94
T01376-2,T01376,2,补充沟通,2026-03-17,19.65
T01377-1,T01377,1,首次受理,2026-03-17,3.44
T01377-2,T01377,2,补充沟通,2026-03-17,9.38
T01377-3,T01377,3,补充沟通,2026-03-17,6.85
T01378-1,T01378,1,首次受理,2026-03-17,7.3
T01379-1,T01379,1,首次受理,2026-03-17,4.11
T01380-1,T01380,1,首次受理,2026-03-17,7.61
T01381-1,T01381,1,首次受理,2026-03-17,3.02
T01382-1,T01382,1,首次受理,2026-03-17,12.92
T01382-2,T01382,2,补充沟通,2026-03-17,8.09
T01383-1,T01383,1,首次受理,2026-03-17,17.45
T01383-2,T01383,2,补充沟通,2026-03-17,7.22
T01384-1,T01384,1,首次受理,2026-03-17,9.57
T01384-2,T01384,2,补充沟通,2026-03-17,4.01
T01385-1,T01385,1,首次受理,2026-03-17,10.9
T01385-2,T01385,2,补充沟通,2026-03-17,11.07
T01386-1,T01386,1,首次受理,2026-03-17,4.66
T01386-2,T01386,2,补充沟通,2026-03-17,8.96
T01386-3,T01386,3,补充沟通,2026-03-17,3.83
T01387-1,T01387,1,首次受理,2026-03-17,10.17
T01388-1,T01388,1,首次受理,2026-03-17,3.09
T01389-1,T01389,1,首次受理,2026-03-17,8.23
T01390-1,T01390,1,首次受理,2026-03-17,6.95
T01391-1,T01391,1,首次受理,2026-03-17,7.16
T01391-2,T01391,2,补充沟通,2026-03-17,8.9
T01392-1,T01392,1,首次受理,2026-03-17,6.61
T01393-1,T01393,1,首次受理,2026-03-17,2.79
T01394-1,T01394,1,首次受理,2026-03-17,18.85
T01394-2,T01394,2,补充沟通,2026-03-17,18.57
T01395-1,T01395,1,首次受理,2026-03-17,7.62
T01396-1,T01396,1,首次受理,2026-03-17,4.75
T01397-1,T01397,1,首次受理,2026-03-17,5.48
T01398-1,T01398,1,首次受理,2026-03-17,9.73
T01399-1,T01399,1,首次受理,2026-03-17,5.15
T01400-1,T01400,1,首次受理,2026-03-17,2.12
T01401-1,T01401,1,首次受理,2026-03-17,5.06
T01401-2,T01401,2,补充沟通,2026-03-17,11.58
T01401-3,T01401,3,补充沟通,2026-03-17,16.08
T01402-1,T01402,1,首次受理,2026-03-17,14.04
T01402-2,T01402,2,补充沟通,2026-03-17,5.18
T01403-1,T01403,1,首次受理,2026-03-17,2.29
T01404-1,T01404,1,首次受理,2026-03-17,3.77
T01405-1,T01405,1,首次受理,2026-03-17,5.06
T01405-2,T01405,2,补充沟通,2026-03-17,8.0
T01406-1,T01406,1,首次受理,2026-03-17,3.41
T01407-1,T01407,1,首次受理,2026-03-17,4.24
T01407-2,T01407,2,补充沟通,2026-03-17,2.32
T01408-1,T01408,1,首次受理,2026-03-17,9.31
T01408-2,T01408,2,补充沟通,2026-03-17,9.82
T01409-1,T01409,1,首次受理,2026-03-17,13.22
T01409-2,T01409,2,补充沟通,2026-03-17,15.53
T01410-1,T01410,1,首次受理,2026-03-17,4.55
T01410-2,T01410,2,补充沟通,2026-03-17,3.68
T01410-3,T01410,3,补充沟通,2026-03-17,15.61
T01411-1,T01411,1,首次受理,2026-03-17,9.71
T01412-1,T01412,1,首次受理,2026-03-17,4.73
T01413-1,T01413,1,首次受理,2026-03-17,7.15
T01414-1,T01414,1,首次受理,2026-03-17,6.61
T01415-1,T01415,1,首次受理,2026-03-17,3.19
T01415-2,T01415,2,补充沟通,2026-03-17,5.53
T01416-1,T01416,1,首次受理,2026-03-17,4.4
T01417-1,T01417,1,首次受理,2026-03-17,5.28
T01418-1,T01418,1,首次受理,2026-03-17,4.89
T01419-1,T01419,1,首次受理,2026-03-17,5.52
T01420-1,T01420,1,首次受理,2026-03-17,5.7
T01420-2,T01420,2,补充沟通,2026-03-17,6.62
T01421-1,T01421,1,首次受理,2026-03-17,15.0
T01421-2,T01421,2,补充沟通,2026-03-17,9.98
T01422-1,T01422,1,首次受理,2026-03-17,13.08
T01422-2,T01422,2,补充沟通,2026-03-17,10.28
T01423-1,T01423,1,首次受理,2026-03-17,17.21
T01423-2,T01423,2,补充沟通,2026-03-17,3.74
T01424-1,T01424,1,首次受理,2026-03-17,6.8
T01425-1,T01425,1,首次受理,2026-03-17,9.38
T01425-2,T01425,2,补充沟通,2026-03-17,12.74
T01425-3,T01425,3,补充沟通,2026-03-17,9.11
T01426-1,T01426,1,首次受理,2026-03-17,6.32
T01427-1,T01427,1,首次受理,2026-03-17,4.83
T01428-1,T01428,1,首次受理,2026-03-17,17.08
T01428-2,T01428,2,补充沟通,2026-03-17,13.4
T01428-3,T01428,3,补充沟通,2026-03-17,14.48
T01429-1,T01429,1,首次受理,2026-03-17,6.79
T01430-1,T01430,1,首次受理,2026-03-17,11.67
T01430-2,T01430,2,补充沟通,2026-03-17,19.54
T01431-1,T01431,1,首次受理,2026-03-17,6.17
T01432-1,T01432,1,首次受理,2026-03-17,5.13
T01433-1,T01433,1,首次受理,2026-03-17,5.72
T01434-1,T01434,1,首次受理,2026-03-17,10.21
T01435-1,T01435,1,首次受理,2026-03-17,13.23
T01435-2,T01435,2,补充沟通,2026-03-17,4.38
T01436-1,T01436,1,首次受理,2026-03-17,14.4
T01436-2,T01436,2,补充沟通,2026-03-17,9.32
T01437-1,T01437,1,首次受理,2026-03-17,7.94
T01438-1,T01438,1,首次受理,2026-03-17,16.53
T01438-2,T01438,2,补充沟通,2026-03-17,7.61
T01439-1,T01439,1,首次受理,2026-03-17,10.2
T01440-1,T01440,1,首次受理,2026-03-17,17.68
T01440-2,T01440,2,补充沟通,2026-03-17,18.59
T01440-3,T01440,3,补充沟通,2026-03-17,16.63
T01441-1,T01441,1,首次受理,2026-03-18,14.35
T01441-2,T01441,2,补充沟通,2026-03-18,4.83
T01442-1,T01442,1,首次受理,2026-03-18,4.32
T01443-1,T01443,1,首次受理,2026-03-18,6.9
T01443-2,T01443,2,补充沟通,2026-03-18,5.89
T01444-1,T01444,1,首次受理,2026-03-18,16.86
T01444-2,T01444,2,补充沟通,2026-03-18,11.51
T01445-1,T01445,1,首次受理,2026-03-18,9.07
T01445-2,T01445,2,补充沟通,2026-03-18,9.81
T01446-1,T01446,1,首次受理,2026-03-18,7.76
T01446-2,T01446,2,补充沟通,2026-03-18,18.12
T01446-3,T01446,3,补充沟通,2026-03-18,9.04
T01447-1,T01447,1,首次受理,2026-03-18,3.12
T01447-2,T01447,2,补充沟通,2026-03-18,7.59
T01448-1,T01448,1,首次受理,2026-03-18,3.75
T01448-2,T01448,2,补充沟通,2026-03-18,4.25
T01449-1,T01449,1,首次受理,2026-03-18,5.78
T01449-2,T01449,2,补充沟通,2026-03-18,15.66
T01450-1,T01450,1,首次受理,2026-03-18,10.69
T01450-2,T01450,2,补充沟通,2026-03-18,9.16
T01451-1,T01451,1,首次受理,2026-03-18,3.91
T01451-2,T01451,2,补充沟通,2026-03-18,9.44
T01452-1,T01452,1,首次受理,2026-03-18,6.46
T01453-1,T01453,1,首次受理,2026-03-18,13.48
T01453-2,T01453,2,补充沟通,2026-03-18,16.08
T01454-1,T01454,1,首次受理,2026-03-18,9.82
T01454-2,T01454,2,补充沟通,2026-03-18,17.52
T01454-3,T01454,3,补充沟通,2026-03-18,4.65
T01455-1,T01455,1,首次受理,2026-03-18,15.96
T01455-2,T01455,2,补充沟通,2026-03-18,10.42
T01456-1,T01456,1,首次受理,2026-03-18,5.89
T01457-1,T01457,1,首次受理,2026-03-18,15.82
T01457-2,T01457,2,补充沟通,2026-03-18,10.88
T01457-3,T01457,3,补充沟通,2026-03-18,12.66
T01458-1,T01458,1,首次受理,2026-03-18,14.05
T01458-2,T01458,2,补充沟通,2026-03-18,10.8
T01458-3,T01458,3,补充沟通,2026-03-18,13.18
T01459-1,T01459,1,首次受理,2026-03-18,5.55
T01459-2,T01459,2,补充沟通,2026-03-18,10.35
T01460-1,T01460,1,首次受理,2026-03-18,4.65
T01461-1,T01461,1,首次受理,2026-03-18,15.67
T01461-2,T01461,2,补充沟通,2026-03-18,16.8
T01462-1,T01462,1,首次受理,2026-03-18,4.88
T01462-2,T01462,2,补充沟通,2026-03-18,12.94
T01462-3,T01462,3,补充沟通,2026-03-18,14.15
T01463-1,T01463,1,首次受理,2026-03-18,10.94
T01463-2,T01463,2,补充沟通,2026-03-18,4.12
T01464-1,T01464,1,首次受理,2026-03-18,3.88
T01464-2,T01464,2,补充沟通,2026-03-18,6.84
T01464-3,T01464,3,补充沟通,2026-03-18,13.81
T01465-1,T01465,1,首次受理,2026-03-18,8.39
T01465-2,T01465,2,补充沟通,2026-03-18,8.71
T01466-1,T01466,1,首次受理,2026-03-18,10.16
T01466-2,T01466,2,补充沟通,2026-03-18,4.33
T01467-1,T01467,1,首次受理,2026-03-18,8.2
T01468-1,T01468,1,首次受理,2026-03-18,12.86
T01468-2,T01468,2,补充沟通,2026-03-18,10.72
T01469-1,T01469,1,首次受理,2026-03-18,16.39
T01469-2,T01469,2,补充沟通,2026-03-18,7.13
T01470-1,T01470,1,首次受理,2026-03-18,4.32
T01470-2,T01470,2,补充沟通,2026-03-18,7.06
T01471-1,T01471,1,首次受理,2026-03-18,14.3
T01471-2,T01471,2,补充沟通,2026-03-18,13.46
T01472-1,T01472,1,首次受理,2026-03-18,18.12
T01472-2,T01472,2,补充沟通,2026-03-18,13.11
T01472-3,T01472,3,补充沟通,2026-03-18,6.73
T01473-1,T01473,1,首次受理,2026-03-18,19.11
T01473-2,T01473,2,补充沟通,2026-03-18,12.07
T01473-3,T01473,3,补充沟通,2026-03-18,11.42
T01474-1,T01474,1,首次受理,2026-03-18,6.36
T01474-2,T01474,2,补充沟通,2026-03-18,9.82
T01474-3,T01474,3,补充沟通,2026-03-18,9.73
T01475-1,T01475,1,首次受理,2026-03-18,17.6
T01475-2,T01475,2,补充沟通,2026-03-18,14.41
T01475-3,T01475,3,补充沟通,2026-03-18,13.48
T01476-1,T01476,1,首次受理,2026-03-18,14.89
T01476-2,T01476,2,补充沟通,2026-03-18,18.52
T01477-1,T01477,1,首次受理,2026-03-18,9.96
T01477-2,T01477,2,补充沟通,2026-03-18,13.18
T01477-3,T01477,3,补充沟通,2026-03-18,12.38
T01478-1,T01478,1,首次受理,2026-03-18,19.29
T01478-2,T01478,2,补充沟通,2026-03-18,14.77
T01478-3,T01478,3,补充沟通,2026-03-18,8.4
T01478-4,T01478,4,补充沟通,2026-03-18,12.19
T01479-1,T01479,1,首次受理,2026-03-18,9.32
T01479-2,T01479,2,补充沟通,2026-03-18,4.5
T01480-1,T01480,1,首次受理,2026-03-18,18.0
T01480-2,T01480,2,补充沟通,2026-03-18,19.66
T01480-3,T01480,3,补充沟通,2026-03-18,14.02
T01481-1,T01481,1,首次受理,2026-03-18,16.07
T01481-2,T01481,2,补充沟通,2026-03-18,18.66
T01482-1,T01482,1,首次受理,2026-03-18,7.13
T01482-2,T01482,2,补充沟通,2026-03-18,11.9
T01482-3,T01482,3,补充沟通,2026-03-18,12.2
T01483-1,T01483,1,首次受理,2026-03-18,4.57
T01483-2,T01483,2,补充沟通,2026-03-18,2.51
T01484-1,T01484,1,首次受理,2026-03-18,10.33
T01485-1,T01485,1,首次受理,2026-03-18,7.54
T01485-2,T01485,2,补充沟通,2026-03-18,8.52
T01486-1,T01486,1,首次受理,2026-03-18,9.87
T01487-1,T01487,1,首次受理,2026-03-18,11.18
T01487-2,T01487,2,补充沟通,2026-03-18,15.96
T01488-1,T01488,1,首次受理,2026-03-18,9.21
T01489-1,T01489,1,首次受理,2026-03-18,10.4
T01489-2,T01489,2,补充沟通,2026-03-18,9.81
T01490-1,T01490,1,首次受理,2026-03-18,9.4
T01491-1,T01491,1,首次受理,2026-03-18,2.37
T01492-1,T01492,1,首次受理,2026-03-18,10.67
T01493-1,T01493,1,首次受理,2026-03-18,5.62
T01494-1,T01494,1,首次受理,2026-03-18,6.39
T01494-2,T01494,2,补充沟通,2026-03-18,9.66
T01495-1,T01495,1,首次受理,2026-03-18,6.7
T01496-1,T01496,1,首次受理,2026-03-18,3.04
T01497-1,T01497,1,首次受理,2026-03-18,10.81
T01498-1,T01498,1,首次受理,2026-03-18,8.22
T01499-1,T01499,1,首次受理,2026-03-18,7.8
T01500-1,T01500,1,首次受理,2026-03-18,7.82
T01501-1,T01501,1,首次受理,2026-03-18,11.23
T01501-2,T01501,2,补充沟通,2026-03-18,15.91
T01501-3,T01501,3,补充沟通,2026-03-18,14.84
T01502-1,T01502,1,首次受理,2026-03-18,5.28
T01503-1,T01503,1,首次受理,2026-03-18,8.83
T01503-2,T01503,2,补充沟通,2026-03-18,4.8
T01504-1,T01504,1,首次受理,2026-03-18,15.3
T01504-2,T01504,2,补充沟通,2026-03-18,4.45
T01504-3,T01504,3,补充沟通,2026-03-18,16.29
T01505-1,T01505,1,首次受理,2026-03-18,2.03
T01506-1,T01506,1,首次受理,2026-03-18,16.01
T01506-2,T01506,2,补充沟通,2026-03-18,9.97
T01507-1,T01507,1,首次受理,2026-03-18,8.66
T01507-2,T01507,2,补充沟通,2026-03-18,14.19
T01508-1,T01508,1,首次受理,2026-03-18,7.31
T01508-2,T01508,2,补充沟通,2026-03-18,3.97
T01509-1,T01509,1,首次受理,2026-03-18,6.44
T01510-1,T01510,1,首次受理,2026-03-18,12.31
T01510-2,T01510,2,补充沟通,2026-03-18,16.93
T01511-1,T01511,1,首次受理,2026-03-18,4.42
T01512-1,T01512,1,首次受理,2026-03-18,5.79
T01513-1,T01513,1,首次受理,2026-03-18,6.09
T01513-2,T01513,2,补充沟通,2026-03-18,13.21
T01513-3,T01513,3,补充沟通,2026-03-18,3.86
T01514-1,T01514,1,首次受理,2026-03-18,10.97
T01514-2,T01514,2,补充沟通,2026-03-18,4.5
T01515-1,T01515,1,首次受理,2026-03-18,3.35
T01516-1,T01516,1,首次受理,2026-03-18,2.44
T01517-1,T01517,1,首次受理,2026-03-18,14.76
T01517-2,T01517,2,补充沟通,2026-03-18,4.99
T01517-3,T01517,3,补充沟通,2026-03-18,12.39
T01518-1,T01518,1,首次受理,2026-03-18,8.0
T01519-1,T01519,1,首次受理,2026-03-18,8.3
T01520-1,T01520,1,首次受理,2026-03-18,2.05
T01521-1,T01521,1,首次受理,2026-03-18,5.66
T01521-2,T01521,2,补充沟通,2026-03-18,11.26
T01522-1,T01522,1,首次受理,2026-03-18,6.55
T01522-2,T01522,2,补充沟通,2026-03-18,7.96
T01522-3,T01522,3,补充沟通,2026-03-18,18.42
T01523-1,T01523,1,首次受理,2026-03-18,4.71
T01523-2,T01523,2,补充沟通,2026-03-18,19.56
T01523-3,T01523,3,补充沟通,2026-03-18,17.32
T01524-1,T01524,1,首次受理,2026-03-18,17.45
T01524-2,T01524,2,补充沟通,2026-03-18,8.01
T01525-1,T01525,1,首次受理,2026-03-18,7.57
T01526-1,T01526,1,首次受理,2026-03-18,10.37
T01527-1,T01527,1,首次受理,2026-03-18,3.22
T01528-1,T01528,1,首次受理,2026-03-18,16.14
T01528-2,T01528,2,补充沟通,2026-03-18,16.45
T01528-3,T01528,3,补充沟通,2026-03-18,10.7
T01529-1,T01529,1,首次受理,2026-03-18,10.33
T01530-1,T01530,1,首次受理,2026-03-18,2.21
T01530-2,T01530,2,补充沟通,2026-03-18,8.87
T01530-3,T01530,3,补充沟通,2026-03-18,3.97
T01531-1,T01531,1,首次受理,2026-03-18,2.83
T01531-2,T01531,2,补充沟通,2026-03-18,5.18
T01532-1,T01532,1,首次受理,2026-03-18,13.29
T01532-2,T01532,2,补充沟通,2026-03-18,11.22
T01532-3,T01532,3,补充沟通,2026-03-18,5.19
T01532-4,T01532,4,补充沟通,2026-03-18,15.0
T01533-1,T01533,1,首次受理,2026-03-18,2.46
T01534-1,T01534,1,首次受理,2026-03-18,10.61
T01535-1,T01535,1,首次受理,2026-03-18,6.14
T01536-1,T01536,1,首次受理,2026-03-18,4.37
T01536-2,T01536,2,补充沟通,2026-03-18,6.82
T01536-3,T01536,3,补充沟通,2026-03-18,6.99
T01537-1,T01537,1,首次受理,2026-03-18,8.72
T01537-2,T01537,2,补充沟通,2026-03-18,5.12
T01537-3,T01537,3,补充沟通,2026-03-18,6.07
T01538-1,T01538,1,首次受理,2026-03-18,10.6
T01538-2,T01538,2,补充沟通,2026-03-18,9.79
T01539-1,T01539,1,首次受理,2026-03-18,7.55
T01540-1,T01540,1,首次受理,2026-03-18,9.81
T01540-2,T01540,2,补充沟通,2026-03-18,13.06
T01541-1,T01541,1,首次受理,2026-03-18,3.13
T01541-2,T01541,2,补充沟通,2026-03-18,10.4
T01542-1,T01542,1,首次受理,2026-03-18,12.72
T01542-2,T01542,2,补充沟通,2026-03-18,15.12
T01543-1,T01543,1,首次受理,2026-03-18,9.12
T01544-1,T01544,1,首次受理,2026-03-18,7.13
T01545-1,T01545,1,首次受理,2026-03-18,13.42
T01545-2,T01545,2,补充沟通,2026-03-18,10.46
T01546-1,T01546,1,首次受理,2026-03-18,4.04
T01546-2,T01546,2,补充沟通,2026-03-18,14.05
T01547-1,T01547,1,首次受理,2026-03-18,9.21
T01547-2,T01547,2,补充沟通,2026-03-18,3.5
T01548-1,T01548,1,首次受理,2026-03-18,6.62
T01548-2,T01548,2,补充沟通,2026-03-18,15.6
T01548-3,T01548,3,补充沟通,2026-03-18,15.96
T01548-4,T01548,4,补充沟通,2026-03-18,17.59
T01549-1,T01549,1,首次受理,2026-03-18,2.44
T01549-2,T01549,2,补充沟通,2026-03-18,9.99
T01550-1,T01550,1,首次受理,2026-03-18,9.4
T01551-1,T01551,1,首次受理,2026-03-18,13.57
T01551-2,T01551,2,补充沟通,2026-03-18,8.16
T01552-1,T01552,1,首次受理,2026-03-18,6.02
T01552-2,T01552,2,补充沟通,2026-03-18,6.44
T01553-1,T01553,1,首次受理,2026-03-18,14.1
T01553-2,T01553,2,补充沟通,2026-03-18,12.47
T01554-1,T01554,1,首次受理,2026-03-18,4.38
T01555-1,T01555,1,首次受理,2026-03-18,16.48
T01555-2,T01555,2,补充沟通,2026-03-18,17.82
T01556-1,T01556,1,首次受理,2026-03-18,8.53
T01557-1,T01557,1,首次受理,2026-03-18,12.53
T01557-2,T01557,2,补充沟通,2026-03-18,14.01
T01558-1,T01558,1,首次受理,2026-03-18,17.94
T01558-2,T01558,2,补充沟通,2026-03-18,8.13
T01558-3,T01558,3,补充沟通,2026-03-18,10.82
T01559-1,T01559,1,首次受理,2026-03-18,7.67
T01559-2,T01559,2,补充沟通,2026-03-18,7.21
T01560-1,T01560,1,首次受理,2026-03-18,7.1
T01561-1,T01561,1,首次受理,2026-03-19,4.9
T01561-2,T01561,2,补充沟通,2026-03-19,6.4
T01562-1,T01562,1,首次受理,2026-03-19,14.78
T01562-2,T01562,2,补充沟通,2026-03-19,6.88
T01563-1,T01563,1,首次受理,2026-03-19,10.05
T01563-2,T01563,2,补充沟通,2026-03-19,3.11
T01564-1,T01564,1,首次受理,2026-03-19,8.58
T01564-2,T01564,2,补充沟通,2026-03-19,13.86
T01564-3,T01564,3,补充沟通,2026-03-19,9.15
T01565-1,T01565,1,首次受理,2026-03-19,4.32
T01565-2,T01565,2,补充沟通,2026-03-19,16.36
T01565-3,T01565,3,补充沟通,2026-03-19,4.28
T01566-1,T01566,1,首次受理,2026-03-19,14.91
T01566-2,T01566,2,补充沟通,2026-03-19,12.17
T01566-3,T01566,3,补充沟通,2026-03-19,6.49
T01567-1,T01567,1,首次受理,2026-03-19,18.25
T01567-2,T01567,2,补充沟通,2026-03-19,17.48
T01567-3,T01567,3,补充沟通,2026-03-19,12.93
T01568-1,T01568,1,首次受理,2026-03-19,14.35
T01568-2,T01568,2,补充沟通,2026-03-19,4.51
T01568-3,T01568,3,补充沟通,2026-03-19,19.22
T01569-1,T01569,1,首次受理,2026-03-19,10.71
T01570-1,T01570,1,首次受理,2026-03-19,6.95
T01570-2,T01570,2,补充沟通,2026-03-19,12.41
T01570-3,T01570,3,补充沟通,2026-03-19,10.0
T01571-1,T01571,1,首次受理,2026-03-19,16.33
T01571-2,T01571,2,补充沟通,2026-03-19,18.19
T01571-3,T01571,3,补充沟通,2026-03-19,13.29
T01572-1,T01572,1,首次受理,2026-03-19,4.9
T01572-2,T01572,2,补充沟通,2026-03-19,17.47
T01572-3,T01572,3,补充沟通,2026-03-19,18.48
T01573-1,T01573,1,首次受理,2026-03-19,13.48
T01573-2,T01573,2,补充沟通,2026-03-19,9.01
T01574-1,T01574,1,首次受理,2026-03-19,5.28
T01574-2,T01574,2,补充沟通,2026-03-19,7.6
T01574-3,T01574,3,补充沟通,2026-03-19,15.51
T01574-4,T01574,4,补充沟通,2026-03-19,18.44
T01575-1,T01575,1,首次受理,2026-03-19,8.24
T01575-2,T01575,2,补充沟通,2026-03-19,7.55
T01576-1,T01576,1,首次受理,2026-03-19,6.22
T01576-2,T01576,2,补充沟通,2026-03-19,4.42
T01576-3,T01576,3,补充沟通,2026-03-19,9.41
T01577-1,T01577,1,首次受理,2026-03-19,6.1
T01577-2,T01577,2,补充沟通,2026-03-19,17.82
T01578-1,T01578,1,首次受理,2026-03-19,19.5
T01578-2,T01578,2,补充沟通,2026-03-19,15.37
T01578-3,T01578,3,补充沟通,2026-03-19,14.18
T01579-1,T01579,1,首次受理,2026-03-19,10.45
T01579-2,T01579,2,补充沟通,2026-03-19,11.63
T01580-1,T01580,1,首次受理,2026-03-19,15.94
T01580-2,T01580,2,补充沟通,2026-03-19,17.31
T01581-1,T01581,1,首次受理,2026-03-19,11.24
T01581-2,T01581,2,补充沟通,2026-03-19,17.59
T01582-1,T01582,1,首次受理,2026-03-19,6.01
T01583-1,T01583,1,首次受理,2026-03-19,5.69
T01583-2,T01583,2,补充沟通,2026-03-19,5.63
T01584-1,T01584,1,首次受理,2026-03-19,11.88
T01584-2,T01584,2,补充沟通,2026-03-19,8.99
T01584-3,T01584,3,补充沟通,2026-03-19,17.31
T01585-1,T01585,1,首次受理,2026-03-19,6.2
T01585-2,T01585,2,补充沟通,2026-03-19,16.43
T01586-1,T01586,1,首次受理,2026-03-19,18.8
T01586-2,T01586,2,补充沟通,2026-03-19,17.16
T01586-3,T01586,3,补充沟通,2026-03-19,8.8
T01587-1,T01587,1,首次受理,2026-03-19,2.93
T01588-1,T01588,1,首次受理,2026-03-19,13.06
T01588-2,T01588,2,补充沟通,2026-03-19,4.11
T01589-1,T01589,1,首次受理,2026-03-19,15.23
T01589-2,T01589,2,补充沟通,2026-03-19,13.98
T01590-1,T01590,1,首次受理,2026-03-19,6.83
T01590-2,T01590,2,补充沟通,2026-03-19,19.21
T01590-3,T01590,3,补充沟通,2026-03-19,16.86
T01591-1,T01591,1,首次受理,2026-03-19,7.3
T01592-1,T01592,1,首次受理,2026-03-19,8.41
T01592-2,T01592,2,补充沟通,2026-03-19,11.8
T01593-1,T01593,1,首次受理,2026-03-19,12.51
T01593-2,T01593,2,补充沟通,2026-03-19,4.36
T01593-3,T01593,3,补充沟通,2026-03-19,8.14
T01593-4,T01593,4,补充沟通,2026-03-19,7.63
T01594-1,T01594,1,首次受理,2026-03-19,10.19
T01595-1,T01595,1,首次受理,2026-03-19,4.97
T01595-2,T01595,2,补充沟通,2026-03-19,8.74
T01595-3,T01595,3,补充沟通,2026-03-19,15.7
T01596-1,T01596,1,首次受理,2026-03-19,16.46
T01596-2,T01596,2,补充沟通,2026-03-19,9.09
T01597-1,T01597,1,首次受理,2026-03-19,4.77
T01597-2,T01597,2,补充沟通,2026-03-19,18.48
T01597-3,T01597,3,补充沟通,2026-03-19,18.94
T01598-1,T01598,1,首次受理,2026-03-19,15.33
T01598-2,T01598,2,补充沟通,2026-03-19,14.28
T01599-1,T01599,1,首次受理,2026-03-19,10.34
T01599-2,T01599,2,补充沟通,2026-03-19,19.29
T01600-1,T01600,1,首次受理,2026-03-19,14.2
T01600-2,T01600,2,补充沟通,2026-03-19,12.08
T01601-1,T01601,1,首次受理,2026-03-19,5.44
T01602-1,T01602,1,首次受理,2026-03-19,7.56
T01603-1,T01603,1,首次受理,2026-03-19,5.7
T01603-2,T01603,2,补充沟通,2026-03-19,11.6
T01603-3,T01603,3,补充沟通,2026-03-19,19.19
T01604-1,T01604,1,首次受理,2026-03-19,5.57
T01605-1,T01605,1,首次受理,2026-03-19,7.78
T01606-1,T01606,1,首次受理,2026-03-19,7.52
T01607-1,T01607,1,首次受理,2026-03-19,5.05
T01607-2,T01607,2,补充沟通,2026-03-19,10.78
T01608-1,T01608,1,首次受理,2026-03-19,7.76
T01608-2,T01608,2,补充沟通,2026-03-19,12.09
T01608-3,T01608,3,补充沟通,2026-03-19,7.82
T01609-1,T01609,1,首次受理,2026-03-19,9.2
T01610-1,T01610,1,首次受理,2026-03-19,4.24
T01611-1,T01611,1,首次受理,2026-03-19,3.78
T01611-2,T01611,2,补充沟通,2026-03-19,15.33
T01611-3,T01611,3,补充沟通,2026-03-19,6.62
T01612-1,T01612,1,首次受理,2026-03-19,3.1
T01613-1,T01613,1,首次受理,2026-03-19,6.76
T01613-2,T01613,2,补充沟通,2026-03-19,8.2
T01613-3,T01613,3,补充沟通,2026-03-19,9.97
T01614-1,T01614,1,首次受理,2026-03-19,8.53
T01614-2,T01614,2,补充沟通,2026-03-19,10.85
T01614-3,T01614,3,补充沟通,2026-03-19,9.65
T01615-1,T01615,1,首次受理,2026-03-19,5.92
T01616-1,T01616,1,首次受理,2026-03-19,9.34
T01617-1,T01617,1,首次受理,2026-03-19,2.69
T01618-1,T01618,1,首次受理,2026-03-19,2.55
T01619-1,T01619,1,首次受理,2026-03-19,3.23
T01620-1,T01620,1,首次受理,2026-03-19,3.46
T01620-2,T01620,2,补充沟通,2026-03-19,7.44
T01621-1,T01621,1,首次受理,2026-03-19,5.82
T01622-1,T01622,1,首次受理,2026-03-19,3.71
T01622-2,T01622,2,补充沟通,2026-03-19,5.56
T01623-1,T01623,1,首次受理,2026-03-19,2.96
T01624-1,T01624,1,首次受理,2026-03-19,8.73
T01625-1,T01625,1,首次受理,2026-03-19,9.57
T01626-1,T01626,1,首次受理,2026-03-19,10.02
T01626-2,T01626,2,补充沟通,2026-03-19,6.04
T01626-3,T01626,3,补充沟通,2026-03-19,6.0
T01627-1,T01627,1,首次受理,2026-03-19,7.44
T01628-1,T01628,1,首次受理,2026-03-19,4.77
T01629-1,T01629,1,首次受理,2026-03-19,8.9
T01629-2,T01629,2,补充沟通,2026-03-19,7.67
T01630-1,T01630,1,首次受理,2026-03-19,10.97
T01631-1,T01631,1,首次受理,2026-03-19,17.32
T01631-2,T01631,2,补充沟通,2026-03-19,11.56
T01631-3,T01631,3,补充沟通,2026-03-19,13.62
T01632-1,T01632,1,首次受理,2026-03-19,3.71
T01633-1,T01633,1,首次受理,2026-03-19,10.32
T01634-1,T01634,1,首次受理,2026-03-19,11.45
T01634-2,T01634,2,补充沟通,2026-03-19,4.66
T01635-1,T01635,1,首次受理,2026-03-19,3.57
T01636-1,T01636,1,首次受理,2026-03-19,8.31
T01637-1,T01637,1,首次受理,2026-03-19,2.6
T01638-1,T01638,1,首次受理,2026-03-19,17.39
T01638-2,T01638,2,补充沟通,2026-03-19,16.09
T01639-1,T01639,1,首次受理,2026-03-19,16.38
T01639-2,T01639,2,补充沟通,2026-03-19,9.66
T01640-1,T01640,1,首次受理,2026-03-19,4.95
T01640-2,T01640,2,补充沟通,2026-03-19,2.24
T01641-1,T01641,1,首次受理,2026-03-19,16.77
T01641-2,T01641,2,补充沟通,2026-03-19,14.58
T01641-3,T01641,3,补充沟通,2026-03-19,14.79
T01642-1,T01642,1,首次受理,2026-03-19,6.16
T01642-2,T01642,2,补充沟通,2026-03-19,9.77
T01643-1,T01643,1,首次受理,2026-03-19,10.67
T01643-2,T01643,2,补充沟通,2026-03-19,10.38
T01644-1,T01644,1,首次受理,2026-03-19,2.4
T01644-2,T01644,2,补充沟通,2026-03-19,8.17
T01645-1,T01645,1,首次受理,2026-03-19,14.85
T01645-2,T01645,2,补充沟通,2026-03-19,5.89
T01646-1,T01646,1,首次受理,2026-03-19,10.47
T01647-1,T01647,1,首次受理,2026-03-19,5.32
T01648-1,T01648,1,首次受理,2026-03-19,9.23
T01649-1,T01649,1,首次受理,2026-03-19,10.94
T01649-2,T01649,2,补充沟通,2026-03-19,9.57
T01650-1,T01650,1,首次受理,2026-03-19,18.38
T01650-2,T01650,2,补充沟通,2026-03-19,9.18
T01651-1,T01651,1,首次受理,2026-03-19,8.53
T01651-2,T01651,2,补充沟通,2026-03-19,4.57
T01652-1,T01652,1,首次受理,2026-03-19,19.68
T01652-2,T01652,2,补充沟通,2026-03-19,15.17
T01653-1,T01653,1,首次受理,2026-03-19,3.65
T01653-2,T01653,2,补充沟通,2026-03-19,18.62
T01654-1,T01654,1,首次受理,2026-03-19,4.56
T01654-2,T01654,2,补充沟通,2026-03-19,15.67
T01655-1,T01655,1,首次受理,2026-03-19,5.53
T01656-1,T01656,1,首次受理,2026-03-19,18.41
T01656-2,T01656,2,补充沟通,2026-03-19,13.32
T01657-1,T01657,1,首次受理,2026-03-19,5.9
T01658-1,T01658,1,首次受理,2026-03-19,3.89
T01658-2,T01658,2,补充沟通,2026-03-19,6.52
T01659-1,T01659,1,首次受理,2026-03-19,8.36
T01660-1,T01660,1,首次受理,2026-03-19,5.11
T01660-2,T01660,2,补充沟通,2026-03-19,13.5
T01661-1,T01661,1,首次受理,2026-03-19,4.2
T01661-2,T01661,2,补充沟通,2026-03-19,5.48
T01662-1,T01662,1,首次受理,2026-03-19,9.79
T01663-1,T01663,1,首次受理,2026-03-19,3.63
T01664-1,T01664,1,首次受理,2026-03-19,6.67
T01665-1,T01665,1,首次受理,2026-03-19,11.08
T01665-2,T01665,2,补充沟通,2026-03-19,10.29
T01665-3,T01665,3,补充沟通,2026-03-19,8.46
T01666-1,T01666,1,首次受理,2026-03-19,13.07
T01666-2,T01666,2,补充沟通,2026-03-19,15.92
T01666-3,T01666,3,补充沟通,2026-03-19,5.11
T01667-1,T01667,1,首次受理,2026-03-19,6.19
T01667-2,T01667,2,补充沟通,2026-03-19,13.82
T01668-1,T01668,1,首次受理,2026-03-19,3.29
T01669-1,T01669,1,首次受理,2026-03-19,7.46
T01669-2,T01669,2,补充沟通,2026-03-19,15.26
T01669-3,T01669,3,补充沟通,2026-03-19,12.18
T01669-4,T01669,4,补充沟通,2026-03-19,19.39
T01670-1,T01670,1,首次受理,2026-03-19,4.03
T01670-2,T01670,2,补充沟通,2026-03-19,9.8
T01671-1,T01671,1,首次受理,2026-03-19,5.0
T01671-2,T01671,2,补充沟通,2026-03-19,9.44
T01672-1,T01672,1,首次受理,2026-03-19,18.18
T01672-2,T01672,2,补充沟通,2026-03-19,7.88
T01673-1,T01673,1,首次受理,2026-03-19,9.86
T01674-1,T01674,1,首次受理,2026-03-19,7.97
T01674-2,T01674,2,补充沟通,2026-03-19,14.91
T01674-3,T01674,3,补充沟通,2026-03-19,17.65
T01675-1,T01675,1,首次受理,2026-03-19,15.56
T01675-2,T01675,2,补充沟通,2026-03-19,9.43
T01676-1,T01676,1,首次受理,2026-03-19,6.01
T01677-1,T01677,1,首次受理,2026-03-19,9.82
T01678-1,T01678,1,首次受理,2026-03-19,7.56
T01678-2,T01678,2,补充沟通,2026-03-19,10.49
T01679-1,T01679,1,首次受理,2026-03-19,10.28
T01680-1,T01680,1,首次受理,2026-03-19,8.51
T01680-2,T01680,2,补充沟通,2026-03-19,15.09
T01681-1,T01681,1,首次受理,2026-03-20,7.73
T01681-2,T01681,2,补充沟通,2026-03-20,5.47
T01682-1,T01682,1,首次受理,2026-03-20,7.56
T01682-2,T01682,2,补充沟通,2026-03-20,5.56
T01683-1,T01683,1,首次受理,2026-03-20,3.63
T01683-2,T01683,2,补充沟通,2026-03-20,18.06
T01683-3,T01683,3,补充沟通,2026-03-20,4.01
T01684-1,T01684,1,首次受理,2026-03-20,14.39
T01684-2,T01684,2,补充沟通,2026-03-20,17.74
T01684-3,T01684,3,补充沟通,2026-03-20,12.51
T01685-1,T01685,1,首次受理,2026-03-20,14.74
T01685-2,T01685,2,补充沟通,2026-03-20,18.6
T01686-1,T01686,1,首次受理,2026-03-20,10.2
T01686-2,T01686,2,补充沟通,2026-03-20,13.29
T01687-1,T01687,1,首次受理,2026-03-20,2.28
T01688-1,T01688,1,首次受理,2026-03-20,13.06
T01688-2,T01688,2,补充沟通,2026-03-20,9.16
T01689-1,T01689,1,首次受理,2026-03-20,6.33
T01690-1,T01690,1,首次受理,2026-03-20,15.26
T01690-2,T01690,2,补充沟通,2026-03-20,12.85
T01690-3,T01690,3,补充沟通,2026-03-20,9.17
T01691-1,T01691,1,首次受理,2026-03-20,4.2
T01691-2,T01691,2,补充沟通,2026-03-20,8.21
T01692-1,T01692,1,首次受理,2026-03-20,3.68
T01692-2,T01692,2,补充沟通,2026-03-20,4.89
T01693-1,T01693,1,首次受理,2026-03-20,2.49
T01693-2,T01693,2,补充沟通,2026-03-20,5.07
T01694-1,T01694,1,首次受理,2026-03-20,7.42
T01695-1,T01695,1,首次受理,2026-03-20,14.33
T01695-2,T01695,2,补充沟通,2026-03-20,10.9
T01696-1,T01696,1,首次受理,2026-03-20,8.86
T01696-2,T01696,2,补充沟通,2026-03-20,13.86
T01697-1,T01697,1,首次受理,2026-03-20,19.37
T01697-2,T01697,2,补充沟通,2026-03-20,5.84
T01698-1,T01698,1,首次受理,2026-03-20,11.81
T01698-2,T01698,2,补充沟通,2026-03-20,11.84
T01698-3,T01698,3,补充沟通,2026-03-20,6.31
T01699-1,T01699,1,首次受理,2026-03-20,6.66
T01700-1,T01700,1,首次受理,2026-03-20,13.48
T01700-2,T01700,2,补充沟通,2026-03-20,12.91
T01701-1,T01701,1,首次受理,2026-03-20,17.66
T01701-2,T01701,2,补充沟通,2026-03-20,16.87
T01702-1,T01702,1,首次受理,2026-03-20,18.21
T01702-2,T01702,2,补充沟通,2026-03-20,14.94
T01703-1,T01703,1,首次受理,2026-03-20,19.71
T01703-2,T01703,2,补充沟通,2026-03-20,14.95
T01704-1,T01704,1,首次受理,2026-03-20,6.3
T01704-2,T01704,2,补充沟通,2026-03-20,6.56
T01705-1,T01705,1,首次受理,2026-03-20,5.33
T01705-2,T01705,2,补充沟通,2026-03-20,9.41
T01706-1,T01706,1,首次受理,2026-03-20,17.3
T01706-2,T01706,2,补充沟通,2026-03-20,18.37
T01706-3,T01706,3,补充沟通,2026-03-20,17.45
T01707-1,T01707,1,首次受理,2026-03-20,7.76
T01708-1,T01708,1,首次受理,2026-03-20,8.37
T01708-2,T01708,2,补充沟通,2026-03-20,9.0
T01709-1,T01709,1,首次受理,2026-03-20,3.99
T01709-2,T01709,2,补充沟通,2026-03-20,3.99
T01710-1,T01710,1,首次受理,2026-03-20,10.79
T01710-2,T01710,2,补充沟通,2026-03-20,10.15
T01711-1,T01711,1,首次受理,2026-03-20,14.64
T01711-2,T01711,2,补充沟通,2026-03-20,16.83
T01712-1,T01712,1,首次受理,2026-03-20,19.14
T01712-2,T01712,2,补充沟通,2026-03-20,13.65
T01712-3,T01712,3,补充沟通,2026-03-20,17.93
T01713-1,T01713,1,首次受理,2026-03-20,10.13
T01713-2,T01713,2,补充沟通,2026-03-20,15.08
T01714-1,T01714,1,首次受理,2026-03-20,16.67
T01714-2,T01714,2,补充沟通,2026-03-20,9.42
T01715-1,T01715,1,首次受理,2026-03-20,2.99
T01716-1,T01716,1,首次受理,2026-03-20,4.93
T01716-2,T01716,2,补充沟通,2026-03-20,15.31
T01717-1,T01717,1,首次受理,2026-03-20,15.99
T01717-2,T01717,2,补充沟通,2026-03-20,11.99
T01717-3,T01717,3,补充沟通,2026-03-20,11.6
T01718-1,T01718,1,首次受理,2026-03-20,17.69
T01718-2,T01718,2,补充沟通,2026-03-20,7.27
T01719-1,T01719,1,首次受理,2026-03-20,12.06
T01719-2,T01719,2,补充沟通,2026-03-20,6.68
T01719-3,T01719,3,补充沟通,2026-03-20,9.23
T01720-1,T01720,1,首次受理,2026-03-20,17.75
T01720-2,T01720,2,补充沟通,2026-03-20,12.78
T01720-3,T01720,3,补充沟通,2026-03-20,17.68
T01721-1,T01721,1,首次受理,2026-03-20,9.22
T01722-1,T01722,1,首次受理,2026-03-20,4.83
T01722-2,T01722,2,补充沟通,2026-03-20,9.71
T01723-1,T01723,1,首次受理,2026-03-20,3.97
T01723-2,T01723,2,补充沟通,2026-03-20,13.21
T01724-1,T01724,1,首次受理,2026-03-20,8.24
T01725-1,T01725,1,首次受理,2026-03-20,5.13
T01726-1,T01726,1,首次受理,2026-03-20,5.57
T01726-2,T01726,2,补充沟通,2026-03-20,11.43
T01727-1,T01727,1,首次受理,2026-03-20,9.97
T01727-2,T01727,2,补充沟通,2026-03-20,4.67
T01728-1,T01728,1,首次受理,2026-03-20,10.78
T01728-2,T01728,2,补充沟通,2026-03-20,9.9
T01728-3,T01728,3,补充沟通,2026-03-20,19.59
T01729-1,T01729,1,首次受理,2026-03-20,3.92
T01730-1,T01730,1,首次受理,2026-03-20,16.4
T01730-2,T01730,2,补充沟通,2026-03-20,11.35
T01730-3,T01730,3,补充沟通,2026-03-20,9.01
T01730-4,T01730,4,补充沟通,2026-03-20,14.4
T01731-1,T01731,1,首次受理,2026-03-20,17.33
T01731-2,T01731,2,补充沟通,2026-03-20,16.97
T01731-3,T01731,3,补充沟通,2026-03-20,11.3
T01732-1,T01732,1,首次受理,2026-03-20,6.01
T01733-1,T01733,1,首次受理,2026-03-20,2.63
T01734-1,T01734,1,首次受理,2026-03-20,12.41
T01734-2,T01734,2,补充沟通,2026-03-20,9.93
T01735-1,T01735,1,首次受理,2026-03-20,5.92
T01736-1,T01736,1,首次受理,2026-03-20,15.23
T01736-2,T01736,2,补充沟通,2026-03-20,17.38
T01737-1,T01737,1,首次受理,2026-03-20,5.73
T01738-1,T01738,1,首次受理,2026-03-20,5.27
T01738-2,T01738,2,补充沟通,2026-03-20,17.19
T01739-1,T01739,1,首次受理,2026-03-20,8.66
T01739-2,T01739,2,补充沟通,2026-03-20,5.45
T01740-1,T01740,1,首次受理,2026-03-20,5.73
T01740-2,T01740,2,补充沟通,2026-03-20,2.52
T01741-1,T01741,1,首次受理,2026-03-20,10.59
T01742-1,T01742,1,首次受理,2026-03-20,2.29
T01743-1,T01743,1,首次受理,2026-03-20,10.4
T01744-1,T01744,1,首次受理,2026-03-20,5.57
T01745-1,T01745,1,首次受理,2026-03-20,3.98
T01745-2,T01745,2,补充沟通,2026-03-20,9.06
T01746-1,T01746,1,首次受理,2026-03-20,10.01
T01747-1,T01747,1,首次受理,2026-03-20,2.95
T01748-1,T01748,1,首次受理,2026-03-20,9.24
T01749-1,T01749,1,首次受理,2026-03-20,10.41
T01750-1,T01750,1,首次受理,2026-03-20,12.08
T01750-2,T01750,2,补充沟通,2026-03-20,10.08
T01750-3,T01750,3,补充沟通,2026-03-20,10.7
T01751-1,T01751,1,首次受理,2026-03-20,4.02
T01752-1,T01752,1,首次受理,2026-03-20,3.44
T01753-1,T01753,1,首次受理,2026-03-20,7.72
T01753-2,T01753,2,补充沟通,2026-03-20,8.16
T01754-1,T01754,1,首次受理,2026-03-20,5.92
T01755-1,T01755,1,首次受理,2026-03-20,4.62
T01755-2,T01755,2,补充沟通,2026-03-20,5.33
T01755-3,T01755,3,补充沟通,2026-03-20,14.43
T01756-1,T01756,1,首次受理,2026-03-20,6.42
T01757-1,T01757,1,首次受理,2026-03-20,7.6
T01757-2,T01757,2,补充沟通,2026-03-20,17.69
T01758-1,T01758,1,首次受理,2026-03-20,10.31
T01758-2,T01758,2,补充沟通,2026-03-20,17.02
T01758-3,T01758,3,补充沟通,2026-03-20,17.08
T01759-1,T01759,1,首次受理,2026-03-20,5.82
T01759-2,T01759,2,补充沟通,2026-03-20,9.05
T01760-1,T01760,1,首次受理,2026-03-20,6.25
T01760-2,T01760,2,补充沟通,2026-03-20,19.42
T01761-1,T01761,1,首次受理,2026-03-20,5.73
T01762-1,T01762,1,首次受理,2026-03-20,12.28
T01762-2,T01762,2,补充沟通,2026-03-20,5.48
T01763-1,T01763,1,首次受理,2026-03-20,9.44
T01764-1,T01764,1,首次受理,2026-03-20,19.41
T01764-2,T01764,2,补充沟通,2026-03-20,7.95
T01764-3,T01764,3,补充沟通,2026-03-20,11.19
T01765-1,T01765,1,首次受理,2026-03-20,6.5
T01765-2,T01765,2,补充沟通,2026-03-20,9.74
T01766-1,T01766,1,首次受理,2026-03-20,8.17
T01767-1,T01767,1,首次受理,2026-03-20,9.35
T01767-2,T01767,2,补充沟通,2026-03-20,6.73
T01767-3,T01767,3,补充沟通,2026-03-20,6.25
T01768-1,T01768,1,首次受理,2026-03-20,5.69
T01768-2,T01768,2,补充沟通,2026-03-20,6.8
T01769-1,T01769,1,首次受理,2026-03-20,10.79
T01770-1,T01770,1,首次受理,2026-03-20,5.67
T01770-2,T01770,2,补充沟通,2026-03-20,11.69
T01771-1,T01771,1,首次受理,2026-03-20,4.83
T01771-2,T01771,2,补充沟通,2026-03-20,10.81
T01772-1,T01772,1,首次受理,2026-03-20,15.36
T01772-2,T01772,2,补充沟通,2026-03-20,15.03
T01772-3,T01772,3,补充沟通,2026-03-20,6.41
T01772-4,T01772,4,补充沟通,2026-03-20,10.85
T01773-1,T01773,1,首次受理,2026-03-20,19.54
T01773-2,T01773,2,补充沟通,2026-03-20,19.53
T01774-1,T01774,1,首次受理,2026-03-20,5.95
T01774-2,T01774,2,补充沟通,2026-03-20,12.25
T01775-1,T01775,1,首次受理,2026-03-20,2.62
T01776-1,T01776,1,首次受理,2026-03-20,14.3
T01776-2,T01776,2,补充沟通,2026-03-20,17.61
T01777-1,T01777,1,首次受理,2026-03-20,3.76
T01777-2,T01777,2,补充沟通,2026-03-20,10.26
T01778-1,T01778,1,首次受理,2026-03-20,7.44
T01779-1,T01779,1,首次受理,2026-03-20,4.86
T01779-2,T01779,2,补充沟通,2026-03-20,11.62
T01779-3,T01779,3,补充沟通,2026-03-20,5.15
T01780-1,T01780,1,首次受理,2026-03-20,7.05
T01781-1,T01781,1,首次受理,2026-03-20,15.96
T01781-2,T01781,2,补充沟通,2026-03-20,18.03
T01781-3,T01781,3,补充沟通,2026-03-20,16.53
T01782-1,T01782,1,首次受理,2026-03-20,3.68
T01782-2,T01782,2,补充沟通,2026-03-20,17.89
T01783-1,T01783,1,首次受理,2026-03-20,2.25
T01783-2,T01783,2,补充沟通,2026-03-20,5.88
T01784-1,T01784,1,首次受理,2026-03-20,5.18
T01784-2,T01784,2,补充沟通,2026-03-20,10.91
T01785-1,T01785,1,首次受理,2026-03-20,10.11
T01786-1,T01786,1,首次受理,2026-03-20,2.68
T01787-1,T01787,1,首次受理,2026-03-20,5.29
T01788-1,T01788,1,首次受理,2026-03-20,8.42
T01788-2,T01788,2,补充沟通,2026-03-20,8.89
T01789-1,T01789,1,首次受理,2026-03-20,2.43
T01789-2,T01789,2,补充沟通,2026-03-20,6.2
T01790-1,T01790,1,首次受理,2026-03-20,5.82
T01790-2,T01790,2,补充沟通,2026-03-20,6.58
T01791-1,T01791,1,首次受理,2026-03-20,7.3
T01792-1,T01792,1,首次受理,2026-03-20,13.59
T01792-2,T01792,2,补充沟通,2026-03-20,9.52
T01792-3,T01792,3,补充沟通,2026-03-20,14.1
T01793-1,T01793,1,首次受理,2026-03-20,4.05
T01793-2,T01793,2,补充沟通,2026-03-20,5.82
T01794-1,T01794,1,首次受理,2026-03-20,10.26
T01795-1,T01795,1,首次受理,2026-03-20,18.06
T01795-2,T01795,2,补充沟通,2026-03-20,11.2
T01795-3,T01795,3,补充沟通,2026-03-20,8.44
T01796-1,T01796,1,首次受理,2026-03-20,13.24
T01796-2,T01796,2,补充沟通,2026-03-20,17.68
T01797-1,T01797,1,首次受理,2026-03-20,6.76
T01797-2,T01797,2,补充沟通,2026-03-20,11.74
T01797-3,T01797,3,补充沟通,2026-03-20,18.82
T01798-1,T01798,1,首次受理,2026-03-20,6.6
T01799-1,T01799,1,首次受理,2026-03-20,6.75
T01799-2,T01799,2,补充沟通,2026-03-20,3.99
T01800-1,T01800,1,首次受理,2026-03-20,6.23
T01800-2,T01800,2,补充沟通,2026-03-20,13.47
T01801-1,T01801,1,首次受理,2026-03-23,3.84
T01801-2,T01801,2,补充沟通,2026-03-23,19.52
T01801-3,T01801,3,补充沟通,2026-03-23,6.45
T01801-4,T01801,4,补充沟通,2026-03-23,14.07
T01802-1,T01802,1,首次受理,2026-03-23,15.69
T01802-2,T01802,2,补充沟通,2026-03-23,9.82
T01803-1,T01803,1,首次受理,2026-03-23,8.39
T01804-1,T01804,1,首次受理,2026-03-23,16.73
T01804-2,T01804,2,补充沟通,2026-03-23,18.87
T01805-1,T01805,1,首次受理,2026-03-23,6.31
T01806-1,T01806,1,首次受理,2026-03-23,10.96
T01806-2,T01806,2,补充沟通,2026-03-23,12.59
T01807-1,T01807,1,首次受理,2026-03-23,2.07
T01808-1,T01808,1,首次受理,2026-03-23,12.13
T01808-2,T01808,2,补充沟通,2026-03-23,17.81
T01809-1,T01809,1,首次受理,2026-03-23,9.35
T01809-2,T01809,2,补充沟通,2026-03-23,8.97
T01809-3,T01809,3,补充沟通,2026-03-23,11.42
T01810-1,T01810,1,首次受理,2026-03-23,17.37
T01810-2,T01810,2,补充沟通,2026-03-23,18.85
T01811-1,T01811,1,首次受理,2026-03-23,15.56
T01811-2,T01811,2,补充沟通,2026-03-23,18.23
T01812-1,T01812,1,首次受理,2026-03-23,8.34
T01813-1,T01813,1,首次受理,2026-03-23,9.41
T01814-1,T01814,1,首次受理,2026-03-23,11.39
T01814-2,T01814,2,补充沟通,2026-03-23,5.57
T01814-3,T01814,3,补充沟通,2026-03-23,12.45
T01815-1,T01815,1,首次受理,2026-03-23,14.76
T01815-2,T01815,2,补充沟通,2026-03-23,4.44
T01816-1,T01816,1,首次受理,2026-03-23,13.95
T01816-2,T01816,2,补充沟通,2026-03-23,17.82
T01817-1,T01817,1,首次受理,2026-03-23,9.71
T01817-2,T01817,2,补充沟通,2026-03-23,15.63
T01818-1,T01818,1,首次受理,2026-03-23,4.24
T01818-2,T01818,2,补充沟通,2026-03-23,7.52
T01819-1,T01819,1,首次受理,2026-03-23,11.39
T01819-2,T01819,2,补充沟通,2026-03-23,11.85
T01820-1,T01820,1,首次受理,2026-03-23,18.67
T01820-2,T01820,2,补充沟通,2026-03-23,11.22
T01821-1,T01821,1,首次受理,2026-03-23,14.72
T01821-2,T01821,2,补充沟通,2026-03-23,16.07
T01821-3,T01821,3,补充沟通,2026-03-23,7.95
T01821-4,T01821,4,补充沟通,2026-03-23,17.11
T01822-1,T01822,1,首次受理,2026-03-23,8.01
T01823-1,T01823,1,首次受理,2026-03-23,14.53
T01823-2,T01823,2,补充沟通,2026-03-23,6.72
T01823-3,T01823,3,补充沟通,2026-03-23,10.32
T01824-1,T01824,1,首次受理,2026-03-23,4.53
T01824-2,T01824,2,补充沟通,2026-03-23,16.42
T01824-3,T01824,3,补充沟通,2026-03-23,10.01
T01825-1,T01825,1,首次受理,2026-03-23,14.74
T01825-2,T01825,2,补充沟通,2026-03-23,19.09
T01826-1,T01826,1,首次受理,2026-03-23,7.11
T01826-2,T01826,2,补充沟通,2026-03-23,15.84
T01826-3,T01826,3,补充沟通,2026-03-23,11.11
T01827-1,T01827,1,首次受理,2026-03-23,14.47
T01827-2,T01827,2,补充沟通,2026-03-23,5.76
T01828-1,T01828,1,首次受理,2026-03-23,2.59
T01829-1,T01829,1,首次受理,2026-03-23,8.93
T01829-2,T01829,2,补充沟通,2026-03-23,18.32
T01829-3,T01829,3,补充沟通,2026-03-23,17.04
T01830-1,T01830,1,首次受理,2026-03-23,9.95
T01831-1,T01831,1,首次受理,2026-03-23,12.51
T01831-2,T01831,2,补充沟通,2026-03-23,19.23
T01832-1,T01832,1,首次受理,2026-03-23,14.73
T01832-2,T01832,2,补充沟通,2026-03-23,9.94
T01833-1,T01833,1,首次受理,2026-03-23,10.68
T01833-2,T01833,2,补充沟通,2026-03-23,15.76
T01834-1,T01834,1,首次受理,2026-03-23,5.98
T01834-2,T01834,2,补充沟通,2026-03-23,13.53
T01835-1,T01835,1,首次受理,2026-03-23,4.35
T01835-2,T01835,2,补充沟通,2026-03-23,9.69
T01836-1,T01836,1,首次受理,2026-03-23,14.01
T01836-2,T01836,2,补充沟通,2026-03-23,15.68
T01837-1,T01837,1,首次受理,2026-03-23,17.24
T01837-2,T01837,2,补充沟通,2026-03-23,17.84
T01837-3,T01837,3,补充沟通,2026-03-23,8.04
T01838-1,T01838,1,首次受理,2026-03-23,6.51
T01838-2,T01838,2,补充沟通,2026-03-23,10.86
T01839-1,T01839,1,首次受理,2026-03-23,16.15
T01839-2,T01839,2,补充沟通,2026-03-23,9.62
T01840-1,T01840,1,首次受理,2026-03-23,16.46
T01840-2,T01840,2,补充沟通,2026-03-23,17.81
T01840-3,T01840,3,补充沟通,2026-03-23,17.32
T01841-1,T01841,1,首次受理,2026-03-23,2.9
T01841-2,T01841,2,补充沟通,2026-03-23,2.69
T01842-1,T01842,1,首次受理,2026-03-23,3.27
T01843-1,T01843,1,首次受理,2026-03-23,3.85
T01844-1,T01844,1,首次受理,2026-03-23,18.0
T01844-2,T01844,2,补充沟通,2026-03-23,18.63
T01844-3,T01844,3,补充沟通,2026-03-23,8.78
T01845-1,T01845,1,首次受理,2026-03-23,9.82
T01846-1,T01846,1,首次受理,2026-03-23,3.86
T01846-2,T01846,2,补充沟通,2026-03-23,16.9
T01847-1,T01847,1,首次受理,2026-03-23,13.39
T01847-2,T01847,2,补充沟通,2026-03-23,17.2
T01848-1,T01848,1,首次受理,2026-03-23,3.57
T01848-2,T01848,2,补充沟通,2026-03-23,3.28
T01849-1,T01849,1,首次受理,2026-03-23,2.3
T01850-1,T01850,1,首次受理,2026-03-23,8.36
T01851-1,T01851,1,首次受理,2026-03-23,8.34
T01851-2,T01851,2,补充沟通,2026-03-23,12.8
T01852-1,T01852,1,首次受理,2026-03-23,9.95
T01853-1,T01853,1,首次受理,2026-03-23,10.26
T01853-2,T01853,2,补充沟通,2026-03-23,10.42
T01854-1,T01854,1,首次受理,2026-03-23,2.57
T01855-1,T01855,1,首次受理,2026-03-23,8.07
T01856-1,T01856,1,首次受理,2026-03-23,9.79
T01857-1,T01857,1,首次受理,2026-03-23,8.64
T01858-1,T01858,1,首次受理,2026-03-23,2.17
T01859-1,T01859,1,首次受理,2026-03-23,3.34
T01860-1,T01860,1,首次受理,2026-03-23,18.09
T01860-2,T01860,2,补充沟通,2026-03-23,16.77
T01861-1,T01861,1,首次受理,2026-03-23,7.65
T01862-1,T01862,1,首次受理,2026-03-23,10.65
T01863-1,T01863,1,首次受理,2026-03-23,5.53
T01864-1,T01864,1,首次受理,2026-03-23,16.05
T01864-2,T01864,2,补充沟通,2026-03-23,5.36
T01864-3,T01864,3,补充沟通,2026-03-23,8.59
T01865-1,T01865,1,首次受理,2026-03-23,3.95
T01866-1,T01866,1,首次受理,2026-03-23,4.59
T01867-1,T01867,1,首次受理,2026-03-23,8.76
T01868-1,T01868,1,首次受理,2026-03-23,8.2
T01869-1,T01869,1,首次受理,2026-03-23,4.9
T01870-1,T01870,1,首次受理,2026-03-23,6.73
T01871-1,T01871,1,首次受理,2026-03-23,11.66
T01871-2,T01871,2,补充沟通,2026-03-23,5.55
T01871-3,T01871,3,补充沟通,2026-03-23,5.23
T01872-1,T01872,1,首次受理,2026-03-23,6.87
T01873-1,T01873,1,首次受理,2026-03-23,2.98
T01874-1,T01874,1,首次受理,2026-03-23,8.82
T01874-2,T01874,2,补充沟通,2026-03-23,10.82
T01875-1,T01875,1,首次受理,2026-03-23,2.5
T01876-1,T01876,1,首次受理,2026-03-23,5.16
T01877-1,T01877,1,首次受理,2026-03-23,4.74
T01878-1,T01878,1,首次受理,2026-03-23,6.27
T01878-2,T01878,2,补充沟通,2026-03-23,6.96
T01878-3,T01878,3,补充沟通,2026-03-23,10.96
T01879-1,T01879,1,首次受理,2026-03-23,8.14
T01879-2,T01879,2,补充沟通,2026-03-23,17.75
T01879-3,T01879,3,补充沟通,2026-03-23,15.22
T01880-1,T01880,1,首次受理,2026-03-23,10.58
T01881-1,T01881,1,首次受理,2026-03-23,3.96
T01881-2,T01881,2,补充沟通,2026-03-23,12.77
T01881-3,T01881,3,补充沟通,2026-03-23,4.65
T01882-1,T01882,1,首次受理,2026-03-23,14.45
T01882-2,T01882,2,补充沟通,2026-03-23,15.36
T01883-1,T01883,1,首次受理,2026-03-23,10.8
T01884-1,T01884,1,首次受理,2026-03-23,7.82
T01885-1,T01885,1,首次受理,2026-03-23,10.81
T01885-2,T01885,2,补充沟通,2026-03-23,15.12
T01885-3,T01885,3,补充沟通,2026-03-23,17.14
T01886-1,T01886,1,首次受理,2026-03-23,4.76
T01886-2,T01886,2,补充沟通,2026-03-23,14.8
T01886-3,T01886,3,补充沟通,2026-03-23,9.99
T01887-1,T01887,1,首次受理,2026-03-23,3.49
T01888-1,T01888,1,首次受理,2026-03-23,4.59
T01889-1,T01889,1,首次受理,2026-03-23,18.72
T01889-2,T01889,2,补充沟通,2026-03-23,7.06
T01890-1,T01890,1,首次受理,2026-03-23,6.17
T01890-2,T01890,2,补充沟通,2026-03-23,5.03
T01891-1,T01891,1,首次受理,2026-03-23,6.94
T01892-1,T01892,1,首次受理,2026-03-23,8.74
T01892-2,T01892,2,补充沟通,2026-03-23,3.96
T01893-1,T01893,1,首次受理,2026-03-23,4.9
T01894-1,T01894,1,首次受理,2026-03-23,11.31
T01894-2,T01894,2,补充沟通,2026-03-23,9.46
T01894-3,T01894,3,补充沟通,2026-03-23,15.92
T01895-1,T01895,1,首次受理,2026-03-23,9.03
T01895-2,T01895,2,补充沟通,2026-03-23,19.56
T01896-1,T01896,1,首次受理,2026-03-23,18.51
T01896-2,T01896,2,补充沟通,2026-03-23,6.06
T01896-3,T01896,3,补充沟通,2026-03-23,11.45
T01896-4,T01896,4,补充沟通,2026-03-23,19.02
T01897-1,T01897,1,首次受理,2026-03-23,3.26
T01898-1,T01898,1,首次受理,2026-03-23,15.65
T01898-2,T01898,2,补充沟通,2026-03-23,17.61
T01898-3,T01898,3,补充沟通,2026-03-23,12.21
T01899-1,T01899,1,首次受理,2026-03-23,4.04
T01900-1,T01900,1,首次受理,2026-03-23,10.19
T01900-2,T01900,2,补充沟通,2026-03-23,12.95
T01901-1,T01901,1,首次受理,2026-03-23,8.86
T01902-1,T01902,1,首次受理,2026-03-23,13.59
T01902-2,T01902,2,补充沟通,2026-03-23,14.71
T01902-3,T01902,3,补充沟通,2026-03-23,4.71
T01903-1,T01903,1,首次受理,2026-03-23,10.63
T01903-2,T01903,2,补充沟通,2026-03-23,11.58
T01904-1,T01904,1,首次受理,2026-03-23,15.0
T01904-2,T01904,2,补充沟通,2026-03-23,9.32
T01904-3,T01904,3,补充沟通,2026-03-23,10.46
T01905-1,T01905,1,首次受理,2026-03-23,18.85
T01905-2,T01905,2,补充沟通,2026-03-23,18.11
T01906-1,T01906,1,首次受理,2026-03-23,13.53
T01906-2,T01906,2,补充沟通,2026-03-23,8.51
T01907-1,T01907,1,首次受理,2026-03-23,8.84
T01908-1,T01908,1,首次受理,2026-03-23,4.96
T01909-1,T01909,1,首次受理,2026-03-23,18.9
T01909-2,T01909,2,补充沟通,2026-03-23,9.52
T01909-3,T01909,3,补充沟通,2026-03-23,16.78
T01910-1,T01910,1,首次受理,2026-03-23,16.2
T01910-2,T01910,2,补充沟通,2026-03-23,6.75
T01911-1,T01911,1,首次受理,2026-03-23,6.26
T01911-2,T01911,2,补充沟通,2026-03-23,7.39
T01912-1,T01912,1,首次受理,2026-03-23,7.6
T01913-1,T01913,1,首次受理,2026-03-23,2.05
T01914-1,T01914,1,首次受理,2026-03-23,8.84
T01915-1,T01915,1,首次受理,2026-03-23,5.41
T01915-2,T01915,2,补充沟通,2026-03-23,10.63
T01916-1,T01916,1,首次受理,2026-03-23,3.37
T01917-1,T01917,1,首次受理,2026-03-23,2.87
T01918-1,T01918,1,首次受理,2026-03-23,2.16
T01919-1,T01919,1,首次受理,2026-03-23,14.33
T01919-2,T01919,2,补充沟通,2026-03-23,9.3
T01920-1,T01920,1,首次受理,2026-03-23,9.95
T01921-1,T01921,1,首次受理,2026-03-24,10.19
T01921-2,T01921,2,补充沟通,2026-03-24,7.9
T01922-1,T01922,1,首次受理,2026-03-24,4.59
T01922-2,T01922,2,补充沟通,2026-03-24,5.67
T01923-1,T01923,1,首次受理,2026-03-24,3.52
T01923-2,T01923,2,补充沟通,2026-03-24,3.01
T01924-1,T01924,1,首次受理,2026-03-24,11.88
T01924-2,T01924,2,补充沟通,2026-03-24,7.9
T01924-3,T01924,3,补充沟通,2026-03-24,11.23
T01925-1,T01925,1,首次受理,2026-03-24,7.91
T01925-2,T01925,2,补充沟通,2026-03-24,15.64
T01926-1,T01926,1,首次受理,2026-03-24,13.62
T01926-2,T01926,2,补充沟通,2026-03-24,10.57
T01927-1,T01927,1,首次受理,2026-03-24,14.83
T01927-2,T01927,2,补充沟通,2026-03-24,6.97
T01928-1,T01928,1,首次受理,2026-03-24,12.14
T01928-2,T01928,2,补充沟通,2026-03-24,6.78
T01929-1,T01929,1,首次受理,2026-03-24,9.09
T01929-2,T01929,2,补充沟通,2026-03-24,3.71
T01930-1,T01930,1,首次受理,2026-03-24,12.21
T01930-2,T01930,2,补充沟通,2026-03-24,19.37
T01930-3,T01930,3,补充沟通,2026-03-24,10.7
T01931-1,T01931,1,首次受理,2026-03-24,9.98
T01931-2,T01931,2,补充沟通,2026-03-24,18.56
T01932-1,T01932,1,首次受理,2026-03-24,2.69
T01933-1,T01933,1,首次受理,2026-03-24,11.13
T01933-2,T01933,2,补充沟通,2026-03-24,19.51
T01933-3,T01933,3,补充沟通,2026-03-24,6.28
T01934-1,T01934,1,首次受理,2026-03-24,7.86
T01934-2,T01934,2,补充沟通,2026-03-24,11.28
T01935-1,T01935,1,首次受理,2026-03-24,16.34
T01935-2,T01935,2,补充沟通,2026-03-24,11.69
T01936-1,T01936,1,首次受理,2026-03-24,4.67
T01936-2,T01936,2,补充沟通,2026-03-24,16.8
T01937-1,T01937,1,首次受理,2026-03-24,10.38
T01937-2,T01937,2,补充沟通,2026-03-24,9.39
T01938-1,T01938,1,首次受理,2026-03-24,5.4
T01938-2,T01938,2,补充沟通,2026-03-24,16.91
T01939-1,T01939,1,首次受理,2026-03-24,16.5
T01939-2,T01939,2,补充沟通,2026-03-24,11.01
T01940-1,T01940,1,首次受理,2026-03-24,17.81
T01940-2,T01940,2,补充沟通,2026-03-24,9.79
T01941-1,T01941,1,首次受理,2026-03-24,8.71
T01941-2,T01941,2,补充沟通,2026-03-24,9.3
T01942-1,T01942,1,首次受理,2026-03-24,19.61
T01942-2,T01942,2,补充沟通,2026-03-24,7.44
T01943-1,T01943,1,首次受理,2026-03-24,14.08
T01943-2,T01943,2,补充沟通,2026-03-24,17.17
T01944-1,T01944,1,首次受理,2026-03-24,4.87
T01945-1,T01945,1,首次受理,2026-03-24,18.98
T01945-2,T01945,2,补充沟通,2026-03-24,16.44
T01946-1,T01946,1,首次受理,2026-03-24,6.62
T01947-1,T01947,1,首次受理,2026-03-24,16.14
T01947-2,T01947,2,补充沟通,2026-03-24,8.33
T01948-1,T01948,1,首次受理,2026-03-24,4.09
T01948-2,T01948,2,补充沟通,2026-03-24,15.92
T01949-1,T01949,1,首次受理,2026-03-24,16.52
T01949-2,T01949,2,补充沟通,2026-03-24,15.52
T01950-1,T01950,1,首次受理,2026-03-24,7.47
T01951-1,T01951,1,首次受理,2026-03-24,13.06
T01951-2,T01951,2,补充沟通,2026-03-24,19.41
T01952-1,T01952,1,首次受理,2026-03-24,8.42
T01952-2,T01952,2,补充沟通,2026-03-24,14.3
T01952-3,T01952,3,补充沟通,2026-03-24,14.0
T01953-1,T01953,1,首次受理,2026-03-24,9.69
T01954-1,T01954,1,首次受理,2026-03-24,6.23
T01954-2,T01954,2,补充沟通,2026-03-24,14.92
T01955-1,T01955,1,首次受理,2026-03-24,4.74
T01955-2,T01955,2,补充沟通,2026-03-24,8.58
T01956-1,T01956,1,首次受理,2026-03-24,5.77
T01956-2,T01956,2,补充沟通,2026-03-24,5.68
T01957-1,T01957,1,首次受理,2026-03-24,6.9
T01957-2,T01957,2,补充沟通,2026-03-24,13.6
T01958-1,T01958,1,首次受理,2026-03-24,17.3
T01958-2,T01958,2,补充沟通,2026-03-24,16.27
T01958-3,T01958,3,补充沟通,2026-03-24,18.24
T01959-1,T01959,1,首次受理,2026-03-24,15.04
T01959-2,T01959,2,补充沟通,2026-03-24,15.3
T01959-3,T01959,3,补充沟通,2026-03-24,5.65
T01960-1,T01960,1,首次受理,2026-03-24,18.03
T01960-2,T01960,2,补充沟通,2026-03-24,17.49
T01961-1,T01961,1,首次受理,2026-03-24,7.48
T01962-1,T01962,1,首次受理,2026-03-24,6.03
T01962-2,T01962,2,补充沟通,2026-03-24,9.16
T01963-1,T01963,1,首次受理,2026-03-24,6.53
T01964-1,T01964,1,首次受理,2026-03-24,9.58
T01965-1,T01965,1,首次受理,2026-03-24,3.44
T01966-1,T01966,1,首次受理,2026-03-24,8.37
T01967-1,T01967,1,首次受理,2026-03-24,9.12
T01968-1,T01968,1,首次受理,2026-03-24,6.27
T01969-1,T01969,1,首次受理,2026-03-24,6.33
T01970-1,T01970,1,首次受理,2026-03-24,9.92
T01971-1,T01971,1,首次受理,2026-03-24,5.66
T01972-1,T01972,1,首次受理,2026-03-24,10.8
T01973-1,T01973,1,首次受理,2026-03-24,6.42
T01973-2,T01973,2,补充沟通,2026-03-24,3.5
T01974-1,T01974,1,首次受理,2026-03-24,3.67
T01975-1,T01975,1,首次受理,2026-03-24,8.42
T01975-2,T01975,2,补充沟通,2026-03-24,19.53
T01976-1,T01976,1,首次受理,2026-03-24,4.63
T01977-1,T01977,1,首次受理,2026-03-24,10.34
T01978-1,T01978,1,首次受理,2026-03-24,5.71
T01979-1,T01979,1,首次受理,2026-03-24,7.53
T01979-2,T01979,2,补充沟通,2026-03-24,18.98
T01980-1,T01980,1,首次受理,2026-03-24,5.77
T01981-1,T01981,1,首次受理,2026-03-24,7.44
T01981-2,T01981,2,补充沟通,2026-03-24,9.93
T01981-3,T01981,3,补充沟通,2026-03-24,8.48
T01982-1,T01982,1,首次受理,2026-03-24,2.72
T01983-1,T01983,1,首次受理,2026-03-24,8.37
T01983-2,T01983,2,补充沟通,2026-03-24,9.38
T01983-3,T01983,3,补充沟通,2026-03-24,15.9
T01984-1,T01984,1,首次受理,2026-03-24,2.8
T01984-2,T01984,2,补充沟通,2026-03-24,7.28
T01985-1,T01985,1,首次受理,2026-03-24,4.02
T01985-2,T01985,2,补充沟通,2026-03-24,10.77
T01986-1,T01986,1,首次受理,2026-03-24,10.26
T01986-2,T01986,2,补充沟通,2026-03-24,5.72
T01987-1,T01987,1,首次受理,2026-03-24,6.97
T01987-2,T01987,2,补充沟通,2026-03-24,19.1
T01987-3,T01987,3,补充沟通,2026-03-24,15.5
T01988-1,T01988,1,首次受理,2026-03-24,9.36
T01988-2,T01988,2,补充沟通,2026-03-24,16.95
T01989-1,T01989,1,首次受理,2026-03-24,9.09
T01990-1,T01990,1,首次受理,2026-03-24,5.12
T01990-2,T01990,2,补充沟通,2026-03-24,9.65
T01991-1,T01991,1,首次受理,2026-03-24,7.35
T01991-2,T01991,2,补充沟通,2026-03-24,14.75
T01991-3,T01991,3,补充沟通,2026-03-24,17.83
T01991-4,T01991,4,补充沟通,2026-03-24,16.23
T01992-1,T01992,1,首次受理,2026-03-24,3.85
T01992-2,T01992,2,补充沟通,2026-03-24,5.52
T01993-1,T01993,1,首次受理,2026-03-24,19.5
T01993-2,T01993,2,补充沟通,2026-03-24,10.21
T01993-3,T01993,3,补充沟通,2026-03-24,11.8
T01994-1,T01994,1,首次受理,2026-03-24,4.61
T01995-1,T01995,1,首次受理,2026-03-24,3.66
T01996-1,T01996,1,首次受理,2026-03-24,9.84
T01997-1,T01997,1,首次受理,2026-03-24,9.18
T01998-1,T01998,1,首次受理,2026-03-24,2.92
T01999-1,T01999,1,首次受理,2026-03-24,5.88
T02000-1,T02000,1,首次受理,2026-03-24,2.48
T02001-1,T02001,1,首次受理,2026-03-24,4.03
T02002-1,T02002,1,首次受理,2026-03-24,8.68
T02002-2,T02002,2,补充沟通,2026-03-24,8.44
T02003-1,T02003,1,首次受理,2026-03-24,10.89
T02004-1,T02004,1,首次受理,2026-03-24,4.92
T02005-1,T02005,1,首次受理,2026-03-24,5.83
T02006-1,T02006,1,首次受理,2026-03-24,11.09
T02006-2,T02006,2,补充沟通,2026-03-24,10.0
T02006-3,T02006,3,补充沟通,2026-03-24,6.06
T02007-1,T02007,1,首次受理,2026-03-24,6.52
T02007-2,T02007,2,补充沟通,2026-03-24,14.04
T02007-3,T02007,3,补充沟通,2026-03-24,11.12
T02008-1,T02008,1,首次受理,2026-03-24,3.03
T02008-2,T02008,2,补充沟通,2026-03-24,3.04
T02009-1,T02009,1,首次受理,2026-03-24,6.79
T02009-2,T02009,2,补充沟通,2026-03-24,2.61
T02009-3,T02009,3,补充沟通,2026-03-24,6.78
T02010-1,T02010,1,首次受理,2026-03-24,4.02
T02011-1,T02011,1,首次受理,2026-03-24,9.7
T02012-1,T02012,1,首次受理,2026-03-24,12.26
T02012-2,T02012,2,补充沟通,2026-03-24,16.87
T02012-3,T02012,3,补充沟通,2026-03-24,4.24
T02013-1,T02013,1,首次受理,2026-03-24,11.76
T02013-2,T02013,2,补充沟通,2026-03-24,17.1
T02014-1,T02014,1,首次受理,2026-03-24,9.26
T02014-2,T02014,2,补充沟通,2026-03-24,2.22
T02015-1,T02015,1,首次受理,2026-03-24,9.58
T02015-2,T02015,2,补充沟通,2026-03-24,5.23
T02016-1,T02016,1,首次受理,2026-03-24,8.54
T02016-2,T02016,2,补充沟通,2026-03-24,7.06
T02017-1,T02017,1,首次受理,2026-03-24,15.49
T02017-2,T02017,2,补充沟通,2026-03-24,19.41
T02017-3,T02017,3,补充沟通,2026-03-24,8.54
T02018-1,T02018,1,首次受理,2026-03-24,9.69
T02018-2,T02018,2,补充沟通,2026-03-24,10.84
T02019-1,T02019,1,首次受理,2026-03-24,17.56
T02019-2,T02019,2,补充沟通,2026-03-24,9.08
T02020-1,T02020,1,首次受理,2026-03-24,2.18
T02021-1,T02021,1,首次受理,2026-03-24,9.43
T02022-1,T02022,1,首次受理,2026-03-24,6.29
T02022-2,T02022,2,补充沟通,2026-03-24,13.8
T02023-1,T02023,1,首次受理,2026-03-24,8.85
T02024-1,T02024,1,首次受理,2026-03-24,7.47
T02025-1,T02025,1,首次受理,2026-03-24,7.97
T02025-2,T02025,2,补充沟通,2026-03-24,11.81
T02025-3,T02025,3,补充沟通,2026-03-24,12.17
T02026-1,T02026,1,首次受理,2026-03-24,10.88
T02027-1,T02027,1,首次受理,2026-03-24,10.56
T02028-1,T02028,1,首次受理,2026-03-24,10.96
T02029-1,T02029,1,首次受理,2026-03-24,14.03
T02029-2,T02029,2,补充沟通,2026-03-24,9.11
T02029-3,T02029,3,补充沟通,2026-03-24,13.57
T02030-1,T02030,1,首次受理,2026-03-24,2.19
T02030-2,T02030,2,补充沟通,2026-03-24,5.04
T02031-1,T02031,1,首次受理,2026-03-24,5.95
T02032-1,T02032,1,首次受理,2026-03-24,4.54
T02032-2,T02032,2,补充沟通,2026-03-24,5.66
T02033-1,T02033,1,首次受理,2026-03-24,3.12
T02034-1,T02034,1,首次受理,2026-03-24,19.34
T02034-2,T02034,2,补充沟通,2026-03-24,12.38
T02035-1,T02035,1,首次受理,2026-03-24,6.66
T02035-2,T02035,2,补充沟通,2026-03-24,16.73
T02036-1,T02036,1,首次受理,2026-03-24,10.69
T02037-1,T02037,1,首次受理,2026-03-24,15.57
T02037-2,T02037,2,补充沟通,2026-03-24,17.72
T02038-1,T02038,1,首次受理,2026-03-24,4.14
T02038-2,T02038,2,补充沟通,2026-03-24,9.91
T02039-1,T02039,1,首次受理,2026-03-24,9.42
T02040-1,T02040,1,首次受理,2026-03-24,11.89
T02040-2,T02040,2,补充沟通,2026-03-24,5.28
T02041-1,T02041,1,首次受理,2026-03-25,9.02
T02041-2,T02041,2,补充沟通,2026-03-25,10.31
T02042-1,T02042,1,首次受理,2026-03-25,4.31
T02042-2,T02042,2,补充沟通,2026-03-25,11.75
T02043-1,T02043,1,首次受理,2026-03-25,16.02
T02043-2,T02043,2,补充沟通,2026-03-25,19.38
T02044-1,T02044,1,首次受理,2026-03-25,9.87
T02044-2,T02044,2,补充沟通,2026-03-25,4.93
T02045-1,T02045,1,首次受理,2026-03-25,14.94
T02045-2,T02045,2,补充沟通,2026-03-25,10.89
T02046-1,T02046,1,首次受理,2026-03-25,5.4
T02046-2,T02046,2,补充沟通,2026-03-25,16.94
T02047-1,T02047,1,首次受理,2026-03-25,7.16
T02047-2,T02047,2,补充沟通,2026-03-25,13.65
T02047-3,T02047,3,补充沟通,2026-03-25,14.11
T02048-1,T02048,1,首次受理,2026-03-25,17.61
T02048-2,T02048,2,补充沟通,2026-03-25,4.27
T02049-1,T02049,1,首次受理,2026-03-25,14.65
T02049-2,T02049,2,补充沟通,2026-03-25,16.35
T02050-1,T02050,1,首次受理,2026-03-25,9.54
T02051-1,T02051,1,首次受理,2026-03-25,8.95
T02051-2,T02051,2,补充沟通,2026-03-25,9.5
T02052-1,T02052,1,首次受理,2026-03-25,13.59
T02052-2,T02052,2,补充沟通,2026-03-25,14.28
T02052-3,T02052,3,补充沟通,2026-03-25,5.79
T02052-4,T02052,4,补充沟通,2026-03-25,12.0
T02053-1,T02053,1,首次受理,2026-03-25,7.29
T02053-2,T02053,2,补充沟通,2026-03-25,10.01
T02053-3,T02053,3,补充沟通,2026-03-25,19.4
T02054-1,T02054,1,首次受理,2026-03-25,7.3
T02055-1,T02055,1,首次受理,2026-03-25,5.63
T02055-2,T02055,2,补充沟通,2026-03-25,14.21
T02056-1,T02056,1,首次受理,2026-03-25,14.25
T02056-2,T02056,2,补充沟通,2026-03-25,14.48
T02057-1,T02057,1,首次受理,2026-03-25,5.08
T02057-2,T02057,2,补充沟通,2026-03-25,11.58
T02058-1,T02058,1,首次受理,2026-03-25,5.69
T02058-2,T02058,2,补充沟通,2026-03-25,19.18
T02058-3,T02058,3,补充沟通,2026-03-25,12.8
T02059-1,T02059,1,首次受理,2026-03-25,5.01
T02060-1,T02060,1,首次受理,2026-03-25,4.88
T02060-2,T02060,2,补充沟通,2026-03-25,14.94
T02060-3,T02060,3,补充沟通,2026-03-25,8.79
T02061-1,T02061,1,首次受理,2026-03-25,7.25
T02062-1,T02062,1,首次受理,2026-03-25,14.71
T02062-2,T02062,2,补充沟通,2026-03-25,7.47
T02062-3,T02062,3,补充沟通,2026-03-25,7.63
T02063-1,T02063,1,首次受理,2026-03-25,10.43
T02064-1,T02064,1,首次受理,2026-03-25,10.46
T02064-2,T02064,2,补充沟通,2026-03-25,10.64
T02064-3,T02064,3,补充沟通,2026-03-25,17.13
T02064-4,T02064,4,补充沟通,2026-03-25,9.54
T02065-1,T02065,1,首次受理,2026-03-25,12.82
T02065-2,T02065,2,补充沟通,2026-03-25,7.32
T02066-1,T02066,1,首次受理,2026-03-25,16.75
T02066-2,T02066,2,补充沟通,2026-03-25,19.19
T02066-3,T02066,3,补充沟通,2026-03-25,17.69
T02066-4,T02066,4,补充沟通,2026-03-25,12.77
T02067-1,T02067,1,首次受理,2026-03-25,9.87
T02067-2,T02067,2,补充沟通,2026-03-25,16.42
T02067-3,T02067,3,补充沟通,2026-03-25,4.94
T02068-1,T02068,1,首次受理,2026-03-25,17.15
T02068-2,T02068,2,补充沟通,2026-03-25,10.81
T02069-1,T02069,1,首次受理,2026-03-25,18.3
T02069-2,T02069,2,补充沟通,2026-03-25,4.15
T02069-3,T02069,3,补充沟通,2026-03-25,12.4
T02069-4,T02069,4,补充沟通,2026-03-25,7.67
T02070-1,T02070,1,首次受理,2026-03-25,4.37
T02071-1,T02071,1,首次受理,2026-03-25,9.42
T02072-1,T02072,1,首次受理,2026-03-25,16.89
T02072-2,T02072,2,补充沟通,2026-03-25,8.74
T02072-3,T02072,3,补充沟通,2026-03-25,11.65
T02073-1,T02073,1,首次受理,2026-03-25,4.81
T02074-1,T02074,1,首次受理,2026-03-25,13.46
T02074-2,T02074,2,补充沟通,2026-03-25,14.49
T02075-1,T02075,1,首次受理,2026-03-25,6.83
T02075-2,T02075,2,补充沟通,2026-03-25,4.74
T02076-1,T02076,1,首次受理,2026-03-25,7.93
T02076-2,T02076,2,补充沟通,2026-03-25,6.2
T02077-1,T02077,1,首次受理,2026-03-25,12.84
T02077-2,T02077,2,补充沟通,2026-03-25,13.47
T02078-1,T02078,1,首次受理,2026-03-25,8.5
T02078-2,T02078,2,补充沟通,2026-03-25,8.71
T02078-3,T02078,3,补充沟通,2026-03-25,17.66
T02079-1,T02079,1,首次受理,2026-03-25,16.89
T02079-2,T02079,2,补充沟通,2026-03-25,10.44
T02079-3,T02079,3,补充沟通,2026-03-25,3.76
T02080-1,T02080,1,首次受理,2026-03-25,10.13
T02080-2,T02080,2,补充沟通,2026-03-25,15.65
T02081-1,T02081,1,首次受理,2026-03-25,19.01
T02081-2,T02081,2,补充沟通,2026-03-25,14.89
T02082-1,T02082,1,首次受理,2026-03-25,10.08
T02083-1,T02083,1,首次受理,2026-03-25,4.17
T02084-1,T02084,1,首次受理,2026-03-25,3.7
T02085-1,T02085,1,首次受理,2026-03-25,9.03
T02086-1,T02086,1,首次受理,2026-03-25,9.9
T02087-1,T02087,1,首次受理,2026-03-25,8.45
T02087-2,T02087,2,补充沟通,2026-03-25,7.4
T02088-1,T02088,1,首次受理,2026-03-25,6.93
T02089-1,T02089,1,首次受理,2026-03-25,9.08
T02090-1,T02090,1,首次受理,2026-03-25,10.19
T02091-1,T02091,1,首次受理,2026-03-25,6.65
T02092-1,T02092,1,首次受理,2026-03-25,4.15
T02093-1,T02093,1,首次受理,2026-03-25,3.78
T02094-1,T02094,1,首次受理,2026-03-25,9.71
T02095-1,T02095,1,首次受理,2026-03-25,7.71
T02096-1,T02096,1,首次受理,2026-03-25,8.04
T02097-1,T02097,1,首次受理,2026-03-25,5.2
T02098-1,T02098,1,首次受理,2026-03-25,9.74
T02099-1,T02099,1,首次受理,2026-03-25,2.7
T02099-2,T02099,2,补充沟通,2026-03-25,3.18
T02100-1,T02100,1,首次受理,2026-03-25,2.11
T02101-1,T02101,1,首次受理,2026-03-25,10.01
T02102-1,T02102,1,首次受理,2026-03-25,18.83
T02102-2,T02102,2,补充沟通,2026-03-25,7.66
T02102-3,T02102,3,补充沟通,2026-03-25,18.34
T02103-1,T02103,1,首次受理,2026-03-25,8.43
T02104-1,T02104,1,首次受理,2026-03-25,4.46
T02105-1,T02105,1,首次受理,2026-03-25,11.59
T02105-2,T02105,2,补充沟通,2026-03-25,10.03
T02106-1,T02106,1,首次受理,2026-03-25,15.89
T02106-2,T02106,2,补充沟通,2026-03-25,16.91
T02107-1,T02107,1,首次受理,2026-03-25,6.61
T02107-2,T02107,2,补充沟通,2026-03-25,6.88
T02107-3,T02107,3,补充沟通,2026-03-25,14.21
T02108-1,T02108,1,首次受理,2026-03-25,9.91
T02109-1,T02109,1,首次受理,2026-03-25,6.84
T02110-1,T02110,1,首次受理,2026-03-25,5.75
T02111-1,T02111,1,首次受理,2026-03-25,4.48
T02112-1,T02112,1,首次受理,2026-03-25,18.06
T02112-2,T02112,2,补充沟通,2026-03-25,8.9
T02112-3,T02112,3,补充沟通,2026-03-25,18.51
T02113-1,T02113,1,首次受理,2026-03-25,18.29
T02113-2,T02113,2,补充沟通,2026-03-25,18.12
T02114-1,T02114,1,首次受理,2026-03-25,7.24
T02114-2,T02114,2,补充沟通,2026-03-25,15.07
T02115-1,T02115,1,首次受理,2026-03-25,2.48
T02116-1,T02116,1,首次受理,2026-03-25,6.62
T02117-1,T02117,1,首次受理,2026-03-25,4.46
T02117-2,T02117,2,补充沟通,2026-03-25,3.27
T02118-1,T02118,1,首次受理,2026-03-25,3.58
T02119-1,T02119,1,首次受理,2026-03-25,3.54
T02120-1,T02120,1,首次受理,2026-03-25,11.81
T02120-2,T02120,2,补充沟通,2026-03-25,4.18
T02121-1,T02121,1,首次受理,2026-03-25,12.88
T02121-2,T02121,2,补充沟通,2026-03-25,17.54
T02121-3,T02121,3,补充沟通,2026-03-25,13.18
T02122-1,T02122,1,首次受理,2026-03-25,6.32
T02122-2,T02122,2,补充沟通,2026-03-25,4.53
T02123-1,T02123,1,首次受理,2026-03-25,3.4
T02123-2,T02123,2,补充沟通,2026-03-25,3.43
T02124-1,T02124,1,首次受理,2026-03-25,16.32
T02124-2,T02124,2,补充沟通,2026-03-25,4.68
T02124-3,T02124,3,补充沟通,2026-03-25,13.6
T02125-1,T02125,1,首次受理,2026-03-25,6.94
T02126-1,T02126,1,首次受理,2026-03-25,2.97
T02126-2,T02126,2,补充沟通,2026-03-25,8.67
T02127-1,T02127,1,首次受理,2026-03-25,6.25
T02128-1,T02128,1,首次受理,2026-03-25,11.0
T02128-2,T02128,2,补充沟通,2026-03-25,7.38
T02129-1,T02129,1,首次受理,2026-03-25,7.56
T02129-2,T02129,2,补充沟通,2026-03-25,5.71
T02129-3,T02129,3,补充沟通,2026-03-25,8.36
T02130-1,T02130,1,首次受理,2026-03-25,5.01
T02130-2,T02130,2,补充沟通,2026-03-25,10.48
T02131-1,T02131,1,首次受理,2026-03-25,9.73
T02131-2,T02131,2,补充沟通,2026-03-25,16.4
T02131-3,T02131,3,补充沟通,2026-03-25,11.44
T02131-4,T02131,4,补充沟通,2026-03-25,6.78
T02132-1,T02132,1,首次受理,2026-03-25,14.3
T02132-2,T02132,2,补充沟通,2026-03-25,8.12
T02132-3,T02132,3,补充沟通,2026-03-25,9.25
T02133-1,T02133,1,首次受理,2026-03-25,7.94
T02133-2,T02133,2,补充沟通,2026-03-25,10.6
T02134-1,T02134,1,首次受理,2026-03-25,19.32
T02134-2,T02134,2,补充沟通,2026-03-25,14.61
T02135-1,T02135,1,首次受理,2026-03-25,17.2
T02135-2,T02135,2,补充沟通,2026-03-25,18.29
T02136-1,T02136,1,首次受理,2026-03-25,5.08
T02136-2,T02136,2,补充沟通,2026-03-25,19.35
T02136-3,T02136,3,补充沟通,2026-03-25,11.91
T02137-1,T02137,1,首次受理,2026-03-25,7.28
T02138-1,T02138,1,首次受理,2026-03-25,18.73
T02138-2,T02138,2,补充沟通,2026-03-25,16.79
T02138-3,T02138,3,补充沟通,2026-03-25,7.62
T02139-1,T02139,1,首次受理,2026-03-25,9.86
T02139-2,T02139,2,补充沟通,2026-03-25,16.07
T02140-1,T02140,1,首次受理,2026-03-25,10.91
T02140-2,T02140,2,补充沟通,2026-03-25,4.03
T02141-1,T02141,1,首次受理,2026-03-25,7.24
T02141-2,T02141,2,补充沟通,2026-03-25,17.83
T02142-1,T02142,1,首次受理,2026-03-25,6.6
T02142-2,T02142,2,补充沟通,2026-03-25,5.52
T02143-1,T02143,1,首次受理,2026-03-25,4.09
T02143-2,T02143,2,补充沟通,2026-03-25,7.97
T02144-1,T02144,1,首次受理,2026-03-25,8.5
T02144-2,T02144,2,补充沟通,2026-03-25,8.65
T02144-3,T02144,3,补充沟通,2026-03-25,15.16
T02145-1,T02145,1,首次受理,2026-03-25,7.8
T02145-2,T02145,2,补充沟通,2026-03-25,4.12
T02146-1,T02146,1,首次受理,2026-03-25,16.69
T02146-2,T02146,2,补充沟通,2026-03-25,6.13
T02147-1,T02147,1,首次受理,2026-03-25,4.65
T02148-1,T02148,1,首次受理,2026-03-25,13.29
T02148-2,T02148,2,补充沟通,2026-03-25,8.65
T02149-1,T02149,1,首次受理,2026-03-25,3.81
T02150-1,T02150,1,首次受理,2026-03-25,14.15
T02150-2,T02150,2,补充沟通,2026-03-25,13.85
T02151-1,T02151,1,首次受理,2026-03-25,4.7
T02152-1,T02152,1,首次受理,2026-03-25,15.75
T02152-2,T02152,2,补充沟通,2026-03-25,14.5
T02152-3,T02152,3,补充沟通,2026-03-25,13.6
T02152-4,T02152,4,补充沟通,2026-03-25,11.5
T02153-1,T02153,1,首次受理,2026-03-25,2.5
T02154-1,T02154,1,首次受理,2026-03-25,14.94
T02154-2,T02154,2,补充沟通,2026-03-25,10.16
T02155-1,T02155,1,首次受理,2026-03-25,7.15
T02156-1,T02156,1,首次受理,2026-03-25,5.32
T02157-1,T02157,1,首次受理,2026-03-25,11.57
T02157-2,T02157,2,补充沟通,2026-03-25,8.3
T02157-3,T02157,3,补充沟通,2026-03-25,17.53
T02158-1,T02158,1,首次受理,2026-03-25,10.56
T02158-2,T02158,2,补充沟通,2026-03-25,10.44
T02159-1,T02159,1,首次受理,2026-03-25,19.71
T02159-2,T02159,2,补充沟通,2026-03-25,17.44
T02160-1,T02160,1,首次受理,2026-03-25,12.61
T02160-2,T02160,2,补充沟通,2026-03-25,4.71
T02160-3,T02160,3,补充沟通,2026-03-25,18.68
T02161-1,T02161,1,首次受理,2026-03-26,7.55
T02161-2,T02161,2,补充沟通,2026-03-26,9.71
T02161-3,T02161,3,补充沟通,2026-03-26,9.91
T02162-1,T02162,1,首次受理,2026-03-26,6.96
T02163-1,T02163,1,首次受理,2026-03-26,5.16
T02163-2,T02163,2,补充沟通,2026-03-26,9.19
T02164-1,T02164,1,首次受理,2026-03-26,6.74
T02164-2,T02164,2,补充沟通,2026-03-26,8.9
T02164-3,T02164,3,补充沟通,2026-03-26,9.45
T02165-1,T02165,1,首次受理,2026-03-26,19.35
T02165-2,T02165,2,补充沟通,2026-03-26,6.12
T02165-3,T02165,3,补充沟通,2026-03-26,17.97
T02165-4,T02165,4,补充沟通,2026-03-26,13.81
T02166-1,T02166,1,首次受理,2026-03-26,9.8
T02167-1,T02167,1,首次受理,2026-03-26,15.07
T02167-2,T02167,2,补充沟通,2026-03-26,10.26
T02168-1,T02168,1,首次受理,2026-03-26,3.68
T02168-2,T02168,2,补充沟通,2026-03-26,10.6
T02169-1,T02169,1,首次受理,2026-03-26,15.67
T02169-2,T02169,2,补充沟通,2026-03-26,12.01
T02170-1,T02170,1,首次受理,2026-03-26,15.71
T02170-2,T02170,2,补充沟通,2026-03-26,16.19
T02170-3,T02170,3,补充沟通,2026-03-26,13.82
T02171-1,T02171,1,首次受理,2026-03-26,16.8
T02171-2,T02171,2,补充沟通,2026-03-26,15.89
T02172-1,T02172,1,首次受理,2026-03-26,3.14
T02173-1,T02173,1,首次受理,2026-03-26,14.04
T02173-2,T02173,2,补充沟通,2026-03-26,9.51
T02174-1,T02174,1,首次受理,2026-03-26,3.77
T02174-2,T02174,2,补充沟通,2026-03-26,19.6
T02175-1,T02175,1,首次受理,2026-03-26,3.7
T02175-2,T02175,2,补充沟通,2026-03-26,6.17
T02176-1,T02176,1,首次受理,2026-03-26,2.53
T02177-1,T02177,1,首次受理,2026-03-26,6.52
T02178-1,T02178,1,首次受理,2026-03-26,17.53
T02178-2,T02178,2,补充沟通,2026-03-26,16.37
T02179-1,T02179,1,首次受理,2026-03-26,12.83
T02179-2,T02179,2,补充沟通,2026-03-26,16.09
T02180-1,T02180,1,首次受理,2026-03-26,7.01
T02180-2,T02180,2,补充沟通,2026-03-26,5.35
T02181-1,T02181,1,首次受理,2026-03-26,15.37
T02181-2,T02181,2,补充沟通,2026-03-26,8.86
T02182-1,T02182,1,首次受理,2026-03-26,9.75
T02182-2,T02182,2,补充沟通,2026-03-26,11.59
T02183-1,T02183,1,首次受理,2026-03-26,18.77
T02183-2,T02183,2,补充沟通,2026-03-26,14.18
T02184-1,T02184,1,首次受理,2026-03-26,10.54
T02184-2,T02184,2,补充沟通,2026-03-26,17.57
T02185-1,T02185,1,首次受理,2026-03-26,9.46
T02185-2,T02185,2,补充沟通,2026-03-26,3.87
T02185-3,T02185,3,补充沟通,2026-03-26,3.92
T02186-1,T02186,1,首次受理,2026-03-26,4.87
T02187-1,T02187,1,首次受理,2026-03-26,10.25
T02187-2,T02187,2,补充沟通,2026-03-26,4.02
T02188-1,T02188,1,首次受理,2026-03-26,15.94
T02188-2,T02188,2,补充沟通,2026-03-26,13.77
T02189-1,T02189,1,首次受理,2026-03-26,17.56
T02189-2,T02189,2,补充沟通,2026-03-26,18.94
T02190-1,T02190,1,首次受理,2026-03-26,13.97
T02190-2,T02190,2,补充沟通,2026-03-26,18.09
T02191-1,T02191,1,首次受理,2026-03-26,9.24
T02191-2,T02191,2,补充沟通,2026-03-26,19.78
T02192-1,T02192,1,首次受理,2026-03-26,19.49
T02192-2,T02192,2,补充沟通,2026-03-26,11.18
T02193-1,T02193,1,首次受理,2026-03-26,17.58
T02193-2,T02193,2,补充沟通,2026-03-26,13.12
T02194-1,T02194,1,首次受理,2026-03-26,9.54
T02194-2,T02194,2,补充沟通,2026-03-26,17.15
T02195-1,T02195,1,首次受理,2026-03-26,13.04
T02195-2,T02195,2,补充沟通,2026-03-26,12.7
T02196-1,T02196,1,首次受理,2026-03-26,7.92
T02196-2,T02196,2,补充沟通,2026-03-26,8.26
T02197-1,T02197,1,首次受理,2026-03-26,16.38
T02197-2,T02197,2,补充沟通,2026-03-26,17.98
T02198-1,T02198,1,首次受理,2026-03-26,5.56
T02198-2,T02198,2,补充沟通,2026-03-26,17.92
T02199-1,T02199,1,首次受理,2026-03-26,14.9
T02199-2,T02199,2,补充沟通,2026-03-26,7.86
T02200-1,T02200,1,首次受理,2026-03-26,17.82
T02200-2,T02200,2,补充沟通,2026-03-26,7.28
T02200-3,T02200,3,补充沟通,2026-03-26,17.37
T02201-1,T02201,1,首次受理,2026-03-26,6.35
T02202-1,T02202,1,首次受理,2026-03-26,6.81
T02203-1,T02203,1,首次受理,2026-03-26,9.51
T02203-2,T02203,2,补充沟通,2026-03-26,7.8
T02204-1,T02204,1,首次受理,2026-03-26,14.74
T02204-2,T02204,2,补充沟通,2026-03-26,6.74
T02205-1,T02205,1,首次受理,2026-03-26,2.51
T02206-1,T02206,1,首次受理,2026-03-26,4.69
T02207-1,T02207,1,首次受理,2026-03-26,2.67
T02207-2,T02207,2,补充沟通,2026-03-26,10.86
T02208-1,T02208,1,首次受理,2026-03-26,5.56
T02209-1,T02209,1,首次受理,2026-03-26,3.86
T02210-1,T02210,1,首次受理,2026-03-26,3.25
T02211-1,T02211,1,首次受理,2026-03-26,19.13
T02211-2,T02211,2,补充沟通,2026-03-26,10.31
T02211-3,T02211,3,补充沟通,2026-03-26,6.23
T02212-1,T02212,1,首次受理,2026-03-26,4.51
T02213-1,T02213,1,首次受理,2026-03-26,9.49
T02213-2,T02213,2,补充沟通,2026-03-26,7.41
T02214-1,T02214,1,首次受理,2026-03-26,7.01
T02215-1,T02215,1,首次受理,2026-03-26,10.13
T02216-1,T02216,1,首次受理,2026-03-26,7.27
T02216-2,T02216,2,补充沟通,2026-03-26,9.31
T02217-1,T02217,1,首次受理,2026-03-26,6.92
T02217-2,T02217,2,补充沟通,2026-03-26,4.08
T02218-1,T02218,1,首次受理,2026-03-26,19.56
T02218-2,T02218,2,补充沟通,2026-03-26,4.42
T02218-3,T02218,3,补充沟通,2026-03-26,18.93
T02219-1,T02219,1,首次受理,2026-03-26,2.17
T02220-1,T02220,1,首次受理,2026-03-26,8.24
T02220-2,T02220,2,补充沟通,2026-03-26,6.13
T02221-1,T02221,1,首次受理,2026-03-26,3.83
T02222-1,T02222,1,首次受理,2026-03-26,17.99
T02222-2,T02222,2,补充沟通,2026-03-26,16.91
T02222-3,T02222,3,补充沟通,2026-03-26,3.97
T02223-1,T02223,1,首次受理,2026-03-26,5.16
T02223-2,T02223,2,补充沟通,2026-03-26,17.82
T02223-3,T02223,3,补充沟通,2026-03-26,16.34
T02223-4,T02223,4,补充沟通,2026-03-26,10.1
T02224-1,T02224,1,首次受理,2026-03-26,10.53
T02225-1,T02225,1,首次受理,2026-03-26,7.93
T02226-1,T02226,1,首次受理,2026-03-26,4.88
T02227-1,T02227,1,首次受理,2026-03-26,3.22
T02227-2,T02227,2,补充沟通,2026-03-26,8.95
T02228-1,T02228,1,首次受理,2026-03-26,3.22
T02229-1,T02229,1,首次受理,2026-03-26,7.13
T02230-1,T02230,1,首次受理,2026-03-26,10.73
T02231-1,T02231,1,首次受理,2026-03-26,5.77
T02232-1,T02232,1,首次受理,2026-03-26,7.6
T02233-1,T02233,1,首次受理,2026-03-26,10.14
T02233-2,T02233,2,补充沟通,2026-03-26,15.19
T02233-3,T02233,3,补充沟通,2026-03-26,10.67
T02234-1,T02234,1,首次受理,2026-03-26,18.03
T02234-2,T02234,2,补充沟通,2026-03-26,19.73
T02234-3,T02234,3,补充沟通,2026-03-26,17.4
T02235-1,T02235,1,首次受理,2026-03-26,8.47
T02235-2,T02235,2,补充沟通,2026-03-26,10.27
T02235-3,T02235,3,补充沟通,2026-03-26,10.07
T02236-1,T02236,1,首次受理,2026-03-26,19.63
T02236-2,T02236,2,补充沟通,2026-03-26,9.42
T02236-3,T02236,3,补充沟通,2026-03-26,18.63
T02237-1,T02237,1,首次受理,2026-03-26,19.24
T02237-2,T02237,2,补充沟通,2026-03-26,5.05
T02238-1,T02238,1,首次受理,2026-03-26,10.48
T02239-1,T02239,1,首次受理,2026-03-26,5.14
T02240-1,T02240,1,首次受理,2026-03-26,6.06
T02240-2,T02240,2,补充沟通,2026-03-26,12.76
T02240-3,T02240,3,补充沟通,2026-03-26,13.61
T02241-1,T02241,1,首次受理,2026-03-26,4.26
T02242-1,T02242,1,首次受理,2026-03-26,17.73
T02242-2,T02242,2,补充沟通,2026-03-26,8.29
T02243-1,T02243,1,首次受理,2026-03-26,18.63
T02243-2,T02243,2,补充沟通,2026-03-26,15.77
T02244-1,T02244,1,首次受理,2026-03-26,10.32
T02244-2,T02244,2,补充沟通,2026-03-26,7.14
T02245-1,T02245,1,首次受理,2026-03-26,6.36
T02246-1,T02246,1,首次受理,2026-03-26,5.22
T02247-1,T02247,1,首次受理,2026-03-26,12.86
T02247-2,T02247,2,补充沟通,2026-03-26,6.51
T02248-1,T02248,1,首次受理,2026-03-26,16.05
T02248-2,T02248,2,补充沟通,2026-03-26,18.33
T02249-1,T02249,1,首次受理,2026-03-26,8.29
T02249-2,T02249,2,补充沟通,2026-03-26,4.37
T02249-3,T02249,3,补充沟通,2026-03-26,5.32
T02250-1,T02250,1,首次受理,2026-03-26,5.62
T02250-2,T02250,2,补充沟通,2026-03-26,13.43
T02251-1,T02251,1,首次受理,2026-03-26,8.77
T02251-2,T02251,2,补充沟通,2026-03-26,4.98
T02251-3,T02251,3,补充沟通,2026-03-26,4.46
T02252-1,T02252,1,首次受理,2026-03-26,5.3
T02253-1,T02253,1,首次受理,2026-03-26,2.06
T02254-1,T02254,1,首次受理,2026-03-26,5.46
T02255-1,T02255,1,首次受理,2026-03-26,7.34
T02256-1,T02256,1,首次受理,2026-03-26,7.73
T02256-2,T02256,2,补充沟通,2026-03-26,17.56
T02257-1,T02257,1,首次受理,2026-03-26,11.02
T02257-2,T02257,2,补充沟通,2026-03-26,6.97
T02258-1,T02258,1,首次受理,2026-03-26,16.26
T02258-2,T02258,2,补充沟通,2026-03-26,5.34
T02259-1,T02259,1,首次受理,2026-03-26,4.44
T02260-1,T02260,1,首次受理,2026-03-26,12.14
T02260-2,T02260,2,补充沟通,2026-03-26,16.02
T02260-3,T02260,3,补充沟通,2026-03-26,18.44
T02261-1,T02261,1,首次受理,2026-03-26,5.25
T02262-1,T02262,1,首次受理,2026-03-26,17.34
T02262-2,T02262,2,补充沟通,2026-03-26,7.52
T02262-3,T02262,3,补充沟通,2026-03-26,13.49
T02263-1,T02263,1,首次受理,2026-03-26,7.48
T02263-2,T02263,2,补充沟通,2026-03-26,2.53
T02263-3,T02263,3,补充沟通,2026-03-26,9.66
T02264-1,T02264,1,首次受理,2026-03-26,13.03
T02264-2,T02264,2,补充沟通,2026-03-26,18.22
T02264-3,T02264,3,补充沟通,2026-03-26,13.57
T02264-4,T02264,4,补充沟通,2026-03-26,4.36
T02265-1,T02265,1,首次受理,2026-03-26,7.63
T02265-2,T02265,2,补充沟通,2026-03-26,10.11
T02266-1,T02266,1,首次受理,2026-03-26,13.11
T02266-2,T02266,2,补充沟通,2026-03-26,7.86
T02267-1,T02267,1,首次受理,2026-03-26,2.64
T02268-1,T02268,1,首次受理,2026-03-26,16.08
T02268-2,T02268,2,补充沟通,2026-03-26,5.32
T02269-1,T02269,1,首次受理,2026-03-26,10.43
T02270-1,T02270,1,首次受理,2026-03-26,10.55
T02271-1,T02271,1,首次受理,2026-03-26,2.98
T02272-1,T02272,1,首次受理,2026-03-26,3.2
T02273-1,T02273,1,首次受理,2026-03-26,10.77
T02273-2,T02273,2,补充沟通,2026-03-26,16.61
T02273-3,T02273,3,补充沟通,2026-03-26,8.13
T02274-1,T02274,1,首次受理,2026-03-26,9.57
T02275-1,T02275,1,首次受理,2026-03-26,18.16
T02275-2,T02275,2,补充沟通,2026-03-26,18.58
T02276-1,T02276,1,首次受理,2026-03-26,17.23
T02276-2,T02276,2,补充沟通,2026-03-26,7.85
T02276-3,T02276,3,补充沟通,2026-03-26,14.08
T02276-4,T02276,4,补充沟通,2026-03-26,17.1
T02277-1,T02277,1,首次受理,2026-03-26,6.61
T02277-2,T02277,2,补充沟通,2026-03-26,3.18
T02278-1,T02278,1,首次受理,2026-03-26,4.51
T02278-2,T02278,2,补充沟通,2026-03-26,11.86
T02279-1,T02279,1,首次受理,2026-03-26,9.64
T02279-2,T02279,2,补充沟通,2026-03-26,6.46
T02280-1,T02280,1,首次受理,2026-03-26,15.24
T02280-2,T02280,2,补充沟通,2026-03-26,10.69
T02280-3,T02280,3,补充沟通,2026-03-26,18.23
T02281-1,T02281,1,首次受理,2026-03-27,4.71
T02281-2,T02281,2,补充沟通,2026-03-27,11.49
T02282-1,T02282,1,首次受理,2026-03-27,6.86
T02283-1,T02283,1,首次受理,2026-03-27,5.26
T02283-2,T02283,2,补充沟通,2026-03-27,13.58
T02284-1,T02284,1,首次受理,2026-03-27,8.7
T02285-1,T02285,1,首次受理,2026-03-27,17.05
T02285-2,T02285,2,补充沟通,2026-03-27,6.39
T02285-3,T02285,3,补充沟通,2026-03-27,13.53
T02285-4,T02285,4,补充沟通,2026-03-27,16.91
T02286-1,T02286,1,首次受理,2026-03-27,10.06
T02287-1,T02287,1,首次受理,2026-03-27,15.0
T02287-2,T02287,2,补充沟通,2026-03-27,13.04
T02287-3,T02287,3,补充沟通,2026-03-27,10.87
T02288-1,T02288,1,首次受理,2026-03-27,18.33
T02288-2,T02288,2,补充沟通,2026-03-27,15.31
T02289-1,T02289,1,首次受理,2026-03-27,18.38
T02289-2,T02289,2,补充沟通,2026-03-27,8.73
T02289-3,T02289,3,补充沟通,2026-03-27,3.64
T02290-1,T02290,1,首次受理,2026-03-27,4.06
T02290-2,T02290,2,补充沟通,2026-03-27,9.04
T02291-1,T02291,1,首次受理,2026-03-27,4.98
T02291-2,T02291,2,补充沟通,2026-03-27,8.2
T02291-3,T02291,3,补充沟通,2026-03-27,8.72
T02292-1,T02292,1,首次受理,2026-03-27,7.42
T02292-2,T02292,2,补充沟通,2026-03-27,14.31
T02293-1,T02293,1,首次受理,2026-03-27,18.97
T02293-2,T02293,2,补充沟通,2026-03-27,19.05
T02293-3,T02293,3,补充沟通,2026-03-27,7.43
T02294-1,T02294,1,首次受理,2026-03-27,5.71
T02294-2,T02294,2,补充沟通,2026-03-27,15.37
T02295-1,T02295,1,首次受理,2026-03-27,10.68
T02295-2,T02295,2,补充沟通,2026-03-27,9.16
T02295-3,T02295,3,补充沟通,2026-03-27,16.9
T02296-1,T02296,1,首次受理,2026-03-27,13.51
T02296-2,T02296,2,补充沟通,2026-03-27,7.39
T02296-3,T02296,3,补充沟通,2026-03-27,19.58
T02296-4,T02296,4,补充沟通,2026-03-27,18.14
T02297-1,T02297,1,首次受理,2026-03-27,7.54
T02297-2,T02297,2,补充沟通,2026-03-27,12.37
T02297-3,T02297,3,补充沟通,2026-03-27,14.06
T02297-4,T02297,4,补充沟通,2026-03-27,13.6
T02298-1,T02298,1,首次受理,2026-03-27,15.08
T02298-2,T02298,2,补充沟通,2026-03-27,11.91
T02298-3,T02298,3,补充沟通,2026-03-27,3.82
T02299-1,T02299,1,首次受理,2026-03-27,16.66
T02299-2,T02299,2,补充沟通,2026-03-27,6.16
T02300-1,T02300,1,首次受理,2026-03-27,4.61
T02300-2,T02300,2,补充沟通,2026-03-27,19.23
T02300-3,T02300,3,补充沟通,2026-03-27,7.33
T02301-1,T02301,1,首次受理,2026-03-27,15.64
T02301-2,T02301,2,补充沟通,2026-03-27,15.36
T02302-1,T02302,1,首次受理,2026-03-27,19.44
T02302-2,T02302,2,补充沟通,2026-03-27,18.76
T02303-1,T02303,1,首次受理,2026-03-27,8.03
T02303-2,T02303,2,补充沟通,2026-03-27,8.38
T02304-1,T02304,1,首次受理,2026-03-27,15.19
T02304-2,T02304,2,补充沟通,2026-03-27,4.99
T02304-3,T02304,3,补充沟通,2026-03-27,15.95
T02305-1,T02305,1,首次受理,2026-03-27,18.33
T02305-2,T02305,2,补充沟通,2026-03-27,14.48
T02306-1,T02306,1,首次受理,2026-03-27,8.06
T02307-1,T02307,1,首次受理,2026-03-27,7.24
T02307-2,T02307,2,补充沟通,2026-03-27,14.5
T02308-1,T02308,1,首次受理,2026-03-27,4.65
T02308-2,T02308,2,补充沟通,2026-03-27,13.73
T02309-1,T02309,1,首次受理,2026-03-27,3.96
T02309-2,T02309,2,补充沟通,2026-03-27,9.47
T02310-1,T02310,1,首次受理,2026-03-27,17.67
T02310-2,T02310,2,补充沟通,2026-03-27,5.51
T02310-3,T02310,3,补充沟通,2026-03-27,6.16
T02311-1,T02311,1,首次受理,2026-03-27,16.94
T02311-2,T02311,2,补充沟通,2026-03-27,16.04
T02312-1,T02312,1,首次受理,2026-03-27,15.7
T02312-2,T02312,2,补充沟通,2026-03-27,4.13
T02313-1,T02313,1,首次受理,2026-03-27,19.35
T02313-2,T02313,2,补充沟通,2026-03-27,15.74
T02314-1,T02314,1,首次受理,2026-03-27,10.37
T02314-2,T02314,2,补充沟通,2026-03-27,19.66
T02315-1,T02315,1,首次受理,2026-03-27,4.2
T02315-2,T02315,2,补充沟通,2026-03-27,2.18
T02316-1,T02316,1,首次受理,2026-03-27,7.04
T02317-1,T02317,1,首次受理,2026-03-27,12.23
T02317-2,T02317,2,补充沟通,2026-03-27,15.48
T02318-1,T02318,1,首次受理,2026-03-27,5.26
T02318-2,T02318,2,补充沟通,2026-03-27,19.25
T02319-1,T02319,1,首次受理,2026-03-27,12.81
T02319-2,T02319,2,补充沟通,2026-03-27,6.03
T02320-1,T02320,1,首次受理,2026-03-27,6.56
T02320-2,T02320,2,补充沟通,2026-03-27,7.25
T02321-1,T02321,1,首次受理,2026-03-27,8.67
T02322-1,T02322,1,首次受理,2026-03-27,2.57
T02323-1,T02323,1,首次受理,2026-03-27,4.08
T02324-1,T02324,1,首次受理,2026-03-27,8.87
T02325-1,T02325,1,首次受理,2026-03-27,8.96
T02326-1,T02326,1,首次受理,2026-03-27,8.95
T02326-2,T02326,2,补充沟通,2026-03-27,3.37
T02327-1,T02327,1,首次受理,2026-03-27,9.12
T02327-2,T02327,2,补充沟通,2026-03-27,5.24
T02327-3,T02327,3,补充沟通,2026-03-27,9.8
T02328-1,T02328,1,首次受理,2026-03-27,6.02
T02329-1,T02329,1,首次受理,2026-03-27,4.18
T02330-1,T02330,1,首次受理,2026-03-27,7.42
T02330-2,T02330,2,补充沟通,2026-03-27,12.96
T02331-1,T02331,1,首次受理,2026-03-27,8.24
T02331-2,T02331,2,补充沟通,2026-03-27,9.39
T02331-3,T02331,3,补充沟通,2026-03-27,8.84
T02332-1,T02332,1,首次受理,2026-03-27,6.19
T02333-1,T02333,1,首次受理,2026-03-27,14.5
T02333-2,T02333,2,补充沟通,2026-03-27,14.8
T02333-3,T02333,3,补充沟通,2026-03-27,7.14
T02334-1,T02334,1,首次受理,2026-03-27,9.83
T02334-2,T02334,2,补充沟通,2026-03-27,5.16
T02335-1,T02335,1,首次受理,2026-03-27,7.76
T02336-1,T02336,1,首次受理,2026-03-27,2.22
T02336-2,T02336,2,补充沟通,2026-03-27,8.37
T02337-1,T02337,1,首次受理,2026-03-27,2.62
T02338-1,T02338,1,首次受理,2026-03-27,9.41
T02339-1,T02339,1,首次受理,2026-03-27,10.43
T02339-2,T02339,2,补充沟通,2026-03-27,4.49
T02340-1,T02340,1,首次受理,2026-03-27,5.29
T02340-2,T02340,2,补充沟通,2026-03-27,7.36
T02341-1,T02341,1,首次受理,2026-03-27,8.88
T02341-2,T02341,2,补充沟通,2026-03-27,10.97
T02342-1,T02342,1,首次受理,2026-03-27,4.27
T02342-2,T02342,2,补充沟通,2026-03-27,5.61
T02343-1,T02343,1,首次受理,2026-03-27,8.89
T02344-1,T02344,1,首次受理,2026-03-27,8.7
T02344-2,T02344,2,补充沟通,2026-03-27,14.3
T02344-3,T02344,3,补充沟通,2026-03-27,4.13
T02345-1,T02345,1,首次受理,2026-03-27,11.25
T02345-2,T02345,2,补充沟通,2026-03-27,17.37
T02346-1,T02346,1,首次受理,2026-03-27,10.79
T02347-1,T02347,1,首次受理,2026-03-27,6.04
T02347-2,T02347,2,补充沟通,2026-03-27,6.18
T02348-1,T02348,1,首次受理,2026-03-27,3.89
T02348-2,T02348,2,补充沟通,2026-03-27,11.57
T02349-1,T02349,1,首次受理,2026-03-27,7.71
T02349-2,T02349,2,补充沟通,2026-03-27,4.62
T02350-1,T02350,1,首次受理,2026-03-27,3.19
T02351-1,T02351,1,首次受理,2026-03-27,18.59
T02351-2,T02351,2,补充沟通,2026-03-27,12.32
T02352-1,T02352,1,首次受理,2026-03-27,10.06
T02352-2,T02352,2,补充沟通,2026-03-27,5.79
T02353-1,T02353,1,首次受理,2026-03-27,10.47
T02354-1,T02354,1,首次受理,2026-03-27,3.6
T02355-1,T02355,1,首次受理,2026-03-27,5.35
T02355-2,T02355,2,补充沟通,2026-03-27,3.57
T02355-3,T02355,3,补充沟通,2026-03-27,9.77
T02356-1,T02356,1,首次受理,2026-03-27,5.87
T02357-1,T02357,1,首次受理,2026-03-27,18.42
T02357-2,T02357,2,补充沟通,2026-03-27,12.92
T02357-3,T02357,3,补充沟通,2026-03-27,15.94
T02358-1,T02358,1,首次受理,2026-03-27,5.61
T02359-1,T02359,1,首次受理,2026-03-27,4.15
T02360-1,T02360,1,首次受理,2026-03-27,8.57
T02360-2,T02360,2,补充沟通,2026-03-27,7.74
T02360-3,T02360,3,补充沟通,2026-03-27,16.25
T02361-1,T02361,1,首次受理,2026-03-27,8.07
T02362-1,T02362,1,首次受理,2026-03-27,3.87
T02362-2,T02362,2,补充沟通,2026-03-27,3.09
T02363-1,T02363,1,首次受理,2026-03-27,3.81
T02363-2,T02363,2,补充沟通,2026-03-27,12.31
T02363-3,T02363,3,补充沟通,2026-03-27,8.26
T02364-1,T02364,1,首次受理,2026-03-27,5.69
T02364-2,T02364,2,补充沟通,2026-03-27,3.07
T02365-1,T02365,1,首次受理,2026-03-27,10.46
T02365-2,T02365,2,补充沟通,2026-03-27,5.95
T02366-1,T02366,1,首次受理,2026-03-27,2.38
T02367-1,T02367,1,首次受理,2026-03-27,8.09
T02367-2,T02367,2,补充沟通,2026-03-27,11.61
T02368-1,T02368,1,首次受理,2026-03-27,7.78
T02368-2,T02368,2,补充沟通,2026-03-27,7.78
T02369-1,T02369,1,首次受理,2026-03-27,14.24
T02369-2,T02369,2,补充沟通,2026-03-27,7.17
T02370-1,T02370,1,首次受理,2026-03-27,2.89
T02371-1,T02371,1,首次受理,2026-03-27,3.07
T02372-1,T02372,1,首次受理,2026-03-27,14.56
T02372-2,T02372,2,补充沟通,2026-03-27,10.83
T02372-3,T02372,3,补充沟通,2026-03-27,17.64
T02372-4,T02372,4,补充沟通,2026-03-27,14.4
T02373-1,T02373,1,首次受理,2026-03-27,4.16
T02373-2,T02373,2,补充沟通,2026-03-27,11.33
T02374-1,T02374,1,首次受理,2026-03-27,9.54
T02375-1,T02375,1,首次受理,2026-03-27,6.9
T02375-2,T02375,2,补充沟通,2026-03-27,14.29
T02376-1,T02376,1,首次受理,2026-03-27,5.16
T02376-2,T02376,2,补充沟通,2026-03-27,7.3
T02377-1,T02377,1,首次受理,2026-03-27,3.97
T02378-1,T02378,1,首次受理,2026-03-27,7.96
T02379-1,T02379,1,首次受理,2026-03-27,17.78
T02379-2,T02379,2,补充沟通,2026-03-27,9.7
T02380-1,T02380,1,首次受理,2026-03-27,19.58
T02380-2,T02380,2,补充沟通,2026-03-27,16.59
T02380-3,T02380,3,补充沟通,2026-03-27,10.19
T02381-1,T02381,1,首次受理,2026-03-27,12.61
T02381-2,T02381,2,补充沟通,2026-03-27,6.17
T02382-1,T02382,1,首次受理,2026-03-27,9.32
T02383-1,T02383,1,首次受理,2026-03-27,12.34
T02383-2,T02383,2,补充沟通,2026-03-27,9.75
T02384-1,T02384,1,首次受理,2026-03-27,6.64
T02384-2,T02384,2,补充沟通,2026-03-27,7.15
T02385-1,T02385,1,首次受理,2026-03-27,10.93
T02385-2,T02385,2,补充沟通,2026-03-27,4.84
T02386-1,T02386,1,首次受理,2026-03-27,16.2
T02386-2,T02386,2,补充沟通,2026-03-27,16.54
T02387-1,T02387,1,首次受理,2026-03-27,7.23
T02388-1,T02388,1,首次受理,2026-03-27,9.66
T02389-1,T02389,1,首次受理,2026-03-27,3.04
T02390-1,T02390,1,首次受理,2026-03-27,2.31
T02391-1,T02391,1,首次受理,2026-03-27,12.84
T02391-2,T02391,2,补充沟通,2026-03-27,12.7
T02392-1,T02392,1,首次受理,2026-03-27,6.95
T02392-2,T02392,2,补充沟通,2026-03-27,11.79
T02392-3,T02392,3,补充沟通,2026-03-27,9.57
T02393-1,T02393,1,首次受理,2026-03-27,8.59
T02393-2,T02393,2,补充沟通,2026-03-27,3.61
T02394-1,T02394,1,首次受理,2026-03-27,7.96
T02394-2,T02394,2,补充沟通,2026-03-27,15.29
T02395-1,T02395,1,首次受理,2026-03-27,10.2
T02395-2,T02395,2,补充沟通,2026-03-27,6.5
T02396-1,T02396,1,首次受理,2026-03-27,4.65
T02397-1,T02397,1,首次受理,2026-03-27,6.41
T02398-1,T02398,1,首次受理,2026-03-27,5.77
T02399-1,T02399,1,首次受理,2026-03-27,12.84
T02399-2,T02399,2,补充沟通,2026-03-27,3.76
T02400-1,T02400,1,首次受理,2026-03-27,2.77
T02401-1,T02401,1,首次受理,2026-03-30,9.53
T02401-2,T02401,2,补充沟通,2026-03-30,7.61
T02401-3,T02401,3,补充沟通,2026-03-30,9.4
T02402-1,T02402,1,首次受理,2026-03-30,17.55
T02402-2,T02402,2,补充沟通,2026-03-30,19.48
T02402-3,T02402,3,补充沟通,2026-03-30,14.05
T02403-1,T02403,1,首次受理,2026-03-30,12.55
T02403-2,T02403,2,补充沟通,2026-03-30,6.68
T02403-3,T02403,3,补充沟通,2026-03-30,18.63
T02404-1,T02404,1,首次受理,2026-03-30,12.66
T02404-2,T02404,2,补充沟通,2026-03-30,18.48
T02405-1,T02405,1,首次受理,2026-03-30,5.58
T02406-1,T02406,1,首次受理,2026-03-30,7.62
T02406-2,T02406,2,补充沟通,2026-03-30,10.43
T02407-1,T02407,1,首次受理,2026-03-30,18.67
T02407-2,T02407,2,补充沟通,2026-03-30,19.32
T02408-1,T02408,1,首次受理,2026-03-30,9.78
T02408-2,T02408,2,补充沟通,2026-03-30,16.36
T02408-3,T02408,3,补充沟通,2026-03-30,9.99
T02408-4,T02408,4,补充沟通,2026-03-30,16.62
T02409-1,T02409,1,首次受理,2026-03-30,13.05
T02409-2,T02409,2,补充沟通,2026-03-30,15.86
T02410-1,T02410,1,首次受理,2026-03-30,10.89
T02410-2,T02410,2,补充沟通,2026-03-30,12.7
T02411-1,T02411,1,首次受理,2026-03-30,15.03
T02411-2,T02411,2,补充沟通,2026-03-30,7.26
T02412-1,T02412,1,首次受理,2026-03-30,9.5
T02413-1,T02413,1,首次受理,2026-03-30,3.58
T02414-1,T02414,1,首次受理,2026-03-30,12.35
T02414-2,T02414,2,补充沟通,2026-03-30,19.57
T02414-3,T02414,3,补充沟通,2026-03-30,12.5
T02415-1,T02415,1,首次受理,2026-03-30,10.52
T02415-2,T02415,2,补充沟通,2026-03-30,18.69
T02416-1,T02416,1,首次受理,2026-03-30,18.41
T02416-2,T02416,2,补充沟通,2026-03-30,4.43
T02416-3,T02416,3,补充沟通,2026-03-30,8.4
T02417-1,T02417,1,首次受理,2026-03-30,3.75
T02417-2,T02417,2,补充沟通,2026-03-30,13.39
T02418-1,T02418,1,首次受理,2026-03-30,9.97
T02418-2,T02418,2,补充沟通,2026-03-30,6.25
T02419-1,T02419,1,首次受理,2026-03-30,12.07
T02419-2,T02419,2,补充沟通,2026-03-30,15.41
T02420-1,T02420,1,首次受理,2026-03-30,7.46
T02420-2,T02420,2,补充沟通,2026-03-30,4.84
T02421-1,T02421,1,首次受理,2026-03-30,7.62
T02421-2,T02421,2,补充沟通,2026-03-30,2.05
T02422-1,T02422,1,首次受理,2026-03-30,6.43
T02423-1,T02423,1,首次受理,2026-03-30,12.12
T02423-2,T02423,2,补充沟通,2026-03-30,17.93
T02423-3,T02423,3,补充沟通,2026-03-30,16.28
T02423-4,T02423,4,补充沟通,2026-03-30,7.26
T02424-1,T02424,1,首次受理,2026-03-30,17.27
T02424-2,T02424,2,补充沟通,2026-03-30,12.06
T02425-1,T02425,1,首次受理,2026-03-30,17.84
T02425-2,T02425,2,补充沟通,2026-03-30,17.63
T02426-1,T02426,1,首次受理,2026-03-30,9.37
T02427-1,T02427,1,首次受理,2026-03-30,14.07
T02427-2,T02427,2,补充沟通,2026-03-30,14.24
T02428-1,T02428,1,首次受理,2026-03-30,14.33
T02428-2,T02428,2,补充沟通,2026-03-30,6.59
T02429-1,T02429,1,首次受理,2026-03-30,16.12
T02429-2,T02429,2,补充沟通,2026-03-30,19.67
T02430-1,T02430,1,首次受理,2026-03-30,19.22
T02430-2,T02430,2,补充沟通,2026-03-30,17.1
T02430-3,T02430,3,补充沟通,2026-03-30,14.41
T02431-1,T02431,1,首次受理,2026-03-30,17.41
T02431-2,T02431,2,补充沟通,2026-03-30,18.15
T02432-1,T02432,1,首次受理,2026-03-30,4.73
T02432-2,T02432,2,补充沟通,2026-03-30,10.11
T02433-1,T02433,1,首次受理,2026-03-30,19.01
T02433-2,T02433,2,补充沟通,2026-03-30,5.25
T02434-1,T02434,1,首次受理,2026-03-30,11.06
T02434-2,T02434,2,补充沟通,2026-03-30,19.19
T02435-1,T02435,1,首次受理,2026-03-30,6.17
T02435-2,T02435,2,补充沟通,2026-03-30,10.22
T02436-1,T02436,1,首次受理,2026-03-30,16.15
T02436-2,T02436,2,补充沟通,2026-03-30,15.62
T02437-1,T02437,1,首次受理,2026-03-30,6.84
T02437-2,T02437,2,补充沟通,2026-03-30,9.58
T02438-1,T02438,1,首次受理,2026-03-30,5.61
T02438-2,T02438,2,补充沟通,2026-03-30,12.38
T02438-3,T02438,3,补充沟通,2026-03-30,4.96
T02439-1,T02439,1,首次受理,2026-03-30,4.73
T02439-2,T02439,2,补充沟通,2026-03-30,17.83
T02439-3,T02439,3,补充沟通,2026-03-30,6.62
T02440-1,T02440,1,首次受理,2026-03-30,14.36
T02440-2,T02440,2,补充沟通,2026-03-30,19.55
T02440-3,T02440,3,补充沟通,2026-03-30,7.81
T02441-1,T02441,1,首次受理,2026-03-30,4.69
T02441-2,T02441,2,补充沟通,2026-03-30,7.73
T02442-1,T02442,1,首次受理,2026-03-30,17.46
T02442-2,T02442,2,补充沟通,2026-03-30,4.95
T02443-1,T02443,1,首次受理,2026-03-30,10.32
T02443-2,T02443,2,补充沟通,2026-03-30,17.59
T02444-1,T02444,1,首次受理,2026-03-30,2.96
T02444-2,T02444,2,补充沟通,2026-03-30,3.63
T02445-1,T02445,1,首次受理,2026-03-30,8.59
T02446-1,T02446,1,首次受理,2026-03-30,10.64
T02446-2,T02446,2,补充沟通,2026-03-30,17.35
T02446-3,T02446,3,补充沟通,2026-03-30,9.18
T02447-1,T02447,1,首次受理,2026-03-30,5.82
T02448-1,T02448,1,首次受理,2026-03-30,6.94
T02449-1,T02449,1,首次受理,2026-03-30,2.96
T02449-2,T02449,2,补充沟通,2026-03-30,4.82
T02450-1,T02450,1,首次受理,2026-03-30,7.55
T02451-1,T02451,1,首次受理,2026-03-30,5.08
T02451-2,T02451,2,补充沟通,2026-03-30,19.17
T02452-1,T02452,1,首次受理,2026-03-30,4.46
T02453-1,T02453,1,首次受理,2026-03-30,6.14
T02453-2,T02453,2,补充沟通,2026-03-30,7.94
T02454-1,T02454,1,首次受理,2026-03-30,13.13
T02454-2,T02454,2,补充沟通,2026-03-30,18.16
T02454-3,T02454,3,补充沟通,2026-03-30,7.16
T02455-1,T02455,1,首次受理,2026-03-30,7.26
T02455-2,T02455,2,补充沟通,2026-03-30,9.23
T02456-1,T02456,1,首次受理,2026-03-30,10.49
T02457-1,T02457,1,首次受理,2026-03-30,9.5
T02457-2,T02457,2,补充沟通,2026-03-30,10.98
T02457-3,T02457,3,补充沟通,2026-03-30,13.78
T02458-1,T02458,1,首次受理,2026-03-30,11.03
T02458-2,T02458,2,补充沟通,2026-03-30,16.89
T02458-3,T02458,3,补充沟通,2026-03-30,5.7
T02459-1,T02459,1,首次受理,2026-03-30,3.82
T02459-2,T02459,2,补充沟通,2026-03-30,9.56
T02460-1,T02460,1,首次受理,2026-03-30,8.71
T02461-1,T02461,1,首次受理,2026-03-30,6.56
T02461-2,T02461,2,补充沟通,2026-03-30,6.2
T02461-3,T02461,3,补充沟通,2026-03-30,7.2
T02462-1,T02462,1,首次受理,2026-03-30,5.84
T02463-1,T02463,1,首次受理,2026-03-30,10.25
T02464-1,T02464,1,首次受理,2026-03-30,9.35
T02465-1,T02465,1,首次受理,2026-03-30,5.25
T02465-2,T02465,2,补充沟通,2026-03-30,18.31
T02465-3,T02465,3,补充沟通,2026-03-30,16.22
T02466-1,T02466,1,首次受理,2026-03-30,3.65
T02466-2,T02466,2,补充沟通,2026-03-30,2.28
T02467-1,T02467,1,首次受理,2026-03-30,7.62
T02467-2,T02467,2,补充沟通,2026-03-30,13.4
T02468-1,T02468,1,首次受理,2026-03-30,5.72
T02468-2,T02468,2,补充沟通,2026-03-30,3.31
T02468-3,T02468,3,补充沟通,2026-03-30,4.08
T02469-1,T02469,1,首次受理,2026-03-30,9.88
T02469-2,T02469,2,补充沟通,2026-03-30,4.77
T02470-1,T02470,1,首次受理,2026-03-30,7.48
T02470-2,T02470,2,补充沟通,2026-03-30,9.93
T02470-3,T02470,3,补充沟通,2026-03-30,6.05
T02471-1,T02471,1,首次受理,2026-03-30,4.68
T02471-2,T02471,2,补充沟通,2026-03-30,11.42
T02472-1,T02472,1,首次受理,2026-03-30,4.24
T02473-1,T02473,1,首次受理,2026-03-30,8.62
T02474-1,T02474,1,首次受理,2026-03-30,5.74
T02474-2,T02474,2,补充沟通,2026-03-30,4.36
T02475-1,T02475,1,首次受理,2026-03-30,6.1
T02476-1,T02476,1,首次受理,2026-03-30,5.51
T02477-1,T02477,1,首次受理,2026-03-30,4.35
T02478-1,T02478,1,首次受理,2026-03-30,6.58
T02479-1,T02479,1,首次受理,2026-03-30,3.63
T02480-1,T02480,1,首次受理,2026-03-30,10.01
T02480-2,T02480,2,补充沟通,2026-03-30,6.04
T02481-1,T02481,1,首次受理,2026-03-30,18.24
T02481-2,T02481,2,补充沟通,2026-03-30,17.32
T02481-3,T02481,3,补充沟通,2026-03-30,15.75
T02482-1,T02482,1,首次受理,2026-03-30,7.8
T02482-2,T02482,2,补充沟通,2026-03-30,10.13
T02482-3,T02482,3,补充沟通,2026-03-30,15.15
T02482-4,T02482,4,补充沟通,2026-03-30,5.03
T02483-1,T02483,1,首次受理,2026-03-30,12.89
T02483-2,T02483,2,补充沟通,2026-03-30,6.62
T02484-1,T02484,1,首次受理,2026-03-30,11.76
T02484-2,T02484,2,补充沟通,2026-03-30,9.63
T02484-3,T02484,3,补充沟通,2026-03-30,12.2
T02485-1,T02485,1,首次受理,2026-03-30,8.1
T02486-1,T02486,1,首次受理,2026-03-30,10.37
T02486-2,T02486,2,补充沟通,2026-03-30,6.78
T02487-1,T02487,1,首次受理,2026-03-30,17.61
T02487-2,T02487,2,补充沟通,2026-03-30,17.68
T02488-1,T02488,1,首次受理,2026-03-30,9.83
T02488-2,T02488,2,补充沟通,2026-03-30,9.31
T02489-1,T02489,1,首次受理,2026-03-30,8.34
T02490-1,T02490,1,首次受理,2026-03-30,5.54
T02490-2,T02490,2,补充沟通,2026-03-30,14.94
T02490-3,T02490,3,补充沟通,2026-03-30,8.49
T02491-1,T02491,1,首次受理,2026-03-30,12.67
T02491-2,T02491,2,补充沟通,2026-03-30,19.66
T02492-1,T02492,1,首次受理,2026-03-30,6.97
T02493-1,T02493,1,首次受理,2026-03-30,7.68
T02494-1,T02494,1,首次受理,2026-03-30,5.76
T02494-2,T02494,2,补充沟通,2026-03-30,5.15
T02495-1,T02495,1,首次受理,2026-03-30,16.21
T02495-2,T02495,2,补充沟通,2026-03-30,14.32
T02495-3,T02495,3,补充沟通,2026-03-30,18.54
T02496-1,T02496,1,首次受理,2026-03-30,4.68
T02496-2,T02496,2,补充沟通,2026-03-30,4.7
T02497-1,T02497,1,首次受理,2026-03-30,19.63
T02497-2,T02497,2,补充沟通,2026-03-30,13.61
T02498-1,T02498,1,首次受理,2026-03-30,17.12
T02498-2,T02498,2,补充沟通,2026-03-30,11.04
T02498-3,T02498,3,补充沟通,2026-03-30,8.69
T02499-1,T02499,1,首次受理,2026-03-30,12.12
T02499-2,T02499,2,补充沟通,2026-03-30,12.48
T02500-1,T02500,1,首次受理,2026-03-30,6.52
T02501-1,T02501,1,首次受理,2026-03-30,4.04
T02502-1,T02502,1,首次受理,2026-03-30,11.51
T02502-2,T02502,2,补充沟通,2026-03-30,7.71
T02503-1,T02503,1,首次受理,2026-03-30,10.18
T02503-2,T02503,2,补充沟通,2026-03-30,5.47
T02504-1,T02504,1,首次受理,2026-03-30,2.34
T02505-1,T02505,1,首次受理,2026-03-30,4.28
T02506-1,T02506,1,首次受理,2026-03-30,4.24
T02507-1,T02507,1,首次受理,2026-03-30,11.0
T02507-2,T02507,2,补充沟通,2026-03-30,16.92
T02508-1,T02508,1,首次受理,2026-03-30,10.21
T02509-1,T02509,1,首次受理,2026-03-30,3.15
T02509-2,T02509,2,补充沟通,2026-03-30,5.41
T02510-1,T02510,1,首次受理,2026-03-30,4.52
T02510-2,T02510,2,补充沟通,2026-03-30,18.62
T02511-1,T02511,1,首次受理,2026-03-30,3.3
T02512-1,T02512,1,首次受理,2026-03-30,8.89
T02513-1,T02513,1,首次受理,2026-03-30,3.3
T02513-2,T02513,2,补充沟通,2026-03-30,9.77
T02513-3,T02513,3,补充沟通,2026-03-30,4.14
T02514-1,T02514,1,首次受理,2026-03-30,6.2
T02514-2,T02514,2,补充沟通,2026-03-30,10.29
T02514-3,T02514,3,补充沟通,2026-03-30,6.73
T02515-1,T02515,1,首次受理,2026-03-30,13.53
T02515-2,T02515,2,补充沟通,2026-03-30,10.66
T02515-3,T02515,3,补充沟通,2026-03-30,16.95
T02516-1,T02516,1,首次受理,2026-03-30,4.84
T02516-2,T02516,2,补充沟通,2026-03-30,4.07
T02517-1,T02517,1,首次受理,2026-03-30,2.27
T02517-2,T02517,2,补充沟通,2026-03-30,5.54
T02518-1,T02518,1,首次受理,2026-03-30,2.08
T02519-1,T02519,1,首次受理,2026-03-30,10.85
T02519-2,T02519,2,补充沟通,2026-03-30,10.21
T02520-1,T02520,1,首次受理,2026-03-30,8.79
T02521-1,T02521,1,首次受理,2026-03-31,13.3
T02521-2,T02521,2,补充沟通,2026-03-31,8.97
T02522-1,T02522,1,首次受理,2026-03-31,9.29
T02522-2,T02522,2,补充沟通,2026-03-31,9.1
T02522-3,T02522,3,补充沟通,2026-03-31,13.53
T02523-1,T02523,1,首次受理,2026-03-31,5.84
T02523-2,T02523,2,补充沟通,2026-03-31,18.89
T02524-1,T02524,1,首次受理,2026-03-31,9.87
T02524-2,T02524,2,补充沟通,2026-03-31,14.69
T02525-1,T02525,1,首次受理,2026-03-31,8.09
T02525-2,T02525,2,补充沟通,2026-03-31,9.26
T02525-3,T02525,3,补充沟通,2026-03-31,9.31
T02526-1,T02526,1,首次受理,2026-03-31,12.87
T02526-2,T02526,2,补充沟通,2026-03-31,14.67
T02527-1,T02527,1,首次受理,2026-03-31,3.91
T02527-2,T02527,2,补充沟通,2026-03-31,12.68
T02528-1,T02528,1,首次受理,2026-03-31,3.96
T02529-1,T02529,1,首次受理,2026-03-31,4.42
T02530-1,T02530,1,首次受理,2026-03-31,19.15
T02530-2,T02530,2,补充沟通,2026-03-31,4.74
T02531-1,T02531,1,首次受理,2026-03-31,3.65
T02532-1,T02532,1,首次受理,2026-03-31,10.72
T02532-2,T02532,2,补充沟通,2026-03-31,13.82
T02532-3,T02532,3,补充沟通,2026-03-31,14.76
T02533-1,T02533,1,首次受理,2026-03-31,10.6
T02533-2,T02533,2,补充沟通,2026-03-31,5.14
T02534-1,T02534,1,首次受理,2026-03-31,8.19
T02534-2,T02534,2,补充沟通,2026-03-31,5.57
T02535-1,T02535,1,首次受理,2026-03-31,7.54
T02535-2,T02535,2,补充沟通,2026-03-31,18.86
T02535-3,T02535,3,补充沟通,2026-03-31,13.72
T02535-4,T02535,4,补充沟通,2026-03-31,16.37
T02536-1,T02536,1,首次受理,2026-03-31,7.64
T02536-2,T02536,2,补充沟通,2026-03-31,16.54
T02536-3,T02536,3,补充沟通,2026-03-31,19.78
T02537-1,T02537,1,首次受理,2026-03-31,9.38
T02537-2,T02537,2,补充沟通,2026-03-31,12.58
T02538-1,T02538,1,首次受理,2026-03-31,6.98
T02539-1,T02539,1,首次受理,2026-03-31,4.31
T02539-2,T02539,2,补充沟通,2026-03-31,7.64
T02540-1,T02540,1,首次受理,2026-03-31,8.69
T02541-1,T02541,1,首次受理,2026-03-31,12.53
T02541-2,T02541,2,补充沟通,2026-03-31,12.26
T02542-1,T02542,1,首次受理,2026-03-31,10.53
T02542-2,T02542,2,补充沟通,2026-03-31,15.17
T02543-1,T02543,1,首次受理,2026-03-31,10.9
T02543-2,T02543,2,补充沟通,2026-03-31,19.56
T02544-1,T02544,1,首次受理,2026-03-31,8.97
T02545-1,T02545,1,首次受理,2026-03-31,6.63
T02545-2,T02545,2,补充沟通,2026-03-31,16.5
T02546-1,T02546,1,首次受理,2026-03-31,3.42
T02547-1,T02547,1,首次受理,2026-03-31,9.98
T02547-2,T02547,2,补充沟通,2026-03-31,9.85
T02548-1,T02548,1,首次受理,2026-03-31,6.38
T02548-2,T02548,2,补充沟通,2026-03-31,4.74
T02548-3,T02548,3,补充沟通,2026-03-31,12.71
T02549-1,T02549,1,首次受理,2026-03-31,8.97
T02549-2,T02549,2,补充沟通,2026-03-31,9.32
T02550-1,T02550,1,首次受理,2026-03-31,5.32
T02550-2,T02550,2,补充沟通,2026-03-31,6.95
T02551-1,T02551,1,首次受理,2026-03-31,13.82
T02551-2,T02551,2,补充沟通,2026-03-31,11.0
T02552-1,T02552,1,首次受理,2026-03-31,13.66
T02552-2,T02552,2,补充沟通,2026-03-31,15.4
T02552-3,T02552,3,补充沟通,2026-03-31,19.22
T02553-1,T02553,1,首次受理,2026-03-31,3.63
T02553-2,T02553,2,补充沟通,2026-03-31,3.49
T02554-1,T02554,1,首次受理,2026-03-31,8.51
T02555-1,T02555,1,首次受理,2026-03-31,8.38
T02555-2,T02555,2,补充沟通,2026-03-31,12.01
T02556-1,T02556,1,首次受理,2026-03-31,4.93
T02556-2,T02556,2,补充沟通,2026-03-31,8.0
T02557-1,T02557,1,首次受理,2026-03-31,2.47
T02558-1,T02558,1,首次受理,2026-03-31,15.28
T02558-2,T02558,2,补充沟通,2026-03-31,17.57
T02559-1,T02559,1,首次受理,2026-03-31,5.01
T02560-1,T02560,1,首次受理,2026-03-31,11.13
T02560-2,T02560,2,补充沟通,2026-03-31,10.83
T02560-3,T02560,3,补充沟通,2026-03-31,16.18
T02561-1,T02561,1,首次受理,2026-03-31,7.44
T02562-1,T02562,1,首次受理,2026-03-31,9.64
T02563-1,T02563,1,首次受理,2026-03-31,4.87
T02564-1,T02564,1,首次受理,2026-03-31,8.38
T02565-1,T02565,1,首次受理,2026-03-31,5.65
T02565-2,T02565,2,补充沟通,2026-03-31,6.94
T02566-1,T02566,1,首次受理,2026-03-31,5.23
T02566-2,T02566,2,补充沟通,2026-03-31,6.36
T02567-1,T02567,1,首次受理,2026-03-31,13.1
T02567-2,T02567,2,补充沟通,2026-03-31,18.1
T02567-3,T02567,3,补充沟通,2026-03-31,15.68
T02568-1,T02568,1,首次受理,2026-03-31,10.99
T02568-2,T02568,2,补充沟通,2026-03-31,4.75
T02569-1,T02569,1,首次受理,2026-03-31,4.54
T02570-1,T02570,1,首次受理,2026-03-31,9.64
T02571-1,T02571,1,首次受理,2026-03-31,3.03
T02572-1,T02572,1,首次受理,2026-03-31,9.27
T02573-1,T02573,1,首次受理,2026-03-31,8.6
T02573-2,T02573,2,补充沟通,2026-03-31,8.68
T02574-1,T02574,1,首次受理,2026-03-31,5.03
T02575-1,T02575,1,首次受理,2026-03-31,9.68
T02576-1,T02576,1,首次受理,2026-03-31,3.89
T02576-2,T02576,2,补充沟通,2026-03-31,14.8
T02576-3,T02576,3,补充沟通,2026-03-31,16.04
T02576-4,T02576,4,补充沟通,2026-03-31,4.15
T02577-1,T02577,1,首次受理,2026-03-31,8.97
T02577-2,T02577,2,补充沟通,2026-03-31,7.13
T02578-1,T02578,1,首次受理,2026-03-31,10.28
T02579-1,T02579,1,首次受理,2026-03-31,9.69
T02580-1,T02580,1,首次受理,2026-03-31,10.99
T02581-1,T02581,1,首次受理,2026-03-31,3.88
T02581-2,T02581,2,补充沟通,2026-03-31,7.68
T02581-3,T02581,3,补充沟通,2026-03-31,14.98
T02582-1,T02582,1,首次受理,2026-03-31,7.2
T02582-2,T02582,2,补充沟通,2026-03-31,3.77
T02583-1,T02583,1,首次受理,2026-03-31,4.72
T02584-1,T02584,1,首次受理,2026-03-31,6.66
T02585-1,T02585,1,首次受理,2026-03-31,9.24
T02585-2,T02585,2,补充沟通,2026-03-31,11.51
T02585-3,T02585,3,补充沟通,2026-03-31,19.55
T02586-1,T02586,1,首次受理,2026-03-31,7.82
T02587-1,T02587,1,首次受理,2026-03-31,9.3
T02588-1,T02588,1,首次受理,2026-03-31,13.16
T02588-2,T02588,2,补充沟通,2026-03-31,6.44
T02588-3,T02588,3,补充沟通,2026-03-31,19.62
T02589-1,T02589,1,首次受理,2026-03-31,7.43
T02589-2,T02589,2,补充沟通,2026-03-31,4.99
T02590-1,T02590,1,首次受理,2026-03-31,8.81
T02591-1,T02591,1,首次受理,2026-03-31,8.35
T02591-2,T02591,2,补充沟通,2026-03-31,16.65
T02591-3,T02591,3,补充沟通,2026-03-31,7.83
T02592-1,T02592,1,首次受理,2026-03-31,17.86
T02592-2,T02592,2,补充沟通,2026-03-31,9.03
T02593-1,T02593,1,首次受理,2026-03-31,9.63
T02593-2,T02593,2,补充沟通,2026-03-31,10.03
T02593-3,T02593,3,补充沟通,2026-03-31,5.81
T02594-1,T02594,1,首次受理,2026-03-31,9.61
T02595-1,T02595,1,首次受理,2026-03-31,2.36
T02595-2,T02595,2,补充沟通,2026-03-31,3.84
T02596-1,T02596,1,首次受理,2026-03-31,4.62
T02597-1,T02597,1,首次受理,2026-03-31,10.05
T02598-1,T02598,1,首次受理,2026-03-31,5.44
T02599-1,T02599,1,首次受理,2026-03-31,7.2
T02600-1,T02600,1,首次受理,2026-03-31,14.41
T02600-2,T02600,2,补充沟通,2026-03-31,8.37
T02601-1,T02601,1,首次受理,2026-03-31,4.67
T02602-1,T02602,1,首次受理,2026-03-31,19.54
T02602-2,T02602,2,补充沟通,2026-03-31,14.1
T02603-1,T02603,1,首次受理,2026-03-31,5.9
T02604-1,T02604,1,首次受理,2026-03-31,9.48
T02604-2,T02604,2,补充沟通,2026-03-31,5.83
T02604-3,T02604,3,补充沟通,2026-03-31,17.66
T02605-1,T02605,1,首次受理,2026-03-31,18.53
T02605-2,T02605,2,补充沟通,2026-03-31,13.1
T02606-1,T02606,1,首次受理,2026-03-31,8.52
T02606-2,T02606,2,补充沟通,2026-03-31,10.0
T02607-1,T02607,1,首次受理,2026-03-31,10.21
T02607-2,T02607,2,补充沟通,2026-03-31,8.94
T02607-3,T02607,3,补充沟通,2026-03-31,16.7
T02608-1,T02608,1,首次受理,2026-03-31,11.88
T02608-2,T02608,2,补充沟通,2026-03-31,9.26
T02609-1,T02609,1,首次受理,2026-03-31,7.27
T02610-1,T02610,1,首次受理,2026-03-31,17.55
T02610-2,T02610,2,补充沟通,2026-03-31,16.62
T02611-1,T02611,1,首次受理,2026-03-31,7.85
T02611-2,T02611,2,补充沟通,2026-03-31,6.59
T02612-1,T02612,1,首次受理,2026-03-31,4.99
T02613-1,T02613,1,首次受理,2026-03-31,2.02
T02614-1,T02614,1,首次受理,2026-03-31,5.67
T02614-2,T02614,2,补充沟通,2026-03-31,13.23
T02615-1,T02615,1,首次受理,2026-03-31,4.61
T02616-1,T02616,1,首次受理,2026-03-31,4.24
T02617-1,T02617,1,首次受理,2026-03-31,17.61
T02617-2,T02617,2,补充沟通,2026-03-31,17.19
T02618-1,T02618,1,首次受理,2026-03-31,5.36
T02619-1,T02619,1,首次受理,2026-03-31,4.92
T02619-2,T02619,2,补充沟通,2026-03-31,18.19
T02619-3,T02619,3,补充沟通,2026-03-31,16.19
T02620-1,T02620,1,首次受理,2026-03-31,10.09
T02621-1,T02621,1,首次受理,2026-03-31,14.0
T02621-2,T02621,2,补充沟通,2026-03-31,17.38
T02622-1,T02622,1,首次受理,2026-03-31,19.09
T02622-2,T02622,2,补充沟通,2026-03-31,4.4
T02622-3,T02622,3,补充沟通,2026-03-31,19.74
T02623-1,T02623,1,首次受理,2026-03-31,16.22
T02623-2,T02623,2,补充沟通,2026-03-31,13.4
T02624-1,T02624,1,首次受理,2026-03-31,11.5
T02624-2,T02624,2,补充沟通,2026-03-31,10.13
T02625-1,T02625,1,首次受理,2026-03-31,11.9
T02625-2,T02625,2,补充沟通,2026-03-31,17.65
T02625-3,T02625,3,补充沟通,2026-03-31,8.58
T02626-1,T02626,1,首次受理,2026-03-31,13.38
T02626-2,T02626,2,补充沟通,2026-03-31,5.56
T02627-1,T02627,1,首次受理,2026-03-31,10.32
T02628-1,T02628,1,首次受理,2026-03-31,18.55
T02628-2,T02628,2,补充沟通,2026-03-31,8.38
T02629-1,T02629,1,首次受理,2026-03-31,4.09
T02630-1,T02630,1,首次受理,2026-03-31,7.76
T02631-1,T02631,1,首次受理,2026-03-31,5.74
T02632-1,T02632,1,首次受理,2026-03-31,11.87
T02632-2,T02632,2,补充沟通,2026-03-31,3.74
T02633-1,T02633,1,首次受理,2026-03-31,14.22
T02633-2,T02633,2,补充沟通,2026-03-31,9.13
T02633-3,T02633,3,补充沟通,2026-03-31,14.71
T02634-1,T02634,1,首次受理,2026-03-31,2.27
T02634-2,T02634,2,补充沟通,2026-03-31,6.51
T02635-1,T02635,1,首次受理,2026-03-31,4.24
T02635-2,T02635,2,补充沟通,2026-03-31,16.14
T02635-3,T02635,3,补充沟通,2026-03-31,16.4
T02636-1,T02636,1,首次受理,2026-03-31,7.18
T02637-1,T02637,1,首次受理,2026-03-31,9.83
T02637-2,T02637,2,补充沟通,2026-03-31,17.34
T02638-1,T02638,1,首次受理,2026-03-31,6.51
T02638-2,T02638,2,补充沟通,2026-03-31,5.86
T02639-1,T02639,1,首次受理,2026-03-31,19.02
T02639-2,T02639,2,补充沟通,2026-03-31,17.21
T02640-1,T02640,1,首次受理,2026-03-31,2.62
T02641-1,T02641,1,首次受理,2026-04-01,11.97
T02641-2,T02641,2,补充沟通,2026-04-01,8.89
T02641-3,T02641,3,补充沟通,2026-04-01,19.25
T02641-4,T02641,4,补充沟通,2026-04-01,6.46
T02642-1,T02642,1,首次受理,2026-04-01,10.05
T02643-1,T02643,1,首次受理,2026-04-01,13.42
T02643-2,T02643,2,补充沟通,2026-04-01,4.32
T02644-1,T02644,1,首次受理,2026-04-01,19.46
T02644-2,T02644,2,补充沟通,2026-04-01,3.65
T02645-1,T02645,1,首次受理,2026-04-01,5.65
T02646-1,T02646,1,首次受理,2026-04-01,19.67
T02646-2,T02646,2,补充沟通,2026-04-01,9.12
T02647-1,T02647,1,首次受理,2026-04-01,2.54
T02648-1,T02648,1,首次受理,2026-04-01,18.09
T02648-2,T02648,2,补充沟通,2026-04-01,18.13
T02649-1,T02649,1,首次受理,2026-04-01,7.67
T02649-2,T02649,2,补充沟通,2026-04-01,5.98
T02650-1,T02650,1,首次受理,2026-04-01,8.11
T02651-1,T02651,1,首次受理,2026-04-01,6.43
T02651-2,T02651,2,补充沟通,2026-04-01,14.23
T02652-1,T02652,1,首次受理,2026-04-01,15.94
T02652-2,T02652,2,补充沟通,2026-04-01,8.8
T02653-1,T02653,1,首次受理,2026-04-01,3.94
T02654-1,T02654,1,首次受理,2026-04-01,11.89
T02654-2,T02654,2,补充沟通,2026-04-01,5.59
T02655-1,T02655,1,首次受理,2026-04-01,9.45
T02655-2,T02655,2,补充沟通,2026-04-01,14.07
T02656-1,T02656,1,首次受理,2026-04-01,11.18
T02656-2,T02656,2,补充沟通,2026-04-01,10.83
T02657-1,T02657,1,首次受理,2026-04-01,9.74
T02658-1,T02658,1,首次受理,2026-04-01,15.58
T02658-2,T02658,2,补充沟通,2026-04-01,5.29
T02659-1,T02659,1,首次受理,2026-04-01,18.18
T02659-2,T02659,2,补充沟通,2026-04-01,13.34
T02659-3,T02659,3,补充沟通,2026-04-01,11.04
T02660-1,T02660,1,首次受理,2026-04-01,17.35
T02660-2,T02660,2,补充沟通,2026-04-01,17.15
T02660-3,T02660,3,补充沟通,2026-04-01,18.45
T02660-4,T02660,4,补充沟通,2026-04-01,10.85
T02661-1,T02661,1,首次受理,2026-04-01,6.37
T02661-2,T02661,2,补充沟通,2026-04-01,16.09
T02662-1,T02662,1,首次受理,2026-04-01,19.5
T02662-2,T02662,2,补充沟通,2026-04-01,12.47
T02663-1,T02663,1,首次受理,2026-04-01,19.06
T02663-2,T02663,2,补充沟通,2026-04-01,4.95
T02664-1,T02664,1,首次受理,2026-04-01,11.89
T02664-2,T02664,2,补充沟通,2026-04-01,4.43
T02665-1,T02665,1,首次受理,2026-04-01,15.75
T02665-2,T02665,2,补充沟通,2026-04-01,7.01
T02666-1,T02666,1,首次受理,2026-04-01,8.62
T02666-2,T02666,2,补充沟通,2026-04-01,16.64
T02666-3,T02666,3,补充沟通,2026-04-01,6.55
T02667-1,T02667,1,首次受理,2026-04-01,6.96
T02667-2,T02667,2,补充沟通,2026-04-01,4.29
T02668-1,T02668,1,首次受理,2026-04-01,4.89
T02668-2,T02668,2,补充沟通,2026-04-01,8.53
T02668-3,T02668,3,补充沟通,2026-04-01,15.55
T02669-1,T02669,1,首次受理,2026-04-01,5.17
T02670-1,T02670,1,首次受理,2026-04-01,18.57
T02670-2,T02670,2,补充沟通,2026-04-01,13.8
T02671-1,T02671,1,首次受理,2026-04-01,6.49
T02671-2,T02671,2,补充沟通,2026-04-01,5.31
T02671-3,T02671,3,补充沟通,2026-04-01,12.57
T02672-1,T02672,1,首次受理,2026-04-01,18.98
T02672-2,T02672,2,补充沟通,2026-04-01,5.48
T02673-1,T02673,1,首次受理,2026-04-01,15.03
T02673-2,T02673,2,补充沟通,2026-04-01,14.27
T02673-3,T02673,3,补充沟通,2026-04-01,9.56
T02674-1,T02674,1,首次受理,2026-04-01,4.37
T02674-2,T02674,2,补充沟通,2026-04-01,10.74
T02675-1,T02675,1,首次受理,2026-04-01,16.82
T02675-2,T02675,2,补充沟通,2026-04-01,17.88
T02675-3,T02675,3,补充沟通,2026-04-01,3.92
T02676-1,T02676,1,首次受理,2026-04-01,4.88
T02676-2,T02676,2,补充沟通,2026-04-01,10.9
T02677-1,T02677,1,首次受理,2026-04-01,10.26
T02677-2,T02677,2,补充沟通,2026-04-01,12.65
T02678-1,T02678,1,首次受理,2026-04-01,11.68
T02678-2,T02678,2,补充沟通,2026-04-01,12.38
T02679-1,T02679,1,首次受理,2026-04-01,9.83
T02679-2,T02679,2,补充沟通,2026-04-01,12.28
T02679-3,T02679,3,补充沟通,2026-04-01,5.53
T02680-1,T02680,1,首次受理,2026-04-01,17.47
T02680-2,T02680,2,补充沟通,2026-04-01,19.2
T02681-1,T02681,1,首次受理,2026-04-01,2.5
T02682-1,T02682,1,首次受理,2026-04-01,10.22
T02683-1,T02683,1,首次受理,2026-04-01,10.64
T02684-1,T02684,1,首次受理,2026-04-01,4.88
T02685-1,T02685,1,首次受理,2026-04-01,10.95
T02685-2,T02685,2,补充沟通,2026-04-01,7.66
T02686-1,T02686,1,首次受理,2026-04-01,5.37
T02686-2,T02686,2,补充沟通,2026-04-01,4.55
T02687-1,T02687,1,首次受理,2026-04-01,2.05
T02688-1,T02688,1,首次受理,2026-04-01,5.71
T02688-2,T02688,2,补充沟通,2026-04-01,10.93
T02689-1,T02689,1,首次受理,2026-04-01,2.67
T02690-1,T02690,1,首次受理,2026-04-01,6.93
T02691-1,T02691,1,首次受理,2026-04-01,6.81
T02692-1,T02692,1,首次受理,2026-04-01,5.32
T02693-1,T02693,1,首次受理,2026-04-01,8.55
T02694-1,T02694,1,首次受理,2026-04-01,9.61
T02695-1,T02695,1,首次受理,2026-04-01,2.24
T02695-2,T02695,2,补充沟通,2026-04-01,4.81
T02696-1,T02696,1,首次受理,2026-04-01,5.2
T02697-1,T02697,1,首次受理,2026-04-01,2.99
T02698-1,T02698,1,首次受理,2026-04-01,7.13
T02699-1,T02699,1,首次受理,2026-04-01,8.85
T02699-2,T02699,2,补充沟通,2026-04-01,12.84
T02699-3,T02699,3,补充沟通,2026-04-01,12.28
T02700-1,T02700,1,首次受理,2026-04-01,10.69
T02701-1,T02701,1,首次受理,2026-04-01,5.89
T02701-2,T02701,2,补充沟通,2026-04-01,6.6
T02702-1,T02702,1,首次受理,2026-04-01,4.05
T02702-2,T02702,2,补充沟通,2026-04-01,19.43
T02703-1,T02703,1,首次受理,2026-04-01,8.87
T02704-1,T02704,1,首次受理,2026-04-01,9.13
T02705-1,T02705,1,首次受理,2026-04-01,4.18
T02706-1,T02706,1,首次受理,2026-04-01,8.85
T02707-1,T02707,1,首次受理,2026-04-01,5.54
T02707-2,T02707,2,补充沟通,2026-04-01,9.22
T02708-1,T02708,1,首次受理,2026-04-01,3.29
T02709-1,T02709,1,首次受理,2026-04-01,10.82
T02710-1,T02710,1,首次受理,2026-04-01,6.02
T02711-1,T02711,1,首次受理,2026-04-01,8.34
T02711-2,T02711,2,补充沟通,2026-04-01,2.7
T02712-1,T02712,1,首次受理,2026-04-01,8.54
T02713-1,T02713,1,首次受理,2026-04-01,2.31
T02714-1,T02714,1,首次受理,2026-04-01,4.12
T02715-1,T02715,1,首次受理,2026-04-01,8.02
T02716-1,T02716,1,首次受理,2026-04-01,3.65
T02717-1,T02717,1,首次受理,2026-04-01,4.68
T02717-2,T02717,2,补充沟通,2026-04-01,7.42
T02718-1,T02718,1,首次受理,2026-04-01,3.68
T02718-2,T02718,2,补充沟通,2026-04-01,6.99
T02719-1,T02719,1,首次受理,2026-04-01,10.85
T02719-2,T02719,2,补充沟通,2026-04-01,2.4
T02720-1,T02720,1,首次受理,2026-04-01,2.72
T02721-1,T02721,1,首次受理,2026-04-01,3.36
T02722-1,T02722,1,首次受理,2026-04-01,9.16
T02722-2,T02722,2,补充沟通,2026-04-01,8.62
T02723-1,T02723,1,首次受理,2026-04-01,5.5
T02724-1,T02724,1,首次受理,2026-04-01,18.38
T02724-2,T02724,2,补充沟通,2026-04-01,13.92
T02725-1,T02725,1,首次受理,2026-04-01,12.84
T02725-2,T02725,2,补充沟通,2026-04-01,16.86
T02726-1,T02726,1,首次受理,2026-04-01,19.17
T02726-2,T02726,2,补充沟通,2026-04-01,13.39
T02726-3,T02726,3,补充沟通,2026-04-01,4.01
T02727-1,T02727,1,首次受理,2026-04-01,6.91
T02728-1,T02728,1,首次受理,2026-04-01,16.84
T02728-2,T02728,2,补充沟通,2026-04-01,11.95
T02729-1,T02729,1,首次受理,2026-04-01,2.86
T02730-1,T02730,1,首次受理,2026-04-01,16.46
T02730-2,T02730,2,补充沟通,2026-04-01,10.68
T02731-1,T02731,1,首次受理,2026-04-01,2.65
T02732-1,T02732,1,首次受理,2026-04-01,9.01
T02733-1,T02733,1,首次受理,2026-04-01,4.54
T02733-2,T02733,2,补充沟通,2026-04-01,7.56
T02733-3,T02733,3,补充沟通,2026-04-01,15.98
T02734-1,T02734,1,首次受理,2026-04-01,15.43
T02734-2,T02734,2,补充沟通,2026-04-01,17.11
T02735-1,T02735,1,首次受理,2026-04-01,3.94
T02736-1,T02736,1,首次受理,2026-04-01,6.64
T02737-1,T02737,1,首次受理,2026-04-01,10.91
T02737-2,T02737,2,补充沟通,2026-04-01,10.14
T02738-1,T02738,1,首次受理,2026-04-01,16.04
T02738-2,T02738,2,补充沟通,2026-04-01,14.84
T02739-1,T02739,1,首次受理,2026-04-01,10.95
T02739-2,T02739,2,补充沟通,2026-04-01,5.96
T02740-1,T02740,1,首次受理,2026-04-01,4.22
T02740-2,T02740,2,补充沟通,2026-04-01,17.82
T02740-3,T02740,3,补充沟通,2026-04-01,15.76
T02741-1,T02741,1,首次受理,2026-04-01,11.99
T02741-2,T02741,2,补充沟通,2026-04-01,14.62
T02741-3,T02741,3,补充沟通,2026-04-01,15.7
T02742-1,T02742,1,首次受理,2026-04-01,5.38
T02742-2,T02742,2,补充沟通,2026-04-01,5.87
T02743-1,T02743,1,首次受理,2026-04-01,11.96
T02743-2,T02743,2,补充沟通,2026-04-01,13.37
T02744-1,T02744,1,首次受理,2026-04-01,6.91
T02745-1,T02745,1,首次受理,2026-04-01,18.17
T02745-2,T02745,2,补充沟通,2026-04-01,8.58
T02745-3,T02745,3,补充沟通,2026-04-01,4.04
T02746-1,T02746,1,首次受理,2026-04-01,15.37
T02746-2,T02746,2,补充沟通,2026-04-01,5.22
T02747-1,T02747,1,首次受理,2026-04-01,5.8
T02748-1,T02748,1,首次受理,2026-04-01,14.14
T02748-2,T02748,2,补充沟通,2026-04-01,12.0
T02748-3,T02748,3,补充沟通,2026-04-01,8.5
T02749-1,T02749,1,首次受理,2026-04-01,9.29
T02749-2,T02749,2,补充沟通,2026-04-01,10.23
T02749-3,T02749,3,补充沟通,2026-04-01,8.41
T02750-1,T02750,1,首次受理,2026-04-01,6.89
T02750-2,T02750,2,补充沟通,2026-04-01,13.57
T02751-1,T02751,1,首次受理,2026-04-01,3.13
T02752-1,T02752,1,首次受理,2026-04-01,18.87
T02752-2,T02752,2,补充沟通,2026-04-01,19.08
T02753-1,T02753,1,首次受理,2026-04-01,9.6
T02754-1,T02754,1,首次受理,2026-04-01,4.42
T02755-1,T02755,1,首次受理,2026-04-01,6.9
T02755-2,T02755,2,补充沟通,2026-04-01,17.84
T02755-3,T02755,3,补充沟通,2026-04-01,18.93
T02756-1,T02756,1,首次受理,2026-04-01,9.01
T02757-1,T02757,1,首次受理,2026-04-01,3.18
T02757-2,T02757,2,补充沟通,2026-04-01,5.36
T02758-1,T02758,1,首次受理,2026-04-01,16.82
T02758-2,T02758,2,补充沟通,2026-04-01,12.98
T02758-3,T02758,3,补充沟通,2026-04-01,6.27
T02759-1,T02759,1,首次受理,2026-04-01,12.05
T02759-2,T02759,2,补充沟通,2026-04-01,5.68
T02760-1,T02760,1,首次受理,2026-04-01,5.21
T02761-1,T02761,1,首次受理,2026-04-02,4.63
T02761-2,T02761,2,补充沟通,2026-04-02,18.62
T02761-3,T02761,3,补充沟通,2026-04-02,14.92
T02762-1,T02762,1,首次受理,2026-04-02,18.56
T02762-2,T02762,2,补充沟通,2026-04-02,19.55
T02763-1,T02763,1,首次受理,2026-04-02,11.6
T02763-2,T02763,2,补充沟通,2026-04-02,3.65
T02764-1,T02764,1,首次受理,2026-04-02,13.93
T02764-2,T02764,2,补充沟通,2026-04-02,18.34
T02765-1,T02765,1,首次受理,2026-04-02,9.57
T02766-1,T02766,1,首次受理,2026-04-02,14.14
T02766-2,T02766,2,补充沟通,2026-04-02,7.66
T02766-3,T02766,3,补充沟通,2026-04-02,15.27
T02767-1,T02767,1,首次受理,2026-04-02,13.9
T02767-2,T02767,2,补充沟通,2026-04-02,13.14
T02768-1,T02768,1,首次受理,2026-04-02,5.3
T02769-1,T02769,1,首次受理,2026-04-02,18.85
T02769-2,T02769,2,补充沟通,2026-04-02,10.84
T02770-1,T02770,1,首次受理,2026-04-02,5.57
T02771-1,T02771,1,首次受理,2026-04-02,16.83
T02771-2,T02771,2,补充沟通,2026-04-02,11.97
T02772-1,T02772,1,首次受理,2026-04-02,8.78
T02773-1,T02773,1,首次受理,2026-04-02,18.13
T02773-2,T02773,2,补充沟通,2026-04-02,16.55
T02773-3,T02773,3,补充沟通,2026-04-02,8.24
T02774-1,T02774,1,首次受理,2026-04-02,15.16
T02774-2,T02774,2,补充沟通,2026-04-02,18.68
T02774-3,T02774,3,补充沟通,2026-04-02,4.57
T02775-1,T02775,1,首次受理,2026-04-02,18.35
T02775-2,T02775,2,补充沟通,2026-04-02,12.23
T02776-1,T02776,1,首次受理,2026-04-02,5.27
T02776-2,T02776,2,补充沟通,2026-04-02,12.06
T02777-1,T02777,1,首次受理,2026-04-02,7.17
T02778-1,T02778,1,首次受理,2026-04-02,10.27
T02778-2,T02778,2,补充沟通,2026-04-02,14.95
T02779-1,T02779,1,首次受理,2026-04-02,11.58
T02779-2,T02779,2,补充沟通,2026-04-02,18.87
T02780-1,T02780,1,首次受理,2026-04-02,8.28
T02780-2,T02780,2,补充沟通,2026-04-02,5.17
T02781-1,T02781,1,首次受理,2026-04-02,16.25
T02781-2,T02781,2,补充沟通,2026-04-02,12.35
T02781-3,T02781,3,补充沟通,2026-04-02,9.09
T02781-4,T02781,4,补充沟通,2026-04-02,13.92
T02782-1,T02782,1,首次受理,2026-04-02,8.01
T02782-2,T02782,2,补充沟通,2026-04-02,15.43
T02783-1,T02783,1,首次受理,2026-04-02,5.58
T02783-2,T02783,2,补充沟通,2026-04-02,12.64
T02784-1,T02784,1,首次受理,2026-04-02,13.71
T02784-2,T02784,2,补充沟通,2026-04-02,19.48
T02785-1,T02785,1,首次受理,2026-04-02,7.36
T02785-2,T02785,2,补充沟通,2026-04-02,4.02
T02786-1,T02786,1,首次受理,2026-04-02,13.08
T02786-2,T02786,2,补充沟通,2026-04-02,5.38
T02787-1,T02787,1,首次受理,2026-04-02,6.05
T02787-2,T02787,2,补充沟通,2026-04-02,15.71
T02787-3,T02787,3,补充沟通,2026-04-02,17.12
T02788-1,T02788,1,首次受理,2026-04-02,14.3
T02788-2,T02788,2,补充沟通,2026-04-02,18.94
T02788-3,T02788,3,补充沟通,2026-04-02,14.04
T02789-1,T02789,1,首次受理,2026-04-02,11.42
T02789-2,T02789,2,补充沟通,2026-04-02,8.87
T02790-1,T02790,1,首次受理,2026-04-02,10.31
T02790-2,T02790,2,补充沟通,2026-04-02,7.57
T02791-1,T02791,1,首次受理,2026-04-02,2.97
T02792-1,T02792,1,首次受理,2026-04-02,9.86
T02792-2,T02792,2,补充沟通,2026-04-02,16.53
T02793-1,T02793,1,首次受理,2026-04-02,10.1
T02793-2,T02793,2,补充沟通,2026-04-02,12.67
T02794-1,T02794,1,首次受理,2026-04-02,19.03
T02794-2,T02794,2,补充沟通,2026-04-02,14.78
T02794-3,T02794,3,补充沟通,2026-04-02,12.4
T02795-1,T02795,1,首次受理,2026-04-02,16.37
T02795-2,T02795,2,补充沟通,2026-04-02,7.13
T02795-3,T02795,3,补充沟通,2026-04-02,18.7
T02796-1,T02796,1,首次受理,2026-04-02,10.59
T02797-1,T02797,1,首次受理,2026-04-02,5.87
T02798-1,T02798,1,首次受理,2026-04-02,6.13
T02799-1,T02799,1,首次受理,2026-04-02,17.94
T02799-2,T02799,2,补充沟通,2026-04-02,11.36
T02800-1,T02800,1,首次受理,2026-04-02,4.09
T02800-2,T02800,2,补充沟通,2026-04-02,10.11
T02801-1,T02801,1,首次受理,2026-04-02,4.9
T02801-2,T02801,2,补充沟通,2026-04-02,6.39
T02802-1,T02802,1,首次受理,2026-04-02,7.27
T02803-1,T02803,1,首次受理,2026-04-02,7.04
T02804-1,T02804,1,首次受理,2026-04-02,11.61
T02804-2,T02804,2,补充沟通,2026-04-02,8.77
T02804-3,T02804,3,补充沟通,2026-04-02,6.59
T02805-1,T02805,1,首次受理,2026-04-02,7.98
T02806-1,T02806,1,首次受理,2026-04-02,9.59
T02806-2,T02806,2,补充沟通,2026-04-02,10.64
T02807-1,T02807,1,首次受理,2026-04-02,8.34
T02808-1,T02808,1,首次受理,2026-04-02,5.39
T02808-2,T02808,2,补充沟通,2026-04-02,9.81
T02809-1,T02809,1,首次受理,2026-04-02,18.17
T02809-2,T02809,2,补充沟通,2026-04-02,10.03
T02810-1,T02810,1,首次受理,2026-04-02,4.91
T02811-1,T02811,1,首次受理,2026-04-02,6.16
T02811-2,T02811,2,补充沟通,2026-04-02,10.21
T02812-1,T02812,1,首次受理,2026-04-02,6.1
T02813-1,T02813,1,首次受理,2026-04-02,6.11
T02814-1,T02814,1,首次受理,2026-04-02,2.24
T02815-1,T02815,1,首次受理,2026-04-02,19.8
T02815-2,T02815,2,补充沟通,2026-04-02,13.72
T02815-3,T02815,3,补充沟通,2026-04-02,6.25
T02815-4,T02815,4,补充沟通,2026-04-02,7.61
T02816-1,T02816,1,首次受理,2026-04-02,18.49
T02816-2,T02816,2,补充沟通,2026-04-02,4.83
T02817-1,T02817,1,首次受理,2026-04-02,4.84
T02818-1,T02818,1,首次受理,2026-04-02,7.58
T02819-1,T02819,1,首次受理,2026-04-02,9.23
T02820-1,T02820,1,首次受理,2026-04-02,17.75
T02820-2,T02820,2,补充沟通,2026-04-02,15.87
T02820-3,T02820,3,补充沟通,2026-04-02,15.55
T02820-4,T02820,4,补充沟通,2026-04-02,13.61
T02821-1,T02821,1,首次受理,2026-04-02,2.54
T02821-2,T02821,2,补充沟通,2026-04-02,6.73
T02822-1,T02822,1,首次受理,2026-04-02,9.71
T02822-2,T02822,2,补充沟通,2026-04-02,14.86
T02823-1,T02823,1,首次受理,2026-04-02,8.88
T02824-1,T02824,1,首次受理,2026-04-02,3.76
T02824-2,T02824,2,补充沟通,2026-04-02,6.77
T02825-1,T02825,1,首次受理,2026-04-02,7.73
T02825-2,T02825,2,补充沟通,2026-04-02,5.58
T02826-1,T02826,1,首次受理,2026-04-02,9.39
T02827-1,T02827,1,首次受理,2026-04-02,4.1
T02827-2,T02827,2,补充沟通,2026-04-02,11.33
T02827-3,T02827,3,补充沟通,2026-04-02,15.43
T02828-1,T02828,1,首次受理,2026-04-02,6.38
T02829-1,T02829,1,首次受理,2026-04-02,2.48
T02830-1,T02830,1,首次受理,2026-04-02,4.24
T02830-2,T02830,2,补充沟通,2026-04-02,16.83
T02831-1,T02831,1,首次受理,2026-04-02,10.6
T02832-1,T02832,1,首次受理,2026-04-02,12.37
T02832-2,T02832,2,补充沟通,2026-04-02,15.85
T02833-1,T02833,1,首次受理,2026-04-02,7.33
T02833-2,T02833,2,补充沟通,2026-04-02,7.52
T02834-1,T02834,1,首次受理,2026-04-02,8.67
T02834-2,T02834,2,补充沟通,2026-04-02,5.68
T02834-3,T02834,3,补充沟通,2026-04-02,7.86
T02835-1,T02835,1,首次受理,2026-04-02,5.3
T02836-1,T02836,1,首次受理,2026-04-02,19.55
T02836-2,T02836,2,补充沟通,2026-04-02,13.36
T02836-3,T02836,3,补充沟通,2026-04-02,5.64
T02836-4,T02836,4,补充沟通,2026-04-02,17.83
T02837-1,T02837,1,首次受理,2026-04-02,6.74
T02837-2,T02837,2,补充沟通,2026-04-02,3.86
T02838-1,T02838,1,首次受理,2026-04-02,7.0
T02839-1,T02839,1,首次受理,2026-04-02,18.5
T02839-2,T02839,2,补充沟通,2026-04-02,17.7
T02839-3,T02839,3,补充沟通,2026-04-02,12.49
T02840-1,T02840,1,首次受理,2026-04-02,6.28
T02841-1,T02841,1,首次受理,2026-04-02,4.89
T02841-2,T02841,2,补充沟通,2026-04-02,5.34
T02841-3,T02841,3,补充沟通,2026-04-02,18.19
T02842-1,T02842,1,首次受理,2026-04-02,18.07
T02842-2,T02842,2,补充沟通,2026-04-02,17.99
T02843-1,T02843,1,首次受理,2026-04-02,13.01
T02843-2,T02843,2,补充沟通,2026-04-02,14.99
T02843-3,T02843,3,补充沟通,2026-04-02,10.94
T02844-1,T02844,1,首次受理,2026-04-02,15.41
T02844-2,T02844,2,补充沟通,2026-04-02,18.99
T02844-3,T02844,3,补充沟通,2026-04-02,14.1
T02845-1,T02845,1,首次受理,2026-04-02,10.39
T02846-1,T02846,1,首次受理,2026-04-02,10.38
T02846-2,T02846,2,补充沟通,2026-04-02,8.63
T02847-1,T02847,1,首次受理,2026-04-02,17.98
T02847-2,T02847,2,补充沟通,2026-04-02,18.26
T02848-1,T02848,1,首次受理,2026-04-02,14.83
T02848-2,T02848,2,补充沟通,2026-04-02,13.64
T02849-1,T02849,1,首次受理,2026-04-02,3.33
T02850-1,T02850,1,首次受理,2026-04-02,17.07
T02850-2,T02850,2,补充沟通,2026-04-02,16.07
T02851-1,T02851,1,首次受理,2026-04-02,4.53
T02851-2,T02851,2,补充沟通,2026-04-02,18.64
T02851-3,T02851,3,补充沟通,2026-04-02,5.74
T02852-1,T02852,1,首次受理,2026-04-02,4.95
T02852-2,T02852,2,补充沟通,2026-04-02,8.47
T02853-1,T02853,1,首次受理,2026-04-02,10.73
T02853-2,T02853,2,补充沟通,2026-04-02,7.19
T02853-3,T02853,3,补充沟通,2026-04-02,12.67
T02854-1,T02854,1,首次受理,2026-04-02,7.32
T02855-1,T02855,1,首次受理,2026-04-02,11.5
T02855-2,T02855,2,补充沟通,2026-04-02,6.4
T02855-3,T02855,3,补充沟通,2026-04-02,13.11
T02856-1,T02856,1,首次受理,2026-04-02,13.28
T02856-2,T02856,2,补充沟通,2026-04-02,7.2
T02856-3,T02856,3,补充沟通,2026-04-02,8.47
T02857-1,T02857,1,首次受理,2026-04-02,3.85
T02857-2,T02857,2,补充沟通,2026-04-02,19.73
T02858-1,T02858,1,首次受理,2026-04-02,10.16
T02858-2,T02858,2,补充沟通,2026-04-02,4.3
T02858-3,T02858,3,补充沟通,2026-04-02,2.56
T02859-1,T02859,1,首次受理,2026-04-02,4.24
T02860-1,T02860,1,首次受理,2026-04-02,11.43
T02860-2,T02860,2,补充沟通,2026-04-02,10.86
T02861-1,T02861,1,首次受理,2026-04-02,9.59
T02861-2,T02861,2,补充沟通,2026-04-02,6.08
T02862-1,T02862,1,首次受理,2026-04-02,17.51
T02862-2,T02862,2,补充沟通,2026-04-02,4.04
T02862-3,T02862,3,补充沟通,2026-04-02,4.14
T02863-1,T02863,1,首次受理,2026-04-02,13.11
T02863-2,T02863,2,补充沟通,2026-04-02,16.63
T02863-3,T02863,3,补充沟通,2026-04-02,4.86
T02864-1,T02864,1,首次受理,2026-04-02,13.74
T02864-2,T02864,2,补充沟通,2026-04-02,3.87
T02865-1,T02865,1,首次受理,2026-04-02,4.58
T02866-1,T02866,1,首次受理,2026-04-02,10.56
T02866-2,T02866,2,补充沟通,2026-04-02,7.25
T02867-1,T02867,1,首次受理,2026-04-02,18.92
T02867-2,T02867,2,补充沟通,2026-04-02,13.94
T02868-1,T02868,1,首次受理,2026-04-02,5.94
T02869-1,T02869,1,首次受理,2026-04-02,2.8
T02869-2,T02869,2,补充沟通,2026-04-02,7.09
T02870-1,T02870,1,首次受理,2026-04-02,2.93
T02871-1,T02871,1,首次受理,2026-04-02,9.86
T02871-2,T02871,2,补充沟通,2026-04-02,13.74
T02871-3,T02871,3,补充沟通,2026-04-02,15.15
T02872-1,T02872,1,首次受理,2026-04-02,2.91
T02873-1,T02873,1,首次受理,2026-04-02,5.94
T02874-1,T02874,1,首次受理,2026-04-02,8.03
T02874-2,T02874,2,补充沟通,2026-04-02,9.52
T02875-1,T02875,1,首次受理,2026-04-02,6.89
T02876-1,T02876,1,首次受理,2026-04-02,19.0
T02876-2,T02876,2,补充沟通,2026-04-02,17.76
T02876-3,T02876,3,补充沟通,2026-04-02,18.39
T02877-1,T02877,1,首次受理,2026-04-02,9.42
T02877-2,T02877,2,补充沟通,2026-04-02,9.02
T02878-1,T02878,1,首次受理,2026-04-02,10.41
T02879-1,T02879,1,首次受理,2026-04-02,17.06
T02879-2,T02879,2,补充沟通,2026-04-02,8.36
T02879-3,T02879,3,补充沟通,2026-04-02,6.61
T02880-1,T02880,1,首次受理,2026-04-02,8.47
T02881-1,T02881,1,首次受理,2026-04-03,9.6
T02881-2,T02881,2,补充沟通,2026-04-03,14.21
T02882-1,T02882,1,首次受理,2026-04-03,13.76
T02882-2,T02882,2,补充沟通,2026-04-03,3.9
T02883-1,T02883,1,首次受理,2026-04-03,6.21
T02884-1,T02884,1,首次受理,2026-04-03,7.83
T02884-2,T02884,2,补充沟通,2026-04-03,6.43
T02885-1,T02885,1,首次受理,2026-04-03,12.36
T02885-2,T02885,2,补充沟通,2026-04-03,11.03
T02886-1,T02886,1,首次受理,2026-04-03,6.19
T02886-2,T02886,2,补充沟通,2026-04-03,5.32
T02886-3,T02886,3,补充沟通,2026-04-03,17.89
T02887-1,T02887,1,首次受理,2026-04-03,10.29
T02887-2,T02887,2,补充沟通,2026-04-03,4.67
T02887-3,T02887,3,补充沟通,2026-04-03,12.31
T02888-1,T02888,1,首次受理,2026-04-03,6.96
T02888-2,T02888,2,补充沟通,2026-04-03,6.35
T02888-3,T02888,3,补充沟通,2026-04-03,12.99
T02889-1,T02889,1,首次受理,2026-04-03,9.75
T02889-2,T02889,2,补充沟通,2026-04-03,15.4
T02890-1,T02890,1,首次受理,2026-04-03,2.4
T02891-1,T02891,1,首次受理,2026-04-03,7.03
T02891-2,T02891,2,补充沟通,2026-04-03,4.11
T02892-1,T02892,1,首次受理,2026-04-03,6.17
T02893-1,T02893,1,首次受理,2026-04-03,17.23
T02893-2,T02893,2,补充沟通,2026-04-03,18.16
T02894-1,T02894,1,首次受理,2026-04-03,15.83
T02894-2,T02894,2,补充沟通,2026-04-03,5.92
T02895-1,T02895,1,首次受理,2026-04-03,10.29
T02895-2,T02895,2,补充沟通,2026-04-03,9.64
T02895-3,T02895,3,补充沟通,2026-04-03,8.53
T02896-1,T02896,1,首次受理,2026-04-03,17.78
T02896-2,T02896,2,补充沟通,2026-04-03,11.34
T02897-1,T02897,1,首次受理,2026-04-03,18.06
T02897-2,T02897,2,补充沟通,2026-04-03,6.49
T02897-3,T02897,3,补充沟通,2026-04-03,12.94
T02898-1,T02898,1,首次受理,2026-04-03,5.61
T02898-2,T02898,2,补充沟通,2026-04-03,14.42
T02899-1,T02899,1,首次受理,2026-04-03,2.47
T02899-2,T02899,2,补充沟通,2026-04-03,9.48
T02900-1,T02900,1,首次受理,2026-04-03,5.1
T02901-1,T02901,1,首次受理,2026-04-03,8.65
T02901-2,T02901,2,补充沟通,2026-04-03,14.33
T02902-1,T02902,1,首次受理,2026-04-03,10.73
T02902-2,T02902,2,补充沟通,2026-04-03,4.64
T02903-1,T02903,1,首次受理,2026-04-03,12.08
T02903-2,T02903,2,补充沟通,2026-04-03,10.26
T02904-1,T02904,1,首次受理,2026-04-03,14.12
T02904-2,T02904,2,补充沟通,2026-04-03,19.02
T02904-3,T02904,3,补充沟通,2026-04-03,5.69
T02905-1,T02905,1,首次受理,2026-04-03,13.04
T02905-2,T02905,2,补充沟通,2026-04-03,10.54
T02906-1,T02906,1,首次受理,2026-04-03,8.62
T02907-1,T02907,1,首次受理,2026-04-03,11.43
T02907-2,T02907,2,补充沟通,2026-04-03,7.03
T02908-1,T02908,1,首次受理,2026-04-03,9.14
T02909-1,T02909,1,首次受理,2026-04-03,13.77
T02909-2,T02909,2,补充沟通,2026-04-03,6.91
T02909-3,T02909,3,补充沟通,2026-04-03,18.68
T02910-1,T02910,1,首次受理,2026-04-03,10.1
T02910-2,T02910,2,补充沟通,2026-04-03,8.12
T02910-3,T02910,3,补充沟通,2026-04-03,10.06
T02911-1,T02911,1,首次受理,2026-04-03,7.58
T02911-2,T02911,2,补充沟通,2026-04-03,15.28
T02911-3,T02911,3,补充沟通,2026-04-03,6.41
T02912-1,T02912,1,首次受理,2026-04-03,3.06
T02912-2,T02912,2,补充沟通,2026-04-03,5.16
T02913-1,T02913,1,首次受理,2026-04-03,5.11
T02913-2,T02913,2,补充沟通,2026-04-03,14.3
T02914-1,T02914,1,首次受理,2026-04-03,5.32
T02915-1,T02915,1,首次受理,2026-04-03,7.88
T02915-2,T02915,2,补充沟通,2026-04-03,14.08
T02916-1,T02916,1,首次受理,2026-04-03,17.62
T02916-2,T02916,2,补充沟通,2026-04-03,10.79
T02917-1,T02917,1,首次受理,2026-04-03,13.95
T02917-2,T02917,2,补充沟通,2026-04-03,13.5
T02918-1,T02918,1,首次受理,2026-04-03,12.14
T02918-2,T02918,2,补充沟通,2026-04-03,19.11
T02919-1,T02919,1,首次受理,2026-04-03,9.11
T02919-2,T02919,2,补充沟通,2026-04-03,8.89
T02920-1,T02920,1,首次受理,2026-04-03,8.54
T02920-2,T02920,2,补充沟通,2026-04-03,15.67
T02921-1,T02921,1,首次受理,2026-04-03,6.33
T02922-1,T02922,1,首次受理,2026-04-03,3.89
T02923-1,T02923,1,首次受理,2026-04-03,8.88
T02923-2,T02923,2,补充沟通,2026-04-03,6.72
T02924-1,T02924,1,首次受理,2026-04-03,10.17
T02925-1,T02925,1,首次受理,2026-04-03,6.76
T02926-1,T02926,1,首次受理,2026-04-03,6.9
T02927-1,T02927,1,首次受理,2026-04-03,12.82
T02927-2,T02927,2,补充沟通,2026-04-03,16.8
T02928-1,T02928,1,首次受理,2026-04-03,15.15
T02928-2,T02928,2,补充沟通,2026-04-03,14.8
T02929-1,T02929,1,首次受理,2026-04-03,17.71
T02929-2,T02929,2,补充沟通,2026-04-03,16.69
T02929-3,T02929,3,补充沟通,2026-04-03,4.62
T02930-1,T02930,1,首次受理,2026-04-03,9.08
T02930-2,T02930,2,补充沟通,2026-04-03,15.96
T02931-1,T02931,1,首次受理,2026-04-03,7.38
T02931-2,T02931,2,补充沟通,2026-04-03,8.91
T02932-1,T02932,1,首次受理,2026-04-03,8.57
T02933-1,T02933,1,首次受理,2026-04-03,5.97
T02934-1,T02934,1,首次受理,2026-04-03,5.16
T02935-1,T02935,1,首次受理,2026-04-03,7.45
T02936-1,T02936,1,首次受理,2026-04-03,6.4
T02937-1,T02937,1,首次受理,2026-04-03,5.28
T02938-1,T02938,1,首次受理,2026-04-03,2.14
T02939-1,T02939,1,首次受理,2026-04-03,12.41
T02939-2,T02939,2,补充沟通,2026-04-03,8.06
T02939-3,T02939,3,补充沟通,2026-04-03,8.37
T02940-1,T02940,1,首次受理,2026-04-03,9.37
T02941-1,T02941,1,首次受理,2026-04-03,7.46
T02942-1,T02942,1,首次受理,2026-04-03,4.95
T02943-1,T02943,1,首次受理,2026-04-03,4.19
T02944-1,T02944,1,首次受理,2026-04-03,10.76
T02945-1,T02945,1,首次受理,2026-04-03,10.41
T02946-1,T02946,1,首次受理,2026-04-03,8.67
T02947-1,T02947,1,首次受理,2026-04-03,9.34
T02948-1,T02948,1,首次受理,2026-04-03,18.79
T02948-2,T02948,2,补充沟通,2026-04-03,14.62
T02949-1,T02949,1,首次受理,2026-04-03,8.15
T02950-1,T02950,1,首次受理,2026-04-03,3.24
T02951-1,T02951,1,首次受理,2026-04-03,6.82
T02952-1,T02952,1,首次受理,2026-04-03,19.54
T02952-2,T02952,2,补充沟通,2026-04-03,14.88
T02953-1,T02953,1,首次受理,2026-04-03,8.47
T02953-2,T02953,2,补充沟通,2026-04-03,3.77
T02954-1,T02954,1,首次受理,2026-04-03,10.6
T02955-1,T02955,1,首次受理,2026-04-03,9.9
T02956-1,T02956,1,首次受理,2026-04-03,10.33
T02956-2,T02956,2,补充沟通,2026-04-03,7.29
T02957-1,T02957,1,首次受理,2026-04-03,4.25
T02957-2,T02957,2,补充沟通,2026-04-03,17.25
T02958-1,T02958,1,首次受理,2026-04-03,8.54
T02958-2,T02958,2,补充沟通,2026-04-03,8.89
T02959-1,T02959,1,首次受理,2026-04-03,4.06
T02960-1,T02960,1,首次受理,2026-04-03,9.35
T02961-1,T02961,1,首次受理,2026-04-03,10.74
T02962-1,T02962,1,首次受理,2026-04-03,3.72
T02962-2,T02962,2,补充沟通,2026-04-03,10.93
T02963-1,T02963,1,首次受理,2026-04-03,17.77
T02963-2,T02963,2,补充沟通,2026-04-03,11.95
T02963-3,T02963,3,补充沟通,2026-04-03,9.72
T02964-1,T02964,1,首次受理,2026-04-03,9.94
T02965-1,T02965,1,首次受理,2026-04-03,7.7
T02966-1,T02966,1,首次受理,2026-04-03,3.95
T02966-2,T02966,2,补充沟通,2026-04-03,14.41
T02966-3,T02966,3,补充沟通,2026-04-03,6.68
T02967-1,T02967,1,首次受理,2026-04-03,9.11
T02967-2,T02967,2,补充沟通,2026-04-03,4.18
T02968-1,T02968,1,首次受理,2026-04-03,15.25
T02968-2,T02968,2,补充沟通,2026-04-03,14.17
T02969-1,T02969,1,首次受理,2026-04-03,18.83
T02969-2,T02969,2,补充沟通,2026-04-03,4.06
T02969-3,T02969,3,补充沟通,2026-04-03,19.49
T02970-1,T02970,1,首次受理,2026-04-03,15.71
T02970-2,T02970,2,补充沟通,2026-04-03,15.16
T02970-3,T02970,3,补充沟通,2026-04-03,10.26
T02971-1,T02971,1,首次受理,2026-04-03,5.16
T02972-1,T02972,1,首次受理,2026-04-03,4.58
T02972-2,T02972,2,补充沟通,2026-04-03,9.75
T02973-1,T02973,1,首次受理,2026-04-03,2.58
T02974-1,T02974,1,首次受理,2026-04-03,6.67
T02975-1,T02975,1,首次受理,2026-04-03,18.42
T02975-2,T02975,2,补充沟通,2026-04-03,5.92
T02975-3,T02975,3,补充沟通,2026-04-03,5.81
T02975-4,T02975,4,补充沟通,2026-04-03,18.53
T02976-1,T02976,1,首次受理,2026-04-03,7.79
T02976-2,T02976,2,补充沟通,2026-04-03,5.2
T02976-3,T02976,3,补充沟通,2026-04-03,18.23
T02977-1,T02977,1,首次受理,2026-04-03,4.14
T02977-2,T02977,2,补充沟通,2026-04-03,13.82
T02978-1,T02978,1,首次受理,2026-04-03,9.97
T02978-2,T02978,2,补充沟通,2026-04-03,6.41
T02979-1,T02979,1,首次受理,2026-04-03,7.82
T02980-1,T02980,1,首次受理,2026-04-03,5.69
T02981-1,T02981,1,首次受理,2026-04-03,10.53
T02981-2,T02981,2,补充沟通,2026-04-03,9.85
T02982-1,T02982,1,首次受理,2026-04-03,6.92
T02982-2,T02982,2,补充沟通,2026-04-03,6.19
T02983-1,T02983,1,首次受理,2026-04-03,16.56
T02983-2,T02983,2,补充沟通,2026-04-03,6.87
T02984-1,T02984,1,首次受理,2026-04-03,4.71
T02985-1,T02985,1,首次受理,2026-04-03,2.53
T02986-1,T02986,1,首次受理,2026-04-03,5.02
T02987-1,T02987,1,首次受理,2026-04-03,9.02
T02988-1,T02988,1,首次受理,2026-04-03,6.78
T02988-2,T02988,2,补充沟通,2026-04-03,9.91
T02989-1,T02989,1,首次受理,2026-04-03,4.95
T02989-2,T02989,2,补充沟通,2026-04-03,4.26
T02990-1,T02990,1,首次受理,2026-04-03,8.45
T02991-1,T02991,1,首次受理,2026-04-03,6.26
T02992-1,T02992,1,首次受理,2026-04-03,7.94
T02993-1,T02993,1,首次受理,2026-04-03,5.84
T02994-1,T02994,1,首次受理,2026-04-03,12.77
T02994-2,T02994,2,补充沟通,2026-04-03,9.82
T02995-1,T02995,1,首次受理,2026-04-03,3.21
T02995-2,T02995,2,补充沟通,2026-04-03,10.49
T02996-1,T02996,1,首次受理,2026-04-03,4.07
T02996-2,T02996,2,补充沟通,2026-04-03,11.88
T02997-1,T02997,1,首次受理,2026-04-03,6.3
T02997-2,T02997,2,补充沟通,2026-04-03,9.38
T02998-1,T02998,1,首次受理,2026-04-03,8.1
T02998-2,T02998,2,补充沟通,2026-04-03,8.17
T02999-1,T02999,1,首次受理,2026-04-03,11.03
T02999-2,T02999,2,补充沟通,2026-04-03,4.93
T02999-3,T02999,3,补充沟通,2026-04-03,13.64
T03000-1,T03000,1,首次受理,2026-04-03,4.99
T03001-1,T03001,1,首次受理,2026-04-06,5.11
T03001-2,T03001,2,补充沟通,2026-04-06,4.68
T03001-3,T03001,3,补充沟通,2026-04-06,7.56
T03002-1,T03002,1,首次受理,2026-04-06,14.28
T03002-2,T03002,2,补充沟通,2026-04-06,18.42
T03002-3,T03002,3,补充沟通,2026-04-06,4.21
T03003-1,T03003,1,首次受理,2026-04-06,7.9
T03003-2,T03003,2,补充沟通,2026-04-06,18.85
T03003-3,T03003,3,补充沟通,2026-04-06,12.87
T03004-1,T03004,1,首次受理,2026-04-06,2.75
T03005-1,T03005,1,首次受理,2026-04-06,9.9
T03005-2,T03005,2,补充沟通,2026-04-06,14.69
T03005-3,T03005,3,补充沟通,2026-04-06,12.62
T03006-1,T03006,1,首次受理,2026-04-06,12.72
T03006-2,T03006,2,补充沟通,2026-04-06,10.78
T03006-3,T03006,3,补充沟通,2026-04-06,17.65
T03007-1,T03007,1,首次受理,2026-04-06,17.72
T03007-2,T03007,2,补充沟通,2026-04-06,13.83
T03008-1,T03008,1,首次受理,2026-04-06,12.28
T03008-2,T03008,2,补充沟通,2026-04-06,8.13
T03009-1,T03009,1,首次受理,2026-04-06,17.42
T03009-2,T03009,2,补充沟通,2026-04-06,12.68
T03010-1,T03010,1,首次受理,2026-04-06,15.08
T03010-2,T03010,2,补充沟通,2026-04-06,5.01
T03011-1,T03011,1,首次受理,2026-04-06,13.42
T03011-2,T03011,2,补充沟通,2026-04-06,8.76
T03011-3,T03011,3,补充沟通,2026-04-06,19.65
T03012-1,T03012,1,首次受理,2026-04-06,12.88
T03012-2,T03012,2,补充沟通,2026-04-06,7.27
T03013-1,T03013,1,首次受理,2026-04-06,10.29
T03013-2,T03013,2,补充沟通,2026-04-06,19.59
T03014-1,T03014,1,首次受理,2026-04-06,8.32
T03015-1,T03015,1,首次受理,2026-04-06,2.03
T03016-1,T03016,1,首次受理,2026-04-06,8.22
T03016-2,T03016,2,补充沟通,2026-04-06,16.79
T03017-1,T03017,1,首次受理,2026-04-06,3.88
T03017-2,T03017,2,补充沟通,2026-04-06,12.79
T03018-1,T03018,1,首次受理,2026-04-06,19.44
T03018-2,T03018,2,补充沟通,2026-04-06,5.7
T03018-3,T03018,3,补充沟通,2026-04-06,8.81
T03019-1,T03019,1,首次受理,2026-04-06,10.08
T03019-2,T03019,2,补充沟通,2026-04-06,9.31
T03019-3,T03019,3,补充沟通,2026-04-06,12.49
T03020-1,T03020,1,首次受理,2026-04-06,14.34
T03020-2,T03020,2,补充沟通,2026-04-06,6.36
T03021-1,T03021,1,首次受理,2026-04-06,8.04
T03021-2,T03021,2,补充沟通,2026-04-06,11.25
T03022-1,T03022,1,首次受理,2026-04-06,3.86
T03022-2,T03022,2,补充沟通,2026-04-06,4.21
T03023-1,T03023,1,首次受理,2026-04-06,4.96
T03023-2,T03023,2,补充沟通,2026-04-06,4.23
T03023-3,T03023,3,补充沟通,2026-04-06,9.4
T03024-1,T03024,1,首次受理,2026-04-06,6.89
T03025-1,T03025,1,首次受理,2026-04-06,8.61
T03026-1,T03026,1,首次受理,2026-04-06,10.89
T03026-2,T03026,2,补充沟通,2026-04-06,4.53
T03027-1,T03027,1,首次受理,2026-04-06,9.73
T03027-2,T03027,2,补充沟通,2026-04-06,15.31
T03027-3,T03027,3,补充沟通,2026-04-06,11.99
T03028-1,T03028,1,首次受理,2026-04-06,5.33
T03028-2,T03028,2,补充沟通,2026-04-06,16.01
T03028-3,T03028,3,补充沟通,2026-04-06,11.01
T03028-4,T03028,4,补充沟通,2026-04-06,17.82
T03029-1,T03029,1,首次受理,2026-04-06,6.32
T03030-1,T03030,1,首次受理,2026-04-06,12.84
T03030-2,T03030,2,补充沟通,2026-04-06,10.77
T03031-1,T03031,1,首次受理,2026-04-06,13.08
T03031-2,T03031,2,补充沟通,2026-04-06,6.0
T03032-1,T03032,1,首次受理,2026-04-06,8.0
T03033-1,T03033,1,首次受理,2026-04-06,10.51
T03034-1,T03034,1,首次受理,2026-04-06,8.85
T03034-2,T03034,2,补充沟通,2026-04-06,8.22
T03035-1,T03035,1,首次受理,2026-04-06,19.75
T03035-2,T03035,2,补充沟通,2026-04-06,17.86
T03035-3,T03035,3,补充沟通,2026-04-06,15.89
T03036-1,T03036,1,首次受理,2026-04-06,19.48
T03036-2,T03036,2,补充沟通,2026-04-06,10.15
T03036-3,T03036,3,补充沟通,2026-04-06,16.68
T03037-1,T03037,1,首次受理,2026-04-06,10.97
T03038-1,T03038,1,首次受理,2026-04-06,9.75
T03038-2,T03038,2,补充沟通,2026-04-06,4.41
T03038-3,T03038,3,补充沟通,2026-04-06,9.8
T03039-1,T03039,1,首次受理,2026-04-06,16.86
T03039-2,T03039,2,补充沟通,2026-04-06,13.32
T03039-3,T03039,3,补充沟通,2026-04-06,6.42
T03040-1,T03040,1,首次受理,2026-04-06,18.53
T03040-2,T03040,2,补充沟通,2026-04-06,10.97
T03041-1,T03041,1,首次受理,2026-04-06,10.63
T03042-1,T03042,1,首次受理,2026-04-06,8.72
T03043-1,T03043,1,首次受理,2026-04-06,7.79
T03044-1,T03044,1,首次受理,2026-04-06,16.18
T03044-2,T03044,2,补充沟通,2026-04-06,6.71
T03044-3,T03044,3,补充沟通,2026-04-06,7.33
T03044-4,T03044,4,补充沟通,2026-04-06,17.99
T03045-1,T03045,1,首次受理,2026-04-06,17.31
T03045-2,T03045,2,补充沟通,2026-04-06,11.45
T03045-3,T03045,3,补充沟通,2026-04-06,12.17
T03045-4,T03045,4,补充沟通,2026-04-06,5.63
T03046-1,T03046,1,首次受理,2026-04-06,6.56
T03046-2,T03046,2,补充沟通,2026-04-06,17.33
T03047-1,T03047,1,首次受理,2026-04-06,4.5
T03048-1,T03048,1,首次受理,2026-04-06,17.0
T03048-2,T03048,2,补充沟通,2026-04-06,12.96
T03048-3,T03048,3,补充沟通,2026-04-06,11.36
T03049-1,T03049,1,首次受理,2026-04-06,3.99
T03050-1,T03050,1,首次受理,2026-04-06,8.75
T03050-2,T03050,2,补充沟通,2026-04-06,4.35
T03051-1,T03051,1,首次受理,2026-04-06,7.13
T03052-1,T03052,1,首次受理,2026-04-06,2.44
T03053-1,T03053,1,首次受理,2026-04-06,7.36
T03053-2,T03053,2,补充沟通,2026-04-06,11.49
T03054-1,T03054,1,首次受理,2026-04-06,6.48
T03055-1,T03055,1,首次受理,2026-04-06,3.88
T03056-1,T03056,1,首次受理,2026-04-06,10.59
T03057-1,T03057,1,首次受理,2026-04-06,5.39
T03058-1,T03058,1,首次受理,2026-04-06,17.5
T03058-2,T03058,2,补充沟通,2026-04-06,11.34
T03058-3,T03058,3,补充沟通,2026-04-06,13.41
T03059-1,T03059,1,首次受理,2026-04-06,9.89
T03059-2,T03059,2,补充沟通,2026-04-06,9.24
T03060-1,T03060,1,首次受理,2026-04-06,14.6
T03060-2,T03060,2,补充沟通,2026-04-06,18.86
T03060-3,T03060,3,补充沟通,2026-04-06,17.32
T03060-4,T03060,4,补充沟通,2026-04-06,3.99
T03061-1,T03061,1,首次受理,2026-04-06,9.07
T03062-1,T03062,1,首次受理,2026-04-06,3.59
T03063-1,T03063,1,首次受理,2026-04-06,3.66
T03064-1,T03064,1,首次受理,2026-04-06,9.6
T03065-1,T03065,1,首次受理,2026-04-06,10.99
T03066-1,T03066,1,首次受理,2026-04-06,9.59
T03066-2,T03066,2,补充沟通,2026-04-06,14.06
T03066-3,T03066,3,补充沟通,2026-04-06,6.99
T03066-4,T03066,4,补充沟通,2026-04-06,4.82
T03067-1,T03067,1,首次受理,2026-04-06,10.19
T03068-1,T03068,1,首次受理,2026-04-06,2.83
T03069-1,T03069,1,首次受理,2026-04-06,9.07
T03069-2,T03069,2,补充沟通,2026-04-06,2.12
T03070-1,T03070,1,首次受理,2026-04-06,3.05
T03071-1,T03071,1,首次受理,2026-04-06,4.31
T03072-1,T03072,1,首次受理,2026-04-06,3.29
T03073-1,T03073,1,首次受理,2026-04-06,9.92
T03074-1,T03074,1,首次受理,2026-04-06,5.3
T03075-1,T03075,1,首次受理,2026-04-06,7.87
T03076-1,T03076,1,首次受理,2026-04-06,4.61
T03077-1,T03077,1,首次受理,2026-04-06,2.34
T03078-1,T03078,1,首次受理,2026-04-06,2.18
T03079-1,T03079,1,首次受理,2026-04-06,5.45
T03080-1,T03080,1,首次受理,2026-04-06,2.53
T03081-1,T03081,1,首次受理,2026-04-06,14.5
T03081-2,T03081,2,补充沟通,2026-04-06,9.33
T03081-3,T03081,3,补充沟通,2026-04-06,14.91
T03081-4,T03081,4,补充沟通,2026-04-06,17.51
T03082-1,T03082,1,首次受理,2026-04-06,8.53
T03083-1,T03083,1,首次受理,2026-04-06,8.51
T03084-1,T03084,1,首次受理,2026-04-06,16.66
T03084-2,T03084,2,补充沟通,2026-04-06,12.74
T03085-1,T03085,1,首次受理,2026-04-06,5.98
T03086-1,T03086,1,首次受理,2026-04-06,2.7
T03087-1,T03087,1,首次受理,2026-04-06,10.12
T03088-1,T03088,1,首次受理,2026-04-06,4.75
T03088-2,T03088,2,补充沟通,2026-04-06,13.27
T03089-1,T03089,1,首次受理,2026-04-06,6.94
T03090-1,T03090,1,首次受理,2026-04-06,8.29
T03091-1,T03091,1,首次受理,2026-04-06,18.86
T03091-2,T03091,2,补充沟通,2026-04-06,7.24
T03091-3,T03091,3,补充沟通,2026-04-06,7.37
T03092-1,T03092,1,首次受理,2026-04-06,5.42
T03093-1,T03093,1,首次受理,2026-04-06,19.1
T03093-2,T03093,2,补充沟通,2026-04-06,19.08
T03093-3,T03093,3,补充沟通,2026-04-06,6.89
T03094-1,T03094,1,首次受理,2026-04-06,12.53
T03094-2,T03094,2,补充沟通,2026-04-06,10.39
T03095-1,T03095,1,首次受理,2026-04-06,4.27
T03095-2,T03095,2,补充沟通,2026-04-06,13.12
T03095-3,T03095,3,补充沟通,2026-04-06,8.62
T03096-1,T03096,1,首次受理,2026-04-06,10.65
T03097-1,T03097,1,首次受理,2026-04-06,11.16
T03097-2,T03097,2,补充沟通,2026-04-06,9.9
T03098-1,T03098,1,首次受理,2026-04-06,15.34
T03098-2,T03098,2,补充沟通,2026-04-06,7.4
T03098-3,T03098,3,补充沟通,2026-04-06,6.27
T03099-1,T03099,1,首次受理,2026-04-06,2.48
T03100-1,T03100,1,首次受理,2026-04-06,18.63
T03100-2,T03100,2,补充沟通,2026-04-06,6.62
T03101-1,T03101,1,首次受理,2026-04-06,18.1
T03101-2,T03101,2,补充沟通,2026-04-06,4.12
T03101-3,T03101,3,补充沟通,2026-04-06,16.78
T03102-1,T03102,1,首次受理,2026-04-06,9.94
T03102-2,T03102,2,补充沟通,2026-04-06,16.61
T03103-1,T03103,1,首次受理,2026-04-06,2.74
T03104-1,T03104,1,首次受理,2026-04-06,8.73
T03104-2,T03104,2,补充沟通,2026-04-06,11.11
T03105-1,T03105,1,首次受理,2026-04-06,7.27
T03106-1,T03106,1,首次受理,2026-04-06,6.64
T03106-2,T03106,2,补充沟通,2026-04-06,9.26
T03107-1,T03107,1,首次受理,2026-04-06,19.6
T03107-2,T03107,2,补充沟通,2026-04-06,4.29
T03108-1,T03108,1,首次受理,2026-04-06,15.95
T03108-2,T03108,2,补充沟通,2026-04-06,8.08
T03109-1,T03109,1,首次受理,2026-04-06,8.34
T03109-2,T03109,2,补充沟通,2026-04-06,4.1
T03110-1,T03110,1,首次受理,2026-04-06,7.79
T03111-1,T03111,1,首次受理,2026-04-06,6.04
T03112-1,T03112,1,首次受理,2026-04-06,5.91
T03112-2,T03112,2,补充沟通,2026-04-06,4.91
T03113-1,T03113,1,首次受理,2026-04-06,2.16
T03114-1,T03114,1,首次受理,2026-04-06,7.64
T03114-2,T03114,2,补充沟通,2026-04-06,17.31
T03115-1,T03115,1,首次受理,2026-04-06,14.79
T03115-2,T03115,2,补充沟通,2026-04-06,4.78
T03115-3,T03115,3,补充沟通,2026-04-06,6.79
T03116-1,T03116,1,首次受理,2026-04-06,4.98
T03116-2,T03116,2,补充沟通,2026-04-06,18.7
T03116-3,T03116,3,补充沟通,2026-04-06,15.06
T03117-1,T03117,1,首次受理,2026-04-06,10.18
T03117-2,T03117,2,补充沟通,2026-04-06,18.8
T03118-1,T03118,1,首次受理,2026-04-06,4.08
T03118-2,T03118,2,补充沟通,2026-04-06,6.57
T03119-1,T03119,1,首次受理,2026-04-06,10.59
T03119-2,T03119,2,补充沟通,2026-04-06,11.21
T03119-3,T03119,3,补充沟通,2026-04-06,14.83
T03120-1,T03120,1,首次受理,2026-04-06,5.18
T03121-1,T03121,1,首次受理,2026-04-07,5.89
T03121-2,T03121,2,补充沟通,2026-04-07,12.29
T03121-3,T03121,3,补充沟通,2026-04-07,6.51
T03122-1,T03122,1,首次受理,2026-04-07,11.07
T03122-2,T03122,2,补充沟通,2026-04-07,17.21
T03123-1,T03123,1,首次受理,2026-04-07,12.97
T03123-2,T03123,2,补充沟通,2026-04-07,17.53
T03124-1,T03124,1,首次受理,2026-04-07,9.49
T03125-1,T03125,1,首次受理,2026-04-07,15.22
T03125-2,T03125,2,补充沟通,2026-04-07,15.72
T03126-1,T03126,1,首次受理,2026-04-07,15.76
T03126-2,T03126,2,补充沟通,2026-04-07,9.62
T03126-3,T03126,3,补充沟通,2026-04-07,14.74
T03127-1,T03127,1,首次受理,2026-04-07,8.34
T03127-2,T03127,2,补充沟通,2026-04-07,12.03
T03127-3,T03127,3,补充沟通,2026-04-07,12.4
T03128-1,T03128,1,首次受理,2026-04-07,15.4
T03128-2,T03128,2,补充沟通,2026-04-07,8.86
T03128-3,T03128,3,补充沟通,2026-04-07,3.66
T03128-4,T03128,4,补充沟通,2026-04-07,18.09
T03129-1,T03129,1,首次受理,2026-04-07,8.04
T03129-2,T03129,2,补充沟通,2026-04-07,3.39
T03130-1,T03130,1,首次受理,2026-04-07,19.13
T03130-2,T03130,2,补充沟通,2026-04-07,10.79
T03131-1,T03131,1,首次受理,2026-04-07,8.51
T03131-2,T03131,2,补充沟通,2026-04-07,14.6
T03131-3,T03131,3,补充沟通,2026-04-07,11.65
T03132-1,T03132,1,首次受理,2026-04-07,15.8
T03132-2,T03132,2,补充沟通,2026-04-07,8.46
T03133-1,T03133,1,首次受理,2026-04-07,4.41
T03133-2,T03133,2,补充沟通,2026-04-07,12.01
T03133-3,T03133,3,补充沟通,2026-04-07,16.86
T03134-1,T03134,1,首次受理,2026-04-07,16.58
T03134-2,T03134,2,补充沟通,2026-04-07,16.32
T03134-3,T03134,3,补充沟通,2026-04-07,13.0
T03135-1,T03135,1,首次受理,2026-04-07,13.99
T03135-2,T03135,2,补充沟通,2026-04-07,18.02
T03136-1,T03136,1,首次受理,2026-04-07,7.63
T03136-2,T03136,2,补充沟通,2026-04-07,11.81
T03137-1,T03137,1,首次受理,2026-04-07,6.46
T03137-2,T03137,2,补充沟通,2026-04-07,16.87
T03137-3,T03137,3,补充沟通,2026-04-07,11.36
T03138-1,T03138,1,首次受理,2026-04-07,4.02
T03138-2,T03138,2,补充沟通,2026-04-07,5.14
T03139-1,T03139,1,首次受理,2026-04-07,16.81
T03139-2,T03139,2,补充沟通,2026-04-07,19.68
T03140-1,T03140,1,首次受理,2026-04-07,7.9
T03140-2,T03140,2,补充沟通,2026-04-07,6.04
T03141-1,T03141,1,首次受理,2026-04-07,4.58
T03142-1,T03142,1,首次受理,2026-04-07,12.47
T03142-2,T03142,2,补充沟通,2026-04-07,5.65
T03143-1,T03143,1,首次受理,2026-04-07,9.93
T03143-2,T03143,2,补充沟通,2026-04-07,7.69
T03144-1,T03144,1,首次受理,2026-04-07,7.5
T03144-2,T03144,2,补充沟通,2026-04-07,17.07
T03145-1,T03145,1,首次受理,2026-04-07,9.9
T03145-2,T03145,2,补充沟通,2026-04-07,15.32
T03146-1,T03146,1,首次受理,2026-04-07,10.15
T03146-2,T03146,2,补充沟通,2026-04-07,2.46
T03147-1,T03147,1,首次受理,2026-04-07,19.25
T03147-2,T03147,2,补充沟通,2026-04-07,17.17
T03148-1,T03148,1,首次受理,2026-04-07,16.09
T03148-2,T03148,2,补充沟通,2026-04-07,8.29
T03149-1,T03149,1,首次受理,2026-04-07,18.14
T03149-2,T03149,2,补充沟通,2026-04-07,8.94
T03149-3,T03149,3,补充沟通,2026-04-07,5.94
T03150-1,T03150,1,首次受理,2026-04-07,11.14
T03150-2,T03150,2,补充沟通,2026-04-07,5.95
T03150-3,T03150,3,补充沟通,2026-04-07,17.34
T03150-4,T03150,4,补充沟通,2026-04-07,12.55
T03151-1,T03151,1,首次受理,2026-04-07,13.56
T03151-2,T03151,2,补充沟通,2026-04-07,18.49
T03152-1,T03152,1,首次受理,2026-04-07,14.02
T03152-2,T03152,2,补充沟通,2026-04-07,5.42
T03153-1,T03153,1,首次受理,2026-04-07,9.11
T03153-2,T03153,2,补充沟通,2026-04-07,14.13
T03154-1,T03154,1,首次受理,2026-04-07,17.18
T03154-2,T03154,2,补充沟通,2026-04-07,8.77
T03155-1,T03155,1,首次受理,2026-04-07,11.18
T03155-2,T03155,2,补充沟通,2026-04-07,12.02
T03155-3,T03155,3,补充沟通,2026-04-07,6.91
T03156-1,T03156,1,首次受理,2026-04-07,7.0
T03157-1,T03157,1,首次受理,2026-04-07,3.62
T03157-2,T03157,2,补充沟通,2026-04-07,7.23
T03158-1,T03158,1,首次受理,2026-04-07,14.27
T03158-2,T03158,2,补充沟通,2026-04-07,6.94
T03159-1,T03159,1,首次受理,2026-04-07,14.57
T03159-2,T03159,2,补充沟通,2026-04-07,8.51
T03160-1,T03160,1,首次受理,2026-04-07,19.72
T03160-2,T03160,2,补充沟通,2026-04-07,6.16
T03160-3,T03160,3,补充沟通,2026-04-07,4.31
T03161-1,T03161,1,首次受理,2026-04-07,10.59
T03162-1,T03162,1,首次受理,2026-04-07,4.33
T03163-1,T03163,1,首次受理,2026-04-07,9.56
T03164-1,T03164,1,首次受理,2026-04-07,9.85
T03165-1,T03165,1,首次受理,2026-04-07,5.47
T03165-2,T03165,2,补充沟通,2026-04-07,10.67
T03166-1,T03166,1,首次受理,2026-04-07,4.02
T03166-2,T03166,2,补充沟通,2026-04-07,6.21
T03167-1,T03167,1,首次受理,2026-04-07,18.7
T03167-2,T03167,2,补充沟通,2026-04-07,11.18
T03168-1,T03168,1,首次受理,2026-04-07,8.39
T03169-1,T03169,1,首次受理,2026-04-07,19.13
T03169-2,T03169,2,补充沟通,2026-04-07,9.89
T03169-3,T03169,3,补充沟通,2026-04-07,13.36
T03170-1,T03170,1,首次受理,2026-04-07,16.88
T03170-2,T03170,2,补充沟通,2026-04-07,12.78
T03170-3,T03170,3,补充沟通,2026-04-07,4.04
T03171-1,T03171,1,首次受理,2026-04-07,10.24
T03172-1,T03172,1,首次受理,2026-04-07,13.06
T03172-2,T03172,2,补充沟通,2026-04-07,12.45
T03173-1,T03173,1,首次受理,2026-04-07,4.49
T03174-1,T03174,1,首次受理,2026-04-07,3.94
T03174-2,T03174,2,补充沟通,2026-04-07,7.22
T03175-1,T03175,1,首次受理,2026-04-07,6.95
T03176-1,T03176,1,首次受理,2026-04-07,5.38
T03177-1,T03177,1,首次受理,2026-04-07,7.58
T03178-1,T03178,1,首次受理,2026-04-07,10.69
T03179-1,T03179,1,首次受理,2026-04-07,15.69
T03179-2,T03179,2,补充沟通,2026-04-07,17.53
T03179-3,T03179,3,补充沟通,2026-04-07,14.65
T03180-1,T03180,1,首次受理,2026-04-07,7.57
T03181-1,T03181,1,首次受理,2026-04-07,4.04
T03182-1,T03182,1,首次受理,2026-04-07,5.01
T03182-2,T03182,2,补充沟通,2026-04-07,8.43
T03183-1,T03183,1,首次受理,2026-04-07,3.75
T03184-1,T03184,1,首次受理,2026-04-07,3.76
T03185-1,T03185,1,首次受理,2026-04-07,8.11
T03186-1,T03186,1,首次受理,2026-04-07,3.39
T03186-2,T03186,2,补充沟通,2026-04-07,5.56
T03187-1,T03187,1,首次受理,2026-04-07,9.6
T03188-1,T03188,1,首次受理,2026-04-07,5.54
T03189-1,T03189,1,首次受理,2026-04-07,5.57
T03190-1,T03190,1,首次受理,2026-04-07,9.53
T03191-1,T03191,1,首次受理,2026-04-07,5.94
T03191-2,T03191,2,补充沟通,2026-04-07,8.55
T03191-3,T03191,3,补充沟通,2026-04-07,3.44
T03192-1,T03192,1,首次受理,2026-04-07,4.26
T03193-1,T03193,1,首次受理,2026-04-07,8.06
T03194-1,T03194,1,首次受理,2026-04-07,9.98
T03195-1,T03195,1,首次受理,2026-04-07,2.23
T03196-1,T03196,1,首次受理,2026-04-07,6.16
T03197-1,T03197,1,首次受理,2026-04-07,8.91
T03198-1,T03198,1,首次受理,2026-04-07,4.41
T03198-2,T03198,2,补充沟通,2026-04-07,8.16
T03199-1,T03199,1,首次受理,2026-04-07,6.27
T03199-2,T03199,2,补充沟通,2026-04-07,4.15
T03199-3,T03199,3,补充沟通,2026-04-07,4.99
T03200-1,T03200,1,首次受理,2026-04-07,9.68
T03201-1,T03201,1,首次受理,2026-04-07,13.84
T03201-2,T03201,2,补充沟通,2026-04-07,16.62
T03202-1,T03202,1,首次受理,2026-04-07,17.45
T03202-2,T03202,2,补充沟通,2026-04-07,16.74
T03202-3,T03202,3,补充沟通,2026-04-07,13.82
T03203-1,T03203,1,首次受理,2026-04-07,4.13
T03203-2,T03203,2,补充沟通,2026-04-07,8.01
T03204-1,T03204,1,首次受理,2026-04-07,2.46
T03205-1,T03205,1,首次受理,2026-04-07,15.02
T03205-2,T03205,2,补充沟通,2026-04-07,7.64
T03206-1,T03206,1,首次受理,2026-04-07,2.01
T03207-1,T03207,1,首次受理,2026-04-07,8.55
T03208-1,T03208,1,首次受理,2026-04-07,11.49
T03208-2,T03208,2,补充沟通,2026-04-07,6.38
T03208-3,T03208,3,补充沟通,2026-04-07,13.05
T03209-1,T03209,1,首次受理,2026-04-07,3.24
T03210-1,T03210,1,首次受理,2026-04-07,2.43
T03211-1,T03211,1,首次受理,2026-04-07,3.74
T03211-2,T03211,2,补充沟通,2026-04-07,11.95
T03212-1,T03212,1,首次受理,2026-04-07,9.51
T03212-2,T03212,2,补充沟通,2026-04-07,14.17
T03213-1,T03213,1,首次受理,2026-04-07,17.99
T03213-2,T03213,2,补充沟通,2026-04-07,12.01
T03214-1,T03214,1,首次受理,2026-04-07,5.07
T03214-2,T03214,2,补充沟通,2026-04-07,10.48
T03215-1,T03215,1,首次受理,2026-04-07,4.31
T03215-2,T03215,2,补充沟通,2026-04-07,10.13
T03216-1,T03216,1,首次受理,2026-04-07,6.12
T03216-2,T03216,2,补充沟通,2026-04-07,4.15
T03217-1,T03217,1,首次受理,2026-04-07,8.94
T03217-2,T03217,2,补充沟通,2026-04-07,13.45
T03217-3,T03217,3,补充沟通,2026-04-07,16.97
T03218-1,T03218,1,首次受理,2026-04-07,10.16
T03219-1,T03219,1,首次受理,2026-04-07,6.28
T03220-1,T03220,1,首次受理,2026-04-07,7.76
T03221-1,T03221,1,首次受理,2026-04-07,6.63
T03222-1,T03222,1,首次受理,2026-04-07,19.74
T03222-2,T03222,2,补充沟通,2026-04-07,5.52
T03222-3,T03222,3,补充沟通,2026-04-07,5.65
T03222-4,T03222,4,补充沟通,2026-04-07,15.37
T03223-1,T03223,1,首次受理,2026-04-07,6.42
T03223-2,T03223,2,补充沟通,2026-04-07,15.53
T03224-1,T03224,1,首次受理,2026-04-07,9.14
T03224-2,T03224,2,补充沟通,2026-04-07,3.64
T03225-1,T03225,1,首次受理,2026-04-07,13.29
T03225-2,T03225,2,补充沟通,2026-04-07,5.26
T03225-3,T03225,3,补充沟通,2026-04-07,17.36
T03226-1,T03226,1,首次受理,2026-04-07,9.11
T03226-2,T03226,2,补充沟通,2026-04-07,19.07
T03227-1,T03227,1,首次受理,2026-04-07,6.99
T03228-1,T03228,1,首次受理,2026-04-07,10.46
T03228-2,T03228,2,补充沟通,2026-04-07,17.2
T03229-1,T03229,1,首次受理,2026-04-07,8.06
T03230-1,T03230,1,首次受理,2026-04-07,7.34
T03230-2,T03230,2,补充沟通,2026-04-07,13.02
T03231-1,T03231,1,首次受理,2026-04-07,4.79
T03231-2,T03231,2,补充沟通,2026-04-07,9.6
T03231-3,T03231,3,补充沟通,2026-04-07,4.05
T03232-1,T03232,1,首次受理,2026-04-07,15.07
T03232-2,T03232,2,补充沟通,2026-04-07,6.58
T03233-1,T03233,1,首次受理,2026-04-07,14.22
T03233-2,T03233,2,补充沟通,2026-04-07,4.65
T03233-3,T03233,3,补充沟通,2026-04-07,4.12
T03234-1,T03234,1,首次受理,2026-04-07,19.54
T03234-2,T03234,2,补充沟通,2026-04-07,15.86
T03234-3,T03234,3,补充沟通,2026-04-07,16.34
T03235-1,T03235,1,首次受理,2026-04-07,13.84
T03235-2,T03235,2,补充沟通,2026-04-07,7.02
T03236-1,T03236,1,首次受理,2026-04-07,7.77
T03237-1,T03237,1,首次受理,2026-04-07,14.38
T03237-2,T03237,2,补充沟通,2026-04-07,9.39
T03237-3,T03237,3,补充沟通,2026-04-07,19.21
T03238-1,T03238,1,首次受理,2026-04-07,2.87
T03239-1,T03239,1,首次受理,2026-04-07,11.63
T03239-2,T03239,2,补充沟通,2026-04-07,12.74
T03240-1,T03240,1,首次受理,2026-04-07,13.49
T03240-2,T03240,2,补充沟通,2026-04-07,14.29
T03240-3,T03240,3,补充沟通,2026-04-07,13.49
T03241-1,T03241,1,首次受理,2026-04-08,19.7
T03241-2,T03241,2,补充沟通,2026-04-08,6.95
T03242-1,T03242,1,首次受理,2026-04-08,5.28
T03242-2,T03242,2,补充沟通,2026-04-08,19.73
T03243-1,T03243,1,首次受理,2026-04-08,3.76
T03243-2,T03243,2,补充沟通,2026-04-08,16.7
T03244-1,T03244,1,首次受理,2026-04-08,3.86
T03245-1,T03245,1,首次受理,2026-04-08,15.83
T03245-2,T03245,2,补充沟通,2026-04-08,8.9
T03245-3,T03245,3,补充沟通,2026-04-08,6.3
T03246-1,T03246,1,首次受理,2026-04-08,18.29
T03246-2,T03246,2,补充沟通,2026-04-08,17.57
T03247-1,T03247,1,首次受理,2026-04-08,18.42
T03247-2,T03247,2,补充沟通,2026-04-08,18.83
T03248-1,T03248,1,首次受理,2026-04-08,15.86
T03248-2,T03248,2,补充沟通,2026-04-08,15.74
T03249-1,T03249,1,首次受理,2026-04-08,12.49
T03249-2,T03249,2,补充沟通,2026-04-08,8.43
T03250-1,T03250,1,首次受理,2026-04-08,8.86
T03251-1,T03251,1,首次受理,2026-04-08,3.04
T03252-1,T03252,1,首次受理,2026-04-08,18.31
T03252-2,T03252,2,补充沟通,2026-04-08,7.57
T03252-3,T03252,3,补充沟通,2026-04-08,4.57
T03253-1,T03253,1,首次受理,2026-04-08,14.93
T03253-2,T03253,2,补充沟通,2026-04-08,5.31
T03254-1,T03254,1,首次受理,2026-04-08,8.51
T03254-2,T03254,2,补充沟通,2026-04-08,4.98
T03254-3,T03254,3,补充沟通,2026-04-08,19.6
T03255-1,T03255,1,首次受理,2026-04-08,8.14
T03255-2,T03255,2,补充沟通,2026-04-08,12.32
T03256-1,T03256,1,首次受理,2026-04-08,8.19
T03256-2,T03256,2,补充沟通,2026-04-08,9.51
T03257-1,T03257,1,首次受理,2026-04-08,19.12
T03257-2,T03257,2,补充沟通,2026-04-08,13.97
T03258-1,T03258,1,首次受理,2026-04-08,8.07
T03258-2,T03258,2,补充沟通,2026-04-08,3.23
T03259-1,T03259,1,首次受理,2026-04-08,16.2
T03259-2,T03259,2,补充沟通,2026-04-08,3.64
T03260-1,T03260,1,首次受理,2026-04-08,18.16
T03260-2,T03260,2,补充沟通,2026-04-08,10.73
T03260-3,T03260,3,补充沟通,2026-04-08,6.7
T03261-1,T03261,1,首次受理,2026-04-08,5.55
T03262-1,T03262,1,首次受理,2026-04-08,7.0
T03262-2,T03262,2,补充沟通,2026-04-08,8.88
T03263-1,T03263,1,首次受理,2026-04-08,14.23
T03263-2,T03263,2,补充沟通,2026-04-08,9.53
T03264-1,T03264,1,首次受理,2026-04-08,8.26
T03265-1,T03265,1,首次受理,2026-04-08,12.29
T03265-2,T03265,2,补充沟通,2026-04-08,13.23
T03266-1,T03266,1,首次受理,2026-04-08,18.66
T03266-2,T03266,2,补充沟通,2026-04-08,7.91
T03267-1,T03267,1,首次受理,2026-04-08,17.78
T03267-2,T03267,2,补充沟通,2026-04-08,10.26
T03267-3,T03267,3,补充沟通,2026-04-08,7.66
T03268-1,T03268,1,首次受理,2026-04-08,4.93
T03268-2,T03268,2,补充沟通,2026-04-08,2.33
T03269-1,T03269,1,首次受理,2026-04-08,18.88
T03269-2,T03269,2,补充沟通,2026-04-08,6.28
T03270-1,T03270,1,首次受理,2026-04-08,7.18
T03270-2,T03270,2,补充沟通,2026-04-08,7.07
T03271-1,T03271,1,首次受理,2026-04-08,17.33
T03271-2,T03271,2,补充沟通,2026-04-08,11.6
T03272-1,T03272,1,首次受理,2026-04-08,3.88
T03272-2,T03272,2,补充沟通,2026-04-08,13.19
T03273-1,T03273,1,首次受理,2026-04-08,5.75
T03273-2,T03273,2,补充沟通,2026-04-08,18.67
T03274-1,T03274,1,首次受理,2026-04-08,4.07
T03275-1,T03275,1,首次受理,2026-04-08,4.3
T03276-1,T03276,1,首次受理,2026-04-08,5.74
T03276-2,T03276,2,补充沟通,2026-04-08,5.6
T03277-1,T03277,1,首次受理,2026-04-08,9.36
T03277-2,T03277,2,补充沟通,2026-04-08,18.77
T03278-1,T03278,1,首次受理,2026-04-08,5.33
T03278-2,T03278,2,补充沟通,2026-04-08,12.99
T03278-3,T03278,3,补充沟通,2026-04-08,14.75
T03279-1,T03279,1,首次受理,2026-04-08,9.94
T03279-2,T03279,2,补充沟通,2026-04-08,19.72
T03279-3,T03279,3,补充沟通,2026-04-08,9.32
T03279-4,T03279,4,补充沟通,2026-04-08,6.96
T03280-1,T03280,1,首次受理,2026-04-08,18.38
T03280-2,T03280,2,补充沟通,2026-04-08,8.42
T03280-3,T03280,3,补充沟通,2026-04-08,4.62
T03281-1,T03281,1,首次受理,2026-04-08,6.23
T03282-1,T03282,1,首次受理,2026-04-08,7.14
T03283-1,T03283,1,首次受理,2026-04-08,9.38
T03284-1,T03284,1,首次受理,2026-04-08,9.27
T03284-2,T03284,2,补充沟通,2026-04-08,6.9
T03285-1,T03285,1,首次受理,2026-04-08,8.21
T03285-2,T03285,2,补充沟通,2026-04-08,2.78
T03286-1,T03286,1,首次受理,2026-04-08,14.76
T03286-2,T03286,2,补充沟通,2026-04-08,16.1
T03287-1,T03287,1,首次受理,2026-04-08,4.03
T03288-1,T03288,1,首次受理,2026-04-08,5.9
T03289-1,T03289,1,首次受理,2026-04-08,9.88
T03290-1,T03290,1,首次受理,2026-04-08,9.73
T03291-1,T03291,1,首次受理,2026-04-08,5.34
T03292-1,T03292,1,首次受理,2026-04-08,7.25
T03293-1,T03293,1,首次受理,2026-04-08,9.26
T03293-2,T03293,2,补充沟通,2026-04-08,3.48
T03294-1,T03294,1,首次受理,2026-04-08,7.34
T03295-1,T03295,1,首次受理,2026-04-08,8.98
T03296-1,T03296,1,首次受理,2026-04-08,5.93
T03296-2,T03296,2,补充沟通,2026-04-08,7.28
T03297-1,T03297,1,首次受理,2026-04-08,5.21
T03297-2,T03297,2,补充沟通,2026-04-08,2.09
T03298-1,T03298,1,首次受理,2026-04-08,5.33
T03298-2,T03298,2,补充沟通,2026-04-08,8.46
T03299-1,T03299,1,首次受理,2026-04-08,5.18
T03300-1,T03300,1,首次受理,2026-04-08,3.57
T03301-1,T03301,1,首次受理,2026-04-08,5.43
T03302-1,T03302,1,首次受理,2026-04-08,5.61
T03302-2,T03302,2,补充沟通,2026-04-08,6.22
T03303-1,T03303,1,首次受理,2026-04-08,5.07
T03303-2,T03303,2,补充沟通,2026-04-08,4.15
T03303-3,T03303,3,补充沟通,2026-04-08,7.35
T03304-1,T03304,1,首次受理,2026-04-08,10.58
T03305-1,T03305,1,首次受理,2026-04-08,6.7
T03306-1,T03306,1,首次受理,2026-04-08,9.02
T03307-1,T03307,1,首次受理,2026-04-08,5.68
T03308-1,T03308,1,首次受理,2026-04-08,10.72
T03309-1,T03309,1,首次受理,2026-04-08,9.62
T03309-2,T03309,2,补充沟通,2026-04-08,9.98
T03310-1,T03310,1,首次受理,2026-04-08,4.05
T03311-1,T03311,1,首次受理,2026-04-08,7.75
T03312-1,T03312,1,首次受理,2026-04-08,9.1
T03312-2,T03312,2,补充沟通,2026-04-08,5.0
T03312-3,T03312,3,补充沟通,2026-04-08,5.09
T03313-1,T03313,1,首次受理,2026-04-08,6.61
T03314-1,T03314,1,首次受理,2026-04-08,6.59
T03315-1,T03315,1,首次受理,2026-04-08,9.9
T03316-1,T03316,1,首次受理,2026-04-08,2.23
T03317-1,T03317,1,首次受理,2026-04-08,10.55
T03318-1,T03318,1,首次受理,2026-04-08,5.61
T03318-2,T03318,2,补充沟通,2026-04-08,8.13
T03319-1,T03319,1,首次受理,2026-04-08,9.5
T03320-1,T03320,1,首次受理,2026-04-08,10.21
T03320-2,T03320,2,补充沟通,2026-04-08,15.2
T03320-3,T03320,3,补充沟通,2026-04-08,4.74
T03321-1,T03321,1,首次受理,2026-04-08,2.34
T03322-1,T03322,1,首次受理,2026-04-08,3.84
T03322-2,T03322,2,补充沟通,2026-04-08,13.12
T03323-1,T03323,1,首次受理,2026-04-08,6.22
T03323-2,T03323,2,补充沟通,2026-04-08,2.58
T03324-1,T03324,1,首次受理,2026-04-08,7.24
T03324-2,T03324,2,补充沟通,2026-04-08,19.2
T03324-3,T03324,3,补充沟通,2026-04-08,8.57
T03325-1,T03325,1,首次受理,2026-04-08,9.21
T03325-2,T03325,2,补充沟通,2026-04-08,7.46
T03325-3,T03325,3,补充沟通,2026-04-08,13.94
T03326-1,T03326,1,首次受理,2026-04-08,5.8
T03327-1,T03327,1,首次受理,2026-04-08,9.38
T03328-1,T03328,1,首次受理,2026-04-08,16.67
T03328-2,T03328,2,补充沟通,2026-04-08,7.01
T03328-3,T03328,3,补充沟通,2026-04-08,15.86
T03329-1,T03329,1,首次受理,2026-04-08,10.67
T03330-1,T03330,1,首次受理,2026-04-08,16.27
T03330-2,T03330,2,补充沟通,2026-04-08,14.96
T03331-1,T03331,1,首次受理,2026-04-08,3.88
T03331-2,T03331,2,补充沟通,2026-04-08,10.53
T03332-1,T03332,1,首次受理,2026-04-08,10.17
T03333-1,T03333,1,首次受理,2026-04-08,6.8
T03334-1,T03334,1,首次受理,2026-04-08,3.8
T03334-2,T03334,2,补充沟通,2026-04-08,2.3
T03335-1,T03335,1,首次受理,2026-04-08,14.64
T03335-2,T03335,2,补充沟通,2026-04-08,15.99
T03335-3,T03335,3,补充沟通,2026-04-08,9.29
T03335-4,T03335,4,补充沟通,2026-04-08,7.89
T03336-1,T03336,1,首次受理,2026-04-08,8.38
T03337-1,T03337,1,首次受理,2026-04-08,9.52
T03337-2,T03337,2,补充沟通,2026-04-08,4.28
T03338-1,T03338,1,首次受理,2026-04-08,5.15
T03338-2,T03338,2,补充沟通,2026-04-08,16.81
T03338-3,T03338,3,补充沟通,2026-04-08,8.72
T03339-1,T03339,1,首次受理,2026-04-08,9.76
T03340-1,T03340,1,首次受理,2026-04-08,6.34
T03341-1,T03341,1,首次受理,2026-04-08,16.07
T03341-2,T03341,2,补充沟通,2026-04-08,5.38
T03342-1,T03342,1,首次受理,2026-04-08,16.93
T03342-2,T03342,2,补充沟通,2026-04-08,6.37
T03343-1,T03343,1,首次受理,2026-04-08,12.25
T03343-2,T03343,2,补充沟通,2026-04-08,16.75
T03344-1,T03344,1,首次受理,2026-04-08,15.45
T03344-2,T03344,2,补充沟通,2026-04-08,11.81
T03344-3,T03344,3,补充沟通,2026-04-08,9.79
T03345-1,T03345,1,首次受理,2026-04-08,15.83
T03345-2,T03345,2,补充沟通,2026-04-08,4.42
T03345-3,T03345,3,补充沟通,2026-04-08,8.87
T03346-1,T03346,1,首次受理,2026-04-08,8.46
T03346-2,T03346,2,补充沟通,2026-04-08,5.21
T03347-1,T03347,1,首次受理,2026-04-08,7.74
T03347-2,T03347,2,补充沟通,2026-04-08,6.04
T03348-1,T03348,1,首次受理,2026-04-08,4.79
T03349-1,T03349,1,首次受理,2026-04-08,10.45
T03349-2,T03349,2,补充沟通,2026-04-08,13.8
T03349-3,T03349,3,补充沟通,2026-04-08,18.52
T03350-1,T03350,1,首次受理,2026-04-08,2.1
T03351-1,T03351,1,首次受理,2026-04-08,8.3
T03351-2,T03351,2,补充沟通,2026-04-08,7.45
T03351-3,T03351,3,补充沟通,2026-04-08,9.47
T03351-4,T03351,4,补充沟通,2026-04-08,11.3
T03352-1,T03352,1,首次受理,2026-04-08,7.18
T03352-2,T03352,2,补充沟通,2026-04-08,17.56
T03352-3,T03352,3,补充沟通,2026-04-08,12.41
T03353-1,T03353,1,首次受理,2026-04-08,12.46
T03353-2,T03353,2,补充沟通,2026-04-08,9.2
T03354-1,T03354,1,首次受理,2026-04-08,10.86
T03355-1,T03355,1,首次受理,2026-04-08,6.81
T03355-2,T03355,2,补充沟通,2026-04-08,14.23
T03355-3,T03355,3,补充沟通,2026-04-08,12.37
T03356-1,T03356,1,首次受理,2026-04-08,6.77
T03356-2,T03356,2,补充沟通,2026-04-08,16.45
T03356-3,T03356,3,补充沟通,2026-04-08,17.51
T03357-1,T03357,1,首次受理,2026-04-08,9.85
T03357-2,T03357,2,补充沟通,2026-04-08,5.16
T03358-1,T03358,1,首次受理,2026-04-08,16.95
T03358-2,T03358,2,补充沟通,2026-04-08,9.9
T03359-1,T03359,1,首次受理,2026-04-08,9.98
T03359-2,T03359,2,补充沟通,2026-04-08,5.36
T03360-1,T03360,1,首次受理,2026-04-08,2.54
T03361-1,T03361,1,首次受理,2026-04-09,7.31
T03362-1,T03362,1,首次受理,2026-04-09,8.56
T03362-2,T03362,2,补充沟通,2026-04-09,14.29
T03363-1,T03363,1,首次受理,2026-04-09,3.84
T03363-2,T03363,2,补充沟通,2026-04-09,3.91
T03364-1,T03364,1,首次受理,2026-04-09,10.83
T03364-2,T03364,2,补充沟通,2026-04-09,13.69
T03365-1,T03365,1,首次受理,2026-04-09,10.97
T03366-1,T03366,1,首次受理,2026-04-09,9.08
T03366-2,T03366,2,补充沟通,2026-04-09,5.26
T03367-1,T03367,1,首次受理,2026-04-09,10.84
T03368-1,T03368,1,首次受理,2026-04-09,8.52
T03368-2,T03368,2,补充沟通,2026-04-09,4.35
T03369-1,T03369,1,首次受理,2026-04-09,6.31
T03370-1,T03370,1,首次受理,2026-04-09,17.88
T03370-2,T03370,2,补充沟通,2026-04-09,12.51
T03371-1,T03371,1,首次受理,2026-04-09,14.24
T03371-2,T03371,2,补充沟通,2026-04-09,12.16
T03371-3,T03371,3,补充沟通,2026-04-09,7.66
T03372-1,T03372,1,首次受理,2026-04-09,10.52
T03372-2,T03372,2,补充沟通,2026-04-09,4.89
T03373-1,T03373,1,首次受理,2026-04-09,16.35
T03373-2,T03373,2,补充沟通,2026-04-09,11.37
T03374-1,T03374,1,首次受理,2026-04-09,10.31
T03374-2,T03374,2,补充沟通,2026-04-09,11.15
T03375-1,T03375,1,首次受理,2026-04-09,17.35
T03375-2,T03375,2,补充沟通,2026-04-09,15.32
T03375-3,T03375,3,补充沟通,2026-04-09,14.07
T03376-1,T03376,1,首次受理,2026-04-09,13.65
T03376-2,T03376,2,补充沟通,2026-04-09,11.33
T03376-3,T03376,3,补充沟通,2026-04-09,14.18
T03377-1,T03377,1,首次受理,2026-04-09,16.16
T03377-2,T03377,2,补充沟通,2026-04-09,16.83
T03378-1,T03378,1,首次受理,2026-04-09,3.79
T03379-1,T03379,1,首次受理,2026-04-09,5.16
T03380-1,T03380,1,首次受理,2026-04-09,7.03
T03380-2,T03380,2,补充沟通,2026-04-09,7.24
T03381-1,T03381,1,首次受理,2026-04-09,7.91
T03381-2,T03381,2,补充沟通,2026-04-09,19.3
T03382-1,T03382,1,首次受理,2026-04-09,6.14
T03382-2,T03382,2,补充沟通,2026-04-09,6.59
T03382-3,T03382,3,补充沟通,2026-04-09,12.5
T03383-1,T03383,1,首次受理,2026-04-09,9.69
T03384-1,T03384,1,首次受理,2026-04-09,4.82
T03384-2,T03384,2,补充沟通,2026-04-09,17.61
T03385-1,T03385,1,首次受理,2026-04-09,9.92
T03385-2,T03385,2,补充沟通,2026-04-09,15.54
T03385-3,T03385,3,补充沟通,2026-04-09,10.4
T03386-1,T03386,1,首次受理,2026-04-09,18.67
T03386-2,T03386,2,补充沟通,2026-04-09,13.52
T03387-1,T03387,1,首次受理,2026-04-09,10.77
T03387-2,T03387,2,补充沟通,2026-04-09,8.91
T03387-3,T03387,3,补充沟通,2026-04-09,17.56
T03388-1,T03388,1,首次受理,2026-04-09,7.75
T03388-2,T03388,2,补充沟通,2026-04-09,15.2
T03389-1,T03389,1,首次受理,2026-04-09,12.03
T03389-2,T03389,2,补充沟通,2026-04-09,12.72
T03390-1,T03390,1,首次受理,2026-04-09,3.76
T03390-2,T03390,2,补充沟通,2026-04-09,14.3
T03391-1,T03391,1,首次受理,2026-04-09,12.97
T03391-2,T03391,2,补充沟通,2026-04-09,12.41
T03392-1,T03392,1,首次受理,2026-04-09,16.47
T03392-2,T03392,2,补充沟通,2026-04-09,16.75
T03392-3,T03392,3,补充沟通,2026-04-09,10.66
T03393-1,T03393,1,首次受理,2026-04-09,8.94
T03393-2,T03393,2,补充沟通,2026-04-09,17.1
T03394-1,T03394,1,首次受理,2026-04-09,19.72
T03394-2,T03394,2,补充沟通,2026-04-09,4.52
T03395-1,T03395,1,首次受理,2026-04-09,19.38
T03395-2,T03395,2,补充沟通,2026-04-09,6.06
T03396-1,T03396,1,首次受理,2026-04-09,10.88
T03397-1,T03397,1,首次受理,2026-04-09,17.63
T03397-2,T03397,2,补充沟通,2026-04-09,8.32
T03397-3,T03397,3,补充沟通,2026-04-09,6.74
T03398-1,T03398,1,首次受理,2026-04-09,19.42
T03398-2,T03398,2,补充沟通,2026-04-09,7.09
T03399-1,T03399,1,首次受理,2026-04-09,6.07
T03399-2,T03399,2,补充沟通,2026-04-09,14.99
T03400-1,T03400,1,首次受理,2026-04-09,9.1
T03400-2,T03400,2,补充沟通,2026-04-09,9.46
T03401-1,T03401,1,首次受理,2026-04-09,6.21
T03402-1,T03402,1,首次受理,2026-04-09,4.43
T03403-1,T03403,1,首次受理,2026-04-09,9.33
T03404-1,T03404,1,首次受理,2026-04-09,7.47
T03404-2,T03404,2,补充沟通,2026-04-09,15.54
T03404-3,T03404,3,补充沟通,2026-04-09,11.91
T03405-1,T03405,1,首次受理,2026-04-09,3.2
T03406-1,T03406,1,首次受理,2026-04-09,8.51
T03406-2,T03406,2,补充沟通,2026-04-09,7.9
T03407-1,T03407,1,首次受理,2026-04-09,8.3
T03407-2,T03407,2,补充沟通,2026-04-09,17.73
T03408-1,T03408,1,首次受理,2026-04-09,16.88
T03408-2,T03408,2,补充沟通,2026-04-09,15.01
T03408-3,T03408,3,补充沟通,2026-04-09,6.81
T03409-1,T03409,1,首次受理,2026-04-09,7.97
T03410-1,T03410,1,首次受理,2026-04-09,4.57
T03411-1,T03411,1,首次受理,2026-04-09,3.99
T03411-2,T03411,2,补充沟通,2026-04-09,9.84
T03412-1,T03412,1,首次受理,2026-04-09,2.09
T03413-1,T03413,1,首次受理,2026-04-09,8.39
T03414-1,T03414,1,首次受理,2026-04-09,5.96
T03415-1,T03415,1,首次受理,2026-04-09,3.72
T03415-2,T03415,2,补充沟通,2026-04-09,19.57
T03416-1,T03416,1,首次受理,2026-04-09,4.67
T03417-1,T03417,1,首次受理,2026-04-09,7.96
T03418-1,T03418,1,首次受理,2026-04-09,5.29
T03419-1,T03419,1,首次受理,2026-04-09,5.49
T03420-1,T03420,1,首次受理,2026-04-09,7.04
T03421-1,T03421,1,首次受理,2026-04-09,8.02
T03422-1,T03422,1,首次受理,2026-04-09,5.22
T03422-2,T03422,2,补充沟通,2026-04-09,5.14
T03423-1,T03423,1,首次受理,2026-04-09,7.51
T03424-1,T03424,1,首次受理,2026-04-09,2.31
T03424-2,T03424,2,补充沟通,2026-04-09,9.75
T03425-1,T03425,1,首次受理,2026-04-09,10.81
T03425-2,T03425,2,补充沟通,2026-04-09,3.29
T03426-1,T03426,1,首次受理,2026-04-09,7.22
T03426-2,T03426,2,补充沟通,2026-04-09,7.5
T03427-1,T03427,1,首次受理,2026-04-09,4.87
T03427-2,T03427,2,补充沟通,2026-04-09,10.23
T03428-1,T03428,1,首次受理,2026-04-09,3.04
T03429-1,T03429,1,首次受理,2026-04-09,9.19
T03429-2,T03429,2,补充沟通,2026-04-09,16.74
T03430-1,T03430,1,首次受理,2026-04-09,9.67
T03431-1,T03431,1,首次受理,2026-04-09,4.96
T03432-1,T03432,1,首次受理,2026-04-09,10.61
T03432-2,T03432,2,补充沟通,2026-04-09,18.29
T03432-3,T03432,3,补充沟通,2026-04-09,11.49
T03433-1,T03433,1,首次受理,2026-04-09,2.94
T03433-2,T03433,2,补充沟通,2026-04-09,9.99
T03434-1,T03434,1,首次受理,2026-04-09,6.03
T03435-1,T03435,1,首次受理,2026-04-09,10.03
T03435-2,T03435,2,补充沟通,2026-04-09,4.43
T03436-1,T03436,1,首次受理,2026-04-09,7.47
T03436-2,T03436,2,补充沟通,2026-04-09,7.61
T03437-1,T03437,1,首次受理,2026-04-09,5.39
T03438-1,T03438,1,首次受理,2026-04-09,8.89
T03439-1,T03439,1,首次受理,2026-04-09,5.39
T03440-1,T03440,1,首次受理,2026-04-09,7.3
T03440-2,T03440,2,补充沟通,2026-04-09,7.3
T03440-3,T03440,3,补充沟通,2026-04-09,7.52
T03441-1,T03441,1,首次受理,2026-04-09,18.81
T03441-2,T03441,2,补充沟通,2026-04-09,8.71
T03442-1,T03442,1,首次受理,2026-04-09,19.23
T03442-2,T03442,2,补充沟通,2026-04-09,4.94
T03442-3,T03442,3,补充沟通,2026-04-09,4.73
T03443-1,T03443,1,首次受理,2026-04-09,7.11
T03443-2,T03443,2,补充沟通,2026-04-09,15.86
T03444-1,T03444,1,首次受理,2026-04-09,3.24
T03445-1,T03445,1,首次受理,2026-04-09,17.31
T03445-2,T03445,2,补充沟通,2026-04-09,6.58
T03446-1,T03446,1,首次受理,2026-04-09,18.18
T03446-2,T03446,2,补充沟通,2026-04-09,8.48
T03446-3,T03446,3,补充沟通,2026-04-09,5.53
T03446-4,T03446,4,补充沟通,2026-04-09,6.37
T03447-1,T03447,1,首次受理,2026-04-09,8.74
T03448-1,T03448,1,首次受理,2026-04-09,4.27
T03449-1,T03449,1,首次受理,2026-04-09,10.86
T03450-1,T03450,1,首次受理,2026-04-09,10.21
T03450-2,T03450,2,补充沟通,2026-04-09,6.79
T03451-1,T03451,1,首次受理,2026-04-09,6.68
T03451-2,T03451,2,补充沟通,2026-04-09,11.7
T03452-1,T03452,1,首次受理,2026-04-09,8.14
T03452-2,T03452,2,补充沟通,2026-04-09,14.43
T03452-3,T03452,3,补充沟通,2026-04-09,13.31
T03453-1,T03453,1,首次受理,2026-04-09,8.65
T03453-2,T03453,2,补充沟通,2026-04-09,11.41
T03453-3,T03453,3,补充沟通,2026-04-09,16.68
T03454-1,T03454,1,首次受理,2026-04-09,11.45
T03454-2,T03454,2,补充沟通,2026-04-09,3.6
T03455-1,T03455,1,首次受理,2026-04-09,16.62
T03455-2,T03455,2,补充沟通,2026-04-09,4.81
T03455-3,T03455,3,补充沟通,2026-04-09,8.7
T03456-1,T03456,1,首次受理,2026-04-09,4.59
T03457-1,T03457,1,首次受理,2026-04-09,13.75
T03457-2,T03457,2,补充沟通,2026-04-09,6.63
T03458-1,T03458,1,首次受理,2026-04-09,9.57
T03458-2,T03458,2,补充沟通,2026-04-09,19.33
T03459-1,T03459,1,首次受理,2026-04-09,7.33
T03459-2,T03459,2,补充沟通,2026-04-09,17.33
T03459-3,T03459,3,补充沟通,2026-04-09,19.33
T03460-1,T03460,1,首次受理,2026-04-09,8.46
T03461-1,T03461,1,首次受理,2026-04-09,12.75
T03461-2,T03461,2,补充沟通,2026-04-09,12.47
T03462-1,T03462,1,首次受理,2026-04-09,4.54
T03463-1,T03463,1,首次受理,2026-04-09,10.77
T03463-2,T03463,2,补充沟通,2026-04-09,7.5
T03464-1,T03464,1,首次受理,2026-04-09,5.33
T03464-2,T03464,2,补充沟通,2026-04-09,5.16
T03464-3,T03464,3,补充沟通,2026-04-09,9.16
T03465-1,T03465,1,首次受理,2026-04-09,6.25
T03466-1,T03466,1,首次受理,2026-04-09,12.85
T03466-2,T03466,2,补充沟通,2026-04-09,16.27
T03467-1,T03467,1,首次受理,2026-04-09,14.69
T03467-2,T03467,2,补充沟通,2026-04-09,16.3
T03468-1,T03468,1,首次受理,2026-04-09,5.48
T03468-2,T03468,2,补充沟通,2026-04-09,7.88
T03469-1,T03469,1,首次受理,2026-04-09,2.73
T03470-1,T03470,1,首次受理,2026-04-09,5.7
T03470-2,T03470,2,补充沟通,2026-04-09,14.34
T03470-3,T03470,3,补充沟通,2026-04-09,15.96
T03471-1,T03471,1,首次受理,2026-04-09,6.52
T03472-1,T03472,1,首次受理,2026-04-09,15.42
T03472-2,T03472,2,补充沟通,2026-04-09,9.1
T03472-3,T03472,3,补充沟通,2026-04-09,8.18
T03473-1,T03473,1,首次受理,2026-04-09,10.62
T03473-2,T03473,2,补充沟通,2026-04-09,8.97
T03474-1,T03474,1,首次受理,2026-04-09,2.79
T03475-1,T03475,1,首次受理,2026-04-09,5.6
T03475-2,T03475,2,补充沟通,2026-04-09,3.23
T03476-1,T03476,1,首次受理,2026-04-09,5.12
T03476-2,T03476,2,补充沟通,2026-04-09,3.89
T03476-3,T03476,3,补充沟通,2026-04-09,4.41
T03477-1,T03477,1,首次受理,2026-04-09,7.31
T03478-1,T03478,1,首次受理,2026-04-09,3.78
T03478-2,T03478,2,补充沟通,2026-04-09,18.4
T03478-3,T03478,3,补充沟通,2026-04-09,11.98
T03479-1,T03479,1,首次受理,2026-04-09,2.05
T03479-2,T03479,2,补充沟通,2026-04-09,7.69
T03480-1,T03480,1,首次受理,2026-04-09,2.23
T03480-2,T03480,2,补充沟通,2026-04-09,10.03
T03481-1,T03481,1,首次受理,2026-04-10,19.13
T03481-2,T03481,2,补充沟通,2026-04-10,11.46
T03482-1,T03482,1,首次受理,2026-04-10,10.53
T03482-2,T03482,2,补充沟通,2026-04-10,8.82
T03483-1,T03483,1,首次受理,2026-04-10,17.7
T03483-2,T03483,2,补充沟通,2026-04-10,4.02
T03484-1,T03484,1,首次受理,2026-04-10,18.81
T03484-2,T03484,2,补充沟通,2026-04-10,16.46
T03485-1,T03485,1,首次受理,2026-04-10,9.92
T03485-2,T03485,2,补充沟通,2026-04-10,7.18
T03486-1,T03486,1,首次受理,2026-04-10,5.9
T03486-2,T03486,2,补充沟通,2026-04-10,18.75
T03486-3,T03486,3,补充沟通,2026-04-10,6.12
T03487-1,T03487,1,首次受理,2026-04-10,19.53
T03487-2,T03487,2,补充沟通,2026-04-10,14.5
T03487-3,T03487,3,补充沟通,2026-04-10,6.48
T03488-1,T03488,1,首次受理,2026-04-10,18.61
T03488-2,T03488,2,补充沟通,2026-04-10,6.14
T03489-1,T03489,1,首次受理,2026-04-10,6.6
T03489-2,T03489,2,补充沟通,2026-04-10,12.16
T03490-1,T03490,1,首次受理,2026-04-10,19.25
T03490-2,T03490,2,补充沟通,2026-04-10,4.32
T03491-1,T03491,1,首次受理,2026-04-10,15.49
T03491-2,T03491,2,补充沟通,2026-04-10,18.31
T03492-1,T03492,1,首次受理,2026-04-10,17.47
T03492-2,T03492,2,补充沟通,2026-04-10,12.7
T03493-1,T03493,1,首次受理,2026-04-10,2.63
T03494-1,T03494,1,首次受理,2026-04-10,14.97
T03494-2,T03494,2,补充沟通,2026-04-10,19.78
T03495-1,T03495,1,首次受理,2026-04-10,18.0
T03495-2,T03495,2,补充沟通,2026-04-10,6.38
T03496-1,T03496,1,首次受理,2026-04-10,11.16
T03496-2,T03496,2,补充沟通,2026-04-10,17.06
T03497-1,T03497,1,首次受理,2026-04-10,18.08
T03497-2,T03497,2,补充沟通,2026-04-10,18.79
T03497-3,T03497,3,补充沟通,2026-04-10,14.97
T03498-1,T03498,1,首次受理,2026-04-10,7.58
T03498-2,T03498,2,补充沟通,2026-04-10,16.83
T03499-1,T03499,1,首次受理,2026-04-10,2.78
T03500-1,T03500,1,首次受理,2026-04-10,5.17
T03501-1,T03501,1,首次受理,2026-04-10,9.14
T03502-1,T03502,1,首次受理,2026-04-10,15.7
T03502-2,T03502,2,补充沟通,2026-04-10,5.45
T03503-1,T03503,1,首次受理,2026-04-10,9.51
T03503-2,T03503,2,补充沟通,2026-04-10,4.47
T03504-1,T03504,1,首次受理,2026-04-10,8.52
T03505-1,T03505,1,首次受理,2026-04-10,14.29
T03505-2,T03505,2,补充沟通,2026-04-10,8.79
T03506-1,T03506,1,首次受理,2026-04-10,19.56
T03506-2,T03506,2,补充沟通,2026-04-10,17.39
T03506-3,T03506,3,补充沟通,2026-04-10,5.39
T03507-1,T03507,1,首次受理,2026-04-10,14.42
T03507-2,T03507,2,补充沟通,2026-04-10,11.84
T03507-3,T03507,3,补充沟通,2026-04-10,7.84
T03508-1,T03508,1,首次受理,2026-04-10,6.5
T03509-1,T03509,1,首次受理,2026-04-10,4.37
T03509-2,T03509,2,补充沟通,2026-04-10,14.07
T03510-1,T03510,1,首次受理,2026-04-10,6.73
T03511-1,T03511,1,首次受理,2026-04-10,14.02
T03511-2,T03511,2,补充沟通,2026-04-10,16.0
T03511-3,T03511,3,补充沟通,2026-04-10,8.94
T03512-1,T03512,1,首次受理,2026-04-10,9.19
T03513-1,T03513,1,首次受理,2026-04-10,16.98
T03513-2,T03513,2,补充沟通,2026-04-10,7.98
T03514-1,T03514,1,首次受理,2026-04-10,12.28
T03514-2,T03514,2,补充沟通,2026-04-10,11.28
T03515-1,T03515,1,首次受理,2026-04-10,16.9
T03515-2,T03515,2,补充沟通,2026-04-10,18.56
T03516-1,T03516,1,首次受理,2026-04-10,17.54
T03516-2,T03516,2,补充沟通,2026-04-10,13.14
T03516-3,T03516,3,补充沟通,2026-04-10,19.38
T03517-1,T03517,1,首次受理,2026-04-10,17.23
T03517-2,T03517,2,补充沟通,2026-04-10,13.7
T03518-1,T03518,1,首次受理,2026-04-10,10.61
T03518-2,T03518,2,补充沟通,2026-04-10,6.01
T03518-3,T03518,3,补充沟通,2026-04-10,6.99
T03519-1,T03519,1,首次受理,2026-04-10,12.63
T03519-2,T03519,2,补充沟通,2026-04-10,12.92
T03519-3,T03519,3,补充沟通,2026-04-10,15.81
T03520-1,T03520,1,首次受理,2026-04-10,15.55
T03520-2,T03520,2,补充沟通,2026-04-10,16.51
T03521-1,T03521,1,首次受理,2026-04-10,2.57
T03522-1,T03522,1,首次受理,2026-04-10,16.21
T03522-2,T03522,2,补充沟通,2026-04-10,7.77
T03523-1,T03523,1,首次受理,2026-04-10,5.68
T03524-1,T03524,1,首次受理,2026-04-10,9.65
T03525-1,T03525,1,首次受理,2026-04-10,2.97
T03526-1,T03526,1,首次受理,2026-04-10,5.1
T03527-1,T03527,1,首次受理,2026-04-10,4.81
T03527-2,T03527,2,补充沟通,2026-04-10,9.15
T03528-1,T03528,1,首次受理,2026-04-10,4.29
T03529-1,T03529,1,首次受理,2026-04-10,8.04
T03530-1,T03530,1,首次受理,2026-04-10,12.59
T03530-2,T03530,2,补充沟通,2026-04-10,6.98
T03530-3,T03530,3,补充沟通,2026-04-10,5.48
T03531-1,T03531,1,首次受理,2026-04-10,4.43
T03532-1,T03532,1,首次受理,2026-04-10,5.45
T03533-1,T03533,1,首次受理,2026-04-10,5.48
T03534-1,T03534,1,首次受理,2026-04-10,7.49
T03534-2,T03534,2,补充沟通,2026-04-10,4.31
T03535-1,T03535,1,首次受理,2026-04-10,4.85
T03535-2,T03535,2,补充沟通,2026-04-10,4.07
T03536-1,T03536,1,首次受理,2026-04-10,7.59
T03537-1,T03537,1,首次受理,2026-04-10,3.72
T03537-2,T03537,2,补充沟通,2026-04-10,10.92
T03537-3,T03537,3,补充沟通,2026-04-10,10.57
T03538-1,T03538,1,首次受理,2026-04-10,5.37
T03538-2,T03538,2,补充沟通,2026-04-10,10.75
T03538-3,T03538,3,补充沟通,2026-04-10,6.72
T03539-1,T03539,1,首次受理,2026-04-10,7.92
T03540-1,T03540,1,首次受理,2026-04-10,2.45
T03541-1,T03541,1,首次受理,2026-04-10,5.68
T03542-1,T03542,1,首次受理,2026-04-10,8.05
T03543-1,T03543,1,首次受理,2026-04-10,8.83
T03544-1,T03544,1,首次受理,2026-04-10,12.56
T03544-2,T03544,2,补充沟通,2026-04-10,7.53
T03544-3,T03544,3,补充沟通,2026-04-10,11.4
T03545-1,T03545,1,首次受理,2026-04-10,2.75
T03546-1,T03546,1,首次受理,2026-04-10,2.45
T03547-1,T03547,1,首次受理,2026-04-10,7.86
T03548-1,T03548,1,首次受理,2026-04-10,8.0
T03548-2,T03548,2,补充沟通,2026-04-10,4.2
T03549-1,T03549,1,首次受理,2026-04-10,3.13
T03550-1,T03550,1,首次受理,2026-04-10,9.11
T03551-1,T03551,1,首次受理,2026-04-10,8.08
T03552-1,T03552,1,首次受理,2026-04-10,2.69
T03553-1,T03553,1,首次受理,2026-04-10,13.21
T03553-2,T03553,2,补充沟通,2026-04-10,4.12
T03554-1,T03554,1,首次受理,2026-04-10,7.31
T03554-2,T03554,2,补充沟通,2026-04-10,6.53
T03555-1,T03555,1,首次受理,2026-04-10,7.26
T03555-2,T03555,2,补充沟通,2026-04-10,10.63
T03556-1,T03556,1,首次受理,2026-04-10,8.6
T03557-1,T03557,1,首次受理,2026-04-10,2.83
T03558-1,T03558,1,首次受理,2026-04-10,3.24
T03559-1,T03559,1,首次受理,2026-04-10,10.9
T03559-2,T03559,2,补充沟通,2026-04-10,7.19
T03560-1,T03560,1,首次受理,2026-04-10,11.29
T03560-2,T03560,2,补充沟通,2026-04-10,12.89
T03561-1,T03561,1,首次受理,2026-04-10,8.21
T03561-2,T03561,2,补充沟通,2026-04-10,8.52
T03562-1,T03562,1,首次受理,2026-04-10,16.52
T03562-2,T03562,2,补充沟通,2026-04-10,16.99
T03562-3,T03562,3,补充沟通,2026-04-10,8.2
T03563-1,T03563,1,首次受理,2026-04-10,10.89
T03563-2,T03563,2,补充沟通,2026-04-10,14.66
T03564-1,T03564,1,首次受理,2026-04-10,8.07
T03565-1,T03565,1,首次受理,2026-04-10,7.81
T03566-1,T03566,1,首次受理,2026-04-10,16.81
T03566-2,T03566,2,补充沟通,2026-04-10,12.06
T03566-3,T03566,3,补充沟通,2026-04-10,17.75
T03567-1,T03567,1,首次受理,2026-04-10,16.47
T03567-2,T03567,2,补充沟通,2026-04-10,6.32
T03568-1,T03568,1,首次受理,2026-04-10,7.9
T03568-2,T03568,2,补充沟通,2026-04-10,2.93
T03569-1,T03569,1,首次受理,2026-04-10,4.45
T03570-1,T03570,1,首次受理,2026-04-10,5.78
T03570-2,T03570,2,补充沟通,2026-04-10,7.82
T03571-1,T03571,1,首次受理,2026-04-10,4.34
T03571-2,T03571,2,补充沟通,2026-04-10,18.14
T03572-1,T03572,1,首次受理,2026-04-10,18.98
T03572-2,T03572,2,补充沟通,2026-04-10,17.92
T03573-1,T03573,1,首次受理,2026-04-10,13.91
T03573-2,T03573,2,补充沟通,2026-04-10,15.84
T03573-3,T03573,3,补充沟通,2026-04-10,7.57
T03574-1,T03574,1,首次受理,2026-04-10,2.3
T03575-1,T03575,1,首次受理,2026-04-10,9.68
T03575-2,T03575,2,补充沟通,2026-04-10,8.67
T03576-1,T03576,1,首次受理,2026-04-10,8.74
T03576-2,T03576,2,补充沟通,2026-04-10,4.41
T03577-1,T03577,1,首次受理,2026-04-10,11.53
T03577-2,T03577,2,补充沟通,2026-04-10,10.74
T03578-1,T03578,1,首次受理,2026-04-10,2.17
T03579-1,T03579,1,首次受理,2026-04-10,9.2
T03580-1,T03580,1,首次受理,2026-04-10,11.13
T03580-2,T03580,2,补充沟通,2026-04-10,6.72
T03580-3,T03580,3,补充沟通,2026-04-10,10.21
T03581-1,T03581,1,首次受理,2026-04-10,5.24
T03581-2,T03581,2,补充沟通,2026-04-10,3.15
T03582-1,T03582,1,首次受理,2026-04-10,7.92
T03582-2,T03582,2,补充沟通,2026-04-10,11.73
T03583-1,T03583,1,首次受理,2026-04-10,7.0
T03583-2,T03583,2,补充沟通,2026-04-10,16.54
T03584-1,T03584,1,首次受理,2026-04-10,13.73
T03584-2,T03584,2,补充沟通,2026-04-10,5.3
T03585-1,T03585,1,首次受理,2026-04-10,17.56
T03585-2,T03585,2,补充沟通,2026-04-10,6.83
T03586-1,T03586,1,首次受理,2026-04-10,2.38
T03587-1,T03587,1,首次受理,2026-04-10,9.07
T03587-2,T03587,2,补充沟通,2026-04-10,5.55
T03587-3,T03587,3,补充沟通,2026-04-10,4.71
T03588-1,T03588,1,首次受理,2026-04-10,8.48
T03588-2,T03588,2,补充沟通,2026-04-10,6.2
T03589-1,T03589,1,首次受理,2026-04-10,13.27
T03589-2,T03589,2,补充沟通,2026-04-10,7.91
T03590-1,T03590,1,首次受理,2026-04-10,7.3
T03591-1,T03591,1,首次受理,2026-04-10,17.14
T03591-2,T03591,2,补充沟通,2026-04-10,10.4
T03591-3,T03591,3,补充沟通,2026-04-10,5.41
T03591-4,T03591,4,补充沟通,2026-04-10,7.13
T03592-1,T03592,1,首次受理,2026-04-10,11.97
T03592-2,T03592,2,补充沟通,2026-04-10,10.27
T03593-1,T03593,1,首次受理,2026-04-10,10.44
T03594-1,T03594,1,首次受理,2026-04-10,6.86
T03594-2,T03594,2,补充沟通,2026-04-10,12.51
T03595-1,T03595,1,首次受理,2026-04-10,5.09
T03596-1,T03596,1,首次受理,2026-04-10,16.81
T03596-2,T03596,2,补充沟通,2026-04-10,18.9
T03597-1,T03597,1,首次受理,2026-04-10,7.85
T03598-1,T03598,1,首次受理,2026-04-10,6.3
T03599-1,T03599,1,首次受理,2026-04-10,19.2
T03599-2,T03599,2,补充沟通,2026-04-10,19.79
T03600-1,T03600,1,首次受理,2026-04-10,10.72
T03601-1,T03601,1,首次受理,2026-04-13,7.17
T03601-2,T03601,2,补充沟通,2026-04-13,18.1
T03601-3,T03601,3,补充沟通,2026-04-13,6.48
T03602-1,T03602,1,首次受理,2026-04-13,9.13
T03602-2,T03602,2,补充沟通,2026-04-13,10.53
T03603-1,T03603,1,首次受理,2026-04-13,15.51
T03603-2,T03603,2,补充沟通,2026-04-13,8.07
T03603-3,T03603,3,补充沟通,2026-04-13,14.48
T03603-4,T03603,4,补充沟通,2026-04-13,17.64
T03604-1,T03604,1,首次受理,2026-04-13,4.59
T03605-1,T03605,1,首次受理,2026-04-13,8.02
T03605-2,T03605,2,补充沟通,2026-04-13,6.42
T03606-1,T03606,1,首次受理,2026-04-13,9.02
T03606-2,T03606,2,补充沟通,2026-04-13,5.66
T03607-1,T03607,1,首次受理,2026-04-13,6.58
T03607-2,T03607,2,补充沟通,2026-04-13,6.59
T03608-1,T03608,1,首次受理,2026-04-13,5.66
T03608-2,T03608,2,补充沟通,2026-04-13,18.04
T03608-3,T03608,3,补充沟通,2026-04-13,11.24
T03609-1,T03609,1,首次受理,2026-04-13,6.94
T03609-2,T03609,2,补充沟通,2026-04-13,14.86
T03609-3,T03609,3,补充沟通,2026-04-13,13.84
T03610-1,T03610,1,首次受理,2026-04-13,13.4
T03610-2,T03610,2,补充沟通,2026-04-13,10.72
T03611-1,T03611,1,首次受理,2026-04-13,5.87
T03611-2,T03611,2,补充沟通,2026-04-13,13.66
T03612-1,T03612,1,首次受理,2026-04-13,5.24
T03612-2,T03612,2,补充沟通,2026-04-13,9.31
T03612-3,T03612,3,补充沟通,2026-04-13,5.89
T03613-1,T03613,1,首次受理,2026-04-13,4.9
T03613-2,T03613,2,补充沟通,2026-04-13,4.48
T03613-3,T03613,3,补充沟通,2026-04-13,7.76
T03614-1,T03614,1,首次受理,2026-04-13,14.13
T03614-2,T03614,2,补充沟通,2026-04-13,4.71
T03614-3,T03614,3,补充沟通,2026-04-13,17.76
T03615-1,T03615,1,首次受理,2026-04-13,8.38
T03615-2,T03615,2,补充沟通,2026-04-13,13.81
T03616-1,T03616,1,首次受理,2026-04-13,18.62
T03616-2,T03616,2,补充沟通,2026-04-13,3.63
T03616-3,T03616,3,补充沟通,2026-04-13,5.37
T03617-1,T03617,1,首次受理,2026-04-13,13.19
T03617-2,T03617,2,补充沟通,2026-04-13,16.87
T03617-3,T03617,3,补充沟通,2026-04-13,16.13
T03618-1,T03618,1,首次受理,2026-04-13,14.74
T03618-2,T03618,2,补充沟通,2026-04-13,7.05
T03618-3,T03618,3,补充沟通,2026-04-13,11.0
T03619-1,T03619,1,首次受理,2026-04-13,16.46
T03619-2,T03619,2,补充沟通,2026-04-13,17.1
T03620-1,T03620,1,首次受理,2026-04-13,12.64
T03620-2,T03620,2,补充沟通,2026-04-13,6.86
T03621-1,T03621,1,首次受理,2026-04-13,15.57
T03621-2,T03621,2,补充沟通,2026-04-13,17.03
T03622-1,T03622,1,首次受理,2026-04-13,11.51
T03622-2,T03622,2,补充沟通,2026-04-13,7.86
T03622-3,T03622,3,补充沟通,2026-04-13,15.88
T03623-1,T03623,1,首次受理,2026-04-13,6.15
T03624-1,T03624,1,首次受理,2026-04-13,11.22
T03624-2,T03624,2,补充沟通,2026-04-13,11.77
T03624-3,T03624,3,补充沟通,2026-04-13,17.62
T03624-4,T03624,4,补充沟通,2026-04-13,10.09
T03625-1,T03625,1,首次受理,2026-04-13,5.42
T03625-2,T03625,2,补充沟通,2026-04-13,8.43
T03625-3,T03625,3,补充沟通,2026-04-13,7.01
T03626-1,T03626,1,首次受理,2026-04-13,12.24
T03626-2,T03626,2,补充沟通,2026-04-13,19.15
T03627-1,T03627,1,首次受理,2026-04-13,9.5
T03627-2,T03627,2,补充沟通,2026-04-13,10.92
T03628-1,T03628,1,首次受理,2026-04-13,18.42
T03628-2,T03628,2,补充沟通,2026-04-13,19.44
T03628-3,T03628,3,补充沟通,2026-04-13,13.44
T03629-1,T03629,1,首次受理,2026-04-13,8.23
T03630-1,T03630,1,首次受理,2026-04-13,11.13
T03630-2,T03630,2,补充沟通,2026-04-13,7.34
T03631-1,T03631,1,首次受理,2026-04-13,15.25
T03631-2,T03631,2,补充沟通,2026-04-13,4.8
T03632-1,T03632,1,首次受理,2026-04-13,19.44
T03632-2,T03632,2,补充沟通,2026-04-13,11.68
T03633-1,T03633,1,首次受理,2026-04-13,14.6
T03633-2,T03633,2,补充沟通,2026-04-13,8.66
T03634-1,T03634,1,首次受理,2026-04-13,14.46
T03634-2,T03634,2,补充沟通,2026-04-13,16.64
T03635-1,T03635,1,首次受理,2026-04-13,16.79
T03635-2,T03635,2,补充沟通,2026-04-13,14.57
T03635-3,T03635,3,补充沟通,2026-04-13,19.53
T03636-1,T03636,1,首次受理,2026-04-13,10.77
T03636-2,T03636,2,补充沟通,2026-04-13,9.82
T03637-1,T03637,1,首次受理,2026-04-13,8.81
T03638-1,T03638,1,首次受理,2026-04-13,10.55
T03638-2,T03638,2,补充沟通,2026-04-13,7.58
T03639-1,T03639,1,首次受理,2026-04-13,12.42
T03639-2,T03639,2,补充沟通,2026-04-13,15.6
T03639-3,T03639,3,补充沟通,2026-04-13,18.35
T03640-1,T03640,1,首次受理,2026-04-13,8.7
T03640-2,T03640,2,补充沟通,2026-04-13,18.17
T03641-1,T03641,1,首次受理,2026-04-13,8.21
T03641-2,T03641,2,补充沟通,2026-04-13,10.4
T03642-1,T03642,1,首次受理,2026-04-13,6.67
T03642-2,T03642,2,补充沟通,2026-04-13,6.98
T03643-1,T03643,1,首次受理,2026-04-13,4.29
T03644-1,T03644,1,首次受理,2026-04-13,13.95
T03644-2,T03644,2,补充沟通,2026-04-13,10.97
T03645-1,T03645,1,首次受理,2026-04-13,6.79
T03645-2,T03645,2,补充沟通,2026-04-13,9.14
T03645-3,T03645,3,补充沟通,2026-04-13,3.94
T03646-1,T03646,1,首次受理,2026-04-13,5.51
T03647-1,T03647,1,首次受理,2026-04-13,6.1
T03648-1,T03648,1,首次受理,2026-04-13,13.86
T03648-2,T03648,2,补充沟通,2026-04-13,16.57
T03648-3,T03648,3,补充沟通,2026-04-13,15.94
T03649-1,T03649,1,首次受理,2026-04-13,10.86
T03649-2,T03649,2,补充沟通,2026-04-13,4.44
T03650-1,T03650,1,首次受理,2026-04-13,6.66
T03650-2,T03650,2,补充沟通,2026-04-13,10.19
T03651-1,T03651,1,首次受理,2026-04-13,9.2
T03652-1,T03652,1,首次受理,2026-04-13,16.64
T03652-2,T03652,2,补充沟通,2026-04-13,7.01
T03652-3,T03652,3,补充沟通,2026-04-13,3.88
T03653-1,T03653,1,首次受理,2026-04-13,7.43
T03654-1,T03654,1,首次受理,2026-04-13,10.51
T03655-1,T03655,1,首次受理,2026-04-13,2.48
T03656-1,T03656,1,首次受理,2026-04-13,2.98
T03657-1,T03657,1,首次受理,2026-04-13,5.63
T03658-1,T03658,1,首次受理,2026-04-13,2.81
T03658-2,T03658,2,补充沟通,2026-04-13,2.7
T03659-1,T03659,1,首次受理,2026-04-13,7.88
T03659-2,T03659,2,补充沟通,2026-04-13,8.82
T03660-1,T03660,1,首次受理,2026-04-13,3.34
T03660-2,T03660,2,补充沟通,2026-04-13,8.05
T03661-1,T03661,1,首次受理,2026-04-13,7.24
T03662-1,T03662,1,首次受理,2026-04-13,10.54
T03663-1,T03663,1,首次受理,2026-04-13,3.27
T03663-2,T03663,2,补充沟通,2026-04-13,6.04
T03664-1,T03664,1,首次受理,2026-04-13,9.92
T03665-1,T03665,1,首次受理,2026-04-13,8.13
T03666-1,T03666,1,首次受理,2026-04-13,3.51
T03667-1,T03667,1,首次受理,2026-04-13,4.79
T03668-1,T03668,1,首次受理,2026-04-13,4.54
T03668-2,T03668,2,补充沟通,2026-04-13,13.81
T03668-3,T03668,3,补充沟通,2026-04-13,7.94
T03669-1,T03669,1,首次受理,2026-04-13,4.5
T03670-1,T03670,1,首次受理,2026-04-13,9.05
T03671-1,T03671,1,首次受理,2026-04-13,15.82
T03671-2,T03671,2,补充沟通,2026-04-13,9.13
T03671-3,T03671,3,补充沟通,2026-04-13,12.58
T03672-1,T03672,1,首次受理,2026-04-13,16.24
T03672-2,T03672,2,补充沟通,2026-04-13,13.66
T03673-1,T03673,1,首次受理,2026-04-13,3.46
T03674-1,T03674,1,首次受理,2026-04-13,2.65
T03675-1,T03675,1,首次受理,2026-04-13,10.34
T03676-1,T03676,1,首次受理,2026-04-13,6.25
T03677-1,T03677,1,首次受理,2026-04-13,16.26
T03677-2,T03677,2,补充沟通,2026-04-13,8.19
T03677-3,T03677,3,补充沟通,2026-04-13,15.95
T03678-1,T03678,1,首次受理,2026-04-13,2.65
T03678-2,T03678,2,补充沟通,2026-04-13,8.88
T03679-1,T03679,1,首次受理,2026-04-13,8.42
T03680-1,T03680,1,首次受理,2026-04-13,10.16
T03681-1,T03681,1,首次受理,2026-04-13,7.24
T03682-1,T03682,1,首次受理,2026-04-13,8.37
T03682-2,T03682,2,补充沟通,2026-04-13,9.06
T03683-1,T03683,1,首次受理,2026-04-13,18.48
T03683-2,T03683,2,补充沟通,2026-04-13,10.47
T03683-3,T03683,3,补充沟通,2026-04-13,12.21
T03684-1,T03684,1,首次受理,2026-04-13,5.16
T03684-2,T03684,2,补充沟通,2026-04-13,19.56
T03684-3,T03684,3,补充沟通,2026-04-13,13.37
T03685-1,T03685,1,首次受理,2026-04-13,14.51
T03685-2,T03685,2,补充沟通,2026-04-13,9.12
T03685-3,T03685,3,补充沟通,2026-04-13,5.7
T03686-1,T03686,1,首次受理,2026-04-13,12.34
T03686-2,T03686,2,补充沟通,2026-04-13,7.19
T03686-3,T03686,3,补充沟通,2026-04-13,15.48
T03687-1,T03687,1,首次受理,2026-04-13,6.86
T03688-1,T03688,1,首次受理,2026-04-13,9.91
T03689-1,T03689,1,首次受理,2026-04-13,14.36
T03689-2,T03689,2,补充沟通,2026-04-13,5.08
T03690-1,T03690,1,首次受理,2026-04-13,10.98
T03690-2,T03690,2,补充沟通,2026-04-13,11.71
T03690-3,T03690,3,补充沟通,2026-04-13,7.95
T03690-4,T03690,4,补充沟通,2026-04-13,15.74
T03691-1,T03691,1,首次受理,2026-04-13,2.16
T03691-2,T03691,2,补充沟通,2026-04-13,10.74
T03692-1,T03692,1,首次受理,2026-04-13,10.55
T03693-1,T03693,1,首次受理,2026-04-13,14.65
T03693-2,T03693,2,补充沟通,2026-04-13,5.92
T03694-1,T03694,1,首次受理,2026-04-13,9.95
T03695-1,T03695,1,首次受理,2026-04-13,12.62
T03695-2,T03695,2,补充沟通,2026-04-13,5.15
T03696-1,T03696,1,首次受理,2026-04-13,18.31
T03696-2,T03696,2,补充沟通,2026-04-13,3.88
T03696-3,T03696,3,补充沟通,2026-04-13,7.3
T03697-1,T03697,1,首次受理,2026-04-13,12.25
T03697-2,T03697,2,补充沟通,2026-04-13,9.49
T03698-1,T03698,1,首次受理,2026-04-13,14.93
T03698-2,T03698,2,补充沟通,2026-04-13,18.78
T03699-1,T03699,1,首次受理,2026-04-13,5.74
T03699-2,T03699,2,补充沟通,2026-04-13,12.51
T03700-1,T03700,1,首次受理,2026-04-13,4.49
T03701-1,T03701,1,首次受理,2026-04-13,13.51
T03701-2,T03701,2,补充沟通,2026-04-13,7.07
T03702-1,T03702,1,首次受理,2026-04-13,10.4
T03703-1,T03703,1,首次受理,2026-04-13,15.46
T03703-2,T03703,2,补充沟通,2026-04-13,17.35
T03703-3,T03703,3,补充沟通,2026-04-13,10.08
T03703-4,T03703,4,补充沟通,2026-04-13,4.55
T03704-1,T03704,1,首次受理,2026-04-13,18.38
T03704-2,T03704,2,补充沟通,2026-04-13,5.01
T03705-1,T03705,1,首次受理,2026-04-13,14.09
T03705-2,T03705,2,补充沟通,2026-04-13,15.18
T03706-1,T03706,1,首次受理,2026-04-13,8.32
T03707-1,T03707,1,首次受理,2026-04-13,5.76
T03707-2,T03707,2,补充沟通,2026-04-13,17.19
T03708-1,T03708,1,首次受理,2026-04-13,10.53
T03709-1,T03709,1,首次受理,2026-04-13,4.09
T03709-2,T03709,2,补充沟通,2026-04-13,6.59
T03710-1,T03710,1,首次受理,2026-04-13,17.92
T03710-2,T03710,2,补充沟通,2026-04-13,11.28
T03711-1,T03711,1,首次受理,2026-04-13,11.09
T03711-2,T03711,2,补充沟通,2026-04-13,6.88
T03711-3,T03711,3,补充沟通,2026-04-13,15.39
T03712-1,T03712,1,首次受理,2026-04-13,7.74
T03713-1,T03713,1,首次受理,2026-04-13,17.95
T03713-2,T03713,2,补充沟通,2026-04-13,13.48
T03713-3,T03713,3,补充沟通,2026-04-13,14.65
T03714-1,T03714,1,首次受理,2026-04-13,19.18
T03714-2,T03714,2,补充沟通,2026-04-13,7.62
T03714-3,T03714,3,补充沟通,2026-04-13,15.82
T03715-1,T03715,1,首次受理,2026-04-13,9.65
T03716-1,T03716,1,首次受理,2026-04-13,5.17
T03716-2,T03716,2,补充沟通,2026-04-13,4.17
T03717-1,T03717,1,首次受理,2026-04-13,5.53
T03718-1,T03718,1,首次受理,2026-04-13,5.92
T03719-1,T03719,1,首次受理,2026-04-13,8.44
T03720-1,T03720,1,首次受理,2026-04-13,8.88
T03721-1,T03721,1,首次受理,2026-04-14,8.79
T03722-1,T03722,1,首次受理,2026-04-14,3.79
T03722-2,T03722,2,补充沟通,2026-04-14,7.12
T03723-1,T03723,1,首次受理,2026-04-14,8.51
T03723-2,T03723,2,补充沟通,2026-04-14,5.37
T03724-1,T03724,1,首次受理,2026-04-14,3.44
T03725-1,T03725,1,首次受理,2026-04-14,3.91
T03725-2,T03725,2,补充沟通,2026-04-14,8.98
T03726-1,T03726,1,首次受理,2026-04-14,10.24
T03726-2,T03726,2,补充沟通,2026-04-14,3.65
T03727-1,T03727,1,首次受理,2026-04-14,2.13
T03727-2,T03727,2,补充沟通,2026-04-14,3.24
T03728-1,T03728,1,首次受理,2026-04-14,19.18
T03728-2,T03728,2,补充沟通,2026-04-14,14.23
T03728-3,T03728,3,补充沟通,2026-04-14,14.73
T03729-1,T03729,1,首次受理,2026-04-14,10.08
T03729-2,T03729,2,补充沟通,2026-04-14,11.82
T03729-3,T03729,3,补充沟通,2026-04-14,18.14
T03730-1,T03730,1,首次受理,2026-04-14,15.62
T03730-2,T03730,2,补充沟通,2026-04-14,6.91
T03731-1,T03731,1,首次受理,2026-04-14,5.5
T03731-2,T03731,2,补充沟通,2026-04-14,19.08
T03732-1,T03732,1,首次受理,2026-04-14,16.06
T03732-2,T03732,2,补充沟通,2026-04-14,18.19
T03733-1,T03733,1,首次受理,2026-04-14,9.72
T03733-2,T03733,2,补充沟通,2026-04-14,5.71
T03734-1,T03734,1,首次受理,2026-04-14,3.68
T03734-2,T03734,2,补充沟通,2026-04-14,19.31
T03735-1,T03735,1,首次受理,2026-04-14,7.1
T03735-2,T03735,2,补充沟通,2026-04-14,4.98
T03736-1,T03736,1,首次受理,2026-04-14,7.57
T03736-2,T03736,2,补充沟通,2026-04-14,8.97
T03736-3,T03736,3,补充沟通,2026-04-14,13.46
T03737-1,T03737,1,首次受理,2026-04-14,5.78
T03737-2,T03737,2,补充沟通,2026-04-14,15.16
T03738-1,T03738,1,首次受理,2026-04-14,16.13
T03738-2,T03738,2,补充沟通,2026-04-14,18.49
T03739-1,T03739,1,首次受理,2026-04-14,11.41
T03739-2,T03739,2,补充沟通,2026-04-14,5.55
T03739-3,T03739,3,补充沟通,2026-04-14,16.96
T03740-1,T03740,1,首次受理,2026-04-14,8.84
T03741-1,T03741,1,首次受理,2026-04-14,16.07
T03741-2,T03741,2,补充沟通,2026-04-14,4.89
T03741-3,T03741,3,补充沟通,2026-04-14,14.91
T03742-1,T03742,1,首次受理,2026-04-14,12.64
T03742-2,T03742,2,补充沟通,2026-04-14,14.59
T03743-1,T03743,1,首次受理,2026-04-14,13.2
T03743-2,T03743,2,补充沟通,2026-04-14,14.03
T03744-1,T03744,1,首次受理,2026-04-14,7.09
T03744-2,T03744,2,补充沟通,2026-04-14,6.37
T03744-3,T03744,3,补充沟通,2026-04-14,19.12
T03745-1,T03745,1,首次受理,2026-04-14,17.5
T03745-2,T03745,2,补充沟通,2026-04-14,9.49
T03745-3,T03745,3,补充沟通,2026-04-14,8.82
T03746-1,T03746,1,首次受理,2026-04-14,7.16
T03746-2,T03746,2,补充沟通,2026-04-14,12.1
T03747-1,T03747,1,首次受理,2026-04-14,8.72
T03747-2,T03747,2,补充沟通,2026-04-14,4.11
T03748-1,T03748,1,首次受理,2026-04-14,13.73
T03748-2,T03748,2,补充沟通,2026-04-14,6.21
T03748-3,T03748,3,补充沟通,2026-04-14,4.79
T03749-1,T03749,1,首次受理,2026-04-14,5.44
T03749-2,T03749,2,补充沟通,2026-04-14,18.99
T03750-1,T03750,1,首次受理,2026-04-14,14.08
T03750-2,T03750,2,补充沟通,2026-04-14,5.63
T03751-1,T03751,1,首次受理,2026-04-14,11.06
T03751-2,T03751,2,补充沟通,2026-04-14,13.15
T03751-3,T03751,3,补充沟通,2026-04-14,8.57
T03752-1,T03752,1,首次受理,2026-04-14,7.18
T03752-2,T03752,2,补充沟通,2026-04-14,4.1
T03752-3,T03752,3,补充沟通,2026-04-14,16.86
T03753-1,T03753,1,首次受理,2026-04-14,11.28
T03753-2,T03753,2,补充沟通,2026-04-14,5.31
T03754-1,T03754,1,首次受理,2026-04-14,4.87
T03754-2,T03754,2,补充沟通,2026-04-14,14.95
T03755-1,T03755,1,首次受理,2026-04-14,6.85
T03755-2,T03755,2,补充沟通,2026-04-14,10.98
T03756-1,T03756,1,首次受理,2026-04-14,8.08
T03756-2,T03756,2,补充沟通,2026-04-14,12.05
T03757-1,T03757,1,首次受理,2026-04-14,17.9
T03757-2,T03757,2,补充沟通,2026-04-14,16.72
T03757-3,T03757,3,补充沟通,2026-04-14,13.77
T03758-1,T03758,1,首次受理,2026-04-14,18.58
T03758-2,T03758,2,补充沟通,2026-04-14,10.2
T03759-1,T03759,1,首次受理,2026-04-14,16.82
T03759-2,T03759,2,补充沟通,2026-04-14,3.71
T03760-1,T03760,1,首次受理,2026-04-14,5.72
T03760-2,T03760,2,补充沟通,2026-04-14,5.02
T03761-1,T03761,1,首次受理,2026-04-14,19.21
T03761-2,T03761,2,补充沟通,2026-04-14,10.84
T03762-1,T03762,1,首次受理,2026-04-14,3.34
T03763-1,T03763,1,首次受理,2026-04-14,7.08
T03763-2,T03763,2,补充沟通,2026-04-14,5.49
T03764-1,T03764,1,首次受理,2026-04-14,7.97
T03764-2,T03764,2,补充沟通,2026-04-14,4.73
T03765-1,T03765,1,首次受理,2026-04-14,7.98
T03765-2,T03765,2,补充沟通,2026-04-14,6.7
T03766-1,T03766,1,首次受理,2026-04-14,9.2
T03766-2,T03766,2,补充沟通,2026-04-14,4.52
T03767-1,T03767,1,首次受理,2026-04-14,10.67
T03768-1,T03768,1,首次受理,2026-04-14,5.35
T03769-1,T03769,1,首次受理,2026-04-14,4.77
T03769-2,T03769,2,补充沟通,2026-04-14,11.59
T03769-3,T03769,3,补充沟通,2026-04-14,15.41
T03770-1,T03770,1,首次受理,2026-04-14,6.99
T03770-2,T03770,2,补充沟通,2026-04-14,6.57
T03771-1,T03771,1,首次受理,2026-04-14,6.24
T03771-2,T03771,2,补充沟通,2026-04-14,5.02
T03771-3,T03771,3,补充沟通,2026-04-14,4.93
T03772-1,T03772,1,首次受理,2026-04-14,3.54
T03773-1,T03773,1,首次受理,2026-04-14,16.09
T03773-2,T03773,2,补充沟通,2026-04-14,4.55
T03774-1,T03774,1,首次受理,2026-04-14,10.93
T03775-1,T03775,1,首次受理,2026-04-14,2.83
T03776-1,T03776,1,首次受理,2026-04-14,4.44
T03777-1,T03777,1,首次受理,2026-04-14,6.18
T03778-1,T03778,1,首次受理,2026-04-14,10.69
T03779-1,T03779,1,首次受理,2026-04-14,5.14
T03779-2,T03779,2,补充沟通,2026-04-14,11.84
T03780-1,T03780,1,首次受理,2026-04-14,6.54
T03780-2,T03780,2,补充沟通,2026-04-14,3.29
T03781-1,T03781,1,首次受理,2026-04-14,10.47
T03781-2,T03781,2,补充沟通,2026-04-14,7.6
T03781-3,T03781,3,补充沟通,2026-04-14,9.46
T03782-1,T03782,1,首次受理,2026-04-14,10.7
T03782-2,T03782,2,补充沟通,2026-04-14,6.69
T03783-1,T03783,1,首次受理,2026-04-14,2.93
T03784-1,T03784,1,首次受理,2026-04-14,9.36
T03785-1,T03785,1,首次受理,2026-04-14,2.43
T03786-1,T03786,1,首次受理,2026-04-14,11.86
T03786-2,T03786,2,补充沟通,2026-04-14,11.7
T03786-3,T03786,3,补充沟通,2026-04-14,11.14
T03787-1,T03787,1,首次受理,2026-04-14,5.18
T03788-1,T03788,1,首次受理,2026-04-14,7.7
T03788-2,T03788,2,补充沟通,2026-04-14,19.63
T03789-1,T03789,1,首次受理,2026-04-14,10.41
T03790-1,T03790,1,首次受理,2026-04-14,5.48
T03791-1,T03791,1,首次受理,2026-04-14,7.33
T03792-1,T03792,1,首次受理,2026-04-14,8.36
T03793-1,T03793,1,首次受理,2026-04-14,5.43
T03794-1,T03794,1,首次受理,2026-04-14,7.88
T03795-1,T03795,1,首次受理,2026-04-14,8.0
T03795-2,T03795,2,补充沟通,2026-04-14,6.72
T03796-1,T03796,1,首次受理,2026-04-14,17.03
T03796-2,T03796,2,补充沟通,2026-04-14,13.41
T03796-3,T03796,3,补充沟通,2026-04-14,11.13
T03797-1,T03797,1,首次受理,2026-04-14,9.81
T03798-1,T03798,1,首次受理,2026-04-14,6.72
T03799-1,T03799,1,首次受理,2026-04-14,18.61
T03799-2,T03799,2,补充沟通,2026-04-14,7.45
T03799-3,T03799,3,补充沟通,2026-04-14,17.57
T03800-1,T03800,1,首次受理,2026-04-14,4.34
T03801-1,T03801,1,首次受理,2026-04-14,16.6
T03801-2,T03801,2,补充沟通,2026-04-14,4.5
T03801-3,T03801,3,补充沟通,2026-04-14,16.12
T03802-1,T03802,1,首次受理,2026-04-14,16.64
T03802-2,T03802,2,补充沟通,2026-04-14,7.4
T03802-3,T03802,3,补充沟通,2026-04-14,19.12
T03803-1,T03803,1,首次受理,2026-04-14,4.1
T03804-1,T03804,1,首次受理,2026-04-14,6.17
T03804-2,T03804,2,补充沟通,2026-04-14,8.03
T03805-1,T03805,1,首次受理,2026-04-14,15.59
T03805-2,T03805,2,补充沟通,2026-04-14,18.83
T03805-3,T03805,3,补充沟通,2026-04-14,13.38
T03806-1,T03806,1,首次受理,2026-04-14,8.56
T03806-2,T03806,2,补充沟通,2026-04-14,8.83
T03807-1,T03807,1,首次受理,2026-04-14,4.71
T03807-2,T03807,2,补充沟通,2026-04-14,17.64
T03808-1,T03808,1,首次受理,2026-04-14,14.18
T03808-2,T03808,2,补充沟通,2026-04-14,14.27
T03808-3,T03808,3,补充沟通,2026-04-14,17.17
T03809-1,T03809,1,首次受理,2026-04-14,18.17
T03809-2,T03809,2,补充沟通,2026-04-14,15.33
T03810-1,T03810,1,首次受理,2026-04-14,9.02
T03811-1,T03811,1,首次受理,2026-04-14,4.91
T03811-2,T03811,2,补充沟通,2026-04-14,10.51
T03812-1,T03812,1,首次受理,2026-04-14,8.5
T03812-2,T03812,2,补充沟通,2026-04-14,14.85
T03812-3,T03812,3,补充沟通,2026-04-14,7.26
T03813-1,T03813,1,首次受理,2026-04-14,7.27
T03814-1,T03814,1,首次受理,2026-04-14,4.38
T03815-1,T03815,1,首次受理,2026-04-14,18.22
T03815-2,T03815,2,补充沟通,2026-04-14,6.42
T03816-1,T03816,1,首次受理,2026-04-14,2.48
T03816-2,T03816,2,补充沟通,2026-04-14,9.06
T03817-1,T03817,1,首次受理,2026-04-14,8.6
T03818-1,T03818,1,首次受理,2026-04-14,9.47
T03818-2,T03818,2,补充沟通,2026-04-14,16.51
T03819-1,T03819,1,首次受理,2026-04-14,15.17
T03819-2,T03819,2,补充沟通,2026-04-14,6.16
T03820-1,T03820,1,首次受理,2026-04-14,14.8
T03820-2,T03820,2,补充沟通,2026-04-14,12.08
T03821-1,T03821,1,首次受理,2026-04-14,3.92
T03822-1,T03822,1,首次受理,2026-04-14,13.66
T03822-2,T03822,2,补充沟通,2026-04-14,4.29
T03822-3,T03822,3,补充沟通,2026-04-14,5.31
T03823-1,T03823,1,首次受理,2026-04-14,5.49
T03823-2,T03823,2,补充沟通,2026-04-14,4.52
T03823-3,T03823,3,补充沟通,2026-04-14,6.21
T03823-4,T03823,4,补充沟通,2026-04-14,5.94
T03824-1,T03824,1,首次受理,2026-04-14,3.59
T03824-2,T03824,2,补充沟通,2026-04-14,5.78
T03825-1,T03825,1,首次受理,2026-04-14,10.31
T03826-1,T03826,1,首次受理,2026-04-14,16.89
T03826-2,T03826,2,补充沟通,2026-04-14,16.26
T03826-3,T03826,3,补充沟通,2026-04-14,14.94
T03827-1,T03827,1,首次受理,2026-04-14,15.89
T03827-2,T03827,2,补充沟通,2026-04-14,8.02
T03828-1,T03828,1,首次受理,2026-04-14,16.37
T03828-2,T03828,2,补充沟通,2026-04-14,12.49
T03828-3,T03828,3,补充沟通,2026-04-14,7.09
T03829-1,T03829,1,首次受理,2026-04-14,9.24
T03829-2,T03829,2,补充沟通,2026-04-14,7.0
T03829-3,T03829,3,补充沟通,2026-04-14,14.76
T03830-1,T03830,1,首次受理,2026-04-14,19.71
T03830-2,T03830,2,补充沟通,2026-04-14,14.47
T03831-1,T03831,1,首次受理,2026-04-14,8.26
T03832-1,T03832,1,首次受理,2026-04-14,2.05
T03833-1,T03833,1,首次受理,2026-04-14,16.36
T03833-2,T03833,2,补充沟通,2026-04-14,12.14
T03834-1,T03834,1,首次受理,2026-04-14,11.91
T03834-2,T03834,2,补充沟通,2026-04-14,13.94
T03835-1,T03835,1,首次受理,2026-04-14,16.57
T03835-2,T03835,2,补充沟通,2026-04-14,4.78
T03835-3,T03835,3,补充沟通,2026-04-14,9.79
T03836-1,T03836,1,首次受理,2026-04-14,4.98
T03836-2,T03836,2,补充沟通,2026-04-14,11.59
T03836-3,T03836,3,补充沟通,2026-04-14,12.69
T03837-1,T03837,1,首次受理,2026-04-14,4.46
T03838-1,T03838,1,首次受理,2026-04-14,5.36
T03839-1,T03839,1,首次受理,2026-04-14,4.57
T03839-2,T03839,2,补充沟通,2026-04-14,9.36
T03840-1,T03840,1,首次受理,2026-04-14,19.08
T03840-2,T03840,2,补充沟通,2026-04-14,10.38
T03841-1,T03841,1,首次受理,2026-04-15,17.55
T03841-2,T03841,2,补充沟通,2026-04-15,14.25
T03842-1,T03842,1,首次受理,2026-04-15,14.06
T03842-2,T03842,2,补充沟通,2026-04-15,13.06
T03843-1,T03843,1,首次受理,2026-04-15,3.62
T03843-2,T03843,2,补充沟通,2026-04-15,4.79
T03844-1,T03844,1,首次受理,2026-04-15,13.64
T03844-2,T03844,2,补充沟通,2026-04-15,17.77
T03844-3,T03844,3,补充沟通,2026-04-15,15.44
T03844-4,T03844,4,补充沟通,2026-04-15,11.65
T03845-1,T03845,1,首次受理,2026-04-15,8.71
T03845-2,T03845,2,补充沟通,2026-04-15,18.45
T03845-3,T03845,3,补充沟通,2026-04-15,6.1
T03846-1,T03846,1,首次受理,2026-04-15,15.62
T03846-2,T03846,2,补充沟通,2026-04-15,18.57
T03847-1,T03847,1,首次受理,2026-04-15,9.86
T03847-2,T03847,2,补充沟通,2026-04-15,3.77
T03848-1,T03848,1,首次受理,2026-04-15,6.88
T03849-1,T03849,1,首次受理,2026-04-15,5.65
T03849-2,T03849,2,补充沟通,2026-04-15,6.65
T03849-3,T03849,3,补充沟通,2026-04-15,13.82
T03850-1,T03850,1,首次受理,2026-04-15,9.95
T03850-2,T03850,2,补充沟通,2026-04-15,2.35
T03851-1,T03851,1,首次受理,2026-04-15,10.78
T03851-2,T03851,2,补充沟通,2026-04-15,17.23
T03851-3,T03851,3,补充沟通,2026-04-15,18.98
T03852-1,T03852,1,首次受理,2026-04-15,17.87
T03852-2,T03852,2,补充沟通,2026-04-15,17.92
T03853-1,T03853,1,首次受理,2026-04-15,10.39
T03853-2,T03853,2,补充沟通,2026-04-15,12.44
T03854-1,T03854,1,首次受理,2026-04-15,5.79
T03854-2,T03854,2,补充沟通,2026-04-15,5.36
T03854-3,T03854,3,补充沟通,2026-04-15,19.72
T03854-4,T03854,4,补充沟通,2026-04-15,9.37
T03855-1,T03855,1,首次受理,2026-04-15,5.3
T03855-2,T03855,2,补充沟通,2026-04-15,10.78
T03856-1,T03856,1,首次受理,2026-04-15,3.9
T03856-2,T03856,2,补充沟通,2026-04-15,5.85
T03857-1,T03857,1,首次受理,2026-04-15,7.25
T03858-1,T03858,1,首次受理,2026-04-15,10.75
T03858-2,T03858,2,补充沟通,2026-04-15,3.79
T03859-1,T03859,1,首次受理,2026-04-15,16.12
T03859-2,T03859,2,补充沟通,2026-04-15,18.35
T03859-3,T03859,3,补充沟通,2026-04-15,9.13
T03860-1,T03860,1,首次受理,2026-04-15,6.73
T03860-2,T03860,2,补充沟通,2026-04-15,12.89
T03860-3,T03860,3,补充沟通,2026-04-15,4.63
T03861-1,T03861,1,首次受理,2026-04-15,10.35
T03862-1,T03862,1,首次受理,2026-04-15,8.43
T03862-2,T03862,2,补充沟通,2026-04-15,16.92
T03863-1,T03863,1,首次受理,2026-04-15,16.95
T03863-2,T03863,2,补充沟通,2026-04-15,17.99
T03863-3,T03863,3,补充沟通,2026-04-15,8.47
T03864-1,T03864,1,首次受理,2026-04-15,9.28
T03864-2,T03864,2,补充沟通,2026-04-15,15.0
T03864-3,T03864,3,补充沟通,2026-04-15,18.61
T03865-1,T03865,1,首次受理,2026-04-15,5.98
T03865-2,T03865,2,补充沟通,2026-04-15,16.82
T03865-3,T03865,3,补充沟通,2026-04-15,9.83
T03866-1,T03866,1,首次受理,2026-04-15,16.46
T03866-2,T03866,2,补充沟通,2026-04-15,13.59
T03867-1,T03867,1,首次受理,2026-04-15,6.69
T03868-1,T03868,1,首次受理,2026-04-15,8.16
T03869-1,T03869,1,首次受理,2026-04-15,5.48
T03869-2,T03869,2,补充沟通,2026-04-15,14.42
T03870-1,T03870,1,首次受理,2026-04-15,16.48
T03870-2,T03870,2,补充沟通,2026-04-15,6.75
T03870-3,T03870,3,补充沟通,2026-04-15,8.08
T03871-1,T03871,1,首次受理,2026-04-15,8.8
T03871-2,T03871,2,补充沟通,2026-04-15,6.96
T03871-3,T03871,3,补充沟通,2026-04-15,17.71
T03872-1,T03872,1,首次受理,2026-04-15,14.99
T03872-2,T03872,2,补充沟通,2026-04-15,14.69
T03872-3,T03872,3,补充沟通,2026-04-15,9.75
T03873-1,T03873,1,首次受理,2026-04-15,19.62
T03873-2,T03873,2,补充沟通,2026-04-15,7.0
T03874-1,T03874,1,首次受理,2026-04-15,13.74
T03874-2,T03874,2,补充沟通,2026-04-15,14.25
T03875-1,T03875,1,首次受理,2026-04-15,12.25
T03875-2,T03875,2,补充沟通,2026-04-15,14.27
T03876-1,T03876,1,首次受理,2026-04-15,11.25
T03876-2,T03876,2,补充沟通,2026-04-15,14.9
T03877-1,T03877,1,首次受理,2026-04-15,3.66
T03878-1,T03878,1,首次受理,2026-04-15,16.17
T03878-2,T03878,2,补充沟通,2026-04-15,18.39
T03878-3,T03878,3,补充沟通,2026-04-15,5.27
T03879-1,T03879,1,首次受理,2026-04-15,9.14
T03879-2,T03879,2,补充沟通,2026-04-15,12.89
T03879-3,T03879,3,补充沟通,2026-04-15,10.62
T03880-1,T03880,1,首次受理,2026-04-15,7.8
T03880-2,T03880,2,补充沟通,2026-04-15,7.52
T03881-1,T03881,1,首次受理,2026-04-15,3.39
T03882-1,T03882,1,首次受理,2026-04-15,19.26
T03882-2,T03882,2,补充沟通,2026-04-15,12.55
T03883-1,T03883,1,首次受理,2026-04-15,6.15
T03884-1,T03884,1,首次受理,2026-04-15,3.93
T03884-2,T03884,2,补充沟通,2026-04-15,5.11
T03885-1,T03885,1,首次受理,2026-04-15,2.13
T03885-2,T03885,2,补充沟通,2026-04-15,10.36
T03886-1,T03886,1,首次受理,2026-04-15,9.06
T03887-1,T03887,1,首次受理,2026-04-15,5.34
T03888-1,T03888,1,首次受理,2026-04-15,6.08
T03888-2,T03888,2,补充沟通,2026-04-15,5.55
T03889-1,T03889,1,首次受理,2026-04-15,2.14
T03890-1,T03890,1,首次受理,2026-04-15,5.55
T03890-2,T03890,2,补充沟通,2026-04-15,8.67
T03891-1,T03891,1,首次受理,2026-04-15,7.36
T03892-1,T03892,1,首次受理,2026-04-15,10.26
T03893-1,T03893,1,首次受理,2026-04-15,3.0
T03894-1,T03894,1,首次受理,2026-04-15,3.0
T03895-1,T03895,1,首次受理,2026-04-15,10.44
T03896-1,T03896,1,首次受理,2026-04-15,5.17
T03896-2,T03896,2,补充沟通,2026-04-15,15.42
T03897-1,T03897,1,首次受理,2026-04-15,3.4
T03898-1,T03898,1,首次受理,2026-04-15,4.6
T03898-2,T03898,2,补充沟通,2026-04-15,8.02
T03899-1,T03899,1,首次受理,2026-04-15,4.23
T03900-1,T03900,1,首次受理,2026-04-15,9.41
T03900-2,T03900,2,补充沟通,2026-04-15,7.22
T03901-1,T03901,1,首次受理,2026-04-15,10.76
T03902-1,T03902,1,首次受理,2026-04-15,4.06
T03903-1,T03903,1,首次受理,2026-04-15,10.74
T03904-1,T03904,1,首次受理,2026-04-15,7.24
T03904-2,T03904,2,补充沟通,2026-04-15,5.71
T03904-3,T03904,3,补充沟通,2026-04-15,4.34
T03905-1,T03905,1,首次受理,2026-04-15,8.33
T03906-1,T03906,1,首次受理,2026-04-15,13.0
T03906-2,T03906,2,补充沟通,2026-04-15,7.34
T03907-1,T03907,1,首次受理,2026-04-15,10.53
T03907-2,T03907,2,补充沟通,2026-04-15,7.98
T03907-3,T03907,3,补充沟通,2026-04-15,18.12
T03908-1,T03908,1,首次受理,2026-04-15,8.05
T03909-1,T03909,1,首次受理,2026-04-15,8.28
T03910-1,T03910,1,首次受理,2026-04-15,7.92
T03911-1,T03911,1,首次受理,2026-04-15,9.65
T03912-1,T03912,1,首次受理,2026-04-15,8.16
T03913-1,T03913,1,首次受理,2026-04-15,4.56
T03913-2,T03913,2,补充沟通,2026-04-15,10.22
T03914-1,T03914,1,首次受理,2026-04-15,15.3
T03914-2,T03914,2,补充沟通,2026-04-15,12.81
T03914-3,T03914,3,补充沟通,2026-04-15,9.35
T03915-1,T03915,1,首次受理,2026-04-15,6.86
T03916-1,T03916,1,首次受理,2026-04-15,6.52
T03916-2,T03916,2,补充沟通,2026-04-15,9.79
T03917-1,T03917,1,首次受理,2026-04-15,9.06
T03918-1,T03918,1,首次受理,2026-04-15,5.48
T03918-2,T03918,2,补充沟通,2026-04-15,9.72
T03919-1,T03919,1,首次受理,2026-04-15,6.54
T03919-2,T03919,2,补充沟通,2026-04-15,6.97
T03920-1,T03920,1,首次受理,2026-04-15,6.71
T03921-1,T03921,1,首次受理,2026-04-15,12.68
T03921-2,T03921,2,补充沟通,2026-04-15,4.82
T03921-3,T03921,3,补充沟通,2026-04-15,4.82
T03922-1,T03922,1,首次受理,2026-04-15,10.12
T03923-1,T03923,1,首次受理,2026-04-15,18.87
T03923-2,T03923,2,补充沟通,2026-04-15,8.34
T03924-1,T03924,1,首次受理,2026-04-15,6.2
T03925-1,T03925,1,首次受理,2026-04-15,8.74
T03926-1,T03926,1,首次受理,2026-04-15,11.37
T03926-2,T03926,2,补充沟通,2026-04-15,6.59
T03927-1,T03927,1,首次受理,2026-04-15,3.61
T03927-2,T03927,2,补充沟通,2026-04-15,5.63
T03928-1,T03928,1,首次受理,2026-04-15,7.51
T03928-2,T03928,2,补充沟通,2026-04-15,6.97
T03929-1,T03929,1,首次受理,2026-04-15,14.33
T03929-2,T03929,2,补充沟通,2026-04-15,9.77
T03929-3,T03929,3,补充沟通,2026-04-15,13.42
T03930-1,T03930,1,首次受理,2026-04-15,4.21
T03931-1,T03931,1,首次受理,2026-04-15,8.05
T03931-2,T03931,2,补充沟通,2026-04-15,10.21
T03931-3,T03931,3,补充沟通,2026-04-15,5.37
T03932-1,T03932,1,首次受理,2026-04-15,11.03
T03932-2,T03932,2,补充沟通,2026-04-15,16.61
T03932-3,T03932,3,补充沟通,2026-04-15,10.88
T03933-1,T03933,1,首次受理,2026-04-15,14.29
T03933-2,T03933,2,补充沟通,2026-04-15,8.37
T03933-3,T03933,3,补充沟通,2026-04-15,7.78
T03934-1,T03934,1,首次受理,2026-04-15,7.54
T03934-2,T03934,2,补充沟通,2026-04-15,2.32
T03935-1,T03935,1,首次受理,2026-04-15,6.82
T03936-1,T03936,1,首次受理,2026-04-15,10.39
T03937-1,T03937,1,首次受理,2026-04-15,8.69
T03938-1,T03938,1,首次受理,2026-04-15,18.05
T03938-2,T03938,2,补充沟通,2026-04-15,5.28
T03938-3,T03938,3,补充沟通,2026-04-15,15.36
T03939-1,T03939,1,首次受理,2026-04-15,4.69
T03940-1,T03940,1,首次受理,2026-04-15,13.43
T03940-2,T03940,2,补充沟通,2026-04-15,5.53
T03941-1,T03941,1,首次受理,2026-04-15,4.2
T03941-2,T03941,2,补充沟通,2026-04-15,8.24
T03942-1,T03942,1,首次受理,2026-04-15,9.67
T03942-2,T03942,2,补充沟通,2026-04-15,6.56
T03943-1,T03943,1,首次受理,2026-04-15,4.99
T03943-2,T03943,2,补充沟通,2026-04-15,10.18
T03944-1,T03944,1,首次受理,2026-04-15,10.77
T03945-1,T03945,1,首次受理,2026-04-15,7.57
T03945-2,T03945,2,补充沟通,2026-04-15,3.86
T03945-3,T03945,3,补充沟通,2026-04-15,8.16
T03946-1,T03946,1,首次受理,2026-04-15,19.02
T03946-2,T03946,2,补充沟通,2026-04-15,14.49
T03947-1,T03947,1,首次受理,2026-04-15,8.05
T03947-2,T03947,2,补充沟通,2026-04-15,18.28
T03948-1,T03948,1,首次受理,2026-04-15,18.01
T03948-2,T03948,2,补充沟通,2026-04-15,10.3
T03948-3,T03948,3,补充沟通,2026-04-15,12.7
T03949-1,T03949,1,首次受理,2026-04-15,10.13
T03949-2,T03949,2,补充沟通,2026-04-15,3.52
T03950-1,T03950,1,首次受理,2026-04-15,5.59
T03950-2,T03950,2,补充沟通,2026-04-15,13.65
T03950-3,T03950,3,补充沟通,2026-04-15,10.33
T03951-1,T03951,1,首次受理,2026-04-15,3.94
T03951-2,T03951,2,补充沟通,2026-04-15,10.99
T03952-1,T03952,1,首次受理,2026-04-15,5.31
T03953-1,T03953,1,首次受理,2026-04-15,17.09
T03953-2,T03953,2,补充沟通,2026-04-15,19.61
T03953-3,T03953,3,补充沟通,2026-04-15,19.2
T03954-1,T03954,1,首次受理,2026-04-15,17.47
T03954-2,T03954,2,补充沟通,2026-04-15,15.52
T03955-1,T03955,1,首次受理,2026-04-15,9.8
T03956-1,T03956,1,首次受理,2026-04-15,8.86
T03957-1,T03957,1,首次受理,2026-04-15,7.97
T03958-1,T03958,1,首次受理,2026-04-15,4.04
T03958-2,T03958,2,补充沟通,2026-04-15,4.3
T03959-1,T03959,1,首次受理,2026-04-15,7.06
T03960-1,T03960,1,首次受理,2026-04-15,7.5
T03960-2,T03960,2,补充沟通,2026-04-15,10.04
T03961-1,T03961,1,首次受理,2026-04-16,18.29
T03961-2,T03961,2,补充沟通,2026-04-16,12.24
T03962-1,T03962,1,首次受理,2026-04-16,5.81
T03962-2,T03962,2,补充沟通,2026-04-16,17.7
T03963-1,T03963,1,首次受理,2026-04-16,9.07
T03963-2,T03963,2,补充沟通,2026-04-16,6.0
T03964-1,T03964,1,首次受理,2026-04-16,11.98
T03964-2,T03964,2,补充沟通,2026-04-16,19.72
T03965-1,T03965,1,首次受理,2026-04-16,5.61
T03966-1,T03966,1,首次受理,2026-04-16,9.22
T03967-1,T03967,1,首次受理,2026-04-16,19.47
T03967-2,T03967,2,补充沟通,2026-04-16,11.73
T03968-1,T03968,1,首次受理,2026-04-16,5.06
T03968-2,T03968,2,补充沟通,2026-04-16,7.04
T03969-1,T03969,1,首次受理,2026-04-16,8.27
T03969-2,T03969,2,补充沟通,2026-04-16,9.88
T03969-3,T03969,3,补充沟通,2026-04-16,15.43
T03970-1,T03970,1,首次受理,2026-04-16,6.12
T03970-2,T03970,2,补充沟通,2026-04-16,8.03
T03970-3,T03970,3,补充沟通,2026-04-16,4.23
T03971-1,T03971,1,首次受理,2026-04-16,15.43
T03971-2,T03971,2,补充沟通,2026-04-16,15.15
T03971-3,T03971,3,补充沟通,2026-04-16,15.69
T03972-1,T03972,1,首次受理,2026-04-16,12.63
T03972-2,T03972,2,补充沟通,2026-04-16,11.07
T03972-3,T03972,3,补充沟通,2026-04-16,10.13
T03972-4,T03972,4,补充沟通,2026-04-16,16.71
T03973-1,T03973,1,首次受理,2026-04-16,9.96
T03974-1,T03974,1,首次受理,2026-04-16,10.06
T03974-2,T03974,2,补充沟通,2026-04-16,4.35
T03975-1,T03975,1,首次受理,2026-04-16,4.9
T03976-1,T03976,1,首次受理,2026-04-16,10.58
T03976-2,T03976,2,补充沟通,2026-04-16,18.71
T03976-3,T03976,3,补充沟通,2026-04-16,5.28
T03977-1,T03977,1,首次受理,2026-04-16,13.25
T03977-2,T03977,2,补充沟通,2026-04-16,12.38
T03977-3,T03977,3,补充沟通,2026-04-16,15.7
T03978-1,T03978,1,首次受理,2026-04-16,10.91
T03979-1,T03979,1,首次受理,2026-04-16,9.66
T03979-2,T03979,2,补充沟通,2026-04-16,19.41
T03980-1,T03980,1,首次受理,2026-04-16,5.28
T03980-2,T03980,2,补充沟通,2026-04-16,14.01
T03981-1,T03981,1,首次受理,2026-04-16,5.73
T03981-2,T03981,2,补充沟通,2026-04-16,17.52
T03981-3,T03981,3,补充沟通,2026-04-16,3.98
T03981-4,T03981,4,补充沟通,2026-04-16,4.28
T03982-1,T03982,1,首次受理,2026-04-16,18.38
T03982-2,T03982,2,补充沟通,2026-04-16,14.15
T03982-3,T03982,3,补充沟通,2026-04-16,11.55
T03983-1,T03983,1,首次受理,2026-04-16,7.73
T03983-2,T03983,2,补充沟通,2026-04-16,6.1
T03983-3,T03983,3,补充沟通,2026-04-16,19.54
T03983-4,T03983,4,补充沟通,2026-04-16,3.75
T03984-1,T03984,1,首次受理,2026-04-16,18.41
T03984-2,T03984,2,补充沟通,2026-04-16,9.47
T03985-1,T03985,1,首次受理,2026-04-16,17.75
T03985-2,T03985,2,补充沟通,2026-04-16,4.23
T03985-3,T03985,3,补充沟通,2026-04-16,19.22
T03986-1,T03986,1,首次受理,2026-04-16,13.28
T03986-2,T03986,2,补充沟通,2026-04-16,16.48
T03987-1,T03987,1,首次受理,2026-04-16,13.87
T03987-2,T03987,2,补充沟通,2026-04-16,8.48
T03987-3,T03987,3,补充沟通,2026-04-16,17.81
T03988-1,T03988,1,首次受理,2026-04-16,8.08
T03988-2,T03988,2,补充沟通,2026-04-16,11.34
T03989-1,T03989,1,首次受理,2026-04-16,7.45
T03989-2,T03989,2,补充沟通,2026-04-16,18.17
T03990-1,T03990,1,首次受理,2026-04-16,16.15
T03990-2,T03990,2,补充沟通,2026-04-16,5.69
T03991-1,T03991,1,首次受理,2026-04-16,5.45
T03992-1,T03992,1,首次受理,2026-04-16,4.69
T03993-1,T03993,1,首次受理,2026-04-16,14.03
T03993-2,T03993,2,补充沟通,2026-04-16,9.35
T03994-1,T03994,1,首次受理,2026-04-16,13.1
T03994-2,T03994,2,补充沟通,2026-04-16,9.02
T03994-3,T03994,3,补充沟通,2026-04-16,18.04
T03995-1,T03995,1,首次受理,2026-04-16,15.93
T03995-2,T03995,2,补充沟通,2026-04-16,14.64
T03996-1,T03996,1,首次受理,2026-04-16,4.32
T03996-2,T03996,2,补充沟通,2026-04-16,13.49
T03997-1,T03997,1,首次受理,2026-04-16,10.21
T03997-2,T03997,2,补充沟通,2026-04-16,7.8
T03998-1,T03998,1,首次受理,2026-04-16,18.66
T03998-2,T03998,2,补充沟通,2026-04-16,8.3
T03998-3,T03998,3,补充沟通,2026-04-16,7.99
T03999-1,T03999,1,首次受理,2026-04-16,16.26
T03999-2,T03999,2,补充沟通,2026-04-16,9.04
T04000-1,T04000,1,首次受理,2026-04-16,14.06
T04000-2,T04000,2,补充沟通,2026-04-16,5.4
T04001-1,T04001,1,首次受理,2026-04-16,7.7
T04002-1,T04002,1,首次受理,2026-04-16,14.96
T04002-2,T04002,2,补充沟通,2026-04-16,17.22
T04002-3,T04002,3,补充沟通,2026-04-16,17.56
T04002-4,T04002,4,补充沟通,2026-04-16,13.45
T04003-1,T04003,1,首次受理,2026-04-16,14.08
T04003-2,T04003,2,补充沟通,2026-04-16,10.02
T04003-3,T04003,3,补充沟通,2026-04-16,9.52
T04004-1,T04004,1,首次受理,2026-04-16,10.4
T04005-1,T04005,1,首次受理,2026-04-16,7.85
T04005-2,T04005,2,补充沟通,2026-04-16,3.5
T04006-1,T04006,1,首次受理,2026-04-16,7.46
T04006-2,T04006,2,补充沟通,2026-04-16,10.51
T04007-1,T04007,1,首次受理,2026-04-16,5.46
T04008-1,T04008,1,首次受理,2026-04-16,4.64
T04008-2,T04008,2,补充沟通,2026-04-16,5.03
T04009-1,T04009,1,首次受理,2026-04-16,10.01
T04010-1,T04010,1,首次受理,2026-04-16,3.63
T04011-1,T04011,1,首次受理,2026-04-16,12.78
T04011-2,T04011,2,补充沟通,2026-04-16,4.51
T04012-1,T04012,1,首次受理,2026-04-16,9.31
T04013-1,T04013,1,首次受理,2026-04-16,9.06
T04013-2,T04013,2,补充沟通,2026-04-16,2.71
T04014-1,T04014,1,首次受理,2026-04-16,16.81
T04014-2,T04014,2,补充沟通,2026-04-16,6.28
T04015-1,T04015,1,首次受理,2026-04-16,6.67
T04016-1,T04016,1,首次受理,2026-04-16,6.64
T04017-1,T04017,1,首次受理,2026-04-16,17.37
T04017-2,T04017,2,补充沟通,2026-04-16,4.24
T04018-1,T04018,1,首次受理,2026-04-16,14.91
T04018-2,T04018,2,补充沟通,2026-04-16,7.58
T04018-3,T04018,3,补充沟通,2026-04-16,10.08
T04019-1,T04019,1,首次受理,2026-04-16,6.56
T04020-1,T04020,1,首次受理,2026-04-16,10.52
T04021-1,T04021,1,首次受理,2026-04-16,4.16
T04022-1,T04022,1,首次受理,2026-04-16,10.42
T04022-2,T04022,2,补充沟通,2026-04-16,9.98
T04022-3,T04022,3,补充沟通,2026-04-16,15.31
T04023-1,T04023,1,首次受理,2026-04-16,6.33
T04023-2,T04023,2,补充沟通,2026-04-16,3.74
T04024-1,T04024,1,首次受理,2026-04-16,8.32
T04025-1,T04025,1,首次受理,2026-04-16,10.93
T04025-2,T04025,2,补充沟通,2026-04-16,10.23
T04026-1,T04026,1,首次受理,2026-04-16,17.53
T04026-2,T04026,2,补充沟通,2026-04-16,15.82
T04027-1,T04027,1,首次受理,2026-04-16,8.72
T04027-2,T04027,2,补充沟通,2026-04-16,13.5
T04027-3,T04027,3,补充沟通,2026-04-16,4.97
T04028-1,T04028,1,首次受理,2026-04-16,6.32
T04028-2,T04028,2,补充沟通,2026-04-16,18.6
T04029-1,T04029,1,首次受理,2026-04-16,9.49
T04030-1,T04030,1,首次受理,2026-04-16,3.11
T04031-1,T04031,1,首次受理,2026-04-16,2.36
T04031-2,T04031,2,补充沟通,2026-04-16,7.31
T04032-1,T04032,1,首次受理,2026-04-16,2.86
T04033-1,T04033,1,首次受理,2026-04-16,18.35
T04033-2,T04033,2,补充沟通,2026-04-16,13.08
T04033-3,T04033,3,补充沟通,2026-04-16,16.43
T04034-1,T04034,1,首次受理,2026-04-16,19.26
T04034-2,T04034,2,补充沟通,2026-04-16,5.58
T04034-3,T04034,3,补充沟通,2026-04-16,5.99
T04035-1,T04035,1,首次受理,2026-04-16,4.88
T04036-1,T04036,1,首次受理,2026-04-16,13.14
T04036-2,T04036,2,补充沟通,2026-04-16,7.65
T04037-1,T04037,1,首次受理,2026-04-16,9.48
T04037-2,T04037,2,补充沟通,2026-04-16,15.62
T04037-3,T04037,3,补充沟通,2026-04-16,14.98
T04038-1,T04038,1,首次受理,2026-04-16,4.54
T04039-1,T04039,1,首次受理,2026-04-16,8.16
T04040-1,T04040,1,首次受理,2026-04-16,5.35
T04041-1,T04041,1,首次受理,2026-04-16,17.42
T04041-2,T04041,2,补充沟通,2026-04-16,18.39
T04042-1,T04042,1,首次受理,2026-04-16,11.17
T04042-2,T04042,2,补充沟通,2026-04-16,15.05
T04042-3,T04042,3,补充沟通,2026-04-16,5.34
T04043-1,T04043,1,首次受理,2026-04-16,7.82
T04044-1,T04044,1,首次受理,2026-04-16,8.91
T04045-1,T04045,1,首次受理,2026-04-16,8.44
T04045-2,T04045,2,补充沟通,2026-04-16,7.23
T04046-1,T04046,1,首次受理,2026-04-16,5.64
T04046-2,T04046,2,补充沟通,2026-04-16,4.32
T04047-1,T04047,1,首次受理,2026-04-16,9.76
T04048-1,T04048,1,首次受理,2026-04-16,10.34
T04049-1,T04049,1,首次受理,2026-04-16,7.96
T04049-2,T04049,2,补充沟通,2026-04-16,10.1
T04050-1,T04050,1,首次受理,2026-04-16,9.61
T04050-2,T04050,2,补充沟通,2026-04-16,3.63
T04051-1,T04051,1,首次受理,2026-04-16,11.82
T04051-2,T04051,2,补充沟通,2026-04-16,7.14
T04052-1,T04052,1,首次受理,2026-04-16,2.18
T04053-1,T04053,1,首次受理,2026-04-16,6.55
T04053-2,T04053,2,补充沟通,2026-04-16,5.1
T04054-1,T04054,1,首次受理,2026-04-16,3.02
T04055-1,T04055,1,首次受理,2026-04-16,10.32
T04056-1,T04056,1,首次受理,2026-04-16,3.86
T04056-2,T04056,2,补充沟通,2026-04-16,6.84
T04057-1,T04057,1,首次受理,2026-04-16,8.17
T04057-2,T04057,2,补充沟通,2026-04-16,13.89
T04057-3,T04057,3,补充沟通,2026-04-16,13.04
T04058-1,T04058,1,首次受理,2026-04-16,5.5
T04058-2,T04058,2,补充沟通,2026-04-16,14.47
T04058-3,T04058,3,补充沟通,2026-04-16,18.19
T04059-1,T04059,1,首次受理,2026-04-16,9.63
T04059-2,T04059,2,补充沟通,2026-04-16,8.34
T04060-1,T04060,1,首次受理,2026-04-16,3.82
T04061-1,T04061,1,首次受理,2026-04-16,14.87
T04061-2,T04061,2,补充沟通,2026-04-16,7.33
T04061-3,T04061,3,补充沟通,2026-04-16,10.27
T04062-1,T04062,1,首次受理,2026-04-16,6.21
T04062-2,T04062,2,补充沟通,2026-04-16,17.69
T04063-1,T04063,1,首次受理,2026-04-16,7.83
T04064-1,T04064,1,首次受理,2026-04-16,9.32
T04064-2,T04064,2,补充沟通,2026-04-16,8.46
T04065-1,T04065,1,首次受理,2026-04-16,4.08
T04066-1,T04066,1,首次受理,2026-04-16,6.54
T04067-1,T04067,1,首次受理,2026-04-16,6.11
T04068-1,T04068,1,首次受理,2026-04-16,5.68
T04068-2,T04068,2,补充沟通,2026-04-16,16.47
T04069-1,T04069,1,首次受理,2026-04-16,3.63
T04069-2,T04069,2,补充沟通,2026-04-16,10.32
T04070-1,T04070,1,首次受理,2026-04-16,18.48
T04070-2,T04070,2,补充沟通,2026-04-16,14.45
T04070-3,T04070,3,补充沟通,2026-04-16,10.32
T04071-1,T04071,1,首次受理,2026-04-16,7.28
T04071-2,T04071,2,补充沟通,2026-04-16,15.0
T04072-1,T04072,1,首次受理,2026-04-16,10.68
T04072-2,T04072,2,补充沟通,2026-04-16,12.74
T04072-3,T04072,3,补充沟通,2026-04-16,9.23
T04073-1,T04073,1,首次受理,2026-04-16,12.75
T04073-2,T04073,2,补充沟通,2026-04-16,17.27
T04073-3,T04073,3,补充沟通,2026-04-16,18.67
T04074-1,T04074,1,首次受理,2026-04-16,2.9
T04075-1,T04075,1,首次受理,2026-04-16,15.26
T04075-2,T04075,2,补充沟通,2026-04-16,11.52
T04076-1,T04076,1,首次受理,2026-04-16,11.85
T04076-2,T04076,2,补充沟通,2026-04-16,8.81
T04076-3,T04076,3,补充沟通,2026-04-16,10.62
T04077-1,T04077,1,首次受理,2026-04-16,16.91
T04077-2,T04077,2,补充沟通,2026-04-16,18.96
T04078-1,T04078,1,首次受理,2026-04-16,9.24
T04078-2,T04078,2,补充沟通,2026-04-16,4.32
T04079-1,T04079,1,首次受理,2026-04-16,4.98
T04079-2,T04079,2,补充沟通,2026-04-16,8.13
T04080-1,T04080,1,首次受理,2026-04-16,14.57
T04080-2,T04080,2,补充沟通,2026-04-16,4.99
T04080-3,T04080,3,补充沟通,2026-04-16,18.69
T04081-1,T04081,1,首次受理,2026-04-17,8.34
T04082-1,T04082,1,首次受理,2026-04-17,18.57
T04082-2,T04082,2,补充沟通,2026-04-17,7.02
T04083-1,T04083,1,首次受理,2026-04-17,7.96
T04083-2,T04083,2,补充沟通,2026-04-17,15.71
T04084-1,T04084,1,首次受理,2026-04-17,17.83
T04084-2,T04084,2,补充沟通,2026-04-17,11.83
T04085-1,T04085,1,首次受理,2026-04-17,17.71
T04085-2,T04085,2,补充沟通,2026-04-17,9.0
T04085-3,T04085,3,补充沟通,2026-04-17,4.97
T04086-1,T04086,1,首次受理,2026-04-17,10.95
T04086-2,T04086,2,补充沟通,2026-04-17,10.28
T04087-1,T04087,1,首次受理,2026-04-17,12.32
T04087-2,T04087,2,补充沟通,2026-04-17,19.35
T04087-3,T04087,3,补充沟通,2026-04-17,4.9
T04087-4,T04087,4,补充沟通,2026-04-17,17.38
T04088-1,T04088,1,首次受理,2026-04-17,8.53
T04089-1,T04089,1,首次受理,2026-04-17,10.63
T04089-2,T04089,2,补充沟通,2026-04-17,18.78
T04090-1,T04090,1,首次受理,2026-04-17,11.76
T04090-2,T04090,2,补充沟通,2026-04-17,13.66
T04090-3,T04090,3,补充沟通,2026-04-17,9.05
T04091-1,T04091,1,首次受理,2026-04-17,5.25
T04091-2,T04091,2,补充沟通,2026-04-17,2.51
T04092-1,T04092,1,首次受理,2026-04-17,12.55
T04092-2,T04092,2,补充沟通,2026-04-17,10.67
T04093-1,T04093,1,首次受理,2026-04-17,6.05
T04093-2,T04093,2,补充沟通,2026-04-17,6.13
T04094-1,T04094,1,首次受理,2026-04-17,14.65
T04094-2,T04094,2,补充沟通,2026-04-17,11.55
T04095-1,T04095,1,首次受理,2026-04-17,8.67
T04095-2,T04095,2,补充沟通,2026-04-17,13.25
T04096-1,T04096,1,首次受理,2026-04-17,9.06
T04096-2,T04096,2,补充沟通,2026-04-17,8.17
T04096-3,T04096,3,补充沟通,2026-04-17,14.47
T04097-1,T04097,1,首次受理,2026-04-17,7.57
T04098-1,T04098,1,首次受理,2026-04-17,19.38
T04098-2,T04098,2,补充沟通,2026-04-17,11.24
T04098-3,T04098,3,补充沟通,2026-04-17,4.65
T04099-1,T04099,1,首次受理,2026-04-17,13.3
T04099-2,T04099,2,补充沟通,2026-04-17,8.51
T04099-3,T04099,3,补充沟通,2026-04-17,4.62
T04100-1,T04100,1,首次受理,2026-04-17,16.35
T04100-2,T04100,2,补充沟通,2026-04-17,6.32
T04101-1,T04101,1,首次受理,2026-04-17,3.91
T04101-2,T04101,2,补充沟通,2026-04-17,9.15
T04102-1,T04102,1,首次受理,2026-04-17,16.67
T04102-2,T04102,2,补充沟通,2026-04-17,19.66
T04102-3,T04102,3,补充沟通,2026-04-17,11.65
T04103-1,T04103,1,首次受理,2026-04-17,14.72
T04103-2,T04103,2,补充沟通,2026-04-17,15.05
T04103-3,T04103,3,补充沟通,2026-04-17,8.7
T04104-1,T04104,1,首次受理,2026-04-17,4.62
T04104-2,T04104,2,补充沟通,2026-04-17,4.36
T04105-1,T04105,1,首次受理,2026-04-17,7.7
T04105-2,T04105,2,补充沟通,2026-04-17,8.84
T04106-1,T04106,1,首次受理,2026-04-17,5.47
T04107-1,T04107,1,首次受理,2026-04-17,2.85
T04107-2,T04107,2,补充沟通,2026-04-17,9.09
T04108-1,T04108,1,首次受理,2026-04-17,4.65
T04108-2,T04108,2,补充沟通,2026-04-17,5.93
T04109-1,T04109,1,首次受理,2026-04-17,11.96
T04109-2,T04109,2,补充沟通,2026-04-17,6.07
T04109-3,T04109,3,补充沟通,2026-04-17,8.2
T04110-1,T04110,1,首次受理,2026-04-17,3.97
T04111-1,T04111,1,首次受理,2026-04-17,6.81
T04111-2,T04111,2,补充沟通,2026-04-17,11.62
T04112-1,T04112,1,首次受理,2026-04-17,17.41
T04112-2,T04112,2,补充沟通,2026-04-17,19.41
T04113-1,T04113,1,首次受理,2026-04-17,4.46
T04113-2,T04113,2,补充沟通,2026-04-17,18.03
T04114-1,T04114,1,首次受理,2026-04-17,9.06
T04115-1,T04115,1,首次受理,2026-04-17,3.69
T04115-2,T04115,2,补充沟通,2026-04-17,13.22
T04116-1,T04116,1,首次受理,2026-04-17,5.07
T04117-1,T04117,1,首次受理,2026-04-17,17.99
T04117-2,T04117,2,补充沟通,2026-04-17,15.16
T04117-3,T04117,3,补充沟通,2026-04-17,5.7
T04118-1,T04118,1,首次受理,2026-04-17,7.97
T04118-2,T04118,2,补充沟通,2026-04-17,14.94
T04118-3,T04118,3,补充沟通,2026-04-17,10.87
T04119-1,T04119,1,首次受理,2026-04-17,5.61
T04119-2,T04119,2,补充沟通,2026-04-17,3.94
T04120-1,T04120,1,首次受理,2026-04-17,13.13
T04120-2,T04120,2,补充沟通,2026-04-17,7.87
T04121-1,T04121,1,首次受理,2026-04-17,4.82
T04122-1,T04122,1,首次受理,2026-04-17,16.67
T04122-2,T04122,2,补充沟通,2026-04-17,11.14
T04123-1,T04123,1,首次受理,2026-04-17,7.38
T04124-1,T04124,1,首次受理,2026-04-17,10.06
T04125-1,T04125,1,首次受理,2026-04-17,3.4
T04126-1,T04126,1,首次受理,2026-04-17,6.41
T04126-2,T04126,2,补充沟通,2026-04-17,5.12
T04127-1,T04127,1,首次受理,2026-04-17,10.81
T04128-1,T04128,1,首次受理,2026-04-17,10.67
T04129-1,T04129,1,首次受理,2026-04-17,10.09
T04130-1,T04130,1,首次受理,2026-04-17,5.52
T04131-1,T04131,1,首次受理,2026-04-17,10.93
T04131-2,T04131,2,补充沟通,2026-04-17,9.9
T04131-3,T04131,3,补充沟通,2026-04-17,7.34
T04132-1,T04132,1,首次受理,2026-04-17,3.57
T04133-1,T04133,1,首次受理,2026-04-17,7.06
T04133-2,T04133,2,补充沟通,2026-04-17,4.61
T04134-1,T04134,1,首次受理,2026-04-17,10.92
T04134-2,T04134,2,补充沟通,2026-04-17,2.33
T04135-1,T04135,1,首次受理,2026-04-17,5.08
T04136-1,T04136,1,首次受理,2026-04-17,5.75
T04137-1,T04137,1,首次受理,2026-04-17,10.83
T04138-1,T04138,1,首次受理,2026-04-17,11.31
T04138-2,T04138,2,补充沟通,2026-04-17,16.39
T04138-3,T04138,3,补充沟通,2026-04-17,18.36
T04139-1,T04139,1,首次受理,2026-04-17,2.15
T04140-1,T04140,1,首次受理,2026-04-17,6.05
T04141-1,T04141,1,首次受理,2026-04-17,3.74
T04142-1,T04142,1,首次受理,2026-04-17,5.02
T04143-1,T04143,1,首次受理,2026-04-17,5.13
T04144-1,T04144,1,首次受理,2026-04-17,2.04
T04145-1,T04145,1,首次受理,2026-04-17,6.64
T04146-1,T04146,1,首次受理,2026-04-17,13.31
T04146-2,T04146,2,补充沟通,2026-04-17,4.6
T04146-3,T04146,3,补充沟通,2026-04-17,16.04
T04147-1,T04147,1,首次受理,2026-04-17,7.03
T04147-2,T04147,2,补充沟通,2026-04-17,2.77
T04148-1,T04148,1,首次受理,2026-04-17,9.44
T04149-1,T04149,1,首次受理,2026-04-17,10.75
T04149-2,T04149,2,补充沟通,2026-04-17,19.7
T04150-1,T04150,1,首次受理,2026-04-17,9.49
T04151-1,T04151,1,首次受理,2026-04-17,5.09
T04152-1,T04152,1,首次受理,2026-04-17,4.74
T04152-2,T04152,2,补充沟通,2026-04-17,5.07
T04153-1,T04153,1,首次受理,2026-04-17,10.13
T04154-1,T04154,1,首次受理,2026-04-17,7.73
T04154-2,T04154,2,补充沟通,2026-04-17,10.28
T04155-1,T04155,1,首次受理,2026-04-17,10.72
T04155-2,T04155,2,补充沟通,2026-04-17,2.69
T04156-1,T04156,1,首次受理,2026-04-17,10.02
T04157-1,T04157,1,首次受理,2026-04-17,3.96
T04158-1,T04158,1,首次受理,2026-04-17,9.76
T04158-2,T04158,2,补充沟通,2026-04-17,10.45
T04159-1,T04159,1,首次受理,2026-04-17,15.42
T04159-2,T04159,2,补充沟通,2026-04-17,10.11
T04159-3,T04159,3,补充沟通,2026-04-17,19.21
T04160-1,T04160,1,首次受理,2026-04-17,5.4
T04160-2,T04160,2,补充沟通,2026-04-17,6.59
T04161-1,T04161,1,首次受理,2026-04-17,7.74
T04162-1,T04162,1,首次受理,2026-04-17,7.28
T04162-2,T04162,2,补充沟通,2026-04-17,5.21
T04163-1,T04163,1,首次受理,2026-04-17,12.75
T04163-2,T04163,2,补充沟通,2026-04-17,9.57
T04164-1,T04164,1,首次受理,2026-04-17,7.94
T04164-2,T04164,2,补充沟通,2026-04-17,11.08
T04164-3,T04164,3,补充沟通,2026-04-17,11.42
T04165-1,T04165,1,首次受理,2026-04-17,6.9
T04165-2,T04165,2,补充沟通,2026-04-17,7.44
T04166-1,T04166,1,首次受理,2026-04-17,6.33
T04167-1,T04167,1,首次受理,2026-04-17,7.64
T04168-1,T04168,1,首次受理,2026-04-17,2.25
T04169-1,T04169,1,首次受理,2026-04-17,8.55
T04169-2,T04169,2,补充沟通,2026-04-17,11.67
T04169-3,T04169,3,补充沟通,2026-04-17,6.35
T04170-1,T04170,1,首次受理,2026-04-17,2.56
T04171-1,T04171,1,首次受理,2026-04-17,2.56
T04172-1,T04172,1,首次受理,2026-04-17,3.9
T04173-1,T04173,1,首次受理,2026-04-17,10.09
T04173-2,T04173,2,补充沟通,2026-04-17,8.02
T04174-1,T04174,1,首次受理,2026-04-17,3.07
T04175-1,T04175,1,首次受理,2026-04-17,5.4
T04175-2,T04175,2,补充沟通,2026-04-17,15.74
T04175-3,T04175,3,补充沟通,2026-04-17,11.03
T04176-1,T04176,1,首次受理,2026-04-17,3.1
T04177-1,T04177,1,首次受理,2026-04-17,5.33
T04177-2,T04177,2,补充沟通,2026-04-17,8.71
T04178-1,T04178,1,首次受理,2026-04-17,9.71
T04178-2,T04178,2,补充沟通,2026-04-17,14.22
T04179-1,T04179,1,首次受理,2026-04-17,13.28
T04179-2,T04179,2,补充沟通,2026-04-17,14.43
T04179-3,T04179,3,补充沟通,2026-04-17,10.37
T04180-1,T04180,1,首次受理,2026-04-17,4.74
T04180-2,T04180,2,补充沟通,2026-04-17,14.48
T04180-3,T04180,3,补充沟通,2026-04-17,12.82
T04181-1,T04181,1,首次受理,2026-04-17,3.08
T04182-1,T04182,1,首次受理,2026-04-17,5.89
T04183-1,T04183,1,首次受理,2026-04-17,2.11
T04184-1,T04184,1,首次受理,2026-04-17,5.65
T04184-2,T04184,2,补充沟通,2026-04-17,17.76
T04185-1,T04185,1,首次受理,2026-04-17,18.4
T04185-2,T04185,2,补充沟通,2026-04-17,3.93
T04185-3,T04185,3,补充沟通,2026-04-17,16.97
T04186-1,T04186,1,首次受理,2026-04-17,18.27
T04186-2,T04186,2,补充沟通,2026-04-17,18.73
T04187-1,T04187,1,首次受理,2026-04-17,5.6
T04188-1,T04188,1,首次受理,2026-04-17,4.05
T04188-2,T04188,2,补充沟通,2026-04-17,2.1
T04188-3,T04188,3,补充沟通,2026-04-17,4.08
T04189-1,T04189,1,首次受理,2026-04-17,9.3
T04190-1,T04190,1,首次受理,2026-04-17,9.78
T04190-2,T04190,2,补充沟通,2026-04-17,8.38
T04191-1,T04191,1,首次受理,2026-04-17,6.69
T04192-1,T04192,1,首次受理,2026-04-17,12.78
T04192-2,T04192,2,补充沟通,2026-04-17,18.45
T04192-3,T04192,3,补充沟通,2026-04-17,12.8
T04193-1,T04193,1,首次受理,2026-04-17,19.49
T04193-2,T04193,2,补充沟通,2026-04-17,18.36
T04193-3,T04193,3,补充沟通,2026-04-17,15.75
T04194-1,T04194,1,首次受理,2026-04-17,16.56
T04194-2,T04194,2,补充沟通,2026-04-17,18.46
T04194-3,T04194,3,补充沟通,2026-04-17,16.17
T04195-1,T04195,1,首次受理,2026-04-17,3.53
T04196-1,T04196,1,首次受理,2026-04-17,6.59
T04197-1,T04197,1,首次受理,2026-04-17,8.55
T04197-2,T04197,2,补充沟通,2026-04-17,19.06
T04198-1,T04198,1,首次受理,2026-04-17,13.62
T04198-2,T04198,2,补充沟通,2026-04-17,14.55
T04199-1,T04199,1,首次受理,2026-04-17,3.58
T04200-1,T04200,1,首次受理,2026-04-17,6.7
T04201-1,T04201,1,首次受理,2026-04-20,2.23
T04202-1,T04202,1,首次受理,2026-04-20,5.03
T04202-2,T04202,2,补充沟通,2026-04-20,15.67
T04202-3,T04202,3,补充沟通,2026-04-20,16.46
T04203-1,T04203,1,首次受理,2026-04-20,2.84
T04204-1,T04204,1,首次受理,2026-04-20,10.3
T04204-2,T04204,2,补充沟通,2026-04-20,13.44
T04205-1,T04205,1,首次受理,2026-04-20,12.14
T04205-2,T04205,2,补充沟通,2026-04-20,5.63
T04206-1,T04206,1,首次受理,2026-04-20,13.56
T04206-2,T04206,2,补充沟通,2026-04-20,17.43
T04206-3,T04206,3,补充沟通,2026-04-20,19.47
T04207-1,T04207,1,首次受理,2026-04-20,7.16
T04207-2,T04207,2,补充沟通,2026-04-20,17.37
T04207-3,T04207,3,补充沟通,2026-04-20,6.8
T04208-1,T04208,1,首次受理,2026-04-20,8.33
T04209-1,T04209,1,首次受理,2026-04-20,2.94
T04210-1,T04210,1,首次受理,2026-04-20,2.97
T04211-1,T04211,1,首次受理,2026-04-20,8.65
T04212-1,T04212,1,首次受理,2026-04-20,9.24
T04212-2,T04212,2,补充沟通,2026-04-20,8.57
T04213-1,T04213,1,首次受理,2026-04-20,8.1
T04213-2,T04213,2,补充沟通,2026-04-20,13.95
T04213-3,T04213,3,补充沟通,2026-04-20,11.21
T04214-1,T04214,1,首次受理,2026-04-20,7.7
T04215-1,T04215,1,首次受理,2026-04-20,5.76
T04215-2,T04215,2,补充沟通,2026-04-20,17.56
T04215-3,T04215,3,补充沟通,2026-04-20,13.55
T04216-1,T04216,1,首次受理,2026-04-20,7.89
T04216-2,T04216,2,补充沟通,2026-04-20,8.03
T04217-1,T04217,1,首次受理,2026-04-20,11.86
T04217-2,T04217,2,补充沟通,2026-04-20,8.87
T04218-1,T04218,1,首次受理,2026-04-20,7.97
T04218-2,T04218,2,补充沟通,2026-04-20,4.55
T04219-1,T04219,1,首次受理,2026-04-20,19.16
T04219-2,T04219,2,补充沟通,2026-04-20,9.31
T04220-1,T04220,1,首次受理,2026-04-20,8.18
T04220-2,T04220,2,补充沟通,2026-04-20,15.19
T04221-1,T04221,1,首次受理,2026-04-20,9.15
T04221-2,T04221,2,补充沟通,2026-04-20,14.44
T04222-1,T04222,1,首次受理,2026-04-20,15.76
T04222-2,T04222,2,补充沟通,2026-04-20,12.73
T04223-1,T04223,1,首次受理,2026-04-20,12.54
T04223-2,T04223,2,补充沟通,2026-04-20,8.93
T04224-1,T04224,1,首次受理,2026-04-20,2.4
T04225-1,T04225,1,首次受理,2026-04-20,5.81
T04225-2,T04225,2,补充沟通,2026-04-20,6.65
T04225-3,T04225,3,补充沟通,2026-04-20,10.01
T04226-1,T04226,1,首次受理,2026-04-20,13.18
T04226-2,T04226,2,补充沟通,2026-04-20,7.0
T04227-1,T04227,1,首次受理,2026-04-20,8.86
T04227-2,T04227,2,补充沟通,2026-04-20,13.61
T04227-3,T04227,3,补充沟通,2026-04-20,11.85
T04228-1,T04228,1,首次受理,2026-04-20,11.39
T04228-2,T04228,2,补充沟通,2026-04-20,7.45
T04228-3,T04228,3,补充沟通,2026-04-20,19.43
T04228-4,T04228,4,补充沟通,2026-04-20,9.22
T04229-1,T04229,1,首次受理,2026-04-20,10.76
T04229-2,T04229,2,补充沟通,2026-04-20,14.82
T04230-1,T04230,1,首次受理,2026-04-20,9.59
T04231-1,T04231,1,首次受理,2026-04-20,12.18
T04231-2,T04231,2,补充沟通,2026-04-20,6.33
T04232-1,T04232,1,首次受理,2026-04-20,7.74
T04232-2,T04232,2,补充沟通,2026-04-20,12.56
T04233-1,T04233,1,首次受理,2026-04-20,13.71
T04233-2,T04233,2,补充沟通,2026-04-20,8.04
T04233-3,T04233,3,补充沟通,2026-04-20,7.29
T04234-1,T04234,1,首次受理,2026-04-20,11.95
T04234-2,T04234,2,补充沟通,2026-04-20,11.5
T04234-3,T04234,3,补充沟通,2026-04-20,15.82
T04235-1,T04235,1,首次受理,2026-04-20,11.72
T04235-2,T04235,2,补充沟通,2026-04-20,8.96
T04236-1,T04236,1,首次受理,2026-04-20,12.93
T04236-2,T04236,2,补充沟通,2026-04-20,15.62
T04236-3,T04236,3,补充沟通,2026-04-20,8.38
T04237-1,T04237,1,首次受理,2026-04-20,10.33
T04237-2,T04237,2,补充沟通,2026-04-20,14.86
T04238-1,T04238,1,首次受理,2026-04-20,8.55
T04238-2,T04238,2,补充沟通,2026-04-20,15.53
T04239-1,T04239,1,首次受理,2026-04-20,5.59
T04240-1,T04240,1,首次受理,2026-04-20,12.92
T04240-2,T04240,2,补充沟通,2026-04-20,16.43
T04241-1,T04241,1,首次受理,2026-04-20,14.72
T04241-2,T04241,2,补充沟通,2026-04-20,10.37
T04241-3,T04241,3,补充沟通,2026-04-20,13.84
T04242-1,T04242,1,首次受理,2026-04-20,12.87
T04242-2,T04242,2,补充沟通,2026-04-20,5.74
T04242-3,T04242,3,补充沟通,2026-04-20,19.78
T04243-1,T04243,1,首次受理,2026-04-20,3.82
T04244-1,T04244,1,首次受理,2026-04-20,8.86
T04245-1,T04245,1,首次受理,2026-04-20,6.31
T04245-2,T04245,2,补充沟通,2026-04-20,17.51
T04246-1,T04246,1,首次受理,2026-04-20,7.2
T04247-1,T04247,1,首次受理,2026-04-20,14.24
T04247-2,T04247,2,补充沟通,2026-04-20,8.32
T04248-1,T04248,1,首次受理,2026-04-20,3.78
T04248-2,T04248,2,补充沟通,2026-04-20,4.71
T04248-3,T04248,3,补充沟通,2026-04-20,7.03
T04249-1,T04249,1,首次受理,2026-04-20,10.23
T04249-2,T04249,2,补充沟通,2026-04-20,11.63
T04249-3,T04249,3,补充沟通,2026-04-20,14.28
T04250-1,T04250,1,首次受理,2026-04-20,9.76
T04250-2,T04250,2,补充沟通,2026-04-20,3.01
T04251-1,T04251,1,首次受理,2026-04-20,2.32
T04252-1,T04252,1,首次受理,2026-04-20,7.6
T04252-2,T04252,2,补充沟通,2026-04-20,12.7
T04253-1,T04253,1,首次受理,2026-04-20,8.84
T04254-1,T04254,1,首次受理,2026-04-20,8.49
T04255-1,T04255,1,首次受理,2026-04-20,4.79
T04256-1,T04256,1,首次受理,2026-04-20,5.65
T04257-1,T04257,1,首次受理,2026-04-20,6.86
T04258-1,T04258,1,首次受理,2026-04-20,8.24
T04258-2,T04258,2,补充沟通,2026-04-20,3.99
T04259-1,T04259,1,首次受理,2026-04-20,14.28
T04259-2,T04259,2,补充沟通,2026-04-20,8.22
T04260-1,T04260,1,首次受理,2026-04-20,9.47
T04261-1,T04261,1,首次受理,2026-04-20,9.41
T04261-2,T04261,2,补充沟通,2026-04-20,5.38
T04262-1,T04262,1,首次受理,2026-04-20,2.6
T04263-1,T04263,1,首次受理,2026-04-20,8.21
T04264-1,T04264,1,首次受理,2026-04-20,5.34
T04264-2,T04264,2,补充沟通,2026-04-20,10.81
T04265-1,T04265,1,首次受理,2026-04-20,5.21
T04265-2,T04265,2,补充沟通,2026-04-20,5.77
T04266-1,T04266,1,首次受理,2026-04-20,6.66
T04267-1,T04267,1,首次受理,2026-04-20,12.24
T04267-2,T04267,2,补充沟通,2026-04-20,11.58
T04267-3,T04267,3,补充沟通,2026-04-20,8.97
T04268-1,T04268,1,首次受理,2026-04-20,3.82
T04268-2,T04268,2,补充沟通,2026-04-20,19.51
T04268-3,T04268,3,补充沟通,2026-04-20,19.68
T04268-4,T04268,4,补充沟通,2026-04-20,11.39
T04269-1,T04269,1,首次受理,2026-04-20,10.69
T04270-1,T04270,1,首次受理,2026-04-20,2.46
T04270-2,T04270,2,补充沟通,2026-04-20,9.95
T04270-3,T04270,3,补充沟通,2026-04-20,4.07
T04271-1,T04271,1,首次受理,2026-04-20,7.5
T04271-2,T04271,2,补充沟通,2026-04-20,12.16
T04272-1,T04272,1,首次受理,2026-04-20,19.58
T04272-2,T04272,2,补充沟通,2026-04-20,4.71
T04273-1,T04273,1,首次受理,2026-04-20,7.77
T04274-1,T04274,1,首次受理,2026-04-20,7.18
T04275-1,T04275,1,首次受理,2026-04-20,6.18
T04276-1,T04276,1,首次受理,2026-04-20,14.02
T04276-2,T04276,2,补充沟通,2026-04-20,13.98
T04276-3,T04276,3,补充沟通,2026-04-20,8.14
T04277-1,T04277,1,首次受理,2026-04-20,4.12
T04278-1,T04278,1,首次受理,2026-04-20,5.15
T04278-2,T04278,2,补充沟通,2026-04-20,5.09
T04279-1,T04279,1,首次受理,2026-04-20,7.29
T04280-1,T04280,1,首次受理,2026-04-20,6.74
T04281-1,T04281,1,首次受理,2026-04-20,14.57
T04281-2,T04281,2,补充沟通,2026-04-20,10.27
T04281-3,T04281,3,补充沟通,2026-04-20,8.2
T04282-1,T04282,1,首次受理,2026-04-20,5.65
T04283-1,T04283,1,首次受理,2026-04-20,9.17
T04283-2,T04283,2,补充沟通,2026-04-20,3.93
T04284-1,T04284,1,首次受理,2026-04-20,4.93
T04285-1,T04285,1,首次受理,2026-04-20,3.88
T04286-1,T04286,1,首次受理,2026-04-20,2.39
T04286-2,T04286,2,补充沟通,2026-04-20,9.32
T04287-1,T04287,1,首次受理,2026-04-20,6.57
T04287-2,T04287,2,补充沟通,2026-04-20,4.57
T04287-3,T04287,3,补充沟通,2026-04-20,6.72
T04288-1,T04288,1,首次受理,2026-04-20,18.46
T04288-2,T04288,2,补充沟通,2026-04-20,19.08
T04289-1,T04289,1,首次受理,2026-04-20,5.9
T04289-2,T04289,2,补充沟通,2026-04-20,6.19
T04290-1,T04290,1,首次受理,2026-04-20,9.73
T04290-2,T04290,2,补充沟通,2026-04-20,5.66
T04291-1,T04291,1,首次受理,2026-04-20,9.17
T04291-2,T04291,2,补充沟通,2026-04-20,10.44
T04292-1,T04292,1,首次受理,2026-04-20,13.75
T04292-2,T04292,2,补充沟通,2026-04-20,10.88
T04293-1,T04293,1,首次受理,2026-04-20,6.4
T04294-1,T04294,1,首次受理,2026-04-20,16.8
T04294-2,T04294,2,补充沟通,2026-04-20,5.02
T04294-3,T04294,3,补充沟通,2026-04-20,13.69
T04295-1,T04295,1,首次受理,2026-04-20,8.33
T04296-1,T04296,1,首次受理,2026-04-20,17.05
T04296-2,T04296,2,补充沟通,2026-04-20,18.97
T04296-3,T04296,3,补充沟通,2026-04-20,11.15
T04297-1,T04297,1,首次受理,2026-04-20,3.13
T04298-1,T04298,1,首次受理,2026-04-20,9.3
T04299-1,T04299,1,首次受理,2026-04-20,14.9
T04299-2,T04299,2,补充沟通,2026-04-20,12.7
T04299-3,T04299,3,补充沟通,2026-04-20,10.46
T04300-1,T04300,1,首次受理,2026-04-20,9.05
T04301-1,T04301,1,首次受理,2026-04-20,5.0
T04302-1,T04302,1,首次受理,2026-04-20,3.44
T04303-1,T04303,1,首次受理,2026-04-20,13.37
T04303-2,T04303,2,补充沟通,2026-04-20,17.66
T04304-1,T04304,1,首次受理,2026-04-20,10.08
T04305-1,T04305,1,首次受理,2026-04-20,7.04
T04306-1,T04306,1,首次受理,2026-04-20,2.82
T04307-1,T04307,1,首次受理,2026-04-20,4.87
T04307-2,T04307,2,补充沟通,2026-04-20,7.0
T04308-1,T04308,1,首次受理,2026-04-20,6.44
T04308-2,T04308,2,补充沟通,2026-04-20,6.79
T04308-3,T04308,3,补充沟通,2026-04-20,19.46
T04309-1,T04309,1,首次受理,2026-04-20,9.77
T04310-1,T04310,1,首次受理,2026-04-20,6.45
T04310-2,T04310,2,补充沟通,2026-04-20,15.25
T04311-1,T04311,1,首次受理,2026-04-20,16.2
T04311-2,T04311,2,补充沟通,2026-04-20,13.4
T04312-1,T04312,1,首次受理,2026-04-20,5.08
T04313-1,T04313,1,首次受理,2026-04-20,2.77
T04314-1,T04314,1,首次受理,2026-04-20,3.04
T04315-1,T04315,1,首次受理,2026-04-20,5.71
T04316-1,T04316,1,首次受理,2026-04-20,8.33
T04316-2,T04316,2,补充沟通,2026-04-20,4.28
T04317-1,T04317,1,首次受理,2026-04-20,8.37
T04317-2,T04317,2,补充沟通,2026-04-20,15.89
T04317-3,T04317,3,补充沟通,2026-04-20,18.83
T04318-1,T04318,1,首次受理,2026-04-20,18.09
T04318-2,T04318,2,补充沟通,2026-04-20,11.13
T04318-3,T04318,3,补充沟通,2026-04-20,13.2
T04319-1,T04319,1,首次受理,2026-04-20,6.49
T04320-1,T04320,1,首次受理,2026-04-20,6.93
T04320-2,T04320,2,补充沟通,2026-04-20,10.03
T04321-1,T04321,1,首次受理,2026-04-21,18.64
T04321-2,T04321,2,补充沟通,2026-04-21,9.54
T04321-3,T04321,3,补充沟通,2026-04-21,15.32
T04322-1,T04322,1,首次受理,2026-04-21,11.47
T04322-2,T04322,2,补充沟通,2026-04-21,4.17
T04322-3,T04322,3,补充沟通,2026-04-21,18.98
T04323-1,T04323,1,首次受理,2026-04-21,14.25
T04323-2,T04323,2,补充沟通,2026-04-21,12.6
T04323-3,T04323,3,补充沟通,2026-04-21,16.99
T04324-1,T04324,1,首次受理,2026-04-21,10.23
T04324-2,T04324,2,补充沟通,2026-04-21,8.51
T04325-1,T04325,1,首次受理,2026-04-21,10.74
T04325-2,T04325,2,补充沟通,2026-04-21,12.42
T04326-1,T04326,1,首次受理,2026-04-21,8.81
T04326-2,T04326,2,补充沟通,2026-04-21,6.43
T04327-1,T04327,1,首次受理,2026-04-21,11.71
T04327-2,T04327,2,补充沟通,2026-04-21,16.95
T04327-3,T04327,3,补充沟通,2026-04-21,4.19
T04328-1,T04328,1,首次受理,2026-04-21,16.79
T04328-2,T04328,2,补充沟通,2026-04-21,11.96
T04329-1,T04329,1,首次受理,2026-04-21,5.47
T04330-1,T04330,1,首次受理,2026-04-21,12.03
T04330-2,T04330,2,补充沟通,2026-04-21,18.19
T04331-1,T04331,1,首次受理,2026-04-21,4.16
T04332-1,T04332,1,首次受理,2026-04-21,8.24
T04332-2,T04332,2,补充沟通,2026-04-21,15.63
T04333-1,T04333,1,首次受理,2026-04-21,9.2
T04333-2,T04333,2,补充沟通,2026-04-21,8.73
T04334-1,T04334,1,首次受理,2026-04-21,6.22
T04334-2,T04334,2,补充沟通,2026-04-21,11.61
T04334-3,T04334,3,补充沟通,2026-04-21,10.45
T04335-1,T04335,1,首次受理,2026-04-21,2.23
T04336-1,T04336,1,首次受理,2026-04-21,7.64
T04336-2,T04336,2,补充沟通,2026-04-21,17.0
T04337-1,T04337,1,首次受理,2026-04-21,16.03
T04337-2,T04337,2,补充沟通,2026-04-21,17.41
T04337-3,T04337,3,补充沟通,2026-04-21,15.17
T04338-1,T04338,1,首次受理,2026-04-21,10.48
T04338-2,T04338,2,补充沟通,2026-04-21,17.26
T04338-3,T04338,3,补充沟通,2026-04-21,8.91
T04339-1,T04339,1,首次受理,2026-04-21,8.8
T04339-2,T04339,2,补充沟通,2026-04-21,8.36
T04339-3,T04339,3,补充沟通,2026-04-21,10.43
T04340-1,T04340,1,首次受理,2026-04-21,18.8
T04340-2,T04340,2,补充沟通,2026-04-21,19.04
T04341-1,T04341,1,首次受理,2026-04-21,13.71
T04341-2,T04341,2,补充沟通,2026-04-21,15.96
T04342-1,T04342,1,首次受理,2026-04-21,9.0
T04342-2,T04342,2,补充沟通,2026-04-21,8.8
T04343-1,T04343,1,首次受理,2026-04-21,16.76
T04343-2,T04343,2,补充沟通,2026-04-21,8.57
T04343-3,T04343,3,补充沟通,2026-04-21,12.93
T04344-1,T04344,1,首次受理,2026-04-21,2.67
T04345-1,T04345,1,首次受理,2026-04-21,9.72
T04345-2,T04345,2,补充沟通,2026-04-21,15.38
T04346-1,T04346,1,首次受理,2026-04-21,8.01
T04346-2,T04346,2,补充沟通,2026-04-21,5.14
T04346-3,T04346,3,补充沟通,2026-04-21,7.61
T04347-1,T04347,1,首次受理,2026-04-21,5.85
T04347-2,T04347,2,补充沟通,2026-04-21,6.35
T04347-3,T04347,3,补充沟通,2026-04-21,3.7
T04348-1,T04348,1,首次受理,2026-04-21,5.9
T04348-2,T04348,2,补充沟通,2026-04-21,10.12
T04348-3,T04348,3,补充沟通,2026-04-21,6.65
T04349-1,T04349,1,首次受理,2026-04-21,8.84
T04350-1,T04350,1,首次受理,2026-04-21,10.62
T04351-1,T04351,1,首次受理,2026-04-21,7.1
T04352-1,T04352,1,首次受理,2026-04-21,8.6
T04352-2,T04352,2,补充沟通,2026-04-21,6.49
T04353-1,T04353,1,首次受理,2026-04-21,7.86
T04353-2,T04353,2,补充沟通,2026-04-21,5.33
T04353-3,T04353,3,补充沟通,2026-04-21,8.49
T04354-1,T04354,1,首次受理,2026-04-21,6.81
T04355-1,T04355,1,首次受理,2026-04-21,4.07
T04355-2,T04355,2,补充沟通,2026-04-21,4.61
T04355-3,T04355,3,补充沟通,2026-04-21,14.69
T04356-1,T04356,1,首次受理,2026-04-21,8.37
T04356-2,T04356,2,补充沟通,2026-04-21,8.8
T04356-3,T04356,3,补充沟通,2026-04-21,13.62
T04357-1,T04357,1,首次受理,2026-04-21,5.67
T04357-2,T04357,2,补充沟通,2026-04-21,13.65
T04358-1,T04358,1,首次受理,2026-04-21,18.09
T04358-2,T04358,2,补充沟通,2026-04-21,15.3
T04358-3,T04358,3,补充沟通,2026-04-21,10.71
T04359-1,T04359,1,首次受理,2026-04-21,15.43
T04359-2,T04359,2,补充沟通,2026-04-21,17.95
T04359-3,T04359,3,补充沟通,2026-04-21,15.95
T04360-1,T04360,1,首次受理,2026-04-21,8.11
T04360-2,T04360,2,补充沟通,2026-04-21,6.83
T04361-1,T04361,1,首次受理,2026-04-21,8.17
T04362-1,T04362,1,首次受理,2026-04-21,13.72
T04362-2,T04362,2,补充沟通,2026-04-21,4.04
T04362-3,T04362,3,补充沟通,2026-04-21,9.85
T04362-4,T04362,4,补充沟通,2026-04-21,4.18
T04363-1,T04363,1,首次受理,2026-04-21,2.6
T04363-2,T04363,2,补充沟通,2026-04-21,8.89
T04364-1,T04364,1,首次受理,2026-04-21,2.44
T04365-1,T04365,1,首次受理,2026-04-21,5.36
T04366-1,T04366,1,首次受理,2026-04-21,7.28
T04367-1,T04367,1,首次受理,2026-04-21,5.57
T04368-1,T04368,1,首次受理,2026-04-21,2.59
T04368-2,T04368,2,补充沟通,2026-04-21,2.34
T04369-1,T04369,1,首次受理,2026-04-21,5.55
T04370-1,T04370,1,首次受理,2026-04-21,6.09
T04371-1,T04371,1,首次受理,2026-04-21,7.18
T04372-1,T04372,1,首次受理,2026-04-21,3.27
T04373-1,T04373,1,首次受理,2026-04-21,7.27
T04373-2,T04373,2,补充沟通,2026-04-21,9.01
T04374-1,T04374,1,首次受理,2026-04-21,4.29
T04375-1,T04375,1,首次受理,2026-04-21,10.67
T04375-2,T04375,2,补充沟通,2026-04-21,3.24
T04375-3,T04375,3,补充沟通,2026-04-21,4.51
T04376-1,T04376,1,首次受理,2026-04-21,7.34
T04376-2,T04376,2,补充沟通,2026-04-21,2.62
T04377-1,T04377,1,首次受理,2026-04-21,10.95
T04378-1,T04378,1,首次受理,2026-04-21,3.52
T04379-1,T04379,1,首次受理,2026-04-21,10.98
T04380-1,T04380,1,首次受理,2026-04-21,4.86
T04381-1,T04381,1,首次受理,2026-04-21,18.42
T04381-2,T04381,2,补充沟通,2026-04-21,14.05
T04382-1,T04382,1,首次受理,2026-04-21,10.65
T04382-2,T04382,2,补充沟通,2026-04-21,19.7
T04383-1,T04383,1,首次受理,2026-04-21,13.03
T04383-2,T04383,2,补充沟通,2026-04-21,17.9
T04384-1,T04384,1,首次受理,2026-04-21,7.5
T04385-1,T04385,1,首次受理,2026-04-21,2.66
T04386-1,T04386,1,首次受理,2026-04-21,8.14
T04386-2,T04386,2,补充沟通,2026-04-21,3.7
T04387-1,T04387,1,首次受理,2026-04-21,6.52
T04388-1,T04388,1,首次受理,2026-04-21,6.95
T04388-2,T04388,2,补充沟通,2026-04-21,2.5
T04389-1,T04389,1,首次受理,2026-04-21,4.68
T04389-2,T04389,2,补充沟通,2026-04-21,14.17
T04390-1,T04390,1,首次受理,2026-04-21,19.66
T04390-2,T04390,2,补充沟通,2026-04-21,13.88
T04391-1,T04391,1,首次受理,2026-04-21,13.78
T04391-2,T04391,2,补充沟通,2026-04-21,14.54
T04392-1,T04392,1,首次受理,2026-04-21,8.87
T04392-2,T04392,2,补充沟通,2026-04-21,4.96
T04393-1,T04393,1,首次受理,2026-04-21,8.47
T04394-1,T04394,1,首次受理,2026-04-21,4.06
T04394-2,T04394,2,补充沟通,2026-04-21,9.76
T04395-1,T04395,1,首次受理,2026-04-21,2.84
T04396-1,T04396,1,首次受理,2026-04-21,8.07
T04396-2,T04396,2,补充沟通,2026-04-21,5.84
T04397-1,T04397,1,首次受理,2026-04-21,10.34
T04398-1,T04398,1,首次受理,2026-04-21,8.44
T04399-1,T04399,1,首次受理,2026-04-21,4.54
T04400-1,T04400,1,首次受理,2026-04-21,9.03
T04401-1,T04401,1,首次受理,2026-04-21,3.76
T04401-2,T04401,2,补充沟通,2026-04-21,3.92
T04402-1,T04402,1,首次受理,2026-04-21,3.42
T04403-1,T04403,1,首次受理,2026-04-21,6.11
T04403-2,T04403,2,补充沟通,2026-04-21,8.08
T04404-1,T04404,1,首次受理,2026-04-21,2.24
T04404-2,T04404,2,补充沟通,2026-04-21,9.39
T04405-1,T04405,1,首次受理,2026-04-21,4.95
T04405-2,T04405,2,补充沟通,2026-04-21,5.72
T04406-1,T04406,1,首次受理,2026-04-21,5.66
T04406-2,T04406,2,补充沟通,2026-04-21,13.17
T04406-3,T04406,3,补充沟通,2026-04-21,5.15
T04407-1,T04407,1,首次受理,2026-04-21,6.31
T04407-2,T04407,2,补充沟通,2026-04-21,13.75
T04408-1,T04408,1,首次受理,2026-04-21,8.24
T04408-2,T04408,2,补充沟通,2026-04-21,9.89
T04409-1,T04409,1,首次受理,2026-04-21,8.47
T04409-2,T04409,2,补充沟通,2026-04-21,16.76
T04410-1,T04410,1,首次受理,2026-04-21,10.32
T04410-2,T04410,2,补充沟通,2026-04-21,2.14
T04411-1,T04411,1,首次受理,2026-04-21,13.37
T04411-2,T04411,2,补充沟通,2026-04-21,16.96
T04412-1,T04412,1,首次受理,2026-04-21,8.39
T04412-2,T04412,2,补充沟通,2026-04-21,4.47
T04413-1,T04413,1,首次受理,2026-04-21,7.78
T04414-1,T04414,1,首次受理,2026-04-21,17.93
T04414-2,T04414,2,补充沟通,2026-04-21,6.5
T04415-1,T04415,1,首次受理,2026-04-21,9.98
T04416-1,T04416,1,首次受理,2026-04-21,6.6
T04416-2,T04416,2,补充沟通,2026-04-21,12.46
T04416-3,T04416,3,补充沟通,2026-04-21,8.46
T04416-4,T04416,4,补充沟通,2026-04-21,13.02
T04417-1,T04417,1,首次受理,2026-04-21,6.65
T04418-1,T04418,1,首次受理,2026-04-21,8.46
T04419-1,T04419,1,首次受理,2026-04-21,15.5
T04419-2,T04419,2,补充沟通,2026-04-21,13.0
T04419-3,T04419,3,补充沟通,2026-04-21,15.54
T04420-1,T04420,1,首次受理,2026-04-21,12.84
T04420-2,T04420,2,补充沟通,2026-04-21,6.44
T04421-1,T04421,1,首次受理,2026-04-21,4.19
T04422-1,T04422,1,首次受理,2026-04-21,13.37
T04422-2,T04422,2,补充沟通,2026-04-21,3.86
T04423-1,T04423,1,首次受理,2026-04-21,8.66
T04423-2,T04423,2,补充沟通,2026-04-21,12.36
T04423-3,T04423,3,补充沟通,2026-04-21,5.84
T04424-1,T04424,1,首次受理,2026-04-21,4.8
T04424-2,T04424,2,补充沟通,2026-04-21,5.55
T04425-1,T04425,1,首次受理,2026-04-21,6.91
T04425-2,T04425,2,补充沟通,2026-04-21,6.29
T04426-1,T04426,1,首次受理,2026-04-21,12.93
T04426-2,T04426,2,补充沟通,2026-04-21,5.36
T04427-1,T04427,1,首次受理,2026-04-21,15.94
T04427-2,T04427,2,补充沟通,2026-04-21,9.56
T04427-3,T04427,3,补充沟通,2026-04-21,8.46
T04428-1,T04428,1,首次受理,2026-04-21,10.47
T04429-1,T04429,1,首次受理,2026-04-21,15.38
T04429-2,T04429,2,补充沟通,2026-04-21,11.49
T04430-1,T04430,1,首次受理,2026-04-21,5.1
T04430-2,T04430,2,补充沟通,2026-04-21,9.45
T04431-1,T04431,1,首次受理,2026-04-21,6.22
T04431-2,T04431,2,补充沟通,2026-04-21,6.76
T04431-3,T04431,3,补充沟通,2026-04-21,11.03
T04432-1,T04432,1,首次受理,2026-04-21,16.05
T04432-2,T04432,2,补充沟通,2026-04-21,10.89
T04433-1,T04433,1,首次受理,2026-04-21,9.73
T04433-2,T04433,2,补充沟通,2026-04-21,18.39
T04433-3,T04433,3,补充沟通,2026-04-21,11.91
T04434-1,T04434,1,首次受理,2026-04-21,7.99
T04434-2,T04434,2,补充沟通,2026-04-21,3.34
T04435-1,T04435,1,首次受理,2026-04-21,12.12
T04435-2,T04435,2,补充沟通,2026-04-21,19.09
T04436-1,T04436,1,首次受理,2026-04-21,8.2
T04437-1,T04437,1,首次受理,2026-04-21,10.25
T04438-1,T04438,1,首次受理,2026-04-21,17.73
T04438-2,T04438,2,补充沟通,2026-04-21,6.23
T04439-1,T04439,1,首次受理,2026-04-21,9.17
T04440-1,T04440,1,首次受理,2026-04-21,7.09
T04441-1,T04441,1,首次受理,2026-04-22,14.3
T04441-2,T04441,2,补充沟通,2026-04-22,12.5
T04441-3,T04441,3,补充沟通,2026-04-22,5.14
T04442-1,T04442,1,首次受理,2026-04-22,4.98
T04443-1,T04443,1,首次受理,2026-04-22,13.21
T04443-2,T04443,2,补充沟通,2026-04-22,12.69
T04444-1,T04444,1,首次受理,2026-04-22,17.82
T04444-2,T04444,2,补充沟通,2026-04-22,6.03
T04445-1,T04445,1,首次受理,2026-04-22,6.05
T04445-2,T04445,2,补充沟通,2026-04-22,12.08
T04445-3,T04445,3,补充沟通,2026-04-22,15.96
T04446-1,T04446,1,首次受理,2026-04-22,11.03
T04446-2,T04446,2,补充沟通,2026-04-22,4.29
T04447-1,T04447,1,首次受理,2026-04-22,6.24
T04447-2,T04447,2,补充沟通,2026-04-22,15.38
T04447-3,T04447,3,补充沟通,2026-04-22,10.34
T04447-4,T04447,4,补充沟通,2026-04-22,17.71
T04448-1,T04448,1,首次受理,2026-04-22,10.05
T04448-2,T04448,2,补充沟通,2026-04-22,9.13
T04448-3,T04448,3,补充沟通,2026-04-22,17.03
T04449-1,T04449,1,首次受理,2026-04-22,16.33
T04449-2,T04449,2,补充沟通,2026-04-22,12.64
T04449-3,T04449,3,补充沟通,2026-04-22,19.72
T04450-1,T04450,1,首次受理,2026-04-22,16.81
T04450-2,T04450,2,补充沟通,2026-04-22,4.42
T04451-1,T04451,1,首次受理,2026-04-22,4.33
T04452-1,T04452,1,首次受理,2026-04-22,17.89
T04452-2,T04452,2,补充沟通,2026-04-22,14.18
T04453-1,T04453,1,首次受理,2026-04-22,11.49
T04453-2,T04453,2,补充沟通,2026-04-22,15.23
T04453-3,T04453,3,补充沟通,2026-04-22,19.71
T04454-1,T04454,1,首次受理,2026-04-22,15.74
T04454-2,T04454,2,补充沟通,2026-04-22,13.31
T04455-1,T04455,1,首次受理,2026-04-22,18.75
T04455-2,T04455,2,补充沟通,2026-04-22,5.11
T04455-3,T04455,3,补充沟通,2026-04-22,16.38
T04456-1,T04456,1,首次受理,2026-04-22,12.24
T04456-2,T04456,2,补充沟通,2026-04-22,15.45
T04457-1,T04457,1,首次受理,2026-04-22,18.8
T04457-2,T04457,2,补充沟通,2026-04-22,13.54
T04458-1,T04458,1,首次受理,2026-04-22,14.4
T04458-2,T04458,2,补充沟通,2026-04-22,16.73
T04459-1,T04459,1,首次受理,2026-04-22,11.57
T04459-2,T04459,2,补充沟通,2026-04-22,14.41
T04460-1,T04460,1,首次受理,2026-04-22,12.51
T04460-2,T04460,2,补充沟通,2026-04-22,7.4
T04461-1,T04461,1,首次受理,2026-04-22,2.68
T04462-1,T04462,1,首次受理,2026-04-22,10.12
T04463-1,T04463,1,首次受理,2026-04-22,16.07
T04463-2,T04463,2,补充沟通,2026-04-22,13.37
T04463-3,T04463,3,补充沟通,2026-04-22,14.56
T04464-1,T04464,1,首次受理,2026-04-22,15.43
T04464-2,T04464,2,补充沟通,2026-04-22,15.85
T04465-1,T04465,1,首次受理,2026-04-22,6.02
T04465-2,T04465,2,补充沟通,2026-04-22,17.61
T04465-3,T04465,3,补充沟通,2026-04-22,7.39
T04466-1,T04466,1,首次受理,2026-04-22,19.3
T04466-2,T04466,2,补充沟通,2026-04-22,4.7
T04467-1,T04467,1,首次受理,2026-04-22,5.84
T04467-2,T04467,2,补充沟通,2026-04-22,13.76
T04468-1,T04468,1,首次受理,2026-04-22,9.35
T04468-2,T04468,2,补充沟通,2026-04-22,10.1
T04469-1,T04469,1,首次受理,2026-04-22,12.17
T04469-2,T04469,2,补充沟通,2026-04-22,5.15
T04469-3,T04469,3,补充沟通,2026-04-22,19.33
T04470-1,T04470,1,首次受理,2026-04-22,15.29
T04470-2,T04470,2,补充沟通,2026-04-22,16.46
T04471-1,T04471,1,首次受理,2026-04-22,10.19
T04471-2,T04471,2,补充沟通,2026-04-22,8.58
T04472-1,T04472,1,首次受理,2026-04-22,11.55
T04472-2,T04472,2,补充沟通,2026-04-22,18.35
T04473-1,T04473,1,首次受理,2026-04-22,14.6
T04473-2,T04473,2,补充沟通,2026-04-22,19.42
T04474-1,T04474,1,首次受理,2026-04-22,12.49
T04474-2,T04474,2,补充沟通,2026-04-22,10.84
T04475-1,T04475,1,首次受理,2026-04-22,4.98
T04475-2,T04475,2,补充沟通,2026-04-22,14.85
T04476-1,T04476,1,首次受理,2026-04-22,18.49
T04476-2,T04476,2,补充沟通,2026-04-22,3.92
T04476-3,T04476,3,补充沟通,2026-04-22,6.36
T04477-1,T04477,1,首次受理,2026-04-22,10.43
T04478-1,T04478,1,首次受理,2026-04-22,14.26
T04478-2,T04478,2,补充沟通,2026-04-22,11.0
T04478-3,T04478,3,补充沟通,2026-04-22,15.64
T04479-1,T04479,1,首次受理,2026-04-22,18.89
T04479-2,T04479,2,补充沟通,2026-04-22,14.95
T04479-3,T04479,3,补充沟通,2026-04-22,9.74
T04480-1,T04480,1,首次受理,2026-04-22,6.41
T04481-1,T04481,1,首次受理,2026-04-22,6.63
T04481-2,T04481,2,补充沟通,2026-04-22,16.06
T04482-1,T04482,1,首次受理,2026-04-22,5.55
T04483-1,T04483,1,首次受理,2026-04-22,6.61
T04484-1,T04484,1,首次受理,2026-04-22,7.72
T04484-2,T04484,2,补充沟通,2026-04-22,8.11
T04484-3,T04484,3,补充沟通,2026-04-22,8.69
T04485-1,T04485,1,首次受理,2026-04-22,7.23
T04486-1,T04486,1,首次受理,2026-04-22,8.42
T04486-2,T04486,2,补充沟通,2026-04-22,4.65
T04487-1,T04487,1,首次受理,2026-04-22,2.16
T04488-1,T04488,1,首次受理,2026-04-22,6.91
T04488-2,T04488,2,补充沟通,2026-04-22,7.12
T04489-1,T04489,1,首次受理,2026-04-22,2.76
T04490-1,T04490,1,首次受理,2026-04-22,3.65
T04490-2,T04490,2,补充沟通,2026-04-22,16.72
T04490-3,T04490,3,补充沟通,2026-04-22,8.67
T04491-1,T04491,1,首次受理,2026-04-22,5.22
T04492-1,T04492,1,首次受理,2026-04-22,8.36
T04493-1,T04493,1,首次受理,2026-04-22,16.85
T04493-2,T04493,2,补充沟通,2026-04-22,16.52
T04494-1,T04494,1,首次受理,2026-04-22,7.78
T04494-2,T04494,2,补充沟通,2026-04-22,10.84
T04495-1,T04495,1,首次受理,2026-04-22,10.8
T04496-1,T04496,1,首次受理,2026-04-22,9.45
T04496-2,T04496,2,补充沟通,2026-04-22,10.7
T04497-1,T04497,1,首次受理,2026-04-22,2.81
T04497-2,T04497,2,补充沟通,2026-04-22,8.72
T04498-1,T04498,1,首次受理,2026-04-22,4.92
T04499-1,T04499,1,首次受理,2026-04-22,3.04
T04500-1,T04500,1,首次受理,2026-04-22,4.67
T04501-1,T04501,1,首次受理,2026-04-22,7.85
T04501-2,T04501,2,补充沟通,2026-04-22,5.74
T04502-1,T04502,1,首次受理,2026-04-22,6.86
T04502-2,T04502,2,补充沟通,2026-04-22,11.5
T04503-1,T04503,1,首次受理,2026-04-22,5.93
T04503-2,T04503,2,补充沟通,2026-04-22,3.96
T04504-1,T04504,1,首次受理,2026-04-22,2.46
T04505-1,T04505,1,首次受理,2026-04-22,10.22
T04505-2,T04505,2,补充沟通,2026-04-22,9.63
T04505-3,T04505,3,补充沟通,2026-04-22,18.36
T04506-1,T04506,1,首次受理,2026-04-22,15.87
T04506-2,T04506,2,补充沟通,2026-04-22,14.58
T04507-1,T04507,1,首次受理,2026-04-22,9.38
T04508-1,T04508,1,首次受理,2026-04-22,9.12
T04508-2,T04508,2,补充沟通,2026-04-22,8.4
T04509-1,T04509,1,首次受理,2026-04-22,18.9
T04509-2,T04509,2,补充沟通,2026-04-22,4.49
T04509-3,T04509,3,补充沟通,2026-04-22,17.51
T04510-1,T04510,1,首次受理,2026-04-22,8.8
T04511-1,T04511,1,首次受理,2026-04-22,5.67
T04511-2,T04511,2,补充沟通,2026-04-22,11.47
T04511-3,T04511,3,补充沟通,2026-04-22,13.06
T04512-1,T04512,1,首次受理,2026-04-22,8.96
T04513-1,T04513,1,首次受理,2026-04-22,6.44
T04514-1,T04514,1,首次受理,2026-04-22,10.65
T04514-2,T04514,2,补充沟通,2026-04-22,5.86
T04514-3,T04514,3,补充沟通,2026-04-22,4.15
T04515-1,T04515,1,首次受理,2026-04-22,2.5
T04515-2,T04515,2,补充沟通,2026-04-22,6.83
T04516-1,T04516,1,首次受理,2026-04-22,7.52
T04517-1,T04517,1,首次受理,2026-04-22,7.96
T04518-1,T04518,1,首次受理,2026-04-22,3.54
T04519-1,T04519,1,首次受理,2026-04-22,6.07
T04520-1,T04520,1,首次受理,2026-04-22,6.92
T04521-1,T04521,1,首次受理,2026-04-22,2.29
T04522-1,T04522,1,首次受理,2026-04-22,14.93
T04522-2,T04522,2,补充沟通,2026-04-22,12.28
T04523-1,T04523,1,首次受理,2026-04-22,15.56
T04523-2,T04523,2,补充沟通,2026-04-22,7.67
T04523-3,T04523,3,补充沟通,2026-04-22,12.19
T04524-1,T04524,1,首次受理,2026-04-22,11.2
T04524-2,T04524,2,补充沟通,2026-04-22,9.86
T04525-1,T04525,1,首次受理,2026-04-22,5.64
T04526-1,T04526,1,首次受理,2026-04-22,5.68
T04527-1,T04527,1,首次受理,2026-04-22,7.09
T04528-1,T04528,1,首次受理,2026-04-22,12.98
T04528-2,T04528,2,补充沟通,2026-04-22,18.51
T04529-1,T04529,1,首次受理,2026-04-22,10.06
T04530-1,T04530,1,首次受理,2026-04-22,6.24
T04530-2,T04530,2,补充沟通,2026-04-22,12.12
T04530-3,T04530,3,补充沟通,2026-04-22,4.6
T04531-1,T04531,1,首次受理,2026-04-22,10.57
T04532-1,T04532,1,首次受理,2026-04-22,16.68
T04532-2,T04532,2,补充沟通,2026-04-22,8.15
T04533-1,T04533,1,首次受理,2026-04-22,12.63
T04533-2,T04533,2,补充沟通,2026-04-22,14.22
T04533-3,T04533,3,补充沟通,2026-04-22,3.73
T04534-1,T04534,1,首次受理,2026-04-22,12.61
T04534-2,T04534,2,补充沟通,2026-04-22,13.08
T04535-1,T04535,1,首次受理,2026-04-22,9.16
T04535-2,T04535,2,补充沟通,2026-04-22,13.61
T04535-3,T04535,3,补充沟通,2026-04-22,7.51
T04536-1,T04536,1,首次受理,2026-04-22,19.15
T04536-2,T04536,2,补充沟通,2026-04-22,4.31
T04537-1,T04537,1,首次受理,2026-04-22,8.04
T04538-1,T04538,1,首次受理,2026-04-22,9.15
T04539-1,T04539,1,首次受理,2026-04-22,15.85
T04539-2,T04539,2,补充沟通,2026-04-22,8.23
T04539-3,T04539,3,补充沟通,2026-04-22,5.25
T04540-1,T04540,1,首次受理,2026-04-22,3.9
T04540-2,T04540,2,补充沟通,2026-04-22,6.87
T04541-1,T04541,1,首次受理,2026-04-22,5.99
T04541-2,T04541,2,补充沟通,2026-04-22,14.02
T04542-1,T04542,1,首次受理,2026-04-22,3.63
T04543-1,T04543,1,首次受理,2026-04-22,15.88
T04543-2,T04543,2,补充沟通,2026-04-22,12.93
T04544-1,T04544,1,首次受理,2026-04-22,14.19
T04544-2,T04544,2,补充沟通,2026-04-22,9.5
T04545-1,T04545,1,首次受理,2026-04-22,4.62
T04546-1,T04546,1,首次受理,2026-04-22,9.59
T04547-1,T04547,1,首次受理,2026-04-22,2.82
T04548-1,T04548,1,首次受理,2026-04-22,18.96
T04548-2,T04548,2,补充沟通,2026-04-22,17.37
T04549-1,T04549,1,首次受理,2026-04-22,5.84
T04550-1,T04550,1,首次受理,2026-04-22,6.0
T04551-1,T04551,1,首次受理,2026-04-22,7.86
T04551-2,T04551,2,补充沟通,2026-04-22,5.5
T04552-1,T04552,1,首次受理,2026-04-22,2.42
T04553-1,T04553,1,首次受理,2026-04-22,19.51
T04553-2,T04553,2,补充沟通,2026-04-22,15.98
T04554-1,T04554,1,首次受理,2026-04-22,6.27
T04555-1,T04555,1,首次受理,2026-04-22,3.57
T04556-1,T04556,1,首次受理,2026-04-22,15.89
T04556-2,T04556,2,补充沟通,2026-04-22,10.63
T04557-1,T04557,1,首次受理,2026-04-22,13.97
T04557-2,T04557,2,补充沟通,2026-04-22,6.84
T04558-1,T04558,1,首次受理,2026-04-22,14.4
T04558-2,T04558,2,补充沟通,2026-04-22,8.08
T04559-1,T04559,1,首次受理,2026-04-22,6.88
T04559-2,T04559,2,补充沟通,2026-04-22,5.46
T04560-1,T04560,1,首次受理,2026-04-22,4.1
T04561-1,T04561,1,首次受理,2026-04-23,7.31
T04562-1,T04562,1,首次受理,2026-04-23,7.03
T04562-2,T04562,2,补充沟通,2026-04-23,8.63
T04563-1,T04563,1,首次受理,2026-04-23,19.23
T04563-2,T04563,2,补充沟通,2026-04-23,13.4
T04563-3,T04563,3,补充沟通,2026-04-23,18.45
T04564-1,T04564,1,首次受理,2026-04-23,11.99
T04564-2,T04564,2,补充沟通,2026-04-23,17.15
T04565-1,T04565,1,首次受理,2026-04-23,7.01
T04566-1,T04566,1,首次受理,2026-04-23,13.43
T04566-2,T04566,2,补充沟通,2026-04-23,10.01
T04567-1,T04567,1,首次受理,2026-04-23,19.74
T04567-2,T04567,2,补充沟通,2026-04-23,18.98
T04568-1,T04568,1,首次受理,2026-04-23,12.51
T04568-2,T04568,2,补充沟通,2026-04-23,19.73
T04569-1,T04569,1,首次受理,2026-04-23,18.73
T04569-2,T04569,2,补充沟通,2026-04-23,13.57
T04569-3,T04569,3,补充沟通,2026-04-23,10.68
T04570-1,T04570,1,首次受理,2026-04-23,4.88
T04570-2,T04570,2,补充沟通,2026-04-23,17.61
T04571-1,T04571,1,首次受理,2026-04-23,4.63
T04571-2,T04571,2,补充沟通,2026-04-23,15.06
T04571-3,T04571,3,补充沟通,2026-04-23,16.85
T04572-1,T04572,1,首次受理,2026-04-23,8.89
T04572-2,T04572,2,补充沟通,2026-04-23,17.07
T04573-1,T04573,1,首次受理,2026-04-23,12.02
T04573-2,T04573,2,补充沟通,2026-04-23,5.07
T04574-1,T04574,1,首次受理,2026-04-23,9.61
T04574-2,T04574,2,补充沟通,2026-04-23,11.72
T04575-1,T04575,1,首次受理,2026-04-23,12.4
T04575-2,T04575,2,补充沟通,2026-04-23,15.82
T04576-1,T04576,1,首次受理,2026-04-23,8.03
T04577-1,T04577,1,首次受理,2026-04-23,16.27
T04577-2,T04577,2,补充沟通,2026-04-23,16.06
T04577-3,T04577,3,补充沟通,2026-04-23,15.74
T04578-1,T04578,1,首次受理,2026-04-23,12.5
T04578-2,T04578,2,补充沟通,2026-04-23,12.22
T04579-1,T04579,1,首次受理,2026-04-23,17.69
T04579-2,T04579,2,补充沟通,2026-04-23,17.91
T04579-3,T04579,3,补充沟通,2026-04-23,5.56
T04580-1,T04580,1,首次受理,2026-04-23,18.63
T04580-2,T04580,2,补充沟通,2026-04-23,13.65
T04581-1,T04581,1,首次受理,2026-04-23,4.29
T04581-2,T04581,2,补充沟通,2026-04-23,11.19
T04581-3,T04581,3,补充沟通,2026-04-23,10.36
T04582-1,T04582,1,首次受理,2026-04-23,16.8
T04582-2,T04582,2,补充沟通,2026-04-23,14.62
T04583-1,T04583,1,首次受理,2026-04-23,10.01
T04583-2,T04583,2,补充沟通,2026-04-23,9.05
T04584-1,T04584,1,首次受理,2026-04-23,10.73
T04585-1,T04585,1,首次受理,2026-04-23,10.41
T04585-2,T04585,2,补充沟通,2026-04-23,14.19
T04585-3,T04585,3,补充沟通,2026-04-23,5.55
T04586-1,T04586,1,首次受理,2026-04-23,17.64
T04586-2,T04586,2,补充沟通,2026-04-23,18.47
T04586-3,T04586,3,补充沟通,2026-04-23,17.26
T04587-1,T04587,1,首次受理,2026-04-23,19.4
T04587-2,T04587,2,补充沟通,2026-04-23,4.43
T04588-1,T04588,1,首次受理,2026-04-23,10.6
T04588-2,T04588,2,补充沟通,2026-04-23,15.3
T04588-3,T04588,3,补充沟通,2026-04-23,4.48
T04589-1,T04589,1,首次受理,2026-04-23,5.12
T04589-2,T04589,2,补充沟通,2026-04-23,5.71
T04589-3,T04589,3,补充沟通,2026-04-23,13.51
T04590-1,T04590,1,首次受理,2026-04-23,9.21
T04591-1,T04591,1,首次受理,2026-04-23,19.8
T04591-2,T04591,2,补充沟通,2026-04-23,6.54
T04592-1,T04592,1,首次受理,2026-04-23,5.82
T04592-2,T04592,2,补充沟通,2026-04-23,7.07
T04592-3,T04592,3,补充沟通,2026-04-23,19.24
T04592-4,T04592,4,补充沟通,2026-04-23,4.15
T04593-1,T04593,1,首次受理,2026-04-23,12.5
T04593-2,T04593,2,补充沟通,2026-04-23,4.58
T04593-3,T04593,3,补充沟通,2026-04-23,5.95
T04594-1,T04594,1,首次受理,2026-04-23,16.24
T04594-2,T04594,2,补充沟通,2026-04-23,8.66
T04595-1,T04595,1,首次受理,2026-04-23,8.31
T04595-2,T04595,2,补充沟通,2026-04-23,4.13
T04595-3,T04595,3,补充沟通,2026-04-23,16.08
T04596-1,T04596,1,首次受理,2026-04-23,4.51
T04596-2,T04596,2,补充沟通,2026-04-23,7.35
T04597-1,T04597,1,首次受理,2026-04-23,3.54
T04598-1,T04598,1,首次受理,2026-04-23,9.97
T04599-1,T04599,1,首次受理,2026-04-23,12.05
T04599-2,T04599,2,补充沟通,2026-04-23,4.22
T04600-1,T04600,1,首次受理,2026-04-23,16.83
T04600-2,T04600,2,补充沟通,2026-04-23,5.6
T04600-3,T04600,3,补充沟通,2026-04-23,17.21
T04601-1,T04601,1,首次受理,2026-04-23,3.78
T04601-2,T04601,2,补充沟通,2026-04-23,2.98
T04602-1,T04602,1,首次受理,2026-04-23,7.06
T04602-2,T04602,2,补充沟通,2026-04-23,4.2
T04603-1,T04603,1,首次受理,2026-04-23,3.85
T04604-1,T04604,1,首次受理,2026-04-23,5.75
T04605-1,T04605,1,首次受理,2026-04-23,6.74
T04606-1,T04606,1,首次受理,2026-04-23,7.61
T04606-2,T04606,2,补充沟通,2026-04-23,3.52
T04607-1,T04607,1,首次受理,2026-04-23,10.79
T04607-2,T04607,2,补充沟通,2026-04-23,12.16
T04608-1,T04608,1,首次受理,2026-04-23,4.04
T04608-2,T04608,2,补充沟通,2026-04-23,7.07
T04609-1,T04609,1,首次受理,2026-04-23,11.89
T04609-2,T04609,2,补充沟通,2026-04-23,9.28
T04609-3,T04609,3,补充沟通,2026-04-23,8.41
T04610-1,T04610,1,首次受理,2026-04-23,5.3
T04611-1,T04611,1,首次受理,2026-04-23,9.28
T04611-2,T04611,2,补充沟通,2026-04-23,2.6
T04612-1,T04612,1,首次受理,2026-04-23,9.91
T04613-1,T04613,1,首次受理,2026-04-23,7.47
T04614-1,T04614,1,首次受理,2026-04-23,3.15
T04615-1,T04615,1,首次受理,2026-04-23,8.85
T04616-1,T04616,1,首次受理,2026-04-23,5.71
T04616-2,T04616,2,补充沟通,2026-04-23,11.42
T04616-3,T04616,3,补充沟通,2026-04-23,11.9
T04616-4,T04616,4,补充沟通,2026-04-23,14.07
T04617-1,T04617,1,首次受理,2026-04-23,9.99
T04618-1,T04618,1,首次受理,2026-04-23,6.58
T04619-1,T04619,1,首次受理,2026-04-23,6.0
T04620-1,T04620,1,首次受理,2026-04-23,10.5
T04620-2,T04620,2,补充沟通,2026-04-23,15.49
T04620-3,T04620,3,补充沟通,2026-04-23,10.33
T04621-1,T04621,1,首次受理,2026-04-23,3.37
T04622-1,T04622,1,首次受理,2026-04-23,6.98
T04623-1,T04623,1,首次受理,2026-04-23,5.35
T04624-1,T04624,1,首次受理,2026-04-23,6.72
T04625-1,T04625,1,首次受理,2026-04-23,4.99
T04626-1,T04626,1,首次受理,2026-04-23,9.26
T04627-1,T04627,1,首次受理,2026-04-23,8.37
T04627-2,T04627,2,补充沟通,2026-04-23,4.07
T04628-1,T04628,1,首次受理,2026-04-23,4.78
T04629-1,T04629,1,首次受理,2026-04-23,5.59
T04630-1,T04630,1,首次受理,2026-04-23,4.28
T04631-1,T04631,1,首次受理,2026-04-23,4.94
T04632-1,T04632,1,首次受理,2026-04-23,9.94
T04633-1,T04633,1,首次受理,2026-04-23,3.1
T04634-1,T04634,1,首次受理,2026-04-23,7.39
T04635-1,T04635,1,首次受理,2026-04-23,2.7
T04636-1,T04636,1,首次受理,2026-04-23,10.08
T04637-1,T04637,1,首次受理,2026-04-23,10.68
T04637-2,T04637,2,补充沟通,2026-04-23,6.47
T04638-1,T04638,1,首次受理,2026-04-23,3.27
T04639-1,T04639,1,首次受理,2026-04-23,6.45
T04640-1,T04640,1,首次受理,2026-04-23,11.78
T04640-2,T04640,2,补充沟通,2026-04-23,6.69
T04640-3,T04640,3,补充沟通,2026-04-23,12.61
T04641-1,T04641,1,首次受理,2026-04-23,6.96
T04642-1,T04642,1,首次受理,2026-04-23,5.26
T04643-1,T04643,1,首次受理,2026-04-23,16.23
T04643-2,T04643,2,补充沟通,2026-04-23,6.6
T04644-1,T04644,1,首次受理,2026-04-23,9.17
T04644-2,T04644,2,补充沟通,2026-04-23,9.67
T04644-3,T04644,3,补充沟通,2026-04-23,18.46
T04644-4,T04644,4,补充沟通,2026-04-23,16.45
T04645-1,T04645,1,首次受理,2026-04-23,12.58
T04645-2,T04645,2,补充沟通,2026-04-23,4.74
T04646-1,T04646,1,首次受理,2026-04-23,5.45
T04646-2,T04646,2,补充沟通,2026-04-23,5.3
T04646-3,T04646,3,补充沟通,2026-04-23,5.91
T04647-1,T04647,1,首次受理,2026-04-23,3.01
T04647-2,T04647,2,补充沟通,2026-04-23,9.64
T04648-1,T04648,1,首次受理,2026-04-23,9.71
T04648-2,T04648,2,补充沟通,2026-04-23,15.59
T04649-1,T04649,1,首次受理,2026-04-23,3.35
T04650-1,T04650,1,首次受理,2026-04-23,17.67
T04650-2,T04650,2,补充沟通,2026-04-23,6.95
T04651-1,T04651,1,首次受理,2026-04-23,14.95
T04651-2,T04651,2,补充沟通,2026-04-23,13.83
T04652-1,T04652,1,首次受理,2026-04-23,8.22
T04652-2,T04652,2,补充沟通,2026-04-23,12.12
T04653-1,T04653,1,首次受理,2026-04-23,4.55
T04654-1,T04654,1,首次受理,2026-04-23,2.2
T04655-1,T04655,1,首次受理,2026-04-23,9.25
T04656-1,T04656,1,首次受理,2026-04-23,6.91
T04656-2,T04656,2,补充沟通,2026-04-23,4.56
T04657-1,T04657,1,首次受理,2026-04-23,9.95
T04658-1,T04658,1,首次受理,2026-04-23,11.79
T04658-2,T04658,2,补充沟通,2026-04-23,11.11
T04659-1,T04659,1,首次受理,2026-04-23,4.06
T04659-2,T04659,2,补充沟通,2026-04-23,18.79
T04659-3,T04659,3,补充沟通,2026-04-23,12.24
T04659-4,T04659,4,补充沟通,2026-04-23,4.74
T04660-1,T04660,1,首次受理,2026-04-23,6.16
T04661-1,T04661,1,首次受理,2026-04-23,3.83
T04662-1,T04662,1,首次受理,2026-04-23,7.5
T04663-1,T04663,1,首次受理,2026-04-23,7.1
T04664-1,T04664,1,首次受理,2026-04-23,9.73
T04664-2,T04664,2,补充沟通,2026-04-23,6.93
T04664-3,T04664,3,补充沟通,2026-04-23,8.84
T04665-1,T04665,1,首次受理,2026-04-23,5.41
T04665-2,T04665,2,补充沟通,2026-04-23,15.69
T04666-1,T04666,1,首次受理,2026-04-23,6.54
T04667-1,T04667,1,首次受理,2026-04-23,17.74
T04667-2,T04667,2,补充沟通,2026-04-23,13.84
T04668-1,T04668,1,首次受理,2026-04-23,9.41
T04669-1,T04669,1,首次受理,2026-04-23,12.36
T04669-2,T04669,2,补充沟通,2026-04-23,18.01
T04670-1,T04670,1,首次受理,2026-04-23,19.31
T04670-2,T04670,2,补充沟通,2026-04-23,3.69
T04670-3,T04670,3,补充沟通,2026-04-23,19.44
T04671-1,T04671,1,首次受理,2026-04-23,8.6
T04671-2,T04671,2,补充沟通,2026-04-23,10.38
T04672-1,T04672,1,首次受理,2026-04-23,4.09
T04673-1,T04673,1,首次受理,2026-04-23,14.72
T04673-2,T04673,2,补充沟通,2026-04-23,17.95
T04673-3,T04673,3,补充沟通,2026-04-23,6.16
T04674-1,T04674,1,首次受理,2026-04-23,8.19
T04674-2,T04674,2,补充沟通,2026-04-23,7.33
T04675-1,T04675,1,首次受理,2026-04-23,18.48
T04675-2,T04675,2,补充沟通,2026-04-23,17.15
T04675-3,T04675,3,补充沟通,2026-04-23,9.05
T04676-1,T04676,1,首次受理,2026-04-23,6.86
T04676-2,T04676,2,补充沟通,2026-04-23,7.24
T04677-1,T04677,1,首次受理,2026-04-23,18.46
T04677-2,T04677,2,补充沟通,2026-04-23,16.46
T04678-1,T04678,1,首次受理,2026-04-23,2.81
T04679-1,T04679,1,首次受理,2026-04-23,2.84
T04680-1,T04680,1,首次受理,2026-04-23,10.57
T04680-2,T04680,2,补充沟通,2026-04-23,14.46
T04681-1,T04681,1,首次受理,2026-04-24,12.96
T04681-2,T04681,2,补充沟通,2026-04-24,19.72
T04681-3,T04681,3,补充沟通,2026-04-24,16.23
T04682-1,T04682,1,首次受理,2026-04-24,5.75
T04682-2,T04682,2,补充沟通,2026-04-24,11.37
T04683-1,T04683,1,首次受理,2026-04-24,14.57
T04683-2,T04683,2,补充沟通,2026-04-24,13.82
T04684-1,T04684,1,首次受理,2026-04-24,5.17
T04685-1,T04685,1,首次受理,2026-04-24,19.17
T04685-2,T04685,2,补充沟通,2026-04-24,14.51
T04686-1,T04686,1,首次受理,2026-04-24,12.52
T04686-2,T04686,2,补充沟通,2026-04-24,17.69
T04687-1,T04687,1,首次受理,2026-04-24,14.13
T04687-2,T04687,2,补充沟通,2026-04-24,8.44
T04688-1,T04688,1,首次受理,2026-04-24,3.18
T04689-1,T04689,1,首次受理,2026-04-24,3.87
T04689-2,T04689,2,补充沟通,2026-04-24,8.82
T04689-3,T04689,3,补充沟通,2026-04-24,14.85
T04689-4,T04689,4,补充沟通,2026-04-24,7.88
T04690-1,T04690,1,首次受理,2026-04-24,15.77
T04690-2,T04690,2,补充沟通,2026-04-24,19.44
T04690-3,T04690,3,补充沟通,2026-04-24,7.92
T04691-1,T04691,1,首次受理,2026-04-24,12.7
T04691-2,T04691,2,补充沟通,2026-04-24,11.34
T04692-1,T04692,1,首次受理,2026-04-24,12.63
T04692-2,T04692,2,补充沟通,2026-04-24,4.44
T04692-3,T04692,3,补充沟通,2026-04-24,7.78
T04693-1,T04693,1,首次受理,2026-04-24,3.2
T04693-2,T04693,2,补充沟通,2026-04-24,6.24
T04694-1,T04694,1,首次受理,2026-04-24,9.06
T04694-2,T04694,2,补充沟通,2026-04-24,7.6
T04695-1,T04695,1,首次受理,2026-04-24,7.73
T04695-2,T04695,2,补充沟通,2026-04-24,16.22
T04695-3,T04695,3,补充沟通,2026-04-24,17.26
T04696-1,T04696,1,首次受理,2026-04-24,11.64
T04696-2,T04696,2,补充沟通,2026-04-24,13.5
T04697-1,T04697,1,首次受理,2026-04-24,5.66
T04697-2,T04697,2,补充沟通,2026-04-24,12.66
T04698-1,T04698,1,首次受理,2026-04-24,8.22
T04699-1,T04699,1,首次受理,2026-04-24,18.85
T04699-2,T04699,2,补充沟通,2026-04-24,5.79
T04700-1,T04700,1,首次受理,2026-04-24,2.04
T04700-2,T04700,2,补充沟通,2026-04-24,3.46
T04700-3,T04700,3,补充沟通,2026-04-24,9.72
T04701-1,T04701,1,首次受理,2026-04-24,11.0
T04701-2,T04701,2,补充沟通,2026-04-24,8.98
T04702-1,T04702,1,首次受理,2026-04-24,18.51
T04702-2,T04702,2,补充沟通,2026-04-24,12.2
T04703-1,T04703,1,首次受理,2026-04-24,7.68
T04704-1,T04704,1,首次受理,2026-04-24,16.67
T04704-2,T04704,2,补充沟通,2026-04-24,15.77
T04705-1,T04705,1,首次受理,2026-04-24,15.33
T04705-2,T04705,2,补充沟通,2026-04-24,12.86
T04706-1,T04706,1,首次受理,2026-04-24,4.03
T04706-2,T04706,2,补充沟通,2026-04-24,15.83
T04707-1,T04707,1,首次受理,2026-04-24,14.49
T04707-2,T04707,2,补充沟通,2026-04-24,4.99
T04708-1,T04708,1,首次受理,2026-04-24,19.11
T04708-2,T04708,2,补充沟通,2026-04-24,17.65
T04708-3,T04708,3,补充沟通,2026-04-24,16.17
T04709-1,T04709,1,首次受理,2026-04-24,14.04
T04709-2,T04709,2,补充沟通,2026-04-24,16.19
T04710-1,T04710,1,首次受理,2026-04-24,12.66
T04710-2,T04710,2,补充沟通,2026-04-24,18.93
T04711-1,T04711,1,首次受理,2026-04-24,7.6
T04711-2,T04711,2,补充沟通,2026-04-24,2.8
T04712-1,T04712,1,首次受理,2026-04-24,2.55
T04713-1,T04713,1,首次受理,2026-04-24,7.41
T04713-2,T04713,2,补充沟通,2026-04-24,4.59
T04713-3,T04713,3,补充沟通,2026-04-24,10.19
T04714-1,T04714,1,首次受理,2026-04-24,6.53
T04714-2,T04714,2,补充沟通,2026-04-24,3.83
T04715-1,T04715,1,首次受理,2026-04-24,11.45
T04715-2,T04715,2,补充沟通,2026-04-24,11.59
T04716-1,T04716,1,首次受理,2026-04-24,18.03
T04716-2,T04716,2,补充沟通,2026-04-24,17.36
T04716-3,T04716,3,补充沟通,2026-04-24,11.78
T04717-1,T04717,1,首次受理,2026-04-24,5.48
T04718-1,T04718,1,首次受理,2026-04-24,5.31
T04718-2,T04718,2,补充沟通,2026-04-24,6.13
T04719-1,T04719,1,首次受理,2026-04-24,13.66
T04719-2,T04719,2,补充沟通,2026-04-24,4.71
T04720-1,T04720,1,首次受理,2026-04-24,10.02
T04720-2,T04720,2,补充沟通,2026-04-24,13.15
T04721-1,T04721,1,首次受理,2026-04-24,3.02
T04721-2,T04721,2,补充沟通,2026-04-24,9.59
T04722-1,T04722,1,首次受理,2026-04-24,4.79
T04723-1,T04723,1,首次受理,2026-04-24,16.26
T04723-2,T04723,2,补充沟通,2026-04-24,9.16
T04724-1,T04724,1,首次受理,2026-04-24,5.71
T04724-2,T04724,2,补充沟通,2026-04-24,11.33
T04724-3,T04724,3,补充沟通,2026-04-24,9.36
T04725-1,T04725,1,首次受理,2026-04-24,7.99
T04726-1,T04726,1,首次受理,2026-04-24,2.84
T04727-1,T04727,1,首次受理,2026-04-24,4.13
T04728-1,T04728,1,首次受理,2026-04-24,18.53
T04728-2,T04728,2,补充沟通,2026-04-24,4.53
T04728-3,T04728,3,补充沟通,2026-04-24,6.72
T04729-1,T04729,1,首次受理,2026-04-24,8.88
T04730-1,T04730,1,首次受理,2026-04-24,9.4
T04731-1,T04731,1,首次受理,2026-04-24,6.19
T04731-2,T04731,2,补充沟通,2026-04-24,6.75
T04731-3,T04731,3,补充沟通,2026-04-24,7.86
T04732-1,T04732,1,首次受理,2026-04-24,7.13
T04733-1,T04733,1,首次受理,2026-04-24,4.7
T04734-1,T04734,1,首次受理,2026-04-24,17.64
T04734-2,T04734,2,补充沟通,2026-04-24,7.0
T04735-1,T04735,1,首次受理,2026-04-24,4.11
T04735-2,T04735,2,补充沟通,2026-04-24,6.3
T04736-1,T04736,1,首次受理,2026-04-24,8.39
T04736-2,T04736,2,补充沟通,2026-04-24,10.87
T04737-1,T04737,1,首次受理,2026-04-24,2.57
T04737-2,T04737,2,补充沟通,2026-04-24,5.83
T04738-1,T04738,1,首次受理,2026-04-24,2.66
T04739-1,T04739,1,首次受理,2026-04-24,7.84
T04740-1,T04740,1,首次受理,2026-04-24,9.79
T04741-1,T04741,1,首次受理,2026-04-24,8.73
T04742-1,T04742,1,首次受理,2026-04-24,4.78
T04742-2,T04742,2,补充沟通,2026-04-24,19.35
T04743-1,T04743,1,首次受理,2026-04-24,9.02
T04744-1,T04744,1,首次受理,2026-04-24,8.9
T04745-1,T04745,1,首次受理,2026-04-24,5.13
T04745-2,T04745,2,补充沟通,2026-04-24,10.19
T04745-3,T04745,3,补充沟通,2026-04-24,13.59
T04746-1,T04746,1,首次受理,2026-04-24,5.5
T04747-1,T04747,1,首次受理,2026-04-24,4.38
T04748-1,T04748,1,首次受理,2026-04-24,7.46
T04748-2,T04748,2,补充沟通,2026-04-24,9.61
T04748-3,T04748,3,补充沟通,2026-04-24,5.04
T04749-1,T04749,1,首次受理,2026-04-24,5.49
T04749-2,T04749,2,补充沟通,2026-04-24,4.05
T04750-1,T04750,1,首次受理,2026-04-24,8.17
T04751-1,T04751,1,首次受理,2026-04-24,8.15
T04751-2,T04751,2,补充沟通,2026-04-24,9.9
T04752-1,T04752,1,首次受理,2026-04-24,5.15
T04752-2,T04752,2,补充沟通,2026-04-24,14.05
T04752-3,T04752,3,补充沟通,2026-04-24,5.72
T04753-1,T04753,1,首次受理,2026-04-24,10.97
T04753-2,T04753,2,补充沟通,2026-04-24,16.78
T04754-1,T04754,1,首次受理,2026-04-24,10.81
T04755-1,T04755,1,首次受理,2026-04-24,8.3
T04756-1,T04756,1,首次受理,2026-04-24,2.3
T04757-1,T04757,1,首次受理,2026-04-24,2.6
T04758-1,T04758,1,首次受理,2026-04-24,8.54
T04759-1,T04759,1,首次受理,2026-04-24,9.77
T04759-2,T04759,2,补充沟通,2026-04-24,6.98
T04760-1,T04760,1,首次受理,2026-04-24,9.66
T04761-1,T04761,1,首次受理,2026-04-24,8.45
T04762-1,T04762,1,首次受理,2026-04-24,11.48
T04762-2,T04762,2,补充沟通,2026-04-24,17.69
T04763-1,T04763,1,首次受理,2026-04-24,4.76
T04764-1,T04764,1,首次受理,2026-04-24,10.08
T04765-1,T04765,1,首次受理,2026-04-24,12.93
T04765-2,T04765,2,补充沟通,2026-04-24,11.75
T04765-3,T04765,3,补充沟通,2026-04-24,14.21
T04765-4,T04765,4,补充沟通,2026-04-24,12.08
T04766-1,T04766,1,首次受理,2026-04-24,16.38
T04766-2,T04766,2,补充沟通,2026-04-24,14.49
T04766-3,T04766,3,补充沟通,2026-04-24,4.17
T04767-1,T04767,1,首次受理,2026-04-24,11.57
T04767-2,T04767,2,补充沟通,2026-04-24,13.53
T04767-3,T04767,3,补充沟通,2026-04-24,4.25
T04768-1,T04768,1,首次受理,2026-04-24,15.88
T04768-2,T04768,2,补充沟通,2026-04-24,18.51
T04769-1,T04769,1,首次受理,2026-04-24,8.24
T04770-1,T04770,1,首次受理,2026-04-24,6.8
T04771-1,T04771,1,首次受理,2026-04-24,9.93
T04771-2,T04771,2,补充沟通,2026-04-24,18.83
T04771-3,T04771,3,补充沟通,2026-04-24,7.79
T04772-1,T04772,1,首次受理,2026-04-24,7.59
T04772-2,T04772,2,补充沟通,2026-04-24,12.65
T04773-1,T04773,1,首次受理,2026-04-24,5.99
T04774-1,T04774,1,首次受理,2026-04-24,4.95
T04775-1,T04775,1,首次受理,2026-04-24,12.02
T04775-2,T04775,2,补充沟通,2026-04-24,9.31
T04775-3,T04775,3,补充沟通,2026-04-24,12.86
T04776-1,T04776,1,首次受理,2026-04-24,6.85
T04776-2,T04776,2,补充沟通,2026-04-24,10.69
T04776-3,T04776,3,补充沟通,2026-04-24,4.04
T04777-1,T04777,1,首次受理,2026-04-24,8.49
T04778-1,T04778,1,首次受理,2026-04-24,12.94
T04778-2,T04778,2,补充沟通,2026-04-24,11.91
T04778-3,T04778,3,补充沟通,2026-04-24,16.04
T04779-1,T04779,1,首次受理,2026-04-24,2.19
T04780-1,T04780,1,首次受理,2026-04-24,9.19
T04781-1,T04781,1,首次受理,2026-04-24,8.43
T04781-2,T04781,2,补充沟通,2026-04-24,18.96
T04782-1,T04782,1,首次受理,2026-04-24,11.94
T04782-2,T04782,2,补充沟通,2026-04-24,9.77
T04783-1,T04783,1,首次受理,2026-04-24,10.6
T04784-1,T04784,1,首次受理,2026-04-24,4.93
T04784-2,T04784,2,补充沟通,2026-04-24,7.12
T04785-1,T04785,1,首次受理,2026-04-24,8.81
T04785-2,T04785,2,补充沟通,2026-04-24,9.71
T04786-1,T04786,1,首次受理,2026-04-24,4.08
T04787-1,T04787,1,首次受理,2026-04-24,18.46
T04787-2,T04787,2,补充沟通,2026-04-24,9.01
T04787-3,T04787,3,补充沟通,2026-04-24,17.64
T04788-1,T04788,1,首次受理,2026-04-24,11.89
T04788-2,T04788,2,补充沟通,2026-04-24,9.1
T04788-3,T04788,3,补充沟通,2026-04-24,15.56
T04789-1,T04789,1,首次受理,2026-04-24,9.17
T04789-2,T04789,2,补充沟通,2026-04-24,15.14
T04789-3,T04789,3,补充沟通,2026-04-24,7.38
T04790-1,T04790,1,首次受理,2026-04-24,6.92
T04791-1,T04791,1,首次受理,2026-04-24,11.52
T04791-2,T04791,2,补充沟通,2026-04-24,10.74
T04791-3,T04791,3,补充沟通,2026-04-24,17.9
T04792-1,T04792,1,首次受理,2026-04-24,8.87
T04792-2,T04792,2,补充沟通,2026-04-24,10.74
T04793-1,T04793,1,首次受理,2026-04-24,15.05
T04793-2,T04793,2,补充沟通,2026-04-24,18.09
T04794-1,T04794,1,首次受理,2026-04-24,7.0
T04794-2,T04794,2,补充沟通,2026-04-24,10.88
T04795-1,T04795,1,首次受理,2026-04-24,5.73
T04796-1,T04796,1,首次受理,2026-04-24,13.12
T04796-2,T04796,2,补充沟通,2026-04-24,8.89
T04796-3,T04796,3,补充沟通,2026-04-24,9.04
T04797-1,T04797,1,首次受理,2026-04-24,15.75
T04797-2,T04797,2,补充沟通,2026-04-24,19.15
T04798-1,T04798,1,首次受理,2026-04-24,6.57
T04799-1,T04799,1,首次受理,2026-04-24,4.34
T04799-2,T04799,2,补充沟通,2026-04-24,2.91
T04799-3,T04799,3,补充沟通,2026-04-24,2.04
T04800-1,T04800,1,首次受理,2026-04-24,5.17
T04800-2,T04800,2,补充沟通,2026-04-24,17.13
T04800-3,T04800,3,补充沟通,2026-04-24,12.39
