budget,stratum,person_id,inclusion_probability,design_weight
4500,north_early,P1-0001,0.25,4.0
4500,north_early,P1-0002,0.25,4.0
4500,north_early,P1-0005,0.25,4.0
4500,north_early,P1-0006,0.25,4.0
4500,north_early,P1-0016,0.25,4.0
4500,north_early,P1-0017,0.25,4.0
4500,north_early,P1-0018,0.25,4.0
4500,north_early,P1-0019,0.25,4.0
4500,north_early,P1-0025,0.25,4.0
4500,north_early,P1-0031,0.25,4.0
4500,north_early,P1-0032,0.25,4.0
4500,north_early,P1-0040,0.25,4.0
4500,north_early,P1-0042,0.25,4.0
4500,north_early,P1-0044,0.25,4.0
4500,north_early,P1-0052,0.25,4.0
4500,north_early,P1-0054,0.25,4.0
4500,north_early,P1-0057,0.25,4.0
4500,north_early,P1-0061,0.25,4.0
4500,north_early,P1-0063,0.25,4.0
4500,north_early,P1-0074,0.25,4.0
4500,north_early,P1-0078,0.25,4.0
4500,north_early,P1-0083,0.25,4.0
4500,north_early,P1-0088,0.25,4.0
4500,north_early,P1-0089,0.25,4.0
4500,north_early,P1-0090,0.25,4.0
4500,north_early,P1-0092,0.25,4.0
4500,north_early,P1-0093,0.25,4.0
4500,north_early,P1-0105,0.25,4.0
4500,north_early,P1-0106,0.25,4.0
4500,north_early,P1-0108,0.25,4.0
4500,north_early,P1-0117,0.25,4.0
4500,north_early,P1-0121,0.25,4.0
4500,north_early,P1-0122,0.25,4.0
4500,north_early,P1-0123,0.25,4.0
4500,north_early,P1-0125,0.25,4.0
4500,north_early,P1-0134,0.25,4.0
4500,north_early,P1-0140,0.25,4.0
4500,north_early,P1-0148,0.25,4.0
4500,north_early,P1-0152,0.25,4.0
4500,north_early,P1-0155,0.25,4.0
4500,north_early,P1-0157,0.25,4.0
4500,north_early,P1-0158,0.25,4.0
4500,north_early,P1-0159,0.25,4.0
4500,north_early,P1-0174,0.25,4.0
4500,north_early,P1-0177,0.25,4.0
4500,north_early,P1-0184,0.25,4.0
4500,north_early,P1-0196,0.25,4.0
4500,north_early,P1-0201,0.25,4.0
4500,north_early,P1-0204,0.25,4.0
4500,north_early,P1-0208,0.25,4.0
4500,north_early,P1-0217,0.25,4.0
4500,north_early,P1-0219,0.25,4.0
4500,north_early,P1-0227,0.25,4.0
4500,north_early,P1-0228,0.25,4.0
4500,north_early,P1-0229,0.25,4.0
4500,north_early,P1-0232,0.25,4.0
4500,north_early,P1-0235,0.25,4.0
4500,north_early,P1-0243,0.25,4.0
4500,north_early,P1-0254,0.25,4.0
4500,north_early,P1-0255,0.25,4.0
4500,north_early,P1-0260,0.25,4.0
4500,north_early,P1-0263,0.25,4.0
4500,north_early,P1-0268,0.25,4.0
4500,north_early,P1-0270,0.25,4.0
4500,north_early,P1-0275,0.25,4.0
4500,north_early,P1-0279,0.25,4.0
4500,north_early,P1-0281,0.25,4.0
4500,north_early,P1-0283,0.25,4.0
4500,north_early,P1-0284,0.25,4.0
4500,north_early,P1-0286,0.25,4.0
4500,north_early,P1-0288,0.25,4.0
4500,north_early,P1-0294,0.25,4.0
4500,north_early,P1-0295,0.25,4.0
4500,north_early,P1-0297,0.25,4.0
4500,north_early,P1-0298,0.25,4.0
4500,north_early,P1-0305,0.25,4.0
4500,north_early,P1-0310,0.25,4.0
4500,north_early,P1-0313,0.25,4.0
4500,north_early,P1-0314,0.25,4.0
4500,north_early,P1-0316,0.25,4.0
4500,north_early,P1-0320,0.25,4.0
4500,north_early,P1-0326,0.25,4.0
4500,north_early,P1-0327,0.25,4.0
4500,north_early,P1-0329,0.25,4.0
4500,north_early,P1-0331,0.25,4.0
4500,north_early,P1-0333,0.25,4.0
4500,north_early,P1-0335,0.25,4.0
4500,north_early,P1-0341,0.25,4.0
4500,north_early,P1-0342,0.25,4.0
4500,north_early,P1-0344,0.25,4.0
4500,north_early,P1-0350,0.25,4.0
4500,north_early,P1-0354,0.25,4.0
4500,north_early,P1-0358,0.25,4.0
4500,north_early,P1-0361,0.25,4.0
4500,north_early,P1-0363,0.25,4.0
4500,north_early,P1-0365,0.25,4.0
4500,north_early,P1-0366,0.25,4.0
4500,north_early,P1-0367,0.25,4.0
4500,north_early,P1-0371,0.25,4.0
4500,north_early,P1-0374,0.25,4.0
4500,north_early,P1-0376,0.25,4.0
4500,north_early,P1-0388,0.25,4.0
4500,north_early,P1-0403,0.25,4.0
4500,north_early,P1-0406,0.25,4.0
4500,north_early,P1-0413,0.25,4.0
4500,north_early,P1-0414,0.25,4.0
4500,north_early,P1-0417,0.25,4.0
4500,north_early,P1-0419,0.25,4.0
4500,north_early,P1-0421,0.25,4.0
4500,north_early,P1-0422,0.25,4.0
4500,north_early,P1-0426,0.25,4.0
4500,north_early,P1-0428,0.25,4.0
4500,north_early,P1-0436,0.25,4.0
4500,north_early,P1-0438,0.25,4.0
4500,north_early,P1-0439,0.25,4.0
4500,north_early,P1-0440,0.25,4.0
4500,north_early,P1-0460,0.25,4.0
4500,north_early,P1-0462,0.25,4.0
4500,north_early,P1-0463,0.25,4.0
4500,north_early,P1-0467,0.25,4.0
4500,north_early,P1-0468,0.25,4.0
4500,north_early,P1-0473,0.25,4.0
4500,north_early,P1-0480,0.25,4.0
4500,north_early,P1-0490,0.25,4.0
4500,north_early,P1-0498,0.25,4.0
4500,north_late,P2-0005,0.2957142857142857,3.3816425120772946
4500,north_late,P2-0006,0.2957142857142857,3.3816425120772946
4500,north_late,P2-0007,0.2957142857142857,3.3816425120772946
4500,north_late,P2-0014,0.2957142857142857,3.3816425120772946
4500,north_late,P2-0019,0.2957142857142857,3.3816425120772946
4500,north_late,P2-0020,0.2957142857142857,3.3816425120772946
4500,north_late,P2-0027,0.2957142857142857,3.3816425120772946
4500,north_late,P2-0029,0.2957142857142857,3.3816425120772946
4500,north_late,P2-0031,0.2957142857142857,3.3816425120772946
4500,north_late,P2-0033,0.2957142857142857,3.3816425120772946
4500,north_late,P2-0036,0.2957142857142857,3.3816425120772946
4500,north_late,P2-0039,0.2957142857142857,3.3816425120772946
4500,north_late,P2-0040,0.2957142857142857,3.3816425120772946
4500,north_late,P2-0042,0.2957142857142857,3.3816425120772946
4500,north_late,P2-0043,0.2957142857142857,3.3816425120772946
4500,north_late,P2-0046,0.2957142857142857,3.3816425120772946
4500,north_late,P2-0051,0.2957142857142857,3.3816425120772946
4500,north_late,P2-0055,0.2957142857142857,3.3816425120772946
4500,north_late,P2-0066,0.2957142857142857,3.3816425120772946
4500,north_late,P2-0069,0.2957142857142857,3.3816425120772946
4500,north_late,P2-0072,0.2957142857142857,3.3816425120772946
4500,north_late,P2-0074,0.2957142857142857,3.3816425120772946
4500,north_late,P2-0079,0.2957142857142857,3.3816425120772946
4500,north_late,P2-0080,0.2957142857142857,3.3816425120772946
4500,north_late,P2-0081,0.2957142857142857,3.3816425120772946
4500,north_late,P2-0084,0.2957142857142857,3.3816425120772946
4500,north_late,P2-0086,0.2957142857142857,3.3816425120772946
4500,north_late,P2-0087,0.2957142857142857,3.3816425120772946
4500,north_late,P2-0088,0.2957142857142857,3.3816425120772946
4500,north_late,P2-0094,0.2957142857142857,3.3816425120772946
4500,north_late,P2-0095,0.2957142857142857,3.3816425120772946
4500,north_late,P2-0097,0.2957142857142857,3.3816425120772946
4500,north_late,P2-0099,0.2957142857142857,3.3816425120772946
4500,north_late,P2-0102,0.2957142857142857,3.3816425120772946
4500,north_late,P2-0103,0.2957142857142857,3.3816425120772946
4500,north_late,P2-0105,0.2957142857142857,3.3816425120772946
4500,north_late,P2-0106,0.2957142857142857,3.3816425120772946
4500,north_late,P2-0107,0.2957142857142857,3.3816425120772946
4500,north_late,P2-0118,0.2957142857142857,3.3816425120772946
4500,north_late,P2-0121,0.2957142857142857,3.3816425120772946
4500,north_late,P2-0122,0.2957142857142857,3.3816425120772946
4500,north_late,P2-0125,0.2957142857142857,3.3816425120772946
4500,north_late,P2-0133,0.2957142857142857,3.3816425120772946
4500,north_late,P2-0138,0.2957142857142857,3.3816425120772946
4500,north_late,P2-0140,0.2957142857142857,3.3816425120772946
4500,north_late,P2-0143,0.2957142857142857,3.3816425120772946
4500,north_late,P2-0144,0.2957142857142857,3.3816425120772946
4500,north_late,P2-0149,0.2957142857142857,3.3816425120772946
4500,north_late,P2-0150,0.2957142857142857,3.3816425120772946
4500,north_late,P2-0163,0.2957142857142857,3.3816425120772946
4500,north_late,P2-0168,0.2957142857142857,3.3816425120772946
4500,north_late,P2-0171,0.2957142857142857,3.3816425120772946
4500,north_late,P2-0172,0.2957142857142857,3.3816425120772946
4500,north_late,P2-0176,0.2957142857142857,3.3816425120772946
4500,north_late,P2-0178,0.2957142857142857,3.3816425120772946
4500,north_late,P2-0180,0.2957142857142857,3.3816425120772946
4500,north_late,P2-0184,0.2957142857142857,3.3816425120772946
4500,north_late,P2-0186,0.2957142857142857,3.3816425120772946
4500,north_late,P2-0188,0.2957142857142857,3.3816425120772946
4500,north_late,P2-0197,0.2957142857142857,3.3816425120772946
4500,north_late,P2-0198,0.2957142857142857,3.3816425120772946
4500,north_late,P2-0200,0.2957142857142857,3.3816425120772946
4500,north_late,P2-0201,0.2957142857142857,3.3816425120772946
4500,north_late,P2-0213,0.2957142857142857,3.3816425120772946
4500,north_late,P2-0217,0.2957142857142857,3.3816425120772946
4500,north_late,P2-0219,0.2957142857142857,3.3816425120772946
4500,north_late,P2-0223,0.2957142857142857,3.3816425120772946
4500,north_late,P2-0224,0.2957142857142857,3.3816425120772946
4500,north_late,P2-0226,0.2957142857142857,3.3816425120772946
4500,north_late,P2-0227,0.2957142857142857,3.3816425120772946
4500,north_late,P2-0233,0.2957142857142857,3.3816425120772946
4500,north_late,P2-0241,0.2957142857142857,3.3816425120772946
4500,north_late,P2-0244,0.2957142857142857,3.3816425120772946
4500,north_late,P2-0245,0.2957142857142857,3.3816425120772946
4500,north_late,P2-0249,0.2957142857142857,3.3816425120772946
4500,north_late,P2-0259,0.2957142857142857,3.3816425120772946
4500,north_late,P2-0263,0.2957142857142857,3.3816425120772946
4500,north_late,P2-0264,0.2957142857142857,3.3816425120772946
4500,north_late,P2-0266,0.2957142857142857,3.3816425120772946
4500,north_late,P2-0267,0.2957142857142857,3.3816425120772946
4500,north_late,P2-0270,0.2957142857142857,3.3816425120772946
4500,north_late,P2-0272,0.2957142857142857,3.3816425120772946
4500,north_late,P2-0278,0.2957142857142857,3.3816425120772946
4500,north_late,P2-0280,0.2957142857142857,3.3816425120772946
4500,north_late,P2-0282,0.2957142857142857,3.3816425120772946
4500,north_late,P2-0287,0.2957142857142857,3.3816425120772946
4500,north_late,P2-0288,0.2957142857142857,3.3816425120772946
4500,north_late,P2-0291,0.2957142857142857,3.3816425120772946
4500,north_late,P2-0293,0.2957142857142857,3.3816425120772946
4500,north_late,P2-0297,0.2957142857142857,3.3816425120772946
4500,north_late,P2-0301,0.2957142857142857,3.3816425120772946
4500,north_late,P2-0302,0.2957142857142857,3.3816425120772946
4500,north_late,P2-0304,0.2957142857142857,3.3816425120772946
4500,north_late,P2-0306,0.2957142857142857,3.3816425120772946
4500,north_late,P2-0307,0.2957142857142857,3.3816425120772946
4500,north_late,P2-0311,0.2957142857142857,3.3816425120772946
4500,north_late,P2-0314,0.2957142857142857,3.3816425120772946
4500,north_late,P2-0316,0.2957142857142857,3.3816425120772946
4500,north_late,P2-0317,0.2957142857142857,3.3816425120772946
4500,north_late,P2-0318,0.2957142857142857,3.3816425120772946
4500,north_late,P2-0322,0.2957142857142857,3.3816425120772946
4500,north_late,P2-0332,0.2957142857142857,3.3816425120772946
4500,north_late,P2-0333,0.2957142857142857,3.3816425120772946
4500,north_late,P2-0334,0.2957142857142857,3.3816425120772946
4500,north_late,P2-0340,0.2957142857142857,3.3816425120772946
4500,north_late,P2-0343,0.2957142857142857,3.3816425120772946
4500,north_late,P2-0347,0.2957142857142857,3.3816425120772946
4500,north_late,P2-0352,0.2957142857142857,3.3816425120772946
4500,north_late,P2-0354,0.2957142857142857,3.3816425120772946
4500,north_late,P2-0357,0.2957142857142857,3.3816425120772946
4500,north_late,P2-0358,0.2957142857142857,3.3816425120772946
4500,north_late,P2-0365,0.2957142857142857,3.3816425120772946
4500,north_late,P2-0376,0.2957142857142857,3.3816425120772946
4500,north_late,P2-0384,0.2957142857142857,3.3816425120772946
4500,north_late,P2-0387,0.2957142857142857,3.3816425120772946
4500,north_late,P2-0393,0.2957142857142857,3.3816425120772946
4500,north_late,P2-0394,0.2957142857142857,3.3816425120772946
4500,north_late,P2-0404,0.2957142857142857,3.3816425120772946
4500,north_late,P2-0406,0.2957142857142857,3.3816425120772946
4500,north_late,P2-0408,0.2957142857142857,3.3816425120772946
4500,north_late,P2-0410,0.2957142857142857,3.3816425120772946
4500,north_late,P2-0413,0.2957142857142857,3.3816425120772946
4500,north_late,P2-0417,0.2957142857142857,3.3816425120772946
4500,north_late,P2-0422,0.2957142857142857,3.3816425120772946
4500,north_late,P2-0425,0.2957142857142857,3.3816425120772946
4500,north_late,P2-0427,0.2957142857142857,3.3816425120772946
4500,north_late,P2-0430,0.2957142857142857,3.3816425120772946
4500,north_late,P2-0438,0.2957142857142857,3.3816425120772946
4500,north_late,P2-0439,0.2957142857142857,3.3816425120772946
4500,north_late,P2-0441,0.2957142857142857,3.3816425120772946
4500,north_late,P2-0442,0.2957142857142857,3.3816425120772946
4500,north_late,P2-0451,0.2957142857142857,3.3816425120772946
4500,north_late,P2-0462,0.2957142857142857,3.3816425120772946
4500,north_late,P2-0463,0.2957142857142857,3.3816425120772946
4500,north_late,P2-0464,0.2957142857142857,3.3816425120772946
4500,north_late,P2-0466,0.2957142857142857,3.3816425120772946
4500,north_late,P2-0469,0.2957142857142857,3.3816425120772946
4500,north_late,P2-0470,0.2957142857142857,3.3816425120772946
4500,north_late,P2-0480,0.2957142857142857,3.3816425120772946
4500,north_late,P2-0482,0.2957142857142857,3.3816425120772946
4500,north_late,P2-0483,0.2957142857142857,3.3816425120772946
4500,north_late,P2-0491,0.2957142857142857,3.3816425120772946
4500,north_late,P2-0492,0.2957142857142857,3.3816425120772946
4500,north_late,P2-0496,0.2957142857142857,3.3816425120772946
4500,north_late,P2-0499,0.2957142857142857,3.3816425120772946
4500,north_late,P2-0500,0.2957142857142857,3.3816425120772946
4500,north_late,P2-0502,0.2957142857142857,3.3816425120772946
4500,north_late,P2-0509,0.2957142857142857,3.3816425120772946
4500,north_late,P2-0513,0.2957142857142857,3.3816425120772946
4500,north_late,P2-0514,0.2957142857142857,3.3816425120772946
4500,north_late,P2-0519,0.2957142857142857,3.3816425120772946
4500,north_late,P2-0520,0.2957142857142857,3.3816425120772946
4500,north_late,P2-0526,0.2957142857142857,3.3816425120772946
4500,north_late,P2-0532,0.2957142857142857,3.3816425120772946
4500,north_late,P2-0533,0.2957142857142857,3.3816425120772946
4500,north_late,P2-0538,0.2957142857142857,3.3816425120772946
4500,north_late,P2-0539,0.2957142857142857,3.3816425120772946
4500,north_late,P2-0552,0.2957142857142857,3.3816425120772946
4500,north_late,P2-0554,0.2957142857142857,3.3816425120772946
4500,north_late,P2-0556,0.2957142857142857,3.3816425120772946
4500,north_late,P2-0558,0.2957142857142857,3.3816425120772946
4500,north_late,P2-0559,0.2957142857142857,3.3816425120772946
4500,north_late,P2-0564,0.2957142857142857,3.3816425120772946
4500,north_late,P2-0566,0.2957142857142857,3.3816425120772946
4500,north_late,P2-0569,0.2957142857142857,3.3816425120772946
4500,north_late,P2-0572,0.2957142857142857,3.3816425120772946
4500,north_late,P2-0579,0.2957142857142857,3.3816425120772946
4500,north_late,P2-0580,0.2957142857142857,3.3816425120772946
4500,north_late,P2-0584,0.2957142857142857,3.3816425120772946
4500,north_late,P2-0589,0.2957142857142857,3.3816425120772946
4500,north_late,P2-0593,0.2957142857142857,3.3816425120772946
4500,north_late,P2-0595,0.2957142857142857,3.3816425120772946
4500,north_late,P2-0600,0.2957142857142857,3.3816425120772946
4500,north_late,P2-0603,0.2957142857142857,3.3816425120772946
4500,north_late,P2-0606,0.2957142857142857,3.3816425120772946
4500,north_late,P2-0607,0.2957142857142857,3.3816425120772946
4500,north_late,P2-0609,0.2957142857142857,3.3816425120772946
4500,north_late,P2-0613,0.2957142857142857,3.3816425120772946
4500,north_late,P2-0615,0.2957142857142857,3.3816425120772946
4500,north_late,P2-0626,0.2957142857142857,3.3816425120772946
4500,north_late,P2-0628,0.2957142857142857,3.3816425120772946
4500,north_late,P2-0630,0.2957142857142857,3.3816425120772946
4500,north_late,P2-0632,0.2957142857142857,3.3816425120772946
4500,north_late,P2-0633,0.2957142857142857,3.3816425120772946
4500,north_late,P2-0636,0.2957142857142857,3.3816425120772946
4500,north_late,P2-0638,0.2957142857142857,3.3816425120772946
4500,north_late,P2-0639,0.2957142857142857,3.3816425120772946
4500,north_late,P2-0644,0.2957142857142857,3.3816425120772946
4500,north_late,P2-0645,0.2957142857142857,3.3816425120772946
4500,north_late,P2-0649,0.2957142857142857,3.3816425120772946
4500,north_late,P2-0654,0.2957142857142857,3.3816425120772946
4500,north_late,P2-0657,0.2957142857142857,3.3816425120772946
4500,north_late,P2-0658,0.2957142857142857,3.3816425120772946
4500,north_late,P2-0664,0.2957142857142857,3.3816425120772946
4500,north_late,P2-0665,0.2957142857142857,3.3816425120772946
4500,north_late,P2-0672,0.2957142857142857,3.3816425120772946
4500,north_late,P2-0673,0.2957142857142857,3.3816425120772946
4500,north_late,P2-0675,0.2957142857142857,3.3816425120772946
4500,north_late,P2-0677,0.2957142857142857,3.3816425120772946
4500,north_late,P2-0680,0.2957142857142857,3.3816425120772946
4500,north_late,P2-0681,0.2957142857142857,3.3816425120772946
4500,north_late,P2-0682,0.2957142857142857,3.3816425120772946
4500,north_late,P2-0684,0.2957142857142857,3.3816425120772946
4500,north_late,P2-0688,0.2957142857142857,3.3816425120772946
4500,north_late,P2-0690,0.2957142857142857,3.3816425120772946
4500,north_late,P2-0691,0.2957142857142857,3.3816425120772946
4500,north_late,P2-0692,0.2957142857142857,3.3816425120772946
4500,central_early,P3-0001,0.21333333333333335,4.6875
4500,central_early,P3-0005,0.21333333333333335,4.6875
4500,central_early,P3-0010,0.21333333333333335,4.6875
4500,central_early,P3-0016,0.21333333333333335,4.6875
4500,central_early,P3-0017,0.21333333333333335,4.6875
4500,central_early,P3-0018,0.21333333333333335,4.6875
4500,central_early,P3-0019,0.21333333333333335,4.6875
4500,central_early,P3-0023,0.21333333333333335,4.6875
4500,central_early,P3-0027,0.21333333333333335,4.6875
4500,central_early,P3-0029,0.21333333333333335,4.6875
4500,central_early,P3-0030,0.21333333333333335,4.6875
4500,central_early,P3-0031,0.21333333333333335,4.6875
4500,central_early,P3-0041,0.21333333333333335,4.6875
4500,central_early,P3-0042,0.21333333333333335,4.6875
4500,central_early,P3-0047,0.21333333333333335,4.6875
4500,central_early,P3-0049,0.21333333333333335,4.6875
4500,central_early,P3-0061,0.21333333333333335,4.6875
4500,central_early,P3-0062,0.21333333333333335,4.6875
4500,central_early,P3-0064,0.21333333333333335,4.6875
4500,central_early,P3-0065,0.21333333333333335,4.6875
4500,central_early,P3-0073,0.21333333333333335,4.6875
4500,central_early,P3-0076,0.21333333333333335,4.6875
4500,central_early,P3-0077,0.21333333333333335,4.6875
4500,central_early,P3-0078,0.21333333333333335,4.6875
4500,central_early,P3-0085,0.21333333333333335,4.6875
4500,central_early,P3-0089,0.21333333333333335,4.6875
4500,central_early,P3-0090,0.21333333333333335,4.6875
4500,central_early,P3-0095,0.21333333333333335,4.6875
4500,central_early,P3-0098,0.21333333333333335,4.6875
4500,central_early,P3-0100,0.21333333333333335,4.6875
4500,central_early,P3-0101,0.21333333333333335,4.6875
4500,central_early,P3-0104,0.21333333333333335,4.6875
4500,central_early,P3-0105,0.21333333333333335,4.6875
4500,central_early,P3-0106,0.21333333333333335,4.6875
4500,central_early,P3-0107,0.21333333333333335,4.6875
4500,central_early,P3-0114,0.21333333333333335,4.6875
4500,central_early,P3-0121,0.21333333333333335,4.6875
4500,central_early,P3-0126,0.21333333333333335,4.6875
4500,central_early,P3-0142,0.21333333333333335,4.6875
4500,central_early,P3-0143,0.21333333333333335,4.6875
4500,central_early,P3-0144,0.21333333333333335,4.6875
4500,central_early,P3-0151,0.21333333333333335,4.6875
4500,central_early,P3-0152,0.21333333333333335,4.6875
4500,central_early,P3-0158,0.21333333333333335,4.6875
4500,central_early,P3-0164,0.21333333333333335,4.6875
4500,central_early,P3-0169,0.21333333333333335,4.6875
4500,central_early,P3-0175,0.21333333333333335,4.6875
4500,central_early,P3-0179,0.21333333333333335,4.6875
4500,central_early,P3-0180,0.21333333333333335,4.6875
4500,central_early,P3-0181,0.21333333333333335,4.6875
4500,central_early,P3-0183,0.21333333333333335,4.6875
4500,central_early,P3-0189,0.21333333333333335,4.6875
4500,central_early,P3-0196,0.21333333333333335,4.6875
4500,central_early,P3-0206,0.21333333333333335,4.6875
4500,central_early,P3-0211,0.21333333333333335,4.6875
4500,central_early,P3-0219,0.21333333333333335,4.6875
4500,central_early,P3-0223,0.21333333333333335,4.6875
4500,central_early,P3-0228,0.21333333333333335,4.6875
4500,central_early,P3-0231,0.21333333333333335,4.6875
4500,central_early,P3-0244,0.21333333333333335,4.6875
4500,central_early,P3-0245,0.21333333333333335,4.6875
4500,central_early,P3-0260,0.21333333333333335,4.6875
4500,central_early,P3-0266,0.21333333333333335,4.6875
4500,central_early,P3-0271,0.21333333333333335,4.6875
4500,central_early,P3-0275,0.21333333333333335,4.6875
4500,central_early,P3-0277,0.21333333333333335,4.6875
4500,central_early,P3-0279,0.21333333333333335,4.6875
4500,central_early,P3-0280,0.21333333333333335,4.6875
4500,central_early,P3-0301,0.21333333333333335,4.6875
4500,central_early,P3-0304,0.21333333333333335,4.6875
4500,central_early,P3-0306,0.21333333333333335,4.6875
4500,central_early,P3-0307,0.21333333333333335,4.6875
4500,central_early,P3-0322,0.21333333333333335,4.6875
4500,central_early,P3-0326,0.21333333333333335,4.6875
4500,central_early,P3-0336,0.21333333333333335,4.6875
4500,central_early,P3-0340,0.21333333333333335,4.6875
4500,central_early,P3-0348,0.21333333333333335,4.6875
4500,central_early,P3-0349,0.21333333333333335,4.6875
4500,central_early,P3-0353,0.21333333333333335,4.6875
4500,central_early,P3-0354,0.21333333333333335,4.6875
4500,central_early,P3-0367,0.21333333333333335,4.6875
4500,central_early,P3-0369,0.21333333333333335,4.6875
4500,central_early,P3-0371,0.21333333333333335,4.6875
4500,central_early,P3-0375,0.21333333333333335,4.6875
4500,central_early,P3-0379,0.21333333333333335,4.6875
4500,central_early,P3-0383,0.21333333333333335,4.6875
4500,central_early,P3-0384,0.21333333333333335,4.6875
4500,central_early,P3-0386,0.21333333333333335,4.6875
4500,central_early,P3-0387,0.21333333333333335,4.6875
4500,central_early,P3-0388,0.21333333333333335,4.6875
4500,central_early,P3-0403,0.21333333333333335,4.6875
4500,central_early,P3-0408,0.21333333333333335,4.6875
4500,central_early,P3-0417,0.21333333333333335,4.6875
4500,central_early,P3-0418,0.21333333333333335,4.6875
4500,central_early,P3-0419,0.21333333333333335,4.6875
4500,central_early,P3-0426,0.21333333333333335,4.6875
4500,central_early,P3-0433,0.21333333333333335,4.6875
4500,central_early,P3-0434,0.21333333333333335,4.6875
4500,central_early,P3-0444,0.21333333333333335,4.6875
4500,central_early,P3-0447,0.21333333333333335,4.6875
4500,central_early,P3-0457,0.21333333333333335,4.6875
4500,central_early,P3-0460,0.21333333333333335,4.6875
4500,central_early,P3-0472,0.21333333333333335,4.6875
4500,central_early,P3-0480,0.21333333333333335,4.6875
4500,central_early,P3-0487,0.21333333333333335,4.6875
4500,central_early,P3-0490,0.21333333333333335,4.6875
4500,central_early,P3-0492,0.21333333333333335,4.6875
4500,central_early,P3-0493,0.21333333333333335,4.6875
4500,central_early,P3-0496,0.21333333333333335,4.6875
4500,central_early,P3-0504,0.21333333333333335,4.6875
4500,central_early,P3-0508,0.21333333333333335,4.6875
4500,central_early,P3-0510,0.21333333333333335,4.6875
4500,central_early,P3-0527,0.21333333333333335,4.6875
4500,central_early,P3-0534,0.21333333333333335,4.6875
4500,central_early,P3-0548,0.21333333333333335,4.6875
4500,central_early,P3-0551,0.21333333333333335,4.6875
4500,central_early,P3-0569,0.21333333333333335,4.6875
4500,central_early,P3-0571,0.21333333333333335,4.6875
4500,central_early,P3-0573,0.21333333333333335,4.6875
4500,central_early,P3-0575,0.21333333333333335,4.6875
4500,central_early,P3-0577,0.21333333333333335,4.6875
4500,central_early,P3-0579,0.21333333333333335,4.6875
4500,central_early,P3-0583,0.21333333333333335,4.6875
4500,central_early,P3-0586,0.21333333333333335,4.6875
4500,central_early,P3-0588,0.21333333333333335,4.6875
4500,central_early,P3-0590,0.21333333333333335,4.6875
4500,central_early,P3-0595,0.21333333333333335,4.6875
4500,central_early,P3-0596,0.21333333333333335,4.6875
4500,central_late,P4-0005,0.24875,4.0201005025125625
4500,central_late,P4-0009,0.24875,4.0201005025125625
4500,central_late,P4-0011,0.24875,4.0201005025125625
4500,central_late,P4-0013,0.24875,4.0201005025125625
4500,central_late,P4-0021,0.24875,4.0201005025125625
4500,central_late,P4-0025,0.24875,4.0201005025125625
4500,central_late,P4-0027,0.24875,4.0201005025125625
4500,central_late,P4-0034,0.24875,4.0201005025125625
4500,central_late,P4-0037,0.24875,4.0201005025125625
4500,central_late,P4-0049,0.24875,4.0201005025125625
4500,central_late,P4-0056,0.24875,4.0201005025125625
4500,central_late,P4-0062,0.24875,4.0201005025125625
4500,central_late,P4-0065,0.24875,4.0201005025125625
4500,central_late,P4-0066,0.24875,4.0201005025125625
4500,central_late,P4-0076,0.24875,4.0201005025125625
4500,central_late,P4-0077,0.24875,4.0201005025125625
4500,central_late,P4-0085,0.24875,4.0201005025125625
4500,central_late,P4-0087,0.24875,4.0201005025125625
4500,central_late,P4-0091,0.24875,4.0201005025125625
4500,central_late,P4-0096,0.24875,4.0201005025125625
4500,central_late,P4-0099,0.24875,4.0201005025125625
4500,central_late,P4-0104,0.24875,4.0201005025125625
4500,central_late,P4-0117,0.24875,4.0201005025125625
4500,central_late,P4-0119,0.24875,4.0201005025125625
4500,central_late,P4-0120,0.24875,4.0201005025125625
4500,central_late,P4-0123,0.24875,4.0201005025125625
4500,central_late,P4-0124,0.24875,4.0201005025125625
4500,central_late,P4-0128,0.24875,4.0201005025125625
4500,central_late,P4-0129,0.24875,4.0201005025125625
4500,central_late,P4-0131,0.24875,4.0201005025125625
4500,central_late,P4-0132,0.24875,4.0201005025125625
4500,central_late,P4-0133,0.24875,4.0201005025125625
4500,central_late,P4-0134,0.24875,4.0201005025125625
4500,central_late,P4-0135,0.24875,4.0201005025125625
4500,central_late,P4-0136,0.24875,4.0201005025125625
4500,central_late,P4-0139,0.24875,4.0201005025125625
4500,central_late,P4-0141,0.24875,4.0201005025125625
4500,central_late,P4-0142,0.24875,4.0201005025125625
4500,central_late,P4-0145,0.24875,4.0201005025125625
4500,central_late,P4-0148,0.24875,4.0201005025125625
4500,central_late,P4-0159,0.24875,4.0201005025125625
4500,central_late,P4-0162,0.24875,4.0201005025125625
4500,central_late,P4-0170,0.24875,4.0201005025125625
4500,central_late,P4-0174,0.24875,4.0201005025125625
4500,central_late,P4-0177,0.24875,4.0201005025125625
4500,central_late,P4-0180,0.24875,4.0201005025125625
4500,central_late,P4-0193,0.24875,4.0201005025125625
4500,central_late,P4-0199,0.24875,4.0201005025125625
4500,central_late,P4-0204,0.24875,4.0201005025125625
4500,central_late,P4-0206,0.24875,4.0201005025125625
4500,central_late,P4-0213,0.24875,4.0201005025125625
4500,central_late,P4-0215,0.24875,4.0201005025125625
4500,central_late,P4-0220,0.24875,4.0201005025125625
4500,central_late,P4-0222,0.24875,4.0201005025125625
4500,central_late,P4-0233,0.24875,4.0201005025125625
4500,central_late,P4-0236,0.24875,4.0201005025125625
4500,central_late,P4-0239,0.24875,4.0201005025125625
4500,central_late,P4-0244,0.24875,4.0201005025125625
4500,central_late,P4-0245,0.24875,4.0201005025125625
4500,central_late,P4-0257,0.24875,4.0201005025125625
4500,central_late,P4-0268,0.24875,4.0201005025125625
4500,central_late,P4-0272,0.24875,4.0201005025125625
4500,central_late,P4-0277,0.24875,4.0201005025125625
4500,central_late,P4-0281,0.24875,4.0201005025125625
4500,central_late,P4-0285,0.24875,4.0201005025125625
4500,central_late,P4-0286,0.24875,4.0201005025125625
4500,central_late,P4-0289,0.24875,4.0201005025125625
4500,central_late,P4-0292,0.24875,4.0201005025125625
4500,central_late,P4-0297,0.24875,4.0201005025125625
4500,central_late,P4-0299,0.24875,4.0201005025125625
4500,central_late,P4-0302,0.24875,4.0201005025125625
4500,central_late,P4-0304,0.24875,4.0201005025125625
4500,central_late,P4-0305,0.24875,4.0201005025125625
4500,central_late,P4-0308,0.24875,4.0201005025125625
4500,central_late,P4-0312,0.24875,4.0201005025125625
4500,central_late,P4-0316,0.24875,4.0201005025125625
4500,central_late,P4-0319,0.24875,4.0201005025125625
4500,central_late,P4-0325,0.24875,4.0201005025125625
4500,central_late,P4-0327,0.24875,4.0201005025125625
4500,central_late,P4-0329,0.24875,4.0201005025125625
4500,central_late,P4-0331,0.24875,4.0201005025125625
4500,central_late,P4-0333,0.24875,4.0201005025125625
4500,central_late,P4-0335,0.24875,4.0201005025125625
4500,central_late,P4-0338,0.24875,4.0201005025125625
4500,central_late,P4-0342,0.24875,4.0201005025125625
4500,central_late,P4-0344,0.24875,4.0201005025125625
4500,central_late,P4-0348,0.24875,4.0201005025125625
4500,central_late,P4-0353,0.24875,4.0201005025125625
4500,central_late,P4-0355,0.24875,4.0201005025125625
4500,central_late,P4-0359,0.24875,4.0201005025125625
4500,central_late,P4-0360,0.24875,4.0201005025125625
4500,central_late,P4-0363,0.24875,4.0201005025125625
4500,central_late,P4-0369,0.24875,4.0201005025125625
4500,central_late,P4-0376,0.24875,4.0201005025125625
4500,central_late,P4-0380,0.24875,4.0201005025125625
4500,central_late,P4-0383,0.24875,4.0201005025125625
4500,central_late,P4-0386,0.24875,4.0201005025125625
4500,central_late,P4-0392,0.24875,4.0201005025125625
4500,central_late,P4-0412,0.24875,4.0201005025125625
4500,central_late,P4-0414,0.24875,4.0201005025125625
4500,central_late,P4-0416,0.24875,4.0201005025125625
4500,central_late,P4-0421,0.24875,4.0201005025125625
4500,central_late,P4-0422,0.24875,4.0201005025125625
4500,central_late,P4-0424,0.24875,4.0201005025125625
4500,central_late,P4-0427,0.24875,4.0201005025125625
4500,central_late,P4-0431,0.24875,4.0201005025125625
4500,central_late,P4-0440,0.24875,4.0201005025125625
4500,central_late,P4-0441,0.24875,4.0201005025125625
4500,central_late,P4-0453,0.24875,4.0201005025125625
4500,central_late,P4-0455,0.24875,4.0201005025125625
4500,central_late,P4-0460,0.24875,4.0201005025125625
4500,central_late,P4-0469,0.24875,4.0201005025125625
4500,central_late,P4-0472,0.24875,4.0201005025125625
4500,central_late,P4-0473,0.24875,4.0201005025125625
4500,central_late,P4-0474,0.24875,4.0201005025125625
4500,central_late,P4-0478,0.24875,4.0201005025125625
4500,central_late,P4-0479,0.24875,4.0201005025125625
4500,central_late,P4-0485,0.24875,4.0201005025125625
4500,central_late,P4-0487,0.24875,4.0201005025125625
4500,central_late,P4-0513,0.24875,4.0201005025125625
4500,central_late,P4-0514,0.24875,4.0201005025125625
4500,central_late,P4-0518,0.24875,4.0201005025125625
4500,central_late,P4-0522,0.24875,4.0201005025125625
4500,central_late,P4-0532,0.24875,4.0201005025125625
4500,central_late,P4-0535,0.24875,4.0201005025125625
4500,central_late,P4-0538,0.24875,4.0201005025125625
4500,central_late,P4-0539,0.24875,4.0201005025125625
4500,central_late,P4-0540,0.24875,4.0201005025125625
4500,central_late,P4-0549,0.24875,4.0201005025125625
4500,central_late,P4-0550,0.24875,4.0201005025125625
4500,central_late,P4-0560,0.24875,4.0201005025125625
4500,central_late,P4-0569,0.24875,4.0201005025125625
4500,central_late,P4-0576,0.24875,4.0201005025125625
4500,central_late,P4-0577,0.24875,4.0201005025125625
4500,central_late,P4-0581,0.24875,4.0201005025125625
4500,central_late,P4-0582,0.24875,4.0201005025125625
4500,central_late,P4-0583,0.24875,4.0201005025125625
4500,central_late,P4-0585,0.24875,4.0201005025125625
4500,central_late,P4-0593,0.24875,4.0201005025125625
4500,central_late,P4-0597,0.24875,4.0201005025125625
4500,central_late,P4-0598,0.24875,4.0201005025125625
4500,central_late,P4-0601,0.24875,4.0201005025125625
4500,central_late,P4-0602,0.24875,4.0201005025125625
4500,central_late,P4-0605,0.24875,4.0201005025125625
4500,central_late,P4-0611,0.24875,4.0201005025125625
4500,central_late,P4-0614,0.24875,4.0201005025125625
4500,central_late,P4-0615,0.24875,4.0201005025125625
4500,central_late,P4-0617,0.24875,4.0201005025125625
4500,central_late,P4-0623,0.24875,4.0201005025125625
4500,central_late,P4-0624,0.24875,4.0201005025125625
4500,central_late,P4-0628,0.24875,4.0201005025125625
4500,central_late,P4-0632,0.24875,4.0201005025125625
4500,central_late,P4-0634,0.24875,4.0201005025125625
4500,central_late,P4-0640,0.24875,4.0201005025125625
4500,central_late,P4-0642,0.24875,4.0201005025125625
4500,central_late,P4-0645,0.24875,4.0201005025125625
4500,central_late,P4-0646,0.24875,4.0201005025125625
4500,central_late,P4-0655,0.24875,4.0201005025125625
4500,central_late,P4-0656,0.24875,4.0201005025125625
4500,central_late,P4-0657,0.24875,4.0201005025125625
4500,central_late,P4-0658,0.24875,4.0201005025125625
4500,central_late,P4-0662,0.24875,4.0201005025125625
4500,central_late,P4-0664,0.24875,4.0201005025125625
4500,central_late,P4-0673,0.24875,4.0201005025125625
4500,central_late,P4-0676,0.24875,4.0201005025125625
4500,central_late,P4-0681,0.24875,4.0201005025125625
4500,central_late,P4-0686,0.24875,4.0201005025125625
4500,central_late,P4-0688,0.24875,4.0201005025125625
4500,central_late,P4-0689,0.24875,4.0201005025125625
4500,central_late,P4-0697,0.24875,4.0201005025125625
4500,central_late,P4-0701,0.24875,4.0201005025125625
4500,central_late,P4-0705,0.24875,4.0201005025125625
4500,central_late,P4-0707,0.24875,4.0201005025125625
4500,central_late,P4-0708,0.24875,4.0201005025125625
4500,central_late,P4-0712,0.24875,4.0201005025125625
4500,central_late,P4-0718,0.24875,4.0201005025125625
4500,central_late,P4-0720,0.24875,4.0201005025125625
4500,central_late,P4-0728,0.24875,4.0201005025125625
4500,central_late,P4-0729,0.24875,4.0201005025125625
4500,central_late,P4-0730,0.24875,4.0201005025125625
4500,central_late,P4-0732,0.24875,4.0201005025125625
4500,central_late,P4-0738,0.24875,4.0201005025125625
4500,central_late,P4-0743,0.24875,4.0201005025125625
4500,central_late,P4-0744,0.24875,4.0201005025125625
4500,central_late,P4-0749,0.24875,4.0201005025125625
4500,central_late,P4-0753,0.24875,4.0201005025125625
4500,central_late,P4-0755,0.24875,4.0201005025125625
4500,central_late,P4-0764,0.24875,4.0201005025125625
4500,central_late,P4-0765,0.24875,4.0201005025125625
4500,central_late,P4-0767,0.24875,4.0201005025125625
4500,central_late,P4-0770,0.24875,4.0201005025125625
4500,central_late,P4-0771,0.24875,4.0201005025125625
4500,central_late,P4-0772,0.24875,4.0201005025125625
4500,central_late,P4-0777,0.24875,4.0201005025125625
4500,central_late,P4-0778,0.24875,4.0201005025125625
4500,central_late,P4-0781,0.24875,4.0201005025125625
4500,central_late,P4-0790,0.24875,4.0201005025125625
4500,central_late,P4-0794,0.24875,4.0201005025125625
4500,central_late,P4-0799,0.24875,4.0201005025125625
4500,south_early,P5-0002,0.27636363636363637,3.6184210526315788
4500,south_early,P5-0003,0.27636363636363637,3.6184210526315788
4500,south_early,P5-0006,0.27636363636363637,3.6184210526315788
4500,south_early,P5-0009,0.27636363636363637,3.6184210526315788
4500,south_early,P5-0017,0.27636363636363637,3.6184210526315788
4500,south_early,P5-0019,0.27636363636363637,3.6184210526315788
4500,south_early,P5-0021,0.27636363636363637,3.6184210526315788
4500,south_early,P5-0024,0.27636363636363637,3.6184210526315788
4500,south_early,P5-0027,0.27636363636363637,3.6184210526315788
4500,south_early,P5-0029,0.27636363636363637,3.6184210526315788
4500,south_early,P5-0030,0.27636363636363637,3.6184210526315788
4500,south_early,P5-0047,0.27636363636363637,3.6184210526315788
4500,south_early,P5-0049,0.27636363636363637,3.6184210526315788
4500,south_early,P5-0051,0.27636363636363637,3.6184210526315788
4500,south_early,P5-0056,0.27636363636363637,3.6184210526315788
4500,south_early,P5-0057,0.27636363636363637,3.6184210526315788
4500,south_early,P5-0060,0.27636363636363637,3.6184210526315788
4500,south_early,P5-0063,0.27636363636363637,3.6184210526315788
4500,south_early,P5-0064,0.27636363636363637,3.6184210526315788
4500,south_early,P5-0071,0.27636363636363637,3.6184210526315788
4500,south_early,P5-0073,0.27636363636363637,3.6184210526315788
4500,south_early,P5-0082,0.27636363636363637,3.6184210526315788
4500,south_early,P5-0083,0.27636363636363637,3.6184210526315788
4500,south_early,P5-0087,0.27636363636363637,3.6184210526315788
4500,south_early,P5-0089,0.27636363636363637,3.6184210526315788
4500,south_early,P5-0093,0.27636363636363637,3.6184210526315788
4500,south_early,P5-0102,0.27636363636363637,3.6184210526315788
4500,south_early,P5-0103,0.27636363636363637,3.6184210526315788
4500,south_early,P5-0104,0.27636363636363637,3.6184210526315788
4500,south_early,P5-0106,0.27636363636363637,3.6184210526315788
4500,south_early,P5-0109,0.27636363636363637,3.6184210526315788
4500,south_early,P5-0115,0.27636363636363637,3.6184210526315788
4500,south_early,P5-0122,0.27636363636363637,3.6184210526315788
4500,south_early,P5-0126,0.27636363636363637,3.6184210526315788
4500,south_early,P5-0131,0.27636363636363637,3.6184210526315788
4500,south_early,P5-0133,0.27636363636363637,3.6184210526315788
4500,south_early,P5-0136,0.27636363636363637,3.6184210526315788
4500,south_early,P5-0140,0.27636363636363637,3.6184210526315788
4500,south_early,P5-0141,0.27636363636363637,3.6184210526315788
4500,south_early,P5-0144,0.27636363636363637,3.6184210526315788
4500,south_early,P5-0147,0.27636363636363637,3.6184210526315788
4500,south_early,P5-0153,0.27636363636363637,3.6184210526315788
4500,south_early,P5-0158,0.27636363636363637,3.6184210526315788
4500,south_early,P5-0160,0.27636363636363637,3.6184210526315788
4500,south_early,P5-0161,0.27636363636363637,3.6184210526315788
4500,south_early,P5-0164,0.27636363636363637,3.6184210526315788
4500,south_early,P5-0168,0.27636363636363637,3.6184210526315788
4500,south_early,P5-0174,0.27636363636363637,3.6184210526315788
4500,south_early,P5-0175,0.27636363636363637,3.6184210526315788
4500,south_early,P5-0176,0.27636363636363637,3.6184210526315788
4500,south_early,P5-0180,0.27636363636363637,3.6184210526315788
4500,south_early,P5-0185,0.27636363636363637,3.6184210526315788
4500,south_early,P5-0193,0.27636363636363637,3.6184210526315788
4500,south_early,P5-0195,0.27636363636363637,3.6184210526315788
4500,south_early,P5-0197,0.27636363636363637,3.6184210526315788
4500,south_early,P5-0205,0.27636363636363637,3.6184210526315788
4500,south_early,P5-0211,0.27636363636363637,3.6184210526315788
4500,south_early,P5-0213,0.27636363636363637,3.6184210526315788
4500,south_early,P5-0222,0.27636363636363637,3.6184210526315788
4500,south_early,P5-0223,0.27636363636363637,3.6184210526315788
4500,south_early,P5-0229,0.27636363636363637,3.6184210526315788
4500,south_early,P5-0233,0.27636363636363637,3.6184210526315788
4500,south_early,P5-0237,0.27636363636363637,3.6184210526315788
4500,south_early,P5-0239,0.27636363636363637,3.6184210526315788
4500,south_early,P5-0243,0.27636363636363637,3.6184210526315788
4500,south_early,P5-0244,0.27636363636363637,3.6184210526315788
4500,south_early,P5-0245,0.27636363636363637,3.6184210526315788
4500,south_early,P5-0247,0.27636363636363637,3.6184210526315788
4500,south_early,P5-0248,0.27636363636363637,3.6184210526315788
4500,south_early,P5-0249,0.27636363636363637,3.6184210526315788
4500,south_early,P5-0250,0.27636363636363637,3.6184210526315788
4500,south_early,P5-0253,0.27636363636363637,3.6184210526315788
4500,south_early,P5-0254,0.27636363636363637,3.6184210526315788
4500,south_early,P5-0257,0.27636363636363637,3.6184210526315788
4500,south_early,P5-0258,0.27636363636363637,3.6184210526315788
4500,south_early,P5-0260,0.27636363636363637,3.6184210526315788
4500,south_early,P5-0267,0.27636363636363637,3.6184210526315788
4500,south_early,P5-0269,0.27636363636363637,3.6184210526315788
4500,south_early,P5-0272,0.27636363636363637,3.6184210526315788
4500,south_early,P5-0288,0.27636363636363637,3.6184210526315788
4500,south_early,P5-0289,0.27636363636363637,3.6184210526315788
4500,south_early,P5-0291,0.27636363636363637,3.6184210526315788
4500,south_early,P5-0294,0.27636363636363637,3.6184210526315788
4500,south_early,P5-0297,0.27636363636363637,3.6184210526315788
4500,south_early,P5-0299,0.27636363636363637,3.6184210526315788
4500,south_early,P5-0302,0.27636363636363637,3.6184210526315788
4500,south_early,P5-0304,0.27636363636363637,3.6184210526315788
4500,south_early,P5-0305,0.27636363636363637,3.6184210526315788
4500,south_early,P5-0314,0.27636363636363637,3.6184210526315788
4500,south_early,P5-0316,0.27636363636363637,3.6184210526315788
4500,south_early,P5-0317,0.27636363636363637,3.6184210526315788
4500,south_early,P5-0320,0.27636363636363637,3.6184210526315788
4500,south_early,P5-0321,0.27636363636363637,3.6184210526315788
4500,south_early,P5-0323,0.27636363636363637,3.6184210526315788
4500,south_early,P5-0326,0.27636363636363637,3.6184210526315788
4500,south_early,P5-0331,0.27636363636363637,3.6184210526315788
4500,south_early,P5-0332,0.27636363636363637,3.6184210526315788
4500,south_early,P5-0334,0.27636363636363637,3.6184210526315788
4500,south_early,P5-0336,0.27636363636363637,3.6184210526315788
4500,south_early,P5-0342,0.27636363636363637,3.6184210526315788
4500,south_early,P5-0344,0.27636363636363637,3.6184210526315788
4500,south_early,P5-0348,0.27636363636363637,3.6184210526315788
4500,south_early,P5-0353,0.27636363636363637,3.6184210526315788
4500,south_early,P5-0360,0.27636363636363637,3.6184210526315788
4500,south_early,P5-0363,0.27636363636363637,3.6184210526315788
4500,south_early,P5-0375,0.27636363636363637,3.6184210526315788
4500,south_early,P5-0376,0.27636363636363637,3.6184210526315788
4500,south_early,P5-0380,0.27636363636363637,3.6184210526315788
4500,south_early,P5-0381,0.27636363636363637,3.6184210526315788
4500,south_early,P5-0385,0.27636363636363637,3.6184210526315788
4500,south_early,P5-0387,0.27636363636363637,3.6184210526315788
4500,south_early,P5-0390,0.27636363636363637,3.6184210526315788
4500,south_early,P5-0411,0.27636363636363637,3.6184210526315788
4500,south_early,P5-0416,0.27636363636363637,3.6184210526315788
4500,south_early,P5-0418,0.27636363636363637,3.6184210526315788
4500,south_early,P5-0419,0.27636363636363637,3.6184210526315788
4500,south_early,P5-0423,0.27636363636363637,3.6184210526315788
4500,south_early,P5-0424,0.27636363636363637,3.6184210526315788
4500,south_early,P5-0427,0.27636363636363637,3.6184210526315788
4500,south_early,P5-0429,0.27636363636363637,3.6184210526315788
4500,south_early,P5-0432,0.27636363636363637,3.6184210526315788
4500,south_early,P5-0438,0.27636363636363637,3.6184210526315788
4500,south_early,P5-0439,0.27636363636363637,3.6184210526315788
4500,south_early,P5-0443,0.27636363636363637,3.6184210526315788
4500,south_early,P5-0445,0.27636363636363637,3.6184210526315788
4500,south_early,P5-0446,0.27636363636363637,3.6184210526315788
4500,south_early,P5-0447,0.27636363636363637,3.6184210526315788
4500,south_early,P5-0450,0.27636363636363637,3.6184210526315788
4500,south_early,P5-0456,0.27636363636363637,3.6184210526315788
4500,south_early,P5-0458,0.27636363636363637,3.6184210526315788
4500,south_early,P5-0470,0.27636363636363637,3.6184210526315788
4500,south_early,P5-0480,0.27636363636363637,3.6184210526315788
4500,south_early,P5-0483,0.27636363636363637,3.6184210526315788
4500,south_early,P5-0487,0.27636363636363637,3.6184210526315788
4500,south_early,P5-0493,0.27636363636363637,3.6184210526315788
4500,south_early,P5-0502,0.27636363636363637,3.6184210526315788
4500,south_early,P5-0507,0.27636363636363637,3.6184210526315788
4500,south_early,P5-0509,0.27636363636363637,3.6184210526315788
4500,south_early,P5-0511,0.27636363636363637,3.6184210526315788
4500,south_early,P5-0513,0.27636363636363637,3.6184210526315788
4500,south_early,P5-0514,0.27636363636363637,3.6184210526315788
4500,south_early,P5-0515,0.27636363636363637,3.6184210526315788
4500,south_early,P5-0516,0.27636363636363637,3.6184210526315788
4500,south_early,P5-0517,0.27636363636363637,3.6184210526315788
4500,south_early,P5-0519,0.27636363636363637,3.6184210526315788
4500,south_early,P5-0522,0.27636363636363637,3.6184210526315788
4500,south_early,P5-0527,0.27636363636363637,3.6184210526315788
4500,south_early,P5-0528,0.27636363636363637,3.6184210526315788
4500,south_early,P5-0536,0.27636363636363637,3.6184210526315788
4500,south_early,P5-0537,0.27636363636363637,3.6184210526315788
4500,south_early,P5-0541,0.27636363636363637,3.6184210526315788
4500,south_early,P5-0544,0.27636363636363637,3.6184210526315788
4500,south_late,P6-0002,0.27111111111111114,3.6885245901639343
4500,south_late,P6-0007,0.27111111111111114,3.6885245901639343
4500,south_late,P6-0008,0.27111111111111114,3.6885245901639343
4500,south_late,P6-0014,0.27111111111111114,3.6885245901639343
4500,south_late,P6-0015,0.27111111111111114,3.6885245901639343
4500,south_late,P6-0026,0.27111111111111114,3.6885245901639343
4500,south_late,P6-0027,0.27111111111111114,3.6885245901639343
4500,south_late,P6-0031,0.27111111111111114,3.6885245901639343
4500,south_late,P6-0033,0.27111111111111114,3.6885245901639343
4500,south_late,P6-0038,0.27111111111111114,3.6885245901639343
4500,south_late,P6-0039,0.27111111111111114,3.6885245901639343
4500,south_late,P6-0041,0.27111111111111114,3.6885245901639343
4500,south_late,P6-0049,0.27111111111111114,3.6885245901639343
4500,south_late,P6-0056,0.27111111111111114,3.6885245901639343
4500,south_late,P6-0061,0.27111111111111114,3.6885245901639343
4500,south_late,P6-0069,0.27111111111111114,3.6885245901639343
4500,south_late,P6-0070,0.27111111111111114,3.6885245901639343
4500,south_late,P6-0071,0.27111111111111114,3.6885245901639343
4500,south_late,P6-0080,0.27111111111111114,3.6885245901639343
4500,south_late,P6-0082,0.27111111111111114,3.6885245901639343
4500,south_late,P6-0084,0.27111111111111114,3.6885245901639343
4500,south_late,P6-0085,0.27111111111111114,3.6885245901639343
4500,south_late,P6-0087,0.27111111111111114,3.6885245901639343
4500,south_late,P6-0089,0.27111111111111114,3.6885245901639343
4500,south_late,P6-0092,0.27111111111111114,3.6885245901639343
4500,south_late,P6-0095,0.27111111111111114,3.6885245901639343
4500,south_late,P6-0097,0.27111111111111114,3.6885245901639343
4500,south_late,P6-0103,0.27111111111111114,3.6885245901639343
4500,south_late,P6-0105,0.27111111111111114,3.6885245901639343
4500,south_late,P6-0106,0.27111111111111114,3.6885245901639343
4500,south_late,P6-0112,0.27111111111111114,3.6885245901639343
4500,south_late,P6-0114,0.27111111111111114,3.6885245901639343
4500,south_late,P6-0118,0.27111111111111114,3.6885245901639343
4500,south_late,P6-0119,0.27111111111111114,3.6885245901639343
4500,south_late,P6-0130,0.27111111111111114,3.6885245901639343
4500,south_late,P6-0134,0.27111111111111114,3.6885245901639343
4500,south_late,P6-0137,0.27111111111111114,3.6885245901639343
4500,south_late,P6-0139,0.27111111111111114,3.6885245901639343
4500,south_late,P6-0142,0.27111111111111114,3.6885245901639343
4500,south_late,P6-0143,0.27111111111111114,3.6885245901639343
4500,south_late,P6-0147,0.27111111111111114,3.6885245901639343
4500,south_late,P6-0151,0.27111111111111114,3.6885245901639343
4500,south_late,P6-0153,0.27111111111111114,3.6885245901639343
4500,south_late,P6-0155,0.27111111111111114,3.6885245901639343
4500,south_late,P6-0158,0.27111111111111114,3.6885245901639343
4500,south_late,P6-0159,0.27111111111111114,3.6885245901639343
4500,south_late,P6-0168,0.27111111111111114,3.6885245901639343
4500,south_late,P6-0176,0.27111111111111114,3.6885245901639343
4500,south_late,P6-0190,0.27111111111111114,3.6885245901639343
4500,south_late,P6-0198,0.27111111111111114,3.6885245901639343
4500,south_late,P6-0200,0.27111111111111114,3.6885245901639343
4500,south_late,P6-0207,0.27111111111111114,3.6885245901639343
4500,south_late,P6-0211,0.27111111111111114,3.6885245901639343
4500,south_late,P6-0217,0.27111111111111114,3.6885245901639343
4500,south_late,P6-0218,0.27111111111111114,3.6885245901639343
4500,south_late,P6-0219,0.27111111111111114,3.6885245901639343
4500,south_late,P6-0220,0.27111111111111114,3.6885245901639343
4500,south_late,P6-0222,0.27111111111111114,3.6885245901639343
4500,south_late,P6-0225,0.27111111111111114,3.6885245901639343
4500,south_late,P6-0227,0.27111111111111114,3.6885245901639343
4500,south_late,P6-0228,0.27111111111111114,3.6885245901639343
4500,south_late,P6-0229,0.27111111111111114,3.6885245901639343
4500,south_late,P6-0234,0.27111111111111114,3.6885245901639343
4500,south_late,P6-0237,0.27111111111111114,3.6885245901639343
4500,south_late,P6-0238,0.27111111111111114,3.6885245901639343
4500,south_late,P6-0240,0.27111111111111114,3.6885245901639343
4500,south_late,P6-0242,0.27111111111111114,3.6885245901639343
4500,south_late,P6-0250,0.27111111111111114,3.6885245901639343
4500,south_late,P6-0261,0.27111111111111114,3.6885245901639343
4500,south_late,P6-0263,0.27111111111111114,3.6885245901639343
4500,south_late,P6-0264,0.27111111111111114,3.6885245901639343
4500,south_late,P6-0272,0.27111111111111114,3.6885245901639343
4500,south_late,P6-0281,0.27111111111111114,3.6885245901639343
4500,south_late,P6-0288,0.27111111111111114,3.6885245901639343
4500,south_late,P6-0293,0.27111111111111114,3.6885245901639343
4500,south_late,P6-0295,0.27111111111111114,3.6885245901639343
4500,south_late,P6-0298,0.27111111111111114,3.6885245901639343
4500,south_late,P6-0310,0.27111111111111114,3.6885245901639343
4500,south_late,P6-0312,0.27111111111111114,3.6885245901639343
4500,south_late,P6-0313,0.27111111111111114,3.6885245901639343
4500,south_late,P6-0315,0.27111111111111114,3.6885245901639343
4500,south_late,P6-0318,0.27111111111111114,3.6885245901639343
4500,south_late,P6-0321,0.27111111111111114,3.6885245901639343
4500,south_late,P6-0326,0.27111111111111114,3.6885245901639343
4500,south_late,P6-0328,0.27111111111111114,3.6885245901639343
4500,south_late,P6-0330,0.27111111111111114,3.6885245901639343
4500,south_late,P6-0333,0.27111111111111114,3.6885245901639343
4500,south_late,P6-0334,0.27111111111111114,3.6885245901639343
4500,south_late,P6-0343,0.27111111111111114,3.6885245901639343
4500,south_late,P6-0346,0.27111111111111114,3.6885245901639343
4500,south_late,P6-0350,0.27111111111111114,3.6885245901639343
4500,south_late,P6-0353,0.27111111111111114,3.6885245901639343
4500,south_late,P6-0355,0.27111111111111114,3.6885245901639343
4500,south_late,P6-0356,0.27111111111111114,3.6885245901639343
4500,south_late,P6-0357,0.27111111111111114,3.6885245901639343
4500,south_late,P6-0362,0.27111111111111114,3.6885245901639343
4500,south_late,P6-0366,0.27111111111111114,3.6885245901639343
4500,south_late,P6-0367,0.27111111111111114,3.6885245901639343
4500,south_late,P6-0369,0.27111111111111114,3.6885245901639343
4500,south_late,P6-0372,0.27111111111111114,3.6885245901639343
4500,south_late,P6-0373,0.27111111111111114,3.6885245901639343
4500,south_late,P6-0374,0.27111111111111114,3.6885245901639343
4500,south_late,P6-0376,0.27111111111111114,3.6885245901639343
4500,south_late,P6-0377,0.27111111111111114,3.6885245901639343
4500,south_late,P6-0378,0.27111111111111114,3.6885245901639343
4500,south_late,P6-0380,0.27111111111111114,3.6885245901639343
4500,south_late,P6-0386,0.27111111111111114,3.6885245901639343
4500,south_late,P6-0387,0.27111111111111114,3.6885245901639343
4500,south_late,P6-0391,0.27111111111111114,3.6885245901639343
4500,south_late,P6-0403,0.27111111111111114,3.6885245901639343
4500,south_late,P6-0411,0.27111111111111114,3.6885245901639343
4500,south_late,P6-0413,0.27111111111111114,3.6885245901639343
4500,south_late,P6-0414,0.27111111111111114,3.6885245901639343
4500,south_late,P6-0417,0.27111111111111114,3.6885245901639343
4500,south_late,P6-0425,0.27111111111111114,3.6885245901639343
4500,south_late,P6-0427,0.27111111111111114,3.6885245901639343
4500,south_late,P6-0436,0.27111111111111114,3.6885245901639343
4500,south_late,P6-0437,0.27111111111111114,3.6885245901639343
4500,south_late,P6-0442,0.27111111111111114,3.6885245901639343
4500,south_late,P6-0446,0.27111111111111114,3.6885245901639343
4500,south_late,P6-0448,0.27111111111111114,3.6885245901639343
4500,south_late,P6-0450,0.27111111111111114,3.6885245901639343
6000,north_early,P1-0003,0.332,3.012048192771084
6000,north_early,P1-0010,0.332,3.012048192771084
6000,north_early,P1-0015,0.332,3.012048192771084
6000,north_early,P1-0022,0.332,3.012048192771084
6000,north_early,P1-0024,0.332,3.012048192771084
6000,north_early,P1-0025,0.332,3.012048192771084
6000,north_early,P1-0026,0.332,3.012048192771084
6000,north_early,P1-0028,0.332,3.012048192771084
6000,north_early,P1-0031,0.332,3.012048192771084
6000,north_early,P1-0032,0.332,3.012048192771084
6000,north_early,P1-0034,0.332,3.012048192771084
6000,north_early,P1-0037,0.332,3.012048192771084
6000,north_early,P1-0038,0.332,3.012048192771084
6000,north_early,P1-0044,0.332,3.012048192771084
6000,north_early,P1-0045,0.332,3.012048192771084
6000,north_early,P1-0050,0.332,3.012048192771084
6000,north_early,P1-0055,0.332,3.012048192771084
6000,north_early,P1-0056,0.332,3.012048192771084
6000,north_early,P1-0061,0.332,3.012048192771084
6000,north_early,P1-0062,0.332,3.012048192771084
6000,north_early,P1-0063,0.332,3.012048192771084
6000,north_early,P1-0064,0.332,3.012048192771084
6000,north_early,P1-0066,0.332,3.012048192771084
6000,north_early,P1-0067,0.332,3.012048192771084
6000,north_early,P1-0070,0.332,3.012048192771084
6000,north_early,P1-0071,0.332,3.012048192771084
6000,north_early,P1-0075,0.332,3.012048192771084
6000,north_early,P1-0076,0.332,3.012048192771084
6000,north_early,P1-0078,0.332,3.012048192771084
6000,north_early,P1-0080,0.332,3.012048192771084
6000,north_early,P1-0082,0.332,3.012048192771084
6000,north_early,P1-0083,0.332,3.012048192771084
6000,north_early,P1-0087,0.332,3.012048192771084
6000,north_early,P1-0089,0.332,3.012048192771084
6000,north_early,P1-0090,0.332,3.012048192771084
6000,north_early,P1-0092,0.332,3.012048192771084
6000,north_early,P1-0094,0.332,3.012048192771084
6000,north_early,P1-0098,0.332,3.012048192771084
6000,north_early,P1-0099,0.332,3.012048192771084
6000,north_early,P1-0101,0.332,3.012048192771084
6000,north_early,P1-0102,0.332,3.012048192771084
6000,north_early,P1-0104,0.332,3.012048192771084
6000,north_early,P1-0108,0.332,3.012048192771084
6000,north_early,P1-0111,0.332,3.012048192771084
6000,north_early,P1-0127,0.332,3.012048192771084
6000,north_early,P1-0128,0.332,3.012048192771084
6000,north_early,P1-0132,0.332,3.012048192771084
6000,north_early,P1-0135,0.332,3.012048192771084
6000,north_early,P1-0150,0.332,3.012048192771084
6000,north_early,P1-0158,0.332,3.012048192771084
6000,north_early,P1-0161,0.332,3.012048192771084
6000,north_early,P1-0163,0.332,3.012048192771084
6000,north_early,P1-0170,0.332,3.012048192771084
6000,north_early,P1-0174,0.332,3.012048192771084
6000,north_early,P1-0177,0.332,3.012048192771084
6000,north_early,P1-0178,0.332,3.012048192771084
6000,north_early,P1-0180,0.332,3.012048192771084
6000,north_early,P1-0185,0.332,3.012048192771084
6000,north_early,P1-0187,0.332,3.012048192771084
6000,north_early,P1-0188,0.332,3.012048192771084
6000,north_early,P1-0189,0.332,3.012048192771084
6000,north_early,P1-0192,0.332,3.012048192771084
6000,north_early,P1-0196,0.332,3.012048192771084
6000,north_early,P1-0198,0.332,3.012048192771084
6000,north_early,P1-0201,0.332,3.012048192771084
6000,north_early,P1-0204,0.332,3.012048192771084
6000,north_early,P1-0209,0.332,3.012048192771084
6000,north_early,P1-0212,0.332,3.012048192771084
6000,north_early,P1-0213,0.332,3.012048192771084
6000,north_early,P1-0219,0.332,3.012048192771084
6000,north_early,P1-0222,0.332,3.012048192771084
6000,north_early,P1-0225,0.332,3.012048192771084
6000,north_early,P1-0228,0.332,3.012048192771084
6000,north_early,P1-0230,0.332,3.012048192771084
6000,north_early,P1-0236,0.332,3.012048192771084
6000,north_early,P1-0239,0.332,3.012048192771084
6000,north_early,P1-0240,0.332,3.012048192771084
6000,north_early,P1-0244,0.332,3.012048192771084
6000,north_early,P1-0245,0.332,3.012048192771084
6000,north_early,P1-0249,0.332,3.012048192771084
6000,north_early,P1-0250,0.332,3.012048192771084
6000,north_early,P1-0252,0.332,3.012048192771084
6000,north_early,P1-0256,0.332,3.012048192771084
6000,north_early,P1-0258,0.332,3.012048192771084
6000,north_early,P1-0262,0.332,3.012048192771084
6000,north_early,P1-0275,0.332,3.012048192771084
6000,north_early,P1-0276,0.332,3.012048192771084
6000,north_early,P1-0277,0.332,3.012048192771084
6000,north_early,P1-0281,0.332,3.012048192771084
6000,north_early,P1-0283,0.332,3.012048192771084
6000,north_early,P1-0292,0.332,3.012048192771084
6000,north_early,P1-0295,0.332,3.012048192771084
6000,north_early,P1-0300,0.332,3.012048192771084
6000,north_early,P1-0302,0.332,3.012048192771084
6000,north_early,P1-0305,0.332,3.012048192771084
6000,north_early,P1-0318,0.332,3.012048192771084
6000,north_early,P1-0321,0.332,3.012048192771084
6000,north_early,P1-0322,0.332,3.012048192771084
6000,north_early,P1-0323,0.332,3.012048192771084
6000,north_early,P1-0324,0.332,3.012048192771084
6000,north_early,P1-0326,0.332,3.012048192771084
6000,north_early,P1-0328,0.332,3.012048192771084
6000,north_early,P1-0331,0.332,3.012048192771084
6000,north_early,P1-0332,0.332,3.012048192771084
6000,north_early,P1-0334,0.332,3.012048192771084
6000,north_early,P1-0336,0.332,3.012048192771084
6000,north_early,P1-0338,0.332,3.012048192771084
6000,north_early,P1-0341,0.332,3.012048192771084
6000,north_early,P1-0343,0.332,3.012048192771084
6000,north_early,P1-0344,0.332,3.012048192771084
6000,north_early,P1-0349,0.332,3.012048192771084
6000,north_early,P1-0350,0.332,3.012048192771084
6000,north_early,P1-0353,0.332,3.012048192771084
6000,north_early,P1-0356,0.332,3.012048192771084
6000,north_early,P1-0357,0.332,3.012048192771084
6000,north_early,P1-0358,0.332,3.012048192771084
6000,north_early,P1-0359,0.332,3.012048192771084
6000,north_early,P1-0360,0.332,3.012048192771084
6000,north_early,P1-0366,0.332,3.012048192771084
6000,north_early,P1-0368,0.332,3.012048192771084
6000,north_early,P1-0378,0.332,3.012048192771084
6000,north_early,P1-0380,0.332,3.012048192771084
6000,north_early,P1-0382,0.332,3.012048192771084
6000,north_early,P1-0384,0.332,3.012048192771084
6000,north_early,P1-0385,0.332,3.012048192771084
6000,north_early,P1-0386,0.332,3.012048192771084
6000,north_early,P1-0397,0.332,3.012048192771084
6000,north_early,P1-0399,0.332,3.012048192771084
6000,north_early,P1-0402,0.332,3.012048192771084
6000,north_early,P1-0404,0.332,3.012048192771084
6000,north_early,P1-0405,0.332,3.012048192771084
6000,north_early,P1-0408,0.332,3.012048192771084
6000,north_early,P1-0410,0.332,3.012048192771084
6000,north_early,P1-0413,0.332,3.012048192771084
6000,north_early,P1-0420,0.332,3.012048192771084
6000,north_early,P1-0422,0.332,3.012048192771084
6000,north_early,P1-0427,0.332,3.012048192771084
6000,north_early,P1-0429,0.332,3.012048192771084
6000,north_early,P1-0430,0.332,3.012048192771084
6000,north_early,P1-0431,0.332,3.012048192771084
6000,north_early,P1-0437,0.332,3.012048192771084
6000,north_early,P1-0439,0.332,3.012048192771084
6000,north_early,P1-0440,0.332,3.012048192771084
6000,north_early,P1-0442,0.332,3.012048192771084
6000,north_early,P1-0443,0.332,3.012048192771084
6000,north_early,P1-0447,0.332,3.012048192771084
6000,north_early,P1-0452,0.332,3.012048192771084
6000,north_early,P1-0454,0.332,3.012048192771084
6000,north_early,P1-0456,0.332,3.012048192771084
6000,north_early,P1-0459,0.332,3.012048192771084
6000,north_early,P1-0466,0.332,3.012048192771084
6000,north_early,P1-0468,0.332,3.012048192771084
6000,north_early,P1-0469,0.332,3.012048192771084
6000,north_early,P1-0470,0.332,3.012048192771084
6000,north_early,P1-0473,0.332,3.012048192771084
6000,north_early,P1-0474,0.332,3.012048192771084
6000,north_early,P1-0478,0.332,3.012048192771084
6000,north_early,P1-0481,0.332,3.012048192771084
6000,north_early,P1-0482,0.332,3.012048192771084
6000,north_early,P1-0483,0.332,3.012048192771084
6000,north_early,P1-0484,0.332,3.012048192771084
6000,north_early,P1-0487,0.332,3.012048192771084
6000,north_early,P1-0488,0.332,3.012048192771084
6000,north_early,P1-0490,0.332,3.012048192771084
6000,north_early,P1-0494,0.332,3.012048192771084
6000,north_early,P1-0500,0.332,3.012048192771084
6000,north_late,P2-0004,0.3942857142857143,2.536231884057971
6000,north_late,P2-0005,0.3942857142857143,2.536231884057971
6000,north_late,P2-0006,0.3942857142857143,2.536231884057971
6000,north_late,P2-0009,0.3942857142857143,2.536231884057971
6000,north_late,P2-0010,0.3942857142857143,2.536231884057971
6000,north_late,P2-0012,0.3942857142857143,2.536231884057971
6000,north_late,P2-0013,0.3942857142857143,2.536231884057971
6000,north_late,P2-0014,0.3942857142857143,2.536231884057971
6000,north_late,P2-0016,0.3942857142857143,2.536231884057971
6000,north_late,P2-0017,0.3942857142857143,2.536231884057971
6000,north_late,P2-0018,0.3942857142857143,2.536231884057971
6000,north_late,P2-0019,0.3942857142857143,2.536231884057971
6000,north_late,P2-0022,0.3942857142857143,2.536231884057971
6000,north_late,P2-0023,0.3942857142857143,2.536231884057971
6000,north_late,P2-0026,0.3942857142857143,2.536231884057971
6000,north_late,P2-0027,0.3942857142857143,2.536231884057971
6000,north_late,P2-0030,0.3942857142857143,2.536231884057971
6000,north_late,P2-0031,0.3942857142857143,2.536231884057971
6000,north_late,P2-0035,0.3942857142857143,2.536231884057971
6000,north_late,P2-0040,0.3942857142857143,2.536231884057971
6000,north_late,P2-0041,0.3942857142857143,2.536231884057971
6000,north_late,P2-0043,0.3942857142857143,2.536231884057971
6000,north_late,P2-0044,0.3942857142857143,2.536231884057971
6000,north_late,P2-0046,0.3942857142857143,2.536231884057971
6000,north_late,P2-0047,0.3942857142857143,2.536231884057971
6000,north_late,P2-0048,0.3942857142857143,2.536231884057971
6000,north_late,P2-0052,0.3942857142857143,2.536231884057971
6000,north_late,P2-0053,0.3942857142857143,2.536231884057971
6000,north_late,P2-0055,0.3942857142857143,2.536231884057971
6000,north_late,P2-0056,0.3942857142857143,2.536231884057971
6000,north_late,P2-0057,0.3942857142857143,2.536231884057971
6000,north_late,P2-0067,0.3942857142857143,2.536231884057971
6000,north_late,P2-0068,0.3942857142857143,2.536231884057971
6000,north_late,P2-0073,0.3942857142857143,2.536231884057971
6000,north_late,P2-0077,0.3942857142857143,2.536231884057971
6000,north_late,P2-0080,0.3942857142857143,2.536231884057971
6000,north_late,P2-0084,0.3942857142857143,2.536231884057971
6000,north_late,P2-0086,0.3942857142857143,2.536231884057971
6000,north_late,P2-0087,0.3942857142857143,2.536231884057971
6000,north_late,P2-0097,0.3942857142857143,2.536231884057971
6000,north_late,P2-0101,0.3942857142857143,2.536231884057971
6000,north_late,P2-0104,0.3942857142857143,2.536231884057971
6000,north_late,P2-0109,0.3942857142857143,2.536231884057971
6000,north_late,P2-0114,0.3942857142857143,2.536231884057971
6000,north_late,P2-0120,0.3942857142857143,2.536231884057971
6000,north_late,P2-0121,0.3942857142857143,2.536231884057971
6000,north_late,P2-0124,0.3942857142857143,2.536231884057971
6000,north_late,P2-0127,0.3942857142857143,2.536231884057971
6000,north_late,P2-0130,0.3942857142857143,2.536231884057971
6000,north_late,P2-0131,0.3942857142857143,2.536231884057971
6000,north_late,P2-0137,0.3942857142857143,2.536231884057971
6000,north_late,P2-0141,0.3942857142857143,2.536231884057971
6000,north_late,P2-0142,0.3942857142857143,2.536231884057971
6000,north_late,P2-0143,0.3942857142857143,2.536231884057971
6000,north_late,P2-0146,0.3942857142857143,2.536231884057971
6000,north_late,P2-0148,0.3942857142857143,2.536231884057971
6000,north_late,P2-0150,0.3942857142857143,2.536231884057971
6000,north_late,P2-0153,0.3942857142857143,2.536231884057971
6000,north_late,P2-0154,0.3942857142857143,2.536231884057971
6000,north_late,P2-0157,0.3942857142857143,2.536231884057971
6000,north_late,P2-0158,0.3942857142857143,2.536231884057971
6000,north_late,P2-0159,0.3942857142857143,2.536231884057971
6000,north_late,P2-0160,0.3942857142857143,2.536231884057971
6000,north_late,P2-0162,0.3942857142857143,2.536231884057971
6000,north_late,P2-0163,0.3942857142857143,2.536231884057971
6000,north_late,P2-0166,0.3942857142857143,2.536231884057971
6000,north_late,P2-0169,0.3942857142857143,2.536231884057971
6000,north_late,P2-0170,0.3942857142857143,2.536231884057971
6000,north_late,P2-0172,0.3942857142857143,2.536231884057971
6000,north_late,P2-0173,0.3942857142857143,2.536231884057971
6000,north_late,P2-0174,0.3942857142857143,2.536231884057971
6000,north_late,P2-0176,0.3942857142857143,2.536231884057971
6000,north_late,P2-0178,0.3942857142857143,2.536231884057971
6000,north_late,P2-0181,0.3942857142857143,2.536231884057971
6000,north_late,P2-0182,0.3942857142857143,2.536231884057971
6000,north_late,P2-0186,0.3942857142857143,2.536231884057971
6000,north_late,P2-0188,0.3942857142857143,2.536231884057971
6000,north_late,P2-0191,0.3942857142857143,2.536231884057971
6000,north_late,P2-0192,0.3942857142857143,2.536231884057971
6000,north_late,P2-0195,0.3942857142857143,2.536231884057971
6000,north_late,P2-0200,0.3942857142857143,2.536231884057971
6000,north_late,P2-0204,0.3942857142857143,2.536231884057971
6000,north_late,P2-0205,0.3942857142857143,2.536231884057971
6000,north_late,P2-0207,0.3942857142857143,2.536231884057971
6000,north_late,P2-0211,0.3942857142857143,2.536231884057971
6000,north_late,P2-0212,0.3942857142857143,2.536231884057971
6000,north_late,P2-0214,0.3942857142857143,2.536231884057971
6000,north_late,P2-0215,0.3942857142857143,2.536231884057971
6000,north_late,P2-0217,0.3942857142857143,2.536231884057971
6000,north_late,P2-0218,0.3942857142857143,2.536231884057971
6000,north_late,P2-0219,0.3942857142857143,2.536231884057971
6000,north_late,P2-0222,0.3942857142857143,2.536231884057971
6000,north_late,P2-0228,0.3942857142857143,2.536231884057971
6000,north_late,P2-0232,0.3942857142857143,2.536231884057971
6000,north_late,P2-0234,0.3942857142857143,2.536231884057971
6000,north_late,P2-0241,0.3942857142857143,2.536231884057971
6000,north_late,P2-0244,0.3942857142857143,2.536231884057971
6000,north_late,P2-0247,0.3942857142857143,2.536231884057971
6000,north_late,P2-0248,0.3942857142857143,2.536231884057971
6000,north_late,P2-0251,0.3942857142857143,2.536231884057971
6000,north_late,P2-0255,0.3942857142857143,2.536231884057971
6000,north_late,P2-0257,0.3942857142857143,2.536231884057971
6000,north_late,P2-0258,0.3942857142857143,2.536231884057971
6000,north_late,P2-0263,0.3942857142857143,2.536231884057971
6000,north_late,P2-0264,0.3942857142857143,2.536231884057971
6000,north_late,P2-0266,0.3942857142857143,2.536231884057971
6000,north_late,P2-0270,0.3942857142857143,2.536231884057971
6000,north_late,P2-0271,0.3942857142857143,2.536231884057971
6000,north_late,P2-0272,0.3942857142857143,2.536231884057971
6000,north_late,P2-0273,0.3942857142857143,2.536231884057971
6000,north_late,P2-0275,0.3942857142857143,2.536231884057971
6000,north_late,P2-0276,0.3942857142857143,2.536231884057971
6000,north_late,P2-0277,0.3942857142857143,2.536231884057971
6000,north_late,P2-0282,0.3942857142857143,2.536231884057971
6000,north_late,P2-0285,0.3942857142857143,2.536231884057971
6000,north_late,P2-0288,0.3942857142857143,2.536231884057971
6000,north_late,P2-0290,0.3942857142857143,2.536231884057971
6000,north_late,P2-0292,0.3942857142857143,2.536231884057971
6000,north_late,P2-0297,0.3942857142857143,2.536231884057971
6000,north_late,P2-0302,0.3942857142857143,2.536231884057971
6000,north_late,P2-0306,0.3942857142857143,2.536231884057971
6000,north_late,P2-0310,0.3942857142857143,2.536231884057971
6000,north_late,P2-0311,0.3942857142857143,2.536231884057971
6000,north_late,P2-0312,0.3942857142857143,2.536231884057971
6000,north_late,P2-0315,0.3942857142857143,2.536231884057971
6000,north_late,P2-0318,0.3942857142857143,2.536231884057971
6000,north_late,P2-0319,0.3942857142857143,2.536231884057971
6000,north_late,P2-0333,0.3942857142857143,2.536231884057971
6000,north_late,P2-0334,0.3942857142857143,2.536231884057971
6000,north_late,P2-0335,0.3942857142857143,2.536231884057971
6000,north_late,P2-0338,0.3942857142857143,2.536231884057971
6000,north_late,P2-0341,0.3942857142857143,2.536231884057971
6000,north_late,P2-0343,0.3942857142857143,2.536231884057971
6000,north_late,P2-0344,0.3942857142857143,2.536231884057971
6000,north_late,P2-0350,0.3942857142857143,2.536231884057971
6000,north_late,P2-0362,0.3942857142857143,2.536231884057971
6000,north_late,P2-0365,0.3942857142857143,2.536231884057971
6000,north_late,P2-0366,0.3942857142857143,2.536231884057971
6000,north_late,P2-0371,0.3942857142857143,2.536231884057971
6000,north_late,P2-0373,0.3942857142857143,2.536231884057971
6000,north_late,P2-0374,0.3942857142857143,2.536231884057971
6000,north_late,P2-0375,0.3942857142857143,2.536231884057971
6000,north_late,P2-0376,0.3942857142857143,2.536231884057971
6000,north_late,P2-0379,0.3942857142857143,2.536231884057971
6000,north_late,P2-0381,0.3942857142857143,2.536231884057971
6000,north_late,P2-0383,0.3942857142857143,2.536231884057971
6000,north_late,P2-0385,0.3942857142857143,2.536231884057971
6000,north_late,P2-0389,0.3942857142857143,2.536231884057971
6000,north_late,P2-0396,0.3942857142857143,2.536231884057971
6000,north_late,P2-0397,0.3942857142857143,2.536231884057971
6000,north_late,P2-0398,0.3942857142857143,2.536231884057971
6000,north_late,P2-0399,0.3942857142857143,2.536231884057971
6000,north_late,P2-0400,0.3942857142857143,2.536231884057971
6000,north_late,P2-0403,0.3942857142857143,2.536231884057971
6000,north_late,P2-0406,0.3942857142857143,2.536231884057971
6000,north_late,P2-0407,0.3942857142857143,2.536231884057971
6000,north_late,P2-0413,0.3942857142857143,2.536231884057971
6000,north_late,P2-0414,0.3942857142857143,2.536231884057971
6000,north_late,P2-0416,0.3942857142857143,2.536231884057971
6000,north_late,P2-0417,0.3942857142857143,2.536231884057971
6000,north_late,P2-0424,0.3942857142857143,2.536231884057971
6000,north_late,P2-0425,0.3942857142857143,2.536231884057971
6000,north_late,P2-0428,0.3942857142857143,2.536231884057971
6000,north_late,P2-0432,0.3942857142857143,2.536231884057971
6000,north_late,P2-0434,0.3942857142857143,2.536231884057971
6000,north_late,P2-0438,0.3942857142857143,2.536231884057971
6000,north_late,P2-0440,0.3942857142857143,2.536231884057971
6000,north_late,P2-0442,0.3942857142857143,2.536231884057971
6000,north_late,P2-0443,0.3942857142857143,2.536231884057971
6000,north_late,P2-0445,0.3942857142857143,2.536231884057971
6000,north_late,P2-0448,0.3942857142857143,2.536231884057971
6000,north_late,P2-0449,0.3942857142857143,2.536231884057971
6000,north_late,P2-0451,0.3942857142857143,2.536231884057971
6000,north_late,P2-0452,0.3942857142857143,2.536231884057971
6000,north_late,P2-0457,0.3942857142857143,2.536231884057971
6000,north_late,P2-0460,0.3942857142857143,2.536231884057971
6000,north_late,P2-0465,0.3942857142857143,2.536231884057971
6000,north_late,P2-0468,0.3942857142857143,2.536231884057971
6000,north_late,P2-0469,0.3942857142857143,2.536231884057971
6000,north_late,P2-0472,0.3942857142857143,2.536231884057971
6000,north_late,P2-0473,0.3942857142857143,2.536231884057971
6000,north_late,P2-0475,0.3942857142857143,2.536231884057971
6000,north_late,P2-0476,0.3942857142857143,2.536231884057971
6000,north_late,P2-0478,0.3942857142857143,2.536231884057971
6000,north_late,P2-0479,0.3942857142857143,2.536231884057971
6000,north_late,P2-0480,0.3942857142857143,2.536231884057971
6000,north_late,P2-0485,0.3942857142857143,2.536231884057971
6000,north_late,P2-0487,0.3942857142857143,2.536231884057971
6000,north_late,P2-0491,0.3942857142857143,2.536231884057971
6000,north_late,P2-0497,0.3942857142857143,2.536231884057971
6000,north_late,P2-0504,0.3942857142857143,2.536231884057971
6000,north_late,P2-0507,0.3942857142857143,2.536231884057971
6000,north_late,P2-0508,0.3942857142857143,2.536231884057971
6000,north_late,P2-0510,0.3942857142857143,2.536231884057971
6000,north_late,P2-0511,0.3942857142857143,2.536231884057971
6000,north_late,P2-0514,0.3942857142857143,2.536231884057971
6000,north_late,P2-0516,0.3942857142857143,2.536231884057971
6000,north_late,P2-0519,0.3942857142857143,2.536231884057971
6000,north_late,P2-0520,0.3942857142857143,2.536231884057971
6000,north_late,P2-0521,0.3942857142857143,2.536231884057971
6000,north_late,P2-0522,0.3942857142857143,2.536231884057971
6000,north_late,P2-0525,0.3942857142857143,2.536231884057971
6000,north_late,P2-0526,0.3942857142857143,2.536231884057971
6000,north_late,P2-0527,0.3942857142857143,2.536231884057971
6000,north_late,P2-0529,0.3942857142857143,2.536231884057971
6000,north_late,P2-0532,0.3942857142857143,2.536231884057971
6000,north_late,P2-0533,0.3942857142857143,2.536231884057971
6000,north_late,P2-0538,0.3942857142857143,2.536231884057971
6000,north_late,P2-0539,0.3942857142857143,2.536231884057971
6000,north_late,P2-0542,0.3942857142857143,2.536231884057971
6000,north_late,P2-0544,0.3942857142857143,2.536231884057971
6000,north_late,P2-0552,0.3942857142857143,2.536231884057971
6000,north_late,P2-0554,0.3942857142857143,2.536231884057971
6000,north_late,P2-0555,0.3942857142857143,2.536231884057971
6000,north_late,P2-0557,0.3942857142857143,2.536231884057971
6000,north_late,P2-0560,0.3942857142857143,2.536231884057971
6000,north_late,P2-0562,0.3942857142857143,2.536231884057971
6000,north_late,P2-0563,0.3942857142857143,2.536231884057971
6000,north_late,P2-0565,0.3942857142857143,2.536231884057971
6000,north_late,P2-0570,0.3942857142857143,2.536231884057971
6000,north_late,P2-0571,0.3942857142857143,2.536231884057971
6000,north_late,P2-0572,0.3942857142857143,2.536231884057971
6000,north_late,P2-0574,0.3942857142857143,2.536231884057971
6000,north_late,P2-0575,0.3942857142857143,2.536231884057971
6000,north_late,P2-0576,0.3942857142857143,2.536231884057971
6000,north_late,P2-0583,0.3942857142857143,2.536231884057971
6000,north_late,P2-0585,0.3942857142857143,2.536231884057971
6000,north_late,P2-0589,0.3942857142857143,2.536231884057971
6000,north_late,P2-0593,0.3942857142857143,2.536231884057971
6000,north_late,P2-0594,0.3942857142857143,2.536231884057971
6000,north_late,P2-0597,0.3942857142857143,2.536231884057971
6000,north_late,P2-0598,0.3942857142857143,2.536231884057971
6000,north_late,P2-0599,0.3942857142857143,2.536231884057971
6000,north_late,P2-0601,0.3942857142857143,2.536231884057971
6000,north_late,P2-0603,0.3942857142857143,2.536231884057971
6000,north_late,P2-0604,0.3942857142857143,2.536231884057971
6000,north_late,P2-0606,0.3942857142857143,2.536231884057971
6000,north_late,P2-0609,0.3942857142857143,2.536231884057971
6000,north_late,P2-0610,0.3942857142857143,2.536231884057971
6000,north_late,P2-0611,0.3942857142857143,2.536231884057971
6000,north_late,P2-0612,0.3942857142857143,2.536231884057971
6000,north_late,P2-0614,0.3942857142857143,2.536231884057971
6000,north_late,P2-0617,0.3942857142857143,2.536231884057971
6000,north_late,P2-0623,0.3942857142857143,2.536231884057971
6000,north_late,P2-0627,0.3942857142857143,2.536231884057971
6000,north_late,P2-0630,0.3942857142857143,2.536231884057971
6000,north_late,P2-0631,0.3942857142857143,2.536231884057971
6000,north_late,P2-0633,0.3942857142857143,2.536231884057971
6000,north_late,P2-0635,0.3942857142857143,2.536231884057971
6000,north_late,P2-0639,0.3942857142857143,2.536231884057971
6000,north_late,P2-0645,0.3942857142857143,2.536231884057971
6000,north_late,P2-0647,0.3942857142857143,2.536231884057971
6000,north_late,P2-0649,0.3942857142857143,2.536231884057971
6000,north_late,P2-0652,0.3942857142857143,2.536231884057971
6000,north_late,P2-0655,0.3942857142857143,2.536231884057971
6000,north_late,P2-0657,0.3942857142857143,2.536231884057971
6000,north_late,P2-0658,0.3942857142857143,2.536231884057971
6000,north_late,P2-0659,0.3942857142857143,2.536231884057971
6000,north_late,P2-0662,0.3942857142857143,2.536231884057971
6000,north_late,P2-0666,0.3942857142857143,2.536231884057971
6000,north_late,P2-0670,0.3942857142857143,2.536231884057971
6000,north_late,P2-0672,0.3942857142857143,2.536231884057971
6000,north_late,P2-0674,0.3942857142857143,2.536231884057971
6000,north_late,P2-0675,0.3942857142857143,2.536231884057971
6000,north_late,P2-0677,0.3942857142857143,2.536231884057971
6000,north_late,P2-0680,0.3942857142857143,2.536231884057971
6000,north_late,P2-0683,0.3942857142857143,2.536231884057971
6000,north_late,P2-0686,0.3942857142857143,2.536231884057971
6000,north_late,P2-0689,0.3942857142857143,2.536231884057971
6000,north_late,P2-0690,0.3942857142857143,2.536231884057971
6000,north_late,P2-0691,0.3942857142857143,2.536231884057971
6000,north_late,P2-0692,0.3942857142857143,2.536231884057971
6000,north_late,P2-0693,0.3942857142857143,2.536231884057971
6000,north_late,P2-0694,0.3942857142857143,2.536231884057971
6000,north_late,P2-0696,0.3942857142857143,2.536231884057971
6000,north_late,P2-0700,0.3942857142857143,2.536231884057971
6000,central_early,P3-0004,0.285,3.5087719298245617
6000,central_early,P3-0006,0.285,3.5087719298245617
6000,central_early,P3-0012,0.285,3.5087719298245617
6000,central_early,P3-0014,0.285,3.5087719298245617
6000,central_early,P3-0017,0.285,3.5087719298245617
6000,central_early,P3-0019,0.285,3.5087719298245617
6000,central_early,P3-0022,0.285,3.5087719298245617
6000,central_early,P3-0023,0.285,3.5087719298245617
6000,central_early,P3-0024,0.285,3.5087719298245617
6000,central_early,P3-0025,0.285,3.5087719298245617
6000,central_early,P3-0028,0.285,3.5087719298245617
6000,central_early,P3-0029,0.285,3.5087719298245617
6000,central_early,P3-0032,0.285,3.5087719298245617
6000,central_early,P3-0033,0.285,3.5087719298245617
6000,central_early,P3-0036,0.285,3.5087719298245617
6000,central_early,P3-0039,0.285,3.5087719298245617
6000,central_early,P3-0042,0.285,3.5087719298245617
6000,central_early,P3-0043,0.285,3.5087719298245617
6000,central_early,P3-0048,0.285,3.5087719298245617
6000,central_early,P3-0052,0.285,3.5087719298245617
6000,central_early,P3-0053,0.285,3.5087719298245617
6000,central_early,P3-0057,0.285,3.5087719298245617
6000,central_early,P3-0065,0.285,3.5087719298245617
6000,central_early,P3-0072,0.285,3.5087719298245617
6000,central_early,P3-0076,0.285,3.5087719298245617
6000,central_early,P3-0077,0.285,3.5087719298245617
6000,central_early,P3-0079,0.285,3.5087719298245617
6000,central_early,P3-0081,0.285,3.5087719298245617
6000,central_early,P3-0082,0.285,3.5087719298245617
6000,central_early,P3-0085,0.285,3.5087719298245617
6000,central_early,P3-0092,0.285,3.5087719298245617
6000,central_early,P3-0094,0.285,3.5087719298245617
6000,central_early,P3-0096,0.285,3.5087719298245617
6000,central_early,P3-0098,0.285,3.5087719298245617
6000,central_early,P3-0103,0.285,3.5087719298245617
6000,central_early,P3-0105,0.285,3.5087719298245617
6000,central_early,P3-0107,0.285,3.5087719298245617
6000,central_early,P3-0108,0.285,3.5087719298245617
6000,central_early,P3-0116,0.285,3.5087719298245617
6000,central_early,P3-0118,0.285,3.5087719298245617
6000,central_early,P3-0128,0.285,3.5087719298245617
6000,central_early,P3-0136,0.285,3.5087719298245617
6000,central_early,P3-0137,0.285,3.5087719298245617
6000,central_early,P3-0142,0.285,3.5087719298245617
6000,central_early,P3-0144,0.285,3.5087719298245617
6000,central_early,P3-0152,0.285,3.5087719298245617
6000,central_early,P3-0156,0.285,3.5087719298245617
6000,central_early,P3-0159,0.285,3.5087719298245617
6000,central_early,P3-0166,0.285,3.5087719298245617
6000,central_early,P3-0169,0.285,3.5087719298245617
6000,central_early,P3-0172,0.285,3.5087719298245617
6000,central_early,P3-0177,0.285,3.5087719298245617
6000,central_early,P3-0185,0.285,3.5087719298245617
6000,central_early,P3-0191,0.285,3.5087719298245617
6000,central_early,P3-0192,0.285,3.5087719298245617
6000,central_early,P3-0194,0.285,3.5087719298245617
6000,central_early,P3-0196,0.285,3.5087719298245617
6000,central_early,P3-0198,0.285,3.5087719298245617
6000,central_early,P3-0203,0.285,3.5087719298245617
6000,central_early,P3-0205,0.285,3.5087719298245617
6000,central_early,P3-0206,0.285,3.5087719298245617
6000,central_early,P3-0209,0.285,3.5087719298245617
6000,central_early,P3-0215,0.285,3.5087719298245617
6000,central_early,P3-0221,0.285,3.5087719298245617
6000,central_early,P3-0222,0.285,3.5087719298245617
6000,central_early,P3-0223,0.285,3.5087719298245617
6000,central_early,P3-0227,0.285,3.5087719298245617
6000,central_early,P3-0233,0.285,3.5087719298245617
6000,central_early,P3-0234,0.285,3.5087719298245617
6000,central_early,P3-0240,0.285,3.5087719298245617
6000,central_early,P3-0255,0.285,3.5087719298245617
6000,central_early,P3-0258,0.285,3.5087719298245617
6000,central_early,P3-0259,0.285,3.5087719298245617
6000,central_early,P3-0262,0.285,3.5087719298245617
6000,central_early,P3-0263,0.285,3.5087719298245617
6000,central_early,P3-0265,0.285,3.5087719298245617
6000,central_early,P3-0269,0.285,3.5087719298245617
6000,central_early,P3-0270,0.285,3.5087719298245617
6000,central_early,P3-0271,0.285,3.5087719298245617
6000,central_early,P3-0282,0.285,3.5087719298245617
6000,central_early,P3-0287,0.285,3.5087719298245617
6000,central_early,P3-0290,0.285,3.5087719298245617
6000,central_early,P3-0291,0.285,3.5087719298245617
6000,central_early,P3-0294,0.285,3.5087719298245617
6000,central_early,P3-0298,0.285,3.5087719298245617
6000,central_early,P3-0307,0.285,3.5087719298245617
6000,central_early,P3-0310,0.285,3.5087719298245617
6000,central_early,P3-0315,0.285,3.5087719298245617
6000,central_early,P3-0316,0.285,3.5087719298245617
6000,central_early,P3-0318,0.285,3.5087719298245617
6000,central_early,P3-0319,0.285,3.5087719298245617
6000,central_early,P3-0321,0.285,3.5087719298245617
6000,central_early,P3-0326,0.285,3.5087719298245617
6000,central_early,P3-0332,0.285,3.5087719298245617
6000,central_early,P3-0333,0.285,3.5087719298245617
6000,central_early,P3-0336,0.285,3.5087719298245617
6000,central_early,P3-0337,0.285,3.5087719298245617
6000,central_early,P3-0339,0.285,3.5087719298245617
6000,central_early,P3-0342,0.285,3.5087719298245617
6000,central_early,P3-0353,0.285,3.5087719298245617
6000,central_early,P3-0356,0.285,3.5087719298245617
6000,central_early,P3-0361,0.285,3.5087719298245617
6000,central_early,P3-0368,0.285,3.5087719298245617
6000,central_early,P3-0371,0.285,3.5087719298245617
6000,central_early,P3-0378,0.285,3.5087719298245617
6000,central_early,P3-0379,0.285,3.5087719298245617
6000,central_early,P3-0380,0.285,3.5087719298245617
6000,central_early,P3-0382,0.285,3.5087719298245617
6000,central_early,P3-0383,0.285,3.5087719298245617
6000,central_early,P3-0390,0.285,3.5087719298245617
6000,central_early,P3-0396,0.285,3.5087719298245617
6000,central_early,P3-0399,0.285,3.5087719298245617
6000,central_early,P3-0400,0.285,3.5087719298245617
6000,central_early,P3-0412,0.285,3.5087719298245617
6000,central_early,P3-0413,0.285,3.5087719298245617
6000,central_early,P3-0416,0.285,3.5087719298245617
6000,central_early,P3-0419,0.285,3.5087719298245617
6000,central_early,P3-0420,0.285,3.5087719298245617
6000,central_early,P3-0421,0.285,3.5087719298245617
6000,central_early,P3-0424,0.285,3.5087719298245617
6000,central_early,P3-0426,0.285,3.5087719298245617
6000,central_early,P3-0428,0.285,3.5087719298245617
6000,central_early,P3-0429,0.285,3.5087719298245617
6000,central_early,P3-0435,0.285,3.5087719298245617
6000,central_early,P3-0436,0.285,3.5087719298245617
6000,central_early,P3-0439,0.285,3.5087719298245617
6000,central_early,P3-0449,0.285,3.5087719298245617
6000,central_early,P3-0450,0.285,3.5087719298245617
6000,central_early,P3-0452,0.285,3.5087719298245617
6000,central_early,P3-0454,0.285,3.5087719298245617
6000,central_early,P3-0455,0.285,3.5087719298245617
6000,central_early,P3-0458,0.285,3.5087719298245617
6000,central_early,P3-0459,0.285,3.5087719298245617
6000,central_early,P3-0460,0.285,3.5087719298245617
6000,central_early,P3-0466,0.285,3.5087719298245617
6000,central_early,P3-0469,0.285,3.5087719298245617
6000,central_early,P3-0479,0.285,3.5087719298245617
6000,central_early,P3-0481,0.285,3.5087719298245617
6000,central_early,P3-0482,0.285,3.5087719298245617
6000,central_early,P3-0484,0.285,3.5087719298245617
6000,central_early,P3-0488,0.285,3.5087719298245617
6000,central_early,P3-0490,0.285,3.5087719298245617
6000,central_early,P3-0499,0.285,3.5087719298245617
6000,central_early,P3-0507,0.285,3.5087719298245617
6000,central_early,P3-0509,0.285,3.5087719298245617
6000,central_early,P3-0511,0.285,3.5087719298245617
6000,central_early,P3-0513,0.285,3.5087719298245617
6000,central_early,P3-0519,0.285,3.5087719298245617
6000,central_early,P3-0522,0.285,3.5087719298245617
6000,central_early,P3-0526,0.285,3.5087719298245617
6000,central_early,P3-0528,0.285,3.5087719298245617
6000,central_early,P3-0531,0.285,3.5087719298245617
6000,central_early,P3-0532,0.285,3.5087719298245617
6000,central_early,P3-0536,0.285,3.5087719298245617
6000,central_early,P3-0537,0.285,3.5087719298245617
6000,central_early,P3-0539,0.285,3.5087719298245617
6000,central_early,P3-0540,0.285,3.5087719298245617
6000,central_early,P3-0549,0.285,3.5087719298245617
6000,central_early,P3-0564,0.285,3.5087719298245617
6000,central_early,P3-0567,0.285,3.5087719298245617
6000,central_early,P3-0569,0.285,3.5087719298245617
6000,central_early,P3-0570,0.285,3.5087719298245617
6000,central_early,P3-0571,0.285,3.5087719298245617
6000,central_early,P3-0572,0.285,3.5087719298245617
6000,central_early,P3-0574,0.285,3.5087719298245617
6000,central_early,P3-0578,0.285,3.5087719298245617
6000,central_early,P3-0581,0.285,3.5087719298245617
6000,central_early,P3-0582,0.285,3.5087719298245617
6000,central_early,P3-0587,0.285,3.5087719298245617
6000,central_early,P3-0592,0.285,3.5087719298245617
6000,central_early,P3-0593,0.285,3.5087719298245617
6000,central_late,P4-0005,0.33125,3.018867924528302
6000,central_late,P4-0007,0.33125,3.018867924528302
6000,central_late,P4-0013,0.33125,3.018867924528302
6000,central_late,P4-0015,0.33125,3.018867924528302
6000,central_late,P4-0017,0.33125,3.018867924528302
6000,central_late,P4-0018,0.33125,3.018867924528302
6000,central_late,P4-0020,0.33125,3.018867924528302
6000,central_late,P4-0021,0.33125,3.018867924528302
6000,central_late,P4-0024,0.33125,3.018867924528302
6000,central_late,P4-0027,0.33125,3.018867924528302
6000,central_late,P4-0031,0.33125,3.018867924528302
6000,central_late,P4-0033,0.33125,3.018867924528302
6000,central_late,P4-0036,0.33125,3.018867924528302
6000,central_late,P4-0037,0.33125,3.018867924528302
6000,central_late,P4-0038,0.33125,3.018867924528302
6000,central_late,P4-0041,0.33125,3.018867924528302
6000,central_late,P4-0042,0.33125,3.018867924528302
6000,central_late,P4-0046,0.33125,3.018867924528302
6000,central_late,P4-0050,0.33125,3.018867924528302
6000,central_late,P4-0052,0.33125,3.018867924528302
6000,central_late,P4-0054,0.33125,3.018867924528302
6000,central_late,P4-0055,0.33125,3.018867924528302
6000,central_late,P4-0057,0.33125,3.018867924528302
6000,central_late,P4-0063,0.33125,3.018867924528302
6000,central_late,P4-0064,0.33125,3.018867924528302
6000,central_late,P4-0069,0.33125,3.018867924528302
6000,central_late,P4-0075,0.33125,3.018867924528302
6000,central_late,P4-0077,0.33125,3.018867924528302
6000,central_late,P4-0084,0.33125,3.018867924528302
6000,central_late,P4-0087,0.33125,3.018867924528302
6000,central_late,P4-0089,0.33125,3.018867924528302
6000,central_late,P4-0101,0.33125,3.018867924528302
6000,central_late,P4-0104,0.33125,3.018867924528302
6000,central_late,P4-0110,0.33125,3.018867924528302
6000,central_late,P4-0112,0.33125,3.018867924528302
6000,central_late,P4-0113,0.33125,3.018867924528302
6000,central_late,P4-0114,0.33125,3.018867924528302
6000,central_late,P4-0119,0.33125,3.018867924528302
6000,central_late,P4-0121,0.33125,3.018867924528302
6000,central_late,P4-0124,0.33125,3.018867924528302
6000,central_late,P4-0125,0.33125,3.018867924528302
6000,central_late,P4-0128,0.33125,3.018867924528302
6000,central_late,P4-0129,0.33125,3.018867924528302
6000,central_late,P4-0133,0.33125,3.018867924528302
6000,central_late,P4-0134,0.33125,3.018867924528302
6000,central_late,P4-0135,0.33125,3.018867924528302
6000,central_late,P4-0137,0.33125,3.018867924528302
6000,central_late,P4-0139,0.33125,3.018867924528302
6000,central_late,P4-0140,0.33125,3.018867924528302
6000,central_late,P4-0142,0.33125,3.018867924528302
6000,central_late,P4-0143,0.33125,3.018867924528302
6000,central_late,P4-0146,0.33125,3.018867924528302
6000,central_late,P4-0148,0.33125,3.018867924528302
6000,central_late,P4-0151,0.33125,3.018867924528302
6000,central_late,P4-0152,0.33125,3.018867924528302
6000,central_late,P4-0154,0.33125,3.018867924528302
6000,central_late,P4-0157,0.33125,3.018867924528302
6000,central_late,P4-0159,0.33125,3.018867924528302
6000,central_late,P4-0160,0.33125,3.018867924528302
6000,central_late,P4-0161,0.33125,3.018867924528302
6000,central_late,P4-0162,0.33125,3.018867924528302
6000,central_late,P4-0164,0.33125,3.018867924528302
6000,central_late,P4-0165,0.33125,3.018867924528302
6000,central_late,P4-0169,0.33125,3.018867924528302
6000,central_late,P4-0171,0.33125,3.018867924528302
6000,central_late,P4-0174,0.33125,3.018867924528302
6000,central_late,P4-0177,0.33125,3.018867924528302
6000,central_late,P4-0178,0.33125,3.018867924528302
6000,central_late,P4-0179,0.33125,3.018867924528302
6000,central_late,P4-0180,0.33125,3.018867924528302
6000,central_late,P4-0181,0.33125,3.018867924528302
6000,central_late,P4-0182,0.33125,3.018867924528302
6000,central_late,P4-0183,0.33125,3.018867924528302
6000,central_late,P4-0184,0.33125,3.018867924528302
6000,central_late,P4-0185,0.33125,3.018867924528302
6000,central_late,P4-0191,0.33125,3.018867924528302
6000,central_late,P4-0194,0.33125,3.018867924528302
6000,central_late,P4-0195,0.33125,3.018867924528302
6000,central_late,P4-0196,0.33125,3.018867924528302
6000,central_late,P4-0201,0.33125,3.018867924528302
6000,central_late,P4-0205,0.33125,3.018867924528302
6000,central_late,P4-0209,0.33125,3.018867924528302
6000,central_late,P4-0210,0.33125,3.018867924528302
6000,central_late,P4-0213,0.33125,3.018867924528302
6000,central_late,P4-0217,0.33125,3.018867924528302
6000,central_late,P4-0218,0.33125,3.018867924528302
6000,central_late,P4-0228,0.33125,3.018867924528302
6000,central_late,P4-0230,0.33125,3.018867924528302
6000,central_late,P4-0238,0.33125,3.018867924528302
6000,central_late,P4-0241,0.33125,3.018867924528302
6000,central_late,P4-0242,0.33125,3.018867924528302
6000,central_late,P4-0243,0.33125,3.018867924528302
6000,central_late,P4-0246,0.33125,3.018867924528302
6000,central_late,P4-0247,0.33125,3.018867924528302
6000,central_late,P4-0248,0.33125,3.018867924528302
6000,central_late,P4-0249,0.33125,3.018867924528302
6000,central_late,P4-0252,0.33125,3.018867924528302
6000,central_late,P4-0254,0.33125,3.018867924528302
6000,central_late,P4-0256,0.33125,3.018867924528302
6000,central_late,P4-0258,0.33125,3.018867924528302
6000,central_late,P4-0259,0.33125,3.018867924528302
6000,central_late,P4-0260,0.33125,3.018867924528302
6000,central_late,P4-0270,0.33125,3.018867924528302
6000,central_late,P4-0272,0.33125,3.018867924528302
6000,central_late,P4-0276,0.33125,3.018867924528302
6000,central_late,P4-0277,0.33125,3.018867924528302
6000,central_late,P4-0279,0.33125,3.018867924528302
6000,central_late,P4-0281,0.33125,3.018867924528302
6000,central_late,P4-0293,0.33125,3.018867924528302
6000,central_late,P4-0298,0.33125,3.018867924528302
6000,central_late,P4-0301,0.33125,3.018867924528302
6000,central_late,P4-0306,0.33125,3.018867924528302
6000,central_late,P4-0307,0.33125,3.018867924528302
6000,central_late,P4-0310,0.33125,3.018867924528302
6000,central_late,P4-0311,0.33125,3.018867924528302
6000,central_late,P4-0312,0.33125,3.018867924528302
6000,central_late,P4-0314,0.33125,3.018867924528302
6000,central_late,P4-0324,0.33125,3.018867924528302
6000,central_late,P4-0325,0.33125,3.018867924528302
6000,central_late,P4-0330,0.33125,3.018867924528302
6000,central_late,P4-0333,0.33125,3.018867924528302
6000,central_late,P4-0334,0.33125,3.018867924528302
6000,central_late,P4-0341,0.33125,3.018867924528302
6000,central_late,P4-0342,0.33125,3.018867924528302
6000,central_late,P4-0345,0.33125,3.018867924528302
6000,central_late,P4-0346,0.33125,3.018867924528302
6000,central_late,P4-0347,0.33125,3.018867924528302
6000,central_late,P4-0348,0.33125,3.018867924528302
6000,central_late,P4-0354,0.33125,3.018867924528302
6000,central_late,P4-0357,0.33125,3.018867924528302
6000,central_late,P4-0362,0.33125,3.018867924528302
6000,central_late,P4-0365,0.33125,3.018867924528302
6000,central_late,P4-0369,0.33125,3.018867924528302
6000,central_late,P4-0371,0.33125,3.018867924528302
6000,central_late,P4-0373,0.33125,3.018867924528302
6000,central_late,P4-0374,0.33125,3.018867924528302
6000,central_late,P4-0375,0.33125,3.018867924528302
6000,central_late,P4-0377,0.33125,3.018867924528302
6000,central_late,P4-0391,0.33125,3.018867924528302
6000,central_late,P4-0393,0.33125,3.018867924528302
6000,central_late,P4-0399,0.33125,3.018867924528302
6000,central_late,P4-0402,0.33125,3.018867924528302
6000,central_late,P4-0407,0.33125,3.018867924528302
6000,central_late,P4-0408,0.33125,3.018867924528302
6000,central_late,P4-0412,0.33125,3.018867924528302
6000,central_late,P4-0413,0.33125,3.018867924528302
6000,central_late,P4-0414,0.33125,3.018867924528302
6000,central_late,P4-0415,0.33125,3.018867924528302
6000,central_late,P4-0416,0.33125,3.018867924528302
6000,central_late,P4-0428,0.33125,3.018867924528302
6000,central_late,P4-0438,0.33125,3.018867924528302
6000,central_late,P4-0440,0.33125,3.018867924528302
6000,central_late,P4-0445,0.33125,3.018867924528302
6000,central_late,P4-0446,0.33125,3.018867924528302
6000,central_late,P4-0456,0.33125,3.018867924528302
6000,central_late,P4-0457,0.33125,3.018867924528302
6000,central_late,P4-0462,0.33125,3.018867924528302
6000,central_late,P4-0464,0.33125,3.018867924528302
6000,central_late,P4-0466,0.33125,3.018867924528302
6000,central_late,P4-0476,0.33125,3.018867924528302
6000,central_late,P4-0477,0.33125,3.018867924528302
6000,central_late,P4-0478,0.33125,3.018867924528302
6000,central_late,P4-0480,0.33125,3.018867924528302
6000,central_late,P4-0482,0.33125,3.018867924528302
6000,central_late,P4-0483,0.33125,3.018867924528302
6000,central_late,P4-0485,0.33125,3.018867924528302
6000,central_late,P4-0486,0.33125,3.018867924528302
6000,central_late,P4-0487,0.33125,3.018867924528302
6000,central_late,P4-0489,0.33125,3.018867924528302
6000,central_late,P4-0490,0.33125,3.018867924528302
6000,central_late,P4-0498,0.33125,3.018867924528302
6000,central_late,P4-0501,0.33125,3.018867924528302
6000,central_late,P4-0504,0.33125,3.018867924528302
6000,central_late,P4-0505,0.33125,3.018867924528302
6000,central_late,P4-0506,0.33125,3.018867924528302
6000,central_late,P4-0508,0.33125,3.018867924528302
6000,central_late,P4-0511,0.33125,3.018867924528302
6000,central_late,P4-0513,0.33125,3.018867924528302
6000,central_late,P4-0515,0.33125,3.018867924528302
6000,central_late,P4-0517,0.33125,3.018867924528302
6000,central_late,P4-0521,0.33125,3.018867924528302
6000,central_late,P4-0532,0.33125,3.018867924528302
6000,central_late,P4-0540,0.33125,3.018867924528302
6000,central_late,P4-0546,0.33125,3.018867924528302
6000,central_late,P4-0548,0.33125,3.018867924528302
6000,central_late,P4-0549,0.33125,3.018867924528302
6000,central_late,P4-0552,0.33125,3.018867924528302
6000,central_late,P4-0561,0.33125,3.018867924528302
6000,central_late,P4-0562,0.33125,3.018867924528302
6000,central_late,P4-0564,0.33125,3.018867924528302
6000,central_late,P4-0565,0.33125,3.018867924528302
6000,central_late,P4-0566,0.33125,3.018867924528302
6000,central_late,P4-0568,0.33125,3.018867924528302
6000,central_late,P4-0569,0.33125,3.018867924528302
6000,central_late,P4-0570,0.33125,3.018867924528302
6000,central_late,P4-0576,0.33125,3.018867924528302
6000,central_late,P4-0586,0.33125,3.018867924528302
6000,central_late,P4-0587,0.33125,3.018867924528302
6000,central_late,P4-0597,0.33125,3.018867924528302
6000,central_late,P4-0599,0.33125,3.018867924528302
6000,central_late,P4-0602,0.33125,3.018867924528302
6000,central_late,P4-0606,0.33125,3.018867924528302
6000,central_late,P4-0607,0.33125,3.018867924528302
6000,central_late,P4-0608,0.33125,3.018867924528302
6000,central_late,P4-0610,0.33125,3.018867924528302
6000,central_late,P4-0613,0.33125,3.018867924528302
6000,central_late,P4-0618,0.33125,3.018867924528302
6000,central_late,P4-0628,0.33125,3.018867924528302
6000,central_late,P4-0631,0.33125,3.018867924528302
6000,central_late,P4-0633,0.33125,3.018867924528302
6000,central_late,P4-0636,0.33125,3.018867924528302
6000,central_late,P4-0637,0.33125,3.018867924528302
6000,central_late,P4-0640,0.33125,3.018867924528302
6000,central_late,P4-0645,0.33125,3.018867924528302
6000,central_late,P4-0650,0.33125,3.018867924528302
6000,central_late,P4-0657,0.33125,3.018867924528302
6000,central_late,P4-0659,0.33125,3.018867924528302
6000,central_late,P4-0660,0.33125,3.018867924528302
6000,central_late,P4-0661,0.33125,3.018867924528302
6000,central_late,P4-0663,0.33125,3.018867924528302
6000,central_late,P4-0673,0.33125,3.018867924528302
6000,central_late,P4-0674,0.33125,3.018867924528302
6000,central_late,P4-0675,0.33125,3.018867924528302
6000,central_late,P4-0676,0.33125,3.018867924528302
6000,central_late,P4-0685,0.33125,3.018867924528302
6000,central_late,P4-0688,0.33125,3.018867924528302
6000,central_late,P4-0690,0.33125,3.018867924528302
6000,central_late,P4-0691,0.33125,3.018867924528302
6000,central_late,P4-0692,0.33125,3.018867924528302
6000,central_late,P4-0693,0.33125,3.018867924528302
6000,central_late,P4-0696,0.33125,3.018867924528302
6000,central_late,P4-0697,0.33125,3.018867924528302
6000,central_late,P4-0699,0.33125,3.018867924528302
6000,central_late,P4-0701,0.33125,3.018867924528302
6000,central_late,P4-0706,0.33125,3.018867924528302
6000,central_late,P4-0707,0.33125,3.018867924528302
6000,central_late,P4-0710,0.33125,3.018867924528302
6000,central_late,P4-0711,0.33125,3.018867924528302
6000,central_late,P4-0714,0.33125,3.018867924528302
6000,central_late,P4-0718,0.33125,3.018867924528302
6000,central_late,P4-0719,0.33125,3.018867924528302
6000,central_late,P4-0725,0.33125,3.018867924528302
6000,central_late,P4-0728,0.33125,3.018867924528302
6000,central_late,P4-0729,0.33125,3.018867924528302
6000,central_late,P4-0734,0.33125,3.018867924528302
6000,central_late,P4-0738,0.33125,3.018867924528302
6000,central_late,P4-0746,0.33125,3.018867924528302
6000,central_late,P4-0749,0.33125,3.018867924528302
6000,central_late,P4-0756,0.33125,3.018867924528302
6000,central_late,P4-0757,0.33125,3.018867924528302
6000,central_late,P4-0760,0.33125,3.018867924528302
6000,central_late,P4-0762,0.33125,3.018867924528302
6000,central_late,P4-0764,0.33125,3.018867924528302
6000,central_late,P4-0766,0.33125,3.018867924528302
6000,central_late,P4-0767,0.33125,3.018867924528302
6000,central_late,P4-0768,0.33125,3.018867924528302
6000,central_late,P4-0770,0.33125,3.018867924528302
6000,central_late,P4-0771,0.33125,3.018867924528302
6000,central_late,P4-0783,0.33125,3.018867924528302
6000,central_late,P4-0784,0.33125,3.018867924528302
6000,central_late,P4-0787,0.33125,3.018867924528302
6000,central_late,P4-0793,0.33125,3.018867924528302
6000,central_late,P4-0797,0.33125,3.018867924528302
6000,central_late,P4-0798,0.33125,3.018867924528302
6000,central_late,P4-0799,0.33125,3.018867924528302
6000,south_early,P5-0003,0.3690909090909091,2.70935960591133
6000,south_early,P5-0008,0.3690909090909091,2.70935960591133
6000,south_early,P5-0010,0.3690909090909091,2.70935960591133
6000,south_early,P5-0014,0.3690909090909091,2.70935960591133
6000,south_early,P5-0017,0.3690909090909091,2.70935960591133
6000,south_early,P5-0018,0.3690909090909091,2.70935960591133
6000,south_early,P5-0021,0.3690909090909091,2.70935960591133
6000,south_early,P5-0022,0.3690909090909091,2.70935960591133
6000,south_early,P5-0023,0.3690909090909091,2.70935960591133
6000,south_early,P5-0025,0.3690909090909091,2.70935960591133
6000,south_early,P5-0028,0.3690909090909091,2.70935960591133
6000,south_early,P5-0029,0.3690909090909091,2.70935960591133
6000,south_early,P5-0031,0.3690909090909091,2.70935960591133
6000,south_early,P5-0033,0.3690909090909091,2.70935960591133
6000,south_early,P5-0036,0.3690909090909091,2.70935960591133
6000,south_early,P5-0040,0.3690909090909091,2.70935960591133
6000,south_early,P5-0042,0.3690909090909091,2.70935960591133
6000,south_early,P5-0047,0.3690909090909091,2.70935960591133
6000,south_early,P5-0048,0.3690909090909091,2.70935960591133
6000,south_early,P5-0050,0.3690909090909091,2.70935960591133
6000,south_early,P5-0053,0.3690909090909091,2.70935960591133
6000,south_early,P5-0054,0.3690909090909091,2.70935960591133
6000,south_early,P5-0057,0.3690909090909091,2.70935960591133
6000,south_early,P5-0058,0.3690909090909091,2.70935960591133
6000,south_early,P5-0060,0.3690909090909091,2.70935960591133
6000,south_early,P5-0061,0.3690909090909091,2.70935960591133
6000,south_early,P5-0067,0.3690909090909091,2.70935960591133
6000,south_early,P5-0069,0.3690909090909091,2.70935960591133
6000,south_early,P5-0070,0.3690909090909091,2.70935960591133
6000,south_early,P5-0071,0.3690909090909091,2.70935960591133
6000,south_early,P5-0073,0.3690909090909091,2.70935960591133
6000,south_early,P5-0076,0.3690909090909091,2.70935960591133
6000,south_early,P5-0081,0.3690909090909091,2.70935960591133
6000,south_early,P5-0083,0.3690909090909091,2.70935960591133
6000,south_early,P5-0088,0.3690909090909091,2.70935960591133
6000,south_early,P5-0092,0.3690909090909091,2.70935960591133
6000,south_early,P5-0094,0.3690909090909091,2.70935960591133
6000,south_early,P5-0096,0.3690909090909091,2.70935960591133
6000,south_early,P5-0098,0.3690909090909091,2.70935960591133
6000,south_early,P5-0102,0.3690909090909091,2.70935960591133
6000,south_early,P5-0104,0.3690909090909091,2.70935960591133
6000,south_early,P5-0106,0.3690909090909091,2.70935960591133
6000,south_early,P5-0107,0.3690909090909091,2.70935960591133
6000,south_early,P5-0110,0.3690909090909091,2.70935960591133
6000,south_early,P5-0113,0.3690909090909091,2.70935960591133
6000,south_early,P5-0114,0.3690909090909091,2.70935960591133
6000,south_early,P5-0116,0.3690909090909091,2.70935960591133
6000,south_early,P5-0120,0.3690909090909091,2.70935960591133
6000,south_early,P5-0122,0.3690909090909091,2.70935960591133
6000,south_early,P5-0125,0.3690909090909091,2.70935960591133
6000,south_early,P5-0127,0.3690909090909091,2.70935960591133
6000,south_early,P5-0129,0.3690909090909091,2.70935960591133
6000,south_early,P5-0130,0.3690909090909091,2.70935960591133
6000,south_early,P5-0131,0.3690909090909091,2.70935960591133
6000,south_early,P5-0133,0.3690909090909091,2.70935960591133
6000,south_early,P5-0137,0.3690909090909091,2.70935960591133
6000,south_early,P5-0138,0.3690909090909091,2.70935960591133
6000,south_early,P5-0141,0.3690909090909091,2.70935960591133
6000,south_early,P5-0142,0.3690909090909091,2.70935960591133
6000,south_early,P5-0143,0.3690909090909091,2.70935960591133
6000,south_early,P5-0144,0.3690909090909091,2.70935960591133
6000,south_early,P5-0146,0.3690909090909091,2.70935960591133
6000,south_early,P5-0149,0.3690909090909091,2.70935960591133
6000,south_early,P5-0150,0.3690909090909091,2.70935960591133
6000,south_early,P5-0151,0.3690909090909091,2.70935960591133
6000,south_early,P5-0152,0.3690909090909091,2.70935960591133
6000,south_early,P5-0153,0.3690909090909091,2.70935960591133
6000,south_early,P5-0155,0.3690909090909091,2.70935960591133
6000,south_early,P5-0156,0.3690909090909091,2.70935960591133
6000,south_early,P5-0158,0.3690909090909091,2.70935960591133
6000,south_early,P5-0162,0.3690909090909091,2.70935960591133
6000,south_early,P5-0166,0.3690909090909091,2.70935960591133
6000,south_early,P5-0169,0.3690909090909091,2.70935960591133
6000,south_early,P5-0175,0.3690909090909091,2.70935960591133
6000,south_early,P5-0177,0.3690909090909091,2.70935960591133
6000,south_early,P5-0182,0.3690909090909091,2.70935960591133
6000,south_early,P5-0183,0.3690909090909091,2.70935960591133
6000,south_early,P5-0185,0.3690909090909091,2.70935960591133
6000,south_early,P5-0188,0.3690909090909091,2.70935960591133
6000,south_early,P5-0191,0.3690909090909091,2.70935960591133
6000,south_early,P5-0193,0.3690909090909091,2.70935960591133
6000,south_early,P5-0198,0.3690909090909091,2.70935960591133
6000,south_early,P5-0208,0.3690909090909091,2.70935960591133
6000,south_early,P5-0210,0.3690909090909091,2.70935960591133
6000,south_early,P5-0212,0.3690909090909091,2.70935960591133
6000,south_early,P5-0213,0.3690909090909091,2.70935960591133
6000,south_early,P5-0214,0.3690909090909091,2.70935960591133
6000,south_early,P5-0217,0.3690909090909091,2.70935960591133
6000,south_early,P5-0218,0.3690909090909091,2.70935960591133
6000,south_early,P5-0219,0.3690909090909091,2.70935960591133
6000,south_early,P5-0221,0.3690909090909091,2.70935960591133
6000,south_early,P5-0222,0.3690909090909091,2.70935960591133
6000,south_early,P5-0226,0.3690909090909091,2.70935960591133
6000,south_early,P5-0229,0.3690909090909091,2.70935960591133
6000,south_early,P5-0235,0.3690909090909091,2.70935960591133
6000,south_early,P5-0241,0.3690909090909091,2.70935960591133
6000,south_early,P5-0242,0.3690909090909091,2.70935960591133
6000,south_early,P5-0248,0.3690909090909091,2.70935960591133
6000,south_early,P5-0251,0.3690909090909091,2.70935960591133
6000,south_early,P5-0252,0.3690909090909091,2.70935960591133
6000,south_early,P5-0257,0.3690909090909091,2.70935960591133
6000,south_early,P5-0259,0.3690909090909091,2.70935960591133
6000,south_early,P5-0262,0.3690909090909091,2.70935960591133
6000,south_early,P5-0267,0.3690909090909091,2.70935960591133
6000,south_early,P5-0268,0.3690909090909091,2.70935960591133
6000,south_early,P5-0275,0.3690909090909091,2.70935960591133
6000,south_early,P5-0277,0.3690909090909091,2.70935960591133
6000,south_early,P5-0279,0.3690909090909091,2.70935960591133
6000,south_early,P5-0280,0.3690909090909091,2.70935960591133
6000,south_early,P5-0281,0.3690909090909091,2.70935960591133
6000,south_early,P5-0283,0.3690909090909091,2.70935960591133
6000,south_early,P5-0284,0.3690909090909091,2.70935960591133
6000,south_early,P5-0287,0.3690909090909091,2.70935960591133
6000,south_early,P5-0289,0.3690909090909091,2.70935960591133
6000,south_early,P5-0296,0.3690909090909091,2.70935960591133
6000,south_early,P5-0297,0.3690909090909091,2.70935960591133
6000,south_early,P5-0300,0.3690909090909091,2.70935960591133
6000,south_early,P5-0304,0.3690909090909091,2.70935960591133
6000,south_early,P5-0305,0.3690909090909091,2.70935960591133
6000,south_early,P5-0306,0.3690909090909091,2.70935960591133
6000,south_early,P5-0308,0.3690909090909091,2.70935960591133
6000,south_early,P5-0312,0.3690909090909091,2.70935960591133
6000,south_early,P5-0316,0.3690909090909091,2.70935960591133
6000,south_early,P5-0323,0.3690909090909091,2.70935960591133
6000,south_early,P5-0325,0.3690909090909091,2.70935960591133
6000,south_early,P5-0328,0.3690909090909091,2.70935960591133
6000,south_early,P5-0329,0.3690909090909091,2.70935960591133
6000,south_early,P5-0332,0.3690909090909091,2.70935960591133
6000,south_early,P5-0333,0.3690909090909091,2.70935960591133
6000,south_early,P5-0336,0.3690909090909091,2.70935960591133
6000,south_early,P5-0337,0.3690909090909091,2.70935960591133
6000,south_early,P5-0341,0.3690909090909091,2.70935960591133
6000,south_early,P5-0342,0.3690909090909091,2.70935960591133
6000,south_early,P5-0343,0.3690909090909091,2.70935960591133
6000,south_early,P5-0347,0.3690909090909091,2.70935960591133
6000,south_early,P5-0350,0.3690909090909091,2.70935960591133
6000,south_early,P5-0351,0.3690909090909091,2.70935960591133
6000,south_early,P5-0352,0.3690909090909091,2.70935960591133
6000,south_early,P5-0353,0.3690909090909091,2.70935960591133
6000,south_early,P5-0354,0.3690909090909091,2.70935960591133
6000,south_early,P5-0360,0.3690909090909091,2.70935960591133
6000,south_early,P5-0362,0.3690909090909091,2.70935960591133
6000,south_early,P5-0365,0.3690909090909091,2.70935960591133
6000,south_early,P5-0369,0.3690909090909091,2.70935960591133
6000,south_early,P5-0370,0.3690909090909091,2.70935960591133
6000,south_early,P5-0371,0.3690909090909091,2.70935960591133
6000,south_early,P5-0374,0.3690909090909091,2.70935960591133
6000,south_early,P5-0375,0.3690909090909091,2.70935960591133
6000,south_early,P5-0377,0.3690909090909091,2.70935960591133
6000,south_early,P5-0382,0.3690909090909091,2.70935960591133
6000,south_early,P5-0388,0.3690909090909091,2.70935960591133
6000,south_early,P5-0392,0.3690909090909091,2.70935960591133
6000,south_early,P5-0393,0.3690909090909091,2.70935960591133
6000,south_early,P5-0395,0.3690909090909091,2.70935960591133
6000,south_early,P5-0403,0.3690909090909091,2.70935960591133
6000,south_early,P5-0410,0.3690909090909091,2.70935960591133
6000,south_early,P5-0411,0.3690909090909091,2.70935960591133
6000,south_early,P5-0412,0.3690909090909091,2.70935960591133
6000,south_early,P5-0414,0.3690909090909091,2.70935960591133
6000,south_early,P5-0417,0.3690909090909091,2.70935960591133
6000,south_early,P5-0419,0.3690909090909091,2.70935960591133
6000,south_early,P5-0424,0.3690909090909091,2.70935960591133
6000,south_early,P5-0426,0.3690909090909091,2.70935960591133
6000,south_early,P5-0430,0.3690909090909091,2.70935960591133
6000,south_early,P5-0435,0.3690909090909091,2.70935960591133
6000,south_early,P5-0437,0.3690909090909091,2.70935960591133
6000,south_early,P5-0438,0.3690909090909091,2.70935960591133
6000,south_early,P5-0439,0.3690909090909091,2.70935960591133
6000,south_early,P5-0442,0.3690909090909091,2.70935960591133
6000,south_early,P5-0443,0.3690909090909091,2.70935960591133
6000,south_early,P5-0449,0.3690909090909091,2.70935960591133
6000,south_early,P5-0452,0.3690909090909091,2.70935960591133
6000,south_early,P5-0456,0.3690909090909091,2.70935960591133
6000,south_early,P5-0457,0.3690909090909091,2.70935960591133
6000,south_early,P5-0462,0.3690909090909091,2.70935960591133
6000,south_early,P5-0463,0.3690909090909091,2.70935960591133
6000,south_early,P5-0466,0.3690909090909091,2.70935960591133
6000,south_early,P5-0468,0.3690909090909091,2.70935960591133
6000,south_early,P5-0470,0.3690909090909091,2.70935960591133
6000,south_early,P5-0474,0.3690909090909091,2.70935960591133
6000,south_early,P5-0475,0.3690909090909091,2.70935960591133
6000,south_early,P5-0477,0.3690909090909091,2.70935960591133
6000,south_early,P5-0482,0.3690909090909091,2.70935960591133
6000,south_early,P5-0483,0.3690909090909091,2.70935960591133
6000,south_early,P5-0485,0.3690909090909091,2.70935960591133
6000,south_early,P5-0493,0.3690909090909091,2.70935960591133
6000,south_early,P5-0502,0.3690909090909091,2.70935960591133
6000,south_early,P5-0510,0.3690909090909091,2.70935960591133
6000,south_early,P5-0512,0.3690909090909091,2.70935960591133
6000,south_early,P5-0514,0.3690909090909091,2.70935960591133
6000,south_early,P5-0515,0.3690909090909091,2.70935960591133
6000,south_early,P5-0518,0.3690909090909091,2.70935960591133
6000,south_early,P5-0519,0.3690909090909091,2.70935960591133
6000,south_early,P5-0520,0.3690909090909091,2.70935960591133
6000,south_early,P5-0523,0.3690909090909091,2.70935960591133
6000,south_early,P5-0526,0.3690909090909091,2.70935960591133
6000,south_early,P5-0528,0.3690909090909091,2.70935960591133
6000,south_early,P5-0535,0.3690909090909091,2.70935960591133
6000,south_early,P5-0539,0.3690909090909091,2.70935960591133
6000,south_early,P5-0541,0.3690909090909091,2.70935960591133
6000,south_early,P5-0543,0.3690909090909091,2.70935960591133
6000,south_early,P5-0544,0.3690909090909091,2.70935960591133
6000,south_early,P5-0546,0.3690909090909091,2.70935960591133
6000,south_late,P6-0002,0.3622222222222222,2.7607361963190185
6000,south_late,P6-0008,0.3622222222222222,2.7607361963190185
6000,south_late,P6-0011,0.3622222222222222,2.7607361963190185
6000,south_late,P6-0014,0.3622222222222222,2.7607361963190185
6000,south_late,P6-0022,0.3622222222222222,2.7607361963190185
6000,south_late,P6-0023,0.3622222222222222,2.7607361963190185
6000,south_late,P6-0030,0.3622222222222222,2.7607361963190185
6000,south_late,P6-0033,0.3622222222222222,2.7607361963190185
6000,south_late,P6-0035,0.3622222222222222,2.7607361963190185
6000,south_late,P6-0036,0.3622222222222222,2.7607361963190185
6000,south_late,P6-0038,0.3622222222222222,2.7607361963190185
6000,south_late,P6-0042,0.3622222222222222,2.7607361963190185
6000,south_late,P6-0043,0.3622222222222222,2.7607361963190185
6000,south_late,P6-0044,0.3622222222222222,2.7607361963190185
6000,south_late,P6-0046,0.3622222222222222,2.7607361963190185
6000,south_late,P6-0047,0.3622222222222222,2.7607361963190185
6000,south_late,P6-0054,0.3622222222222222,2.7607361963190185
6000,south_late,P6-0056,0.3622222222222222,2.7607361963190185
6000,south_late,P6-0057,0.3622222222222222,2.7607361963190185
6000,south_late,P6-0059,0.3622222222222222,2.7607361963190185
6000,south_late,P6-0060,0.3622222222222222,2.7607361963190185
6000,south_late,P6-0062,0.3622222222222222,2.7607361963190185
6000,south_late,P6-0065,0.3622222222222222,2.7607361963190185
6000,south_late,P6-0068,0.3622222222222222,2.7607361963190185
6000,south_late,P6-0069,0.3622222222222222,2.7607361963190185
6000,south_late,P6-0072,0.3622222222222222,2.7607361963190185
6000,south_late,P6-0074,0.3622222222222222,2.7607361963190185
6000,south_late,P6-0078,0.3622222222222222,2.7607361963190185
6000,south_late,P6-0080,0.3622222222222222,2.7607361963190185
6000,south_late,P6-0084,0.3622222222222222,2.7607361963190185
6000,south_late,P6-0087,0.3622222222222222,2.7607361963190185
6000,south_late,P6-0088,0.3622222222222222,2.7607361963190185
6000,south_late,P6-0093,0.3622222222222222,2.7607361963190185
6000,south_late,P6-0095,0.3622222222222222,2.7607361963190185
6000,south_late,P6-0096,0.3622222222222222,2.7607361963190185
6000,south_late,P6-0097,0.3622222222222222,2.7607361963190185
6000,south_late,P6-0098,0.3622222222222222,2.7607361963190185
6000,south_late,P6-0099,0.3622222222222222,2.7607361963190185
6000,south_late,P6-0102,0.3622222222222222,2.7607361963190185
6000,south_late,P6-0105,0.3622222222222222,2.7607361963190185
6000,south_late,P6-0107,0.3622222222222222,2.7607361963190185
6000,south_late,P6-0109,0.3622222222222222,2.7607361963190185
6000,south_late,P6-0111,0.3622222222222222,2.7607361963190185
6000,south_late,P6-0115,0.3622222222222222,2.7607361963190185
6000,south_late,P6-0116,0.3622222222222222,2.7607361963190185
6000,south_late,P6-0119,0.3622222222222222,2.7607361963190185
6000,south_late,P6-0120,0.3622222222222222,2.7607361963190185
6000,south_late,P6-0123,0.3622222222222222,2.7607361963190185
6000,south_late,P6-0124,0.3622222222222222,2.7607361963190185
6000,south_late,P6-0126,0.3622222222222222,2.7607361963190185
6000,south_late,P6-0132,0.3622222222222222,2.7607361963190185
6000,south_late,P6-0134,0.3622222222222222,2.7607361963190185
6000,south_late,P6-0135,0.3622222222222222,2.7607361963190185
6000,south_late,P6-0137,0.3622222222222222,2.7607361963190185
6000,south_late,P6-0142,0.3622222222222222,2.7607361963190185
6000,south_late,P6-0147,0.3622222222222222,2.7607361963190185
6000,south_late,P6-0152,0.3622222222222222,2.7607361963190185
6000,south_late,P6-0160,0.3622222222222222,2.7607361963190185
6000,south_late,P6-0161,0.3622222222222222,2.7607361963190185
6000,south_late,P6-0164,0.3622222222222222,2.7607361963190185
6000,south_late,P6-0170,0.3622222222222222,2.7607361963190185
6000,south_late,P6-0171,0.3622222222222222,2.7607361963190185
6000,south_late,P6-0174,0.3622222222222222,2.7607361963190185
6000,south_late,P6-0175,0.3622222222222222,2.7607361963190185
6000,south_late,P6-0176,0.3622222222222222,2.7607361963190185
6000,south_late,P6-0179,0.3622222222222222,2.7607361963190185
6000,south_late,P6-0180,0.3622222222222222,2.7607361963190185
6000,south_late,P6-0183,0.3622222222222222,2.7607361963190185
6000,south_late,P6-0184,0.3622222222222222,2.7607361963190185
6000,south_late,P6-0192,0.3622222222222222,2.7607361963190185
6000,south_late,P6-0195,0.3622222222222222,2.7607361963190185
6000,south_late,P6-0198,0.3622222222222222,2.7607361963190185
6000,south_late,P6-0199,0.3622222222222222,2.7607361963190185
6000,south_late,P6-0208,0.3622222222222222,2.7607361963190185
6000,south_late,P6-0209,0.3622222222222222,2.7607361963190185
6000,south_late,P6-0213,0.3622222222222222,2.7607361963190185
6000,south_late,P6-0218,0.3622222222222222,2.7607361963190185
6000,south_late,P6-0219,0.3622222222222222,2.7607361963190185
6000,south_late,P6-0221,0.3622222222222222,2.7607361963190185
6000,south_late,P6-0222,0.3622222222222222,2.7607361963190185
6000,south_late,P6-0223,0.3622222222222222,2.7607361963190185
6000,south_late,P6-0229,0.3622222222222222,2.7607361963190185
6000,south_late,P6-0230,0.3622222222222222,2.7607361963190185
6000,south_late,P6-0232,0.3622222222222222,2.7607361963190185
6000,south_late,P6-0236,0.3622222222222222,2.7607361963190185
6000,south_late,P6-0241,0.3622222222222222,2.7607361963190185
6000,south_late,P6-0242,0.3622222222222222,2.7607361963190185
6000,south_late,P6-0246,0.3622222222222222,2.7607361963190185
6000,south_late,P6-0248,0.3622222222222222,2.7607361963190185
6000,south_late,P6-0249,0.3622222222222222,2.7607361963190185
6000,south_late,P6-0254,0.3622222222222222,2.7607361963190185
6000,south_late,P6-0261,0.3622222222222222,2.7607361963190185
6000,south_late,P6-0264,0.3622222222222222,2.7607361963190185
6000,south_late,P6-0273,0.3622222222222222,2.7607361963190185
6000,south_late,P6-0280,0.3622222222222222,2.7607361963190185
6000,south_late,P6-0281,0.3622222222222222,2.7607361963190185
6000,south_late,P6-0282,0.3622222222222222,2.7607361963190185
6000,south_late,P6-0284,0.3622222222222222,2.7607361963190185
6000,south_late,P6-0286,0.3622222222222222,2.7607361963190185
6000,south_late,P6-0287,0.3622222222222222,2.7607361963190185
6000,south_late,P6-0289,0.3622222222222222,2.7607361963190185
6000,south_late,P6-0292,0.3622222222222222,2.7607361963190185
6000,south_late,P6-0295,0.3622222222222222,2.7607361963190185
6000,south_late,P6-0298,0.3622222222222222,2.7607361963190185
6000,south_late,P6-0299,0.3622222222222222,2.7607361963190185
6000,south_late,P6-0306,0.3622222222222222,2.7607361963190185
6000,south_late,P6-0309,0.3622222222222222,2.7607361963190185
6000,south_late,P6-0313,0.3622222222222222,2.7607361963190185
6000,south_late,P6-0315,0.3622222222222222,2.7607361963190185
6000,south_late,P6-0317,0.3622222222222222,2.7607361963190185
6000,south_late,P6-0320,0.3622222222222222,2.7607361963190185
6000,south_late,P6-0327,0.3622222222222222,2.7607361963190185
6000,south_late,P6-0329,0.3622222222222222,2.7607361963190185
6000,south_late,P6-0331,0.3622222222222222,2.7607361963190185
6000,south_late,P6-0332,0.3622222222222222,2.7607361963190185
6000,south_late,P6-0333,0.3622222222222222,2.7607361963190185
6000,south_late,P6-0334,0.3622222222222222,2.7607361963190185
6000,south_late,P6-0335,0.3622222222222222,2.7607361963190185
6000,south_late,P6-0340,0.3622222222222222,2.7607361963190185
6000,south_late,P6-0342,0.3622222222222222,2.7607361963190185
6000,south_late,P6-0348,0.3622222222222222,2.7607361963190185
6000,south_late,P6-0350,0.3622222222222222,2.7607361963190185
6000,south_late,P6-0351,0.3622222222222222,2.7607361963190185
6000,south_late,P6-0352,0.3622222222222222,2.7607361963190185
6000,south_late,P6-0354,0.3622222222222222,2.7607361963190185
6000,south_late,P6-0355,0.3622222222222222,2.7607361963190185
6000,south_late,P6-0360,0.3622222222222222,2.7607361963190185
6000,south_late,P6-0363,0.3622222222222222,2.7607361963190185
6000,south_late,P6-0365,0.3622222222222222,2.7607361963190185
6000,south_late,P6-0367,0.3622222222222222,2.7607361963190185
6000,south_late,P6-0369,0.3622222222222222,2.7607361963190185
6000,south_late,P6-0375,0.3622222222222222,2.7607361963190185
6000,south_late,P6-0377,0.3622222222222222,2.7607361963190185
6000,south_late,P6-0378,0.3622222222222222,2.7607361963190185
6000,south_late,P6-0379,0.3622222222222222,2.7607361963190185
6000,south_late,P6-0381,0.3622222222222222,2.7607361963190185
6000,south_late,P6-0384,0.3622222222222222,2.7607361963190185
6000,south_late,P6-0386,0.3622222222222222,2.7607361963190185
6000,south_late,P6-0387,0.3622222222222222,2.7607361963190185
6000,south_late,P6-0389,0.3622222222222222,2.7607361963190185
6000,south_late,P6-0392,0.3622222222222222,2.7607361963190185
6000,south_late,P6-0393,0.3622222222222222,2.7607361963190185
6000,south_late,P6-0398,0.3622222222222222,2.7607361963190185
6000,south_late,P6-0401,0.3622222222222222,2.7607361963190185
6000,south_late,P6-0402,0.3622222222222222,2.7607361963190185
6000,south_late,P6-0404,0.3622222222222222,2.7607361963190185
6000,south_late,P6-0405,0.3622222222222222,2.7607361963190185
6000,south_late,P6-0407,0.3622222222222222,2.7607361963190185
6000,south_late,P6-0409,0.3622222222222222,2.7607361963190185
6000,south_late,P6-0410,0.3622222222222222,2.7607361963190185
6000,south_late,P6-0412,0.3622222222222222,2.7607361963190185
6000,south_late,P6-0414,0.3622222222222222,2.7607361963190185
6000,south_late,P6-0421,0.3622222222222222,2.7607361963190185
6000,south_late,P6-0422,0.3622222222222222,2.7607361963190185
6000,south_late,P6-0424,0.3622222222222222,2.7607361963190185
6000,south_late,P6-0427,0.3622222222222222,2.7607361963190185
6000,south_late,P6-0428,0.3622222222222222,2.7607361963190185
6000,south_late,P6-0431,0.3622222222222222,2.7607361963190185
6000,south_late,P6-0433,0.3622222222222222,2.7607361963190185
6000,south_late,P6-0437,0.3622222222222222,2.7607361963190185
6000,south_late,P6-0439,0.3622222222222222,2.7607361963190185
6000,south_late,P6-0443,0.3622222222222222,2.7607361963190185
6000,south_late,P6-0449,0.3622222222222222,2.7607361963190185
7500,north_early,P1-0001,0.416,2.4038461538461537
7500,north_early,P1-0002,0.416,2.4038461538461537
7500,north_early,P1-0003,0.416,2.4038461538461537
7500,north_early,P1-0004,0.416,2.4038461538461537
7500,north_early,P1-0005,0.416,2.4038461538461537
7500,north_early,P1-0006,0.416,2.4038461538461537
7500,north_early,P1-0008,0.416,2.4038461538461537
7500,north_early,P1-0012,0.416,2.4038461538461537
7500,north_early,P1-0017,0.416,2.4038461538461537
7500,north_early,P1-0021,0.416,2.4038461538461537
7500,north_early,P1-0022,0.416,2.4038461538461537
7500,north_early,P1-0024,0.416,2.4038461538461537
7500,north_early,P1-0025,0.416,2.4038461538461537
7500,north_early,P1-0028,0.416,2.4038461538461537
7500,north_early,P1-0029,0.416,2.4038461538461537
7500,north_early,P1-0030,0.416,2.4038461538461537
7500,north_early,P1-0032,0.416,2.4038461538461537
7500,north_early,P1-0033,0.416,2.4038461538461537
7500,north_early,P1-0036,0.416,2.4038461538461537
7500,north_early,P1-0037,0.416,2.4038461538461537
7500,north_early,P1-0039,0.416,2.4038461538461537
7500,north_early,P1-0047,0.416,2.4038461538461537
7500,north_early,P1-0048,0.416,2.4038461538461537
7500,north_early,P1-0049,0.416,2.4038461538461537
7500,north_early,P1-0051,0.416,2.4038461538461537
7500,north_early,P1-0053,0.416,2.4038461538461537
7500,north_early,P1-0056,0.416,2.4038461538461537
7500,north_early,P1-0059,0.416,2.4038461538461537
7500,north_early,P1-0060,0.416,2.4038461538461537
7500,north_early,P1-0063,0.416,2.4038461538461537
7500,north_early,P1-0064,0.416,2.4038461538461537
7500,north_early,P1-0069,0.416,2.4038461538461537
7500,north_early,P1-0071,0.416,2.4038461538461537
7500,north_early,P1-0073,0.416,2.4038461538461537
7500,north_early,P1-0081,0.416,2.4038461538461537
7500,north_early,P1-0082,0.416,2.4038461538461537
7500,north_early,P1-0099,0.416,2.4038461538461537
7500,north_early,P1-0101,0.416,2.4038461538461537
7500,north_early,P1-0102,0.416,2.4038461538461537
7500,north_early,P1-0106,0.416,2.4038461538461537
7500,north_early,P1-0110,0.416,2.4038461538461537
7500,north_early,P1-0111,0.416,2.4038461538461537
7500,north_early,P1-0115,0.416,2.4038461538461537
7500,north_early,P1-0116,0.416,2.4038461538461537
7500,north_early,P1-0117,0.416,2.4038461538461537
7500,north_early,P1-0118,0.416,2.4038461538461537
7500,north_early,P1-0119,0.416,2.4038461538461537
7500,north_early,P1-0121,0.416,2.4038461538461537
7500,north_early,P1-0122,0.416,2.4038461538461537
7500,north_early,P1-0125,0.416,2.4038461538461537
7500,north_early,P1-0131,0.416,2.4038461538461537
7500,north_early,P1-0132,0.416,2.4038461538461537
7500,north_early,P1-0133,0.416,2.4038461538461537
7500,north_early,P1-0134,0.416,2.4038461538461537
7500,north_early,P1-0141,0.416,2.4038461538461537
7500,north_early,P1-0144,0.416,2.4038461538461537
7500,north_early,P1-0146,0.416,2.4038461538461537
7500,north_early,P1-0147,0.416,2.4038461538461537
7500,north_early,P1-0150,0.416,2.4038461538461537
7500,north_early,P1-0152,0.416,2.4038461538461537
7500,north_early,P1-0153,0.416,2.4038461538461537
7500,north_early,P1-0155,0.416,2.4038461538461537
7500,north_early,P1-0157,0.416,2.4038461538461537
7500,north_early,P1-0158,0.416,2.4038461538461537
7500,north_early,P1-0161,0.416,2.4038461538461537
7500,north_early,P1-0165,0.416,2.4038461538461537
7500,north_early,P1-0166,0.416,2.4038461538461537
7500,north_early,P1-0167,0.416,2.4038461538461537
7500,north_early,P1-0168,0.416,2.4038461538461537
7500,north_early,P1-0170,0.416,2.4038461538461537
7500,north_early,P1-0172,0.416,2.4038461538461537
7500,north_early,P1-0173,0.416,2.4038461538461537
7500,north_early,P1-0175,0.416,2.4038461538461537
7500,north_early,P1-0177,0.416,2.4038461538461537
7500,north_early,P1-0180,0.416,2.4038461538461537
7500,north_early,P1-0181,0.416,2.4038461538461537
7500,north_early,P1-0182,0.416,2.4038461538461537
7500,north_early,P1-0184,0.416,2.4038461538461537
7500,north_early,P1-0189,0.416,2.4038461538461537
7500,north_early,P1-0192,0.416,2.4038461538461537
7500,north_early,P1-0195,0.416,2.4038461538461537
7500,north_early,P1-0201,0.416,2.4038461538461537
7500,north_early,P1-0206,0.416,2.4038461538461537
7500,north_early,P1-0209,0.416,2.4038461538461537
7500,north_early,P1-0211,0.416,2.4038461538461537
7500,north_early,P1-0214,0.416,2.4038461538461537
7500,north_early,P1-0216,0.416,2.4038461538461537
7500,north_early,P1-0217,0.416,2.4038461538461537
7500,north_early,P1-0224,0.416,2.4038461538461537
7500,north_early,P1-0227,0.416,2.4038461538461537
7500,north_early,P1-0230,0.416,2.4038461538461537
7500,north_early,P1-0231,0.416,2.4038461538461537
7500,north_early,P1-0232,0.416,2.4038461538461537
7500,north_early,P1-0233,0.416,2.4038461538461537
7500,north_early,P1-0235,0.416,2.4038461538461537
7500,north_early,P1-0239,0.416,2.4038461538461537
7500,north_early,P1-0243,0.416,2.4038461538461537
7500,north_early,P1-0244,0.416,2.4038461538461537
7500,north_early,P1-0248,0.416,2.4038461538461537
7500,north_early,P1-0251,0.416,2.4038461538461537
7500,north_early,P1-0253,0.416,2.4038461538461537
7500,north_early,P1-0255,0.416,2.4038461538461537
7500,north_early,P1-0256,0.416,2.4038461538461537
7500,north_early,P1-0257,0.416,2.4038461538461537
7500,north_early,P1-0258,0.416,2.4038461538461537
7500,north_early,P1-0261,0.416,2.4038461538461537
7500,north_early,P1-0264,0.416,2.4038461538461537
7500,north_early,P1-0268,0.416,2.4038461538461537
7500,north_early,P1-0270,0.416,2.4038461538461537
7500,north_early,P1-0272,0.416,2.4038461538461537
7500,north_early,P1-0273,0.416,2.4038461538461537
7500,north_early,P1-0274,0.416,2.4038461538461537
7500,north_early,P1-0280,0.416,2.4038461538461537
7500,north_early,P1-0281,0.416,2.4038461538461537
7500,north_early,P1-0286,0.416,2.4038461538461537
7500,north_early,P1-0287,0.416,2.4038461538461537
7500,north_early,P1-0291,0.416,2.4038461538461537
7500,north_early,P1-0292,0.416,2.4038461538461537
7500,north_early,P1-0293,0.416,2.4038461538461537
7500,north_early,P1-0299,0.416,2.4038461538461537
7500,north_early,P1-0301,0.416,2.4038461538461537
7500,north_early,P1-0302,0.416,2.4038461538461537
7500,north_early,P1-0306,0.416,2.4038461538461537
7500,north_early,P1-0307,0.416,2.4038461538461537
7500,north_early,P1-0308,0.416,2.4038461538461537
7500,north_early,P1-0311,0.416,2.4038461538461537
7500,north_early,P1-0312,0.416,2.4038461538461537
7500,north_early,P1-0315,0.416,2.4038461538461537
7500,north_early,P1-0316,0.416,2.4038461538461537
7500,north_early,P1-0317,0.416,2.4038461538461537
7500,north_early,P1-0319,0.416,2.4038461538461537
7500,north_early,P1-0323,0.416,2.4038461538461537
7500,north_early,P1-0325,0.416,2.4038461538461537
7500,north_early,P1-0326,0.416,2.4038461538461537
7500,north_early,P1-0327,0.416,2.4038461538461537
7500,north_early,P1-0329,0.416,2.4038461538461537
7500,north_early,P1-0330,0.416,2.4038461538461537
7500,north_early,P1-0331,0.416,2.4038461538461537
7500,north_early,P1-0332,0.416,2.4038461538461537
7500,north_early,P1-0333,0.416,2.4038461538461537
7500,north_early,P1-0335,0.416,2.4038461538461537
7500,north_early,P1-0336,0.416,2.4038461538461537
7500,north_early,P1-0343,0.416,2.4038461538461537
7500,north_early,P1-0348,0.416,2.4038461538461537
7500,north_early,P1-0353,0.416,2.4038461538461537
7500,north_early,P1-0354,0.416,2.4038461538461537
7500,north_early,P1-0358,0.416,2.4038461538461537
7500,north_early,P1-0361,0.416,2.4038461538461537
7500,north_early,P1-0363,0.416,2.4038461538461537
7500,north_early,P1-0364,0.416,2.4038461538461537
7500,north_early,P1-0366,0.416,2.4038461538461537
7500,north_early,P1-0368,0.416,2.4038461538461537
7500,north_early,P1-0370,0.416,2.4038461538461537
7500,north_early,P1-0371,0.416,2.4038461538461537
7500,north_early,P1-0373,0.416,2.4038461538461537
7500,north_early,P1-0376,0.416,2.4038461538461537
7500,north_early,P1-0379,0.416,2.4038461538461537
7500,north_early,P1-0380,0.416,2.4038461538461537
7500,north_early,P1-0381,0.416,2.4038461538461537
7500,north_early,P1-0383,0.416,2.4038461538461537
7500,north_early,P1-0385,0.416,2.4038461538461537
7500,north_early,P1-0386,0.416,2.4038461538461537
7500,north_early,P1-0387,0.416,2.4038461538461537
7500,north_early,P1-0390,0.416,2.4038461538461537
7500,north_early,P1-0394,0.416,2.4038461538461537
7500,north_early,P1-0398,0.416,2.4038461538461537
7500,north_early,P1-0403,0.416,2.4038461538461537
7500,north_early,P1-0404,0.416,2.4038461538461537
7500,north_early,P1-0405,0.416,2.4038461538461537
7500,north_early,P1-0407,0.416,2.4038461538461537
7500,north_early,P1-0408,0.416,2.4038461538461537
7500,north_early,P1-0415,0.416,2.4038461538461537
7500,north_early,P1-0418,0.416,2.4038461538461537
7500,north_early,P1-0420,0.416,2.4038461538461537
7500,north_early,P1-0424,0.416,2.4038461538461537
7500,north_early,P1-0426,0.416,2.4038461538461537
7500,north_early,P1-0428,0.416,2.4038461538461537
7500,north_early,P1-0429,0.416,2.4038461538461537
7500,north_early,P1-0430,0.416,2.4038461538461537
7500,north_early,P1-0431,0.416,2.4038461538461537
7500,north_early,P1-0440,0.416,2.4038461538461537
7500,north_early,P1-0441,0.416,2.4038461538461537
7500,north_early,P1-0442,0.416,2.4038461538461537
7500,north_early,P1-0445,0.416,2.4038461538461537
7500,north_early,P1-0446,0.416,2.4038461538461537
7500,north_early,P1-0450,0.416,2.4038461538461537
7500,north_early,P1-0451,0.416,2.4038461538461537
7500,north_early,P1-0452,0.416,2.4038461538461537
7500,north_early,P1-0453,0.416,2.4038461538461537
7500,north_early,P1-0454,0.416,2.4038461538461537
7500,north_early,P1-0456,0.416,2.4038461538461537
7500,north_early,P1-0457,0.416,2.4038461538461537
7500,north_early,P1-0459,0.416,2.4038461538461537
7500,north_early,P1-0460,0.416,2.4038461538461537
7500,north_early,P1-0468,0.416,2.4038461538461537
7500,north_early,P1-0469,0.416,2.4038461538461537
7500,north_early,P1-0472,0.416,2.4038461538461537
7500,north_early,P1-0473,0.416,2.4038461538461537
7500,north_early,P1-0475,0.416,2.4038461538461537
7500,north_early,P1-0476,0.416,2.4038461538461537
7500,north_early,P1-0478,0.416,2.4038461538461537
7500,north_early,P1-0483,0.416,2.4038461538461537
7500,north_early,P1-0484,0.416,2.4038461538461537
7500,north_early,P1-0485,0.416,2.4038461538461537
7500,north_early,P1-0488,0.416,2.4038461538461537
7500,north_early,P1-0492,0.416,2.4038461538461537
7500,north_early,P1-0498,0.416,2.4038461538461537
7500,north_early,P1-0500,0.416,2.4038461538461537
7500,north_late,P2-0001,0.4928571428571429,2.0289855072463765
7500,north_late,P2-0003,0.4928571428571429,2.0289855072463765
7500,north_late,P2-0010,0.4928571428571429,2.0289855072463765
7500,north_late,P2-0011,0.4928571428571429,2.0289855072463765
7500,north_late,P2-0013,0.4928571428571429,2.0289855072463765
7500,north_late,P2-0017,0.4928571428571429,2.0289855072463765
7500,north_late,P2-0019,0.4928571428571429,2.0289855072463765
7500,north_late,P2-0020,0.4928571428571429,2.0289855072463765
7500,north_late,P2-0022,0.4928571428571429,2.0289855072463765
7500,north_late,P2-0027,0.4928571428571429,2.0289855072463765
7500,north_late,P2-0030,0.4928571428571429,2.0289855072463765
7500,north_late,P2-0031,0.4928571428571429,2.0289855072463765
7500,north_late,P2-0033,0.4928571428571429,2.0289855072463765
7500,north_late,P2-0034,0.4928571428571429,2.0289855072463765
7500,north_late,P2-0036,0.4928571428571429,2.0289855072463765
7500,north_late,P2-0042,0.4928571428571429,2.0289855072463765
7500,north_late,P2-0043,0.4928571428571429,2.0289855072463765
7500,north_late,P2-0046,0.4928571428571429,2.0289855072463765
7500,north_late,P2-0049,0.4928571428571429,2.0289855072463765
7500,north_late,P2-0050,0.4928571428571429,2.0289855072463765
7500,north_late,P2-0052,0.4928571428571429,2.0289855072463765
7500,north_late,P2-0053,0.4928571428571429,2.0289855072463765
7500,north_late,P2-0054,0.4928571428571429,2.0289855072463765
7500,north_late,P2-0055,0.4928571428571429,2.0289855072463765
7500,north_late,P2-0056,0.4928571428571429,2.0289855072463765
7500,north_late,P2-0058,0.4928571428571429,2.0289855072463765
7500,north_late,P2-0060,0.4928571428571429,2.0289855072463765
7500,north_late,P2-0061,0.4928571428571429,2.0289855072463765
7500,north_late,P2-0062,0.4928571428571429,2.0289855072463765
7500,north_late,P2-0064,0.4928571428571429,2.0289855072463765
7500,north_late,P2-0067,0.4928571428571429,2.0289855072463765
7500,north_late,P2-0068,0.4928571428571429,2.0289855072463765
7500,north_late,P2-0076,0.4928571428571429,2.0289855072463765
7500,north_late,P2-0078,0.4928571428571429,2.0289855072463765
7500,north_late,P2-0079,0.4928571428571429,2.0289855072463765
7500,north_late,P2-0082,0.4928571428571429,2.0289855072463765
7500,north_late,P2-0083,0.4928571428571429,2.0289855072463765
7500,north_late,P2-0086,0.4928571428571429,2.0289855072463765
7500,north_late,P2-0089,0.4928571428571429,2.0289855072463765
7500,north_late,P2-0091,0.4928571428571429,2.0289855072463765
7500,north_late,P2-0094,0.4928571428571429,2.0289855072463765
7500,north_late,P2-0101,0.4928571428571429,2.0289855072463765
7500,north_late,P2-0102,0.4928571428571429,2.0289855072463765
7500,north_late,P2-0109,0.4928571428571429,2.0289855072463765
7500,north_late,P2-0110,0.4928571428571429,2.0289855072463765
7500,north_late,P2-0111,0.4928571428571429,2.0289855072463765
7500,north_late,P2-0112,0.4928571428571429,2.0289855072463765
7500,north_late,P2-0116,0.4928571428571429,2.0289855072463765
7500,north_late,P2-0117,0.4928571428571429,2.0289855072463765
7500,north_late,P2-0120,0.4928571428571429,2.0289855072463765
7500,north_late,P2-0122,0.4928571428571429,2.0289855072463765
7500,north_late,P2-0123,0.4928571428571429,2.0289855072463765
7500,north_late,P2-0125,0.4928571428571429,2.0289855072463765
7500,north_late,P2-0133,0.4928571428571429,2.0289855072463765
7500,north_late,P2-0134,0.4928571428571429,2.0289855072463765
7500,north_late,P2-0136,0.4928571428571429,2.0289855072463765
7500,north_late,P2-0137,0.4928571428571429,2.0289855072463765
7500,north_late,P2-0138,0.4928571428571429,2.0289855072463765
7500,north_late,P2-0139,0.4928571428571429,2.0289855072463765
7500,north_late,P2-0140,0.4928571428571429,2.0289855072463765
7500,north_late,P2-0143,0.4928571428571429,2.0289855072463765
7500,north_late,P2-0144,0.4928571428571429,2.0289855072463765
7500,north_late,P2-0145,0.4928571428571429,2.0289855072463765
7500,north_late,P2-0146,0.4928571428571429,2.0289855072463765
7500,north_late,P2-0149,0.4928571428571429,2.0289855072463765
7500,north_late,P2-0154,0.4928571428571429,2.0289855072463765
7500,north_late,P2-0155,0.4928571428571429,2.0289855072463765
7500,north_late,P2-0157,0.4928571428571429,2.0289855072463765
7500,north_late,P2-0158,0.4928571428571429,2.0289855072463765
7500,north_late,P2-0159,0.4928571428571429,2.0289855072463765
7500,north_late,P2-0160,0.4928571428571429,2.0289855072463765
7500,north_late,P2-0162,0.4928571428571429,2.0289855072463765
7500,north_late,P2-0163,0.4928571428571429,2.0289855072463765
7500,north_late,P2-0164,0.4928571428571429,2.0289855072463765
7500,north_late,P2-0165,0.4928571428571429,2.0289855072463765
7500,north_late,P2-0166,0.4928571428571429,2.0289855072463765
7500,north_late,P2-0167,0.4928571428571429,2.0289855072463765
7500,north_late,P2-0169,0.4928571428571429,2.0289855072463765
7500,north_late,P2-0170,0.4928571428571429,2.0289855072463765
7500,north_late,P2-0172,0.4928571428571429,2.0289855072463765
7500,north_late,P2-0177,0.4928571428571429,2.0289855072463765
7500,north_late,P2-0179,0.4928571428571429,2.0289855072463765
7500,north_late,P2-0181,0.4928571428571429,2.0289855072463765
7500,north_late,P2-0184,0.4928571428571429,2.0289855072463765
7500,north_late,P2-0185,0.4928571428571429,2.0289855072463765
7500,north_late,P2-0186,0.4928571428571429,2.0289855072463765
7500,north_late,P2-0190,0.4928571428571429,2.0289855072463765
7500,north_late,P2-0191,0.4928571428571429,2.0289855072463765
7500,north_late,P2-0192,0.4928571428571429,2.0289855072463765
7500,north_late,P2-0194,0.4928571428571429,2.0289855072463765
7500,north_late,P2-0195,0.4928571428571429,2.0289855072463765
7500,north_late,P2-0196,0.4928571428571429,2.0289855072463765
7500,north_late,P2-0197,0.4928571428571429,2.0289855072463765
7500,north_late,P2-0199,0.4928571428571429,2.0289855072463765
7500,north_late,P2-0205,0.4928571428571429,2.0289855072463765
7500,north_late,P2-0206,0.4928571428571429,2.0289855072463765
7500,north_late,P2-0208,0.4928571428571429,2.0289855072463765
7500,north_late,P2-0209,0.4928571428571429,2.0289855072463765
7500,north_late,P2-0211,0.4928571428571429,2.0289855072463765
7500,north_late,P2-0213,0.4928571428571429,2.0289855072463765
7500,north_late,P2-0214,0.4928571428571429,2.0289855072463765
7500,north_late,P2-0216,0.4928571428571429,2.0289855072463765
7500,north_late,P2-0219,0.4928571428571429,2.0289855072463765
7500,north_late,P2-0225,0.4928571428571429,2.0289855072463765
7500,north_late,P2-0226,0.4928571428571429,2.0289855072463765
7500,north_late,P2-0229,0.4928571428571429,2.0289855072463765
7500,north_late,P2-0230,0.4928571428571429,2.0289855072463765
7500,north_late,P2-0232,0.4928571428571429,2.0289855072463765
7500,north_late,P2-0234,0.4928571428571429,2.0289855072463765
7500,north_late,P2-0236,0.4928571428571429,2.0289855072463765
7500,north_late,P2-0237,0.4928571428571429,2.0289855072463765
7500,north_late,P2-0240,0.4928571428571429,2.0289855072463765
7500,north_late,P2-0242,0.4928571428571429,2.0289855072463765
7500,north_late,P2-0245,0.4928571428571429,2.0289855072463765
7500,north_late,P2-0246,0.4928571428571429,2.0289855072463765
7500,north_late,P2-0247,0.4928571428571429,2.0289855072463765
7500,north_late,P2-0252,0.4928571428571429,2.0289855072463765
7500,north_late,P2-0254,0.4928571428571429,2.0289855072463765
7500,north_late,P2-0256,0.4928571428571429,2.0289855072463765
7500,north_late,P2-0259,0.4928571428571429,2.0289855072463765
7500,north_late,P2-0262,0.4928571428571429,2.0289855072463765
7500,north_late,P2-0263,0.4928571428571429,2.0289855072463765
7500,north_late,P2-0264,0.4928571428571429,2.0289855072463765
7500,north_late,P2-0265,0.4928571428571429,2.0289855072463765
7500,north_late,P2-0266,0.4928571428571429,2.0289855072463765
7500,north_late,P2-0267,0.4928571428571429,2.0289855072463765
7500,north_late,P2-0268,0.4928571428571429,2.0289855072463765
7500,north_late,P2-0271,0.4928571428571429,2.0289855072463765
7500,north_late,P2-0273,0.4928571428571429,2.0289855072463765
7500,north_late,P2-0274,0.4928571428571429,2.0289855072463765
7500,north_late,P2-0275,0.4928571428571429,2.0289855072463765
7500,north_late,P2-0280,0.4928571428571429,2.0289855072463765
7500,north_late,P2-0281,0.4928571428571429,2.0289855072463765
7500,north_late,P2-0283,0.4928571428571429,2.0289855072463765
7500,north_late,P2-0284,0.4928571428571429,2.0289855072463765
7500,north_late,P2-0286,0.4928571428571429,2.0289855072463765
7500,north_late,P2-0288,0.4928571428571429,2.0289855072463765
7500,north_late,P2-0289,0.4928571428571429,2.0289855072463765
7500,north_late,P2-0291,0.4928571428571429,2.0289855072463765
7500,north_late,P2-0292,0.4928571428571429,2.0289855072463765
7500,north_late,P2-0294,0.4928571428571429,2.0289855072463765
7500,north_late,P2-0295,0.4928571428571429,2.0289855072463765
7500,north_late,P2-0296,0.4928571428571429,2.0289855072463765
7500,north_late,P2-0303,0.4928571428571429,2.0289855072463765
7500,north_late,P2-0305,0.4928571428571429,2.0289855072463765
7500,north_late,P2-0310,0.4928571428571429,2.0289855072463765
7500,north_late,P2-0312,0.4928571428571429,2.0289855072463765
7500,north_late,P2-0313,0.4928571428571429,2.0289855072463765
7500,north_late,P2-0314,0.4928571428571429,2.0289855072463765
7500,north_late,P2-0317,0.4928571428571429,2.0289855072463765
7500,north_late,P2-0320,0.4928571428571429,2.0289855072463765
7500,north_late,P2-0321,0.4928571428571429,2.0289855072463765
7500,north_late,P2-0322,0.4928571428571429,2.0289855072463765
7500,north_late,P2-0323,0.4928571428571429,2.0289855072463765
7500,north_late,P2-0324,0.4928571428571429,2.0289855072463765
7500,north_late,P2-0331,0.4928571428571429,2.0289855072463765
7500,north_late,P2-0332,0.4928571428571429,2.0289855072463765
7500,north_late,P2-0334,0.4928571428571429,2.0289855072463765
7500,north_late,P2-0335,0.4928571428571429,2.0289855072463765
7500,north_late,P2-0336,0.4928571428571429,2.0289855072463765
7500,north_late,P2-0337,0.4928571428571429,2.0289855072463765
7500,north_late,P2-0338,0.4928571428571429,2.0289855072463765
7500,north_late,P2-0340,0.4928571428571429,2.0289855072463765
7500,north_late,P2-0341,0.4928571428571429,2.0289855072463765
7500,north_late,P2-0343,0.4928571428571429,2.0289855072463765
7500,north_late,P2-0345,0.4928571428571429,2.0289855072463765
7500,north_late,P2-0347,0.4928571428571429,2.0289855072463765
7500,north_late,P2-0349,0.4928571428571429,2.0289855072463765
7500,north_late,P2-0352,0.4928571428571429,2.0289855072463765
7500,north_late,P2-0354,0.4928571428571429,2.0289855072463765
7500,north_late,P2-0355,0.4928571428571429,2.0289855072463765
7500,north_late,P2-0356,0.4928571428571429,2.0289855072463765
7500,north_late,P2-0358,0.4928571428571429,2.0289855072463765
7500,north_late,P2-0359,0.4928571428571429,2.0289855072463765
7500,north_late,P2-0361,0.4928571428571429,2.0289855072463765
7500,north_late,P2-0364,0.4928571428571429,2.0289855072463765
7500,north_late,P2-0365,0.4928571428571429,2.0289855072463765
7500,north_late,P2-0367,0.4928571428571429,2.0289855072463765
7500,north_late,P2-0368,0.4928571428571429,2.0289855072463765
7500,north_late,P2-0369,0.4928571428571429,2.0289855072463765
7500,north_late,P2-0370,0.4928571428571429,2.0289855072463765
7500,north_late,P2-0371,0.4928571428571429,2.0289855072463765
7500,north_late,P2-0372,0.4928571428571429,2.0289855072463765
7500,north_late,P2-0373,0.4928571428571429,2.0289855072463765
7500,north_late,P2-0377,0.4928571428571429,2.0289855072463765
7500,north_late,P2-0378,0.4928571428571429,2.0289855072463765
7500,north_late,P2-0381,0.4928571428571429,2.0289855072463765
7500,north_late,P2-0386,0.4928571428571429,2.0289855072463765
7500,north_late,P2-0387,0.4928571428571429,2.0289855072463765
7500,north_late,P2-0388,0.4928571428571429,2.0289855072463765
7500,north_late,P2-0392,0.4928571428571429,2.0289855072463765
7500,north_late,P2-0393,0.4928571428571429,2.0289855072463765
7500,north_late,P2-0395,0.4928571428571429,2.0289855072463765
7500,north_late,P2-0396,0.4928571428571429,2.0289855072463765
7500,north_late,P2-0401,0.4928571428571429,2.0289855072463765
7500,north_late,P2-0402,0.4928571428571429,2.0289855072463765
7500,north_late,P2-0407,0.4928571428571429,2.0289855072463765
7500,north_late,P2-0408,0.4928571428571429,2.0289855072463765
7500,north_late,P2-0409,0.4928571428571429,2.0289855072463765
7500,north_late,P2-0410,0.4928571428571429,2.0289855072463765
7500,north_late,P2-0415,0.4928571428571429,2.0289855072463765
7500,north_late,P2-0417,0.4928571428571429,2.0289855072463765
7500,north_late,P2-0418,0.4928571428571429,2.0289855072463765
7500,north_late,P2-0419,0.4928571428571429,2.0289855072463765
7500,north_late,P2-0421,0.4928571428571429,2.0289855072463765
7500,north_late,P2-0422,0.4928571428571429,2.0289855072463765
7500,north_late,P2-0426,0.4928571428571429,2.0289855072463765
7500,north_late,P2-0431,0.4928571428571429,2.0289855072463765
7500,north_late,P2-0432,0.4928571428571429,2.0289855072463765
7500,north_late,P2-0437,0.4928571428571429,2.0289855072463765
7500,north_late,P2-0439,0.4928571428571429,2.0289855072463765
7500,north_late,P2-0440,0.4928571428571429,2.0289855072463765
7500,north_late,P2-0441,0.4928571428571429,2.0289855072463765
7500,north_late,P2-0442,0.4928571428571429,2.0289855072463765
7500,north_late,P2-0444,0.4928571428571429,2.0289855072463765
7500,north_late,P2-0445,0.4928571428571429,2.0289855072463765
7500,north_late,P2-0447,0.4928571428571429,2.0289855072463765
7500,north_late,P2-0448,0.4928571428571429,2.0289855072463765
7500,north_late,P2-0451,0.4928571428571429,2.0289855072463765
7500,north_late,P2-0455,0.4928571428571429,2.0289855072463765
7500,north_late,P2-0459,0.4928571428571429,2.0289855072463765
7500,north_late,P2-0460,0.4928571428571429,2.0289855072463765
7500,north_late,P2-0461,0.4928571428571429,2.0289855072463765
7500,north_late,P2-0463,0.4928571428571429,2.0289855072463765
7500,north_late,P2-0464,0.4928571428571429,2.0289855072463765
7500,north_late,P2-0465,0.4928571428571429,2.0289855072463765
7500,north_late,P2-0466,0.4928571428571429,2.0289855072463765
7500,north_late,P2-0467,0.4928571428571429,2.0289855072463765
7500,north_late,P2-0468,0.4928571428571429,2.0289855072463765
7500,north_late,P2-0469,0.4928571428571429,2.0289855072463765
7500,north_late,P2-0470,0.4928571428571429,2.0289855072463765
7500,north_late,P2-0471,0.4928571428571429,2.0289855072463765
7500,north_late,P2-0472,0.4928571428571429,2.0289855072463765
7500,north_late,P2-0474,0.4928571428571429,2.0289855072463765
7500,north_late,P2-0476,0.4928571428571429,2.0289855072463765
7500,north_late,P2-0480,0.4928571428571429,2.0289855072463765
7500,north_late,P2-0483,0.4928571428571429,2.0289855072463765
7500,north_late,P2-0485,0.4928571428571429,2.0289855072463765
7500,north_late,P2-0488,0.4928571428571429,2.0289855072463765
7500,north_late,P2-0489,0.4928571428571429,2.0289855072463765
7500,north_late,P2-0497,0.4928571428571429,2.0289855072463765
7500,north_late,P2-0499,0.4928571428571429,2.0289855072463765
7500,north_late,P2-0504,0.4928571428571429,2.0289855072463765
7500,north_late,P2-0507,0.4928571428571429,2.0289855072463765
7500,north_late,P2-0509,0.4928571428571429,2.0289855072463765
7500,north_late,P2-0510,0.4928571428571429,2.0289855072463765
7500,north_late,P2-0511,0.4928571428571429,2.0289855072463765
7500,north_late,P2-0512,0.4928571428571429,2.0289855072463765
7500,north_late,P2-0513,0.4928571428571429,2.0289855072463765
7500,north_late,P2-0514,0.4928571428571429,2.0289855072463765
7500,north_late,P2-0515,0.4928571428571429,2.0289855072463765
7500,north_late,P2-0516,0.4928571428571429,2.0289855072463765
7500,north_late,P2-0521,0.4928571428571429,2.0289855072463765
7500,north_late,P2-0522,0.4928571428571429,2.0289855072463765
7500,north_late,P2-0528,0.4928571428571429,2.0289855072463765
7500,north_late,P2-0529,0.4928571428571429,2.0289855072463765
7500,north_late,P2-0530,0.4928571428571429,2.0289855072463765
7500,north_late,P2-0533,0.4928571428571429,2.0289855072463765
7500,north_late,P2-0534,0.4928571428571429,2.0289855072463765
7500,north_late,P2-0536,0.4928571428571429,2.0289855072463765
7500,north_late,P2-0537,0.4928571428571429,2.0289855072463765
7500,north_late,P2-0539,0.4928571428571429,2.0289855072463765
7500,north_late,P2-0540,0.4928571428571429,2.0289855072463765
7500,north_late,P2-0541,0.4928571428571429,2.0289855072463765
7500,north_late,P2-0542,0.4928571428571429,2.0289855072463765
7500,north_late,P2-0543,0.4928571428571429,2.0289855072463765
7500,north_late,P2-0544,0.4928571428571429,2.0289855072463765
7500,north_late,P2-0546,0.4928571428571429,2.0289855072463765
7500,north_late,P2-0548,0.4928571428571429,2.0289855072463765
7500,north_late,P2-0549,0.4928571428571429,2.0289855072463765
7500,north_late,P2-0550,0.4928571428571429,2.0289855072463765
7500,north_late,P2-0551,0.4928571428571429,2.0289855072463765
7500,north_late,P2-0552,0.4928571428571429,2.0289855072463765
7500,north_late,P2-0554,0.4928571428571429,2.0289855072463765
7500,north_late,P2-0558,0.4928571428571429,2.0289855072463765
7500,north_late,P2-0564,0.4928571428571429,2.0289855072463765
7500,north_late,P2-0567,0.4928571428571429,2.0289855072463765
7500,north_late,P2-0568,0.4928571428571429,2.0289855072463765
7500,north_late,P2-0571,0.4928571428571429,2.0289855072463765
7500,north_late,P2-0574,0.4928571428571429,2.0289855072463765
7500,north_late,P2-0575,0.4928571428571429,2.0289855072463765
7500,north_late,P2-0577,0.4928571428571429,2.0289855072463765
7500,north_late,P2-0578,0.4928571428571429,2.0289855072463765
7500,north_late,P2-0579,0.4928571428571429,2.0289855072463765
7500,north_late,P2-0583,0.4928571428571429,2.0289855072463765
7500,north_late,P2-0584,0.4928571428571429,2.0289855072463765
7500,north_late,P2-0586,0.4928571428571429,2.0289855072463765
7500,north_late,P2-0587,0.4928571428571429,2.0289855072463765
7500,north_late,P2-0590,0.4928571428571429,2.0289855072463765
7500,north_late,P2-0591,0.4928571428571429,2.0289855072463765
7500,north_late,P2-0592,0.4928571428571429,2.0289855072463765
7500,north_late,P2-0593,0.4928571428571429,2.0289855072463765
7500,north_late,P2-0595,0.4928571428571429,2.0289855072463765
7500,north_late,P2-0597,0.4928571428571429,2.0289855072463765
7500,north_late,P2-0599,0.4928571428571429,2.0289855072463765
7500,north_late,P2-0600,0.4928571428571429,2.0289855072463765
7500,north_late,P2-0601,0.4928571428571429,2.0289855072463765
7500,north_late,P2-0604,0.4928571428571429,2.0289855072463765
7500,north_late,P2-0605,0.4928571428571429,2.0289855072463765
7500,north_late,P2-0609,0.4928571428571429,2.0289855072463765
7500,north_late,P2-0610,0.4928571428571429,2.0289855072463765
7500,north_late,P2-0612,0.4928571428571429,2.0289855072463765
7500,north_late,P2-0613,0.4928571428571429,2.0289855072463765
7500,north_late,P2-0614,0.4928571428571429,2.0289855072463765
7500,north_late,P2-0617,0.4928571428571429,2.0289855072463765
7500,north_late,P2-0621,0.4928571428571429,2.0289855072463765
7500,north_late,P2-0622,0.4928571428571429,2.0289855072463765
7500,north_late,P2-0623,0.4928571428571429,2.0289855072463765
7500,north_late,P2-0626,0.4928571428571429,2.0289855072463765
7500,north_late,P2-0629,0.4928571428571429,2.0289855072463765
7500,north_late,P2-0631,0.4928571428571429,2.0289855072463765
7500,north_late,P2-0633,0.4928571428571429,2.0289855072463765
7500,north_late,P2-0634,0.4928571428571429,2.0289855072463765
7500,north_late,P2-0636,0.4928571428571429,2.0289855072463765
7500,north_late,P2-0637,0.4928571428571429,2.0289855072463765
7500,north_late,P2-0639,0.4928571428571429,2.0289855072463765
7500,north_late,P2-0642,0.4928571428571429,2.0289855072463765
7500,north_late,P2-0644,0.4928571428571429,2.0289855072463765
7500,north_late,P2-0647,0.4928571428571429,2.0289855072463765
7500,north_late,P2-0648,0.4928571428571429,2.0289855072463765
7500,north_late,P2-0650,0.4928571428571429,2.0289855072463765
7500,north_late,P2-0652,0.4928571428571429,2.0289855072463765
7500,north_late,P2-0653,0.4928571428571429,2.0289855072463765
7500,north_late,P2-0654,0.4928571428571429,2.0289855072463765
7500,north_late,P2-0656,0.4928571428571429,2.0289855072463765
7500,north_late,P2-0657,0.4928571428571429,2.0289855072463765
7500,north_late,P2-0658,0.4928571428571429,2.0289855072463765
7500,north_late,P2-0659,0.4928571428571429,2.0289855072463765
7500,north_late,P2-0660,0.4928571428571429,2.0289855072463765
7500,north_late,P2-0661,0.4928571428571429,2.0289855072463765
7500,north_late,P2-0663,0.4928571428571429,2.0289855072463765
7500,north_late,P2-0664,0.4928571428571429,2.0289855072463765
7500,north_late,P2-0666,0.4928571428571429,2.0289855072463765
7500,north_late,P2-0667,0.4928571428571429,2.0289855072463765
7500,north_late,P2-0670,0.4928571428571429,2.0289855072463765
7500,north_late,P2-0672,0.4928571428571429,2.0289855072463765
7500,north_late,P2-0675,0.4928571428571429,2.0289855072463765
7500,north_late,P2-0678,0.4928571428571429,2.0289855072463765
7500,north_late,P2-0681,0.4928571428571429,2.0289855072463765
7500,north_late,P2-0682,0.4928571428571429,2.0289855072463765
7500,north_late,P2-0686,0.4928571428571429,2.0289855072463765
7500,north_late,P2-0692,0.4928571428571429,2.0289855072463765
7500,north_late,P2-0694,0.4928571428571429,2.0289855072463765
7500,north_late,P2-0697,0.4928571428571429,2.0289855072463765
7500,north_late,P2-0698,0.4928571428571429,2.0289855072463765
7500,central_early,P3-0003,0.355,2.8169014084507045
7500,central_early,P3-0005,0.355,2.8169014084507045
7500,central_early,P3-0007,0.355,2.8169014084507045
7500,central_early,P3-0009,0.355,2.8169014084507045
7500,central_early,P3-0021,0.355,2.8169014084507045
7500,central_early,P3-0023,0.355,2.8169014084507045
7500,central_early,P3-0026,0.355,2.8169014084507045
7500,central_early,P3-0027,0.355,2.8169014084507045
7500,central_early,P3-0028,0.355,2.8169014084507045
7500,central_early,P3-0031,0.355,2.8169014084507045
7500,central_early,P3-0032,0.355,2.8169014084507045
7500,central_early,P3-0033,0.355,2.8169014084507045
7500,central_early,P3-0035,0.355,2.8169014084507045
7500,central_early,P3-0036,0.355,2.8169014084507045
7500,central_early,P3-0039,0.355,2.8169014084507045
7500,central_early,P3-0041,0.355,2.8169014084507045
7500,central_early,P3-0046,0.355,2.8169014084507045
7500,central_early,P3-0047,0.355,2.8169014084507045
7500,central_early,P3-0052,0.355,2.8169014084507045
7500,central_early,P3-0053,0.355,2.8169014084507045
7500,central_early,P3-0054,0.355,2.8169014084507045
7500,central_early,P3-0058,0.355,2.8169014084507045
7500,central_early,P3-0060,0.355,2.8169014084507045
7500,central_early,P3-0061,0.355,2.8169014084507045
7500,central_early,P3-0063,0.355,2.8169014084507045
7500,central_early,P3-0064,0.355,2.8169014084507045
7500,central_early,P3-0065,0.355,2.8169014084507045
7500,central_early,P3-0068,0.355,2.8169014084507045
7500,central_early,P3-0070,0.355,2.8169014084507045
7500,central_early,P3-0071,0.355,2.8169014084507045
7500,central_early,P3-0073,0.355,2.8169014084507045
7500,central_early,P3-0074,0.355,2.8169014084507045
7500,central_early,P3-0077,0.355,2.8169014084507045
7500,central_early,P3-0078,0.355,2.8169014084507045
7500,central_early,P3-0080,0.355,2.8169014084507045
7500,central_early,P3-0082,0.355,2.8169014084507045
7500,central_early,P3-0086,0.355,2.8169014084507045
7500,central_early,P3-0090,0.355,2.8169014084507045
7500,central_early,P3-0091,0.355,2.8169014084507045
7500,central_early,P3-0092,0.355,2.8169014084507045
7500,central_early,P3-0097,0.355,2.8169014084507045
7500,central_early,P3-0098,0.355,2.8169014084507045
7500,central_early,P3-0099,0.355,2.8169014084507045
7500,central_early,P3-0100,0.355,2.8169014084507045
7500,central_early,P3-0109,0.355,2.8169014084507045
7500,central_early,P3-0110,0.355,2.8169014084507045
7500,central_early,P3-0112,0.355,2.8169014084507045
7500,central_early,P3-0114,0.355,2.8169014084507045
7500,central_early,P3-0116,0.355,2.8169014084507045
7500,central_early,P3-0118,0.355,2.8169014084507045
7500,central_early,P3-0119,0.355,2.8169014084507045
7500,central_early,P3-0125,0.355,2.8169014084507045
7500,central_early,P3-0127,0.355,2.8169014084507045
7500,central_early,P3-0129,0.355,2.8169014084507045
7500,central_early,P3-0137,0.355,2.8169014084507045
7500,central_early,P3-0141,0.355,2.8169014084507045
7500,central_early,P3-0147,0.355,2.8169014084507045
7500,central_early,P3-0148,0.355,2.8169014084507045
7500,central_early,P3-0155,0.355,2.8169014084507045
7500,central_early,P3-0156,0.355,2.8169014084507045
7500,central_early,P3-0157,0.355,2.8169014084507045
7500,central_early,P3-0159,0.355,2.8169014084507045
7500,central_early,P3-0160,0.355,2.8169014084507045
7500,central_early,P3-0162,0.355,2.8169014084507045
7500,central_early,P3-0165,0.355,2.8169014084507045
7500,central_early,P3-0171,0.355,2.8169014084507045
7500,central_early,P3-0172,0.355,2.8169014084507045
7500,central_early,P3-0177,0.355,2.8169014084507045
7500,central_early,P3-0179,0.355,2.8169014084507045
7500,central_early,P3-0180,0.355,2.8169014084507045
7500,central_early,P3-0184,0.355,2.8169014084507045
7500,central_early,P3-0185,0.355,2.8169014084507045
7500,central_early,P3-0188,0.355,2.8169014084507045
7500,central_early,P3-0191,0.355,2.8169014084507045
7500,central_early,P3-0192,0.355,2.8169014084507045
7500,central_early,P3-0195,0.355,2.8169014084507045
7500,central_early,P3-0208,0.355,2.8169014084507045
7500,central_early,P3-0210,0.355,2.8169014084507045
7500,central_early,P3-0212,0.355,2.8169014084507045
7500,central_early,P3-0213,0.355,2.8169014084507045
7500,central_early,P3-0225,0.355,2.8169014084507045
7500,central_early,P3-0233,0.355,2.8169014084507045
7500,central_early,P3-0237,0.355,2.8169014084507045
7500,central_early,P3-0238,0.355,2.8169014084507045
7500,central_early,P3-0243,0.355,2.8169014084507045
7500,central_early,P3-0245,0.355,2.8169014084507045
7500,central_early,P3-0246,0.355,2.8169014084507045
7500,central_early,P3-0250,0.355,2.8169014084507045
7500,central_early,P3-0253,0.355,2.8169014084507045
7500,central_early,P3-0259,0.355,2.8169014084507045
7500,central_early,P3-0260,0.355,2.8169014084507045
7500,central_early,P3-0264,0.355,2.8169014084507045
7500,central_early,P3-0270,0.355,2.8169014084507045
7500,central_early,P3-0275,0.355,2.8169014084507045
7500,central_early,P3-0276,0.355,2.8169014084507045
7500,central_early,P3-0280,0.355,2.8169014084507045
7500,central_early,P3-0283,0.355,2.8169014084507045
7500,central_early,P3-0289,0.355,2.8169014084507045
7500,central_early,P3-0293,0.355,2.8169014084507045
7500,central_early,P3-0299,0.355,2.8169014084507045
7500,central_early,P3-0301,0.355,2.8169014084507045
7500,central_early,P3-0304,0.355,2.8169014084507045
7500,central_early,P3-0305,0.355,2.8169014084507045
7500,central_early,P3-0309,0.355,2.8169014084507045
7500,central_early,P3-0311,0.355,2.8169014084507045
7500,central_early,P3-0315,0.355,2.8169014084507045
7500,central_early,P3-0318,0.355,2.8169014084507045
7500,central_early,P3-0320,0.355,2.8169014084507045
7500,central_early,P3-0325,0.355,2.8169014084507045
7500,central_early,P3-0326,0.355,2.8169014084507045
7500,central_early,P3-0327,0.355,2.8169014084507045
7500,central_early,P3-0328,0.355,2.8169014084507045
7500,central_early,P3-0330,0.355,2.8169014084507045
7500,central_early,P3-0331,0.355,2.8169014084507045
7500,central_early,P3-0333,0.355,2.8169014084507045
7500,central_early,P3-0335,0.355,2.8169014084507045
7500,central_early,P3-0337,0.355,2.8169014084507045
7500,central_early,P3-0338,0.355,2.8169014084507045
7500,central_early,P3-0343,0.355,2.8169014084507045
7500,central_early,P3-0345,0.355,2.8169014084507045
7500,central_early,P3-0346,0.355,2.8169014084507045
7500,central_early,P3-0347,0.355,2.8169014084507045
7500,central_early,P3-0348,0.355,2.8169014084507045
7500,central_early,P3-0350,0.355,2.8169014084507045
7500,central_early,P3-0353,0.355,2.8169014084507045
7500,central_early,P3-0358,0.355,2.8169014084507045
7500,central_early,P3-0360,0.355,2.8169014084507045
7500,central_early,P3-0365,0.355,2.8169014084507045
7500,central_early,P3-0367,0.355,2.8169014084507045
7500,central_early,P3-0368,0.355,2.8169014084507045
7500,central_early,P3-0371,0.355,2.8169014084507045
7500,central_early,P3-0372,0.355,2.8169014084507045
7500,central_early,P3-0375,0.355,2.8169014084507045
7500,central_early,P3-0380,0.355,2.8169014084507045
7500,central_early,P3-0381,0.355,2.8169014084507045
7500,central_early,P3-0383,0.355,2.8169014084507045
7500,central_early,P3-0385,0.355,2.8169014084507045
7500,central_early,P3-0389,0.355,2.8169014084507045
7500,central_early,P3-0391,0.355,2.8169014084507045
7500,central_early,P3-0393,0.355,2.8169014084507045
7500,central_early,P3-0394,0.355,2.8169014084507045
7500,central_early,P3-0399,0.355,2.8169014084507045
7500,central_early,P3-0403,0.355,2.8169014084507045
7500,central_early,P3-0411,0.355,2.8169014084507045
7500,central_early,P3-0412,0.355,2.8169014084507045
7500,central_early,P3-0414,0.355,2.8169014084507045
7500,central_early,P3-0416,0.355,2.8169014084507045
7500,central_early,P3-0419,0.355,2.8169014084507045
7500,central_early,P3-0422,0.355,2.8169014084507045
7500,central_early,P3-0423,0.355,2.8169014084507045
7500,central_early,P3-0427,0.355,2.8169014084507045
7500,central_early,P3-0433,0.355,2.8169014084507045
7500,central_early,P3-0434,0.355,2.8169014084507045
7500,central_early,P3-0435,0.355,2.8169014084507045
7500,central_early,P3-0437,0.355,2.8169014084507045
7500,central_early,P3-0439,0.355,2.8169014084507045
7500,central_early,P3-0440,0.355,2.8169014084507045
7500,central_early,P3-0442,0.355,2.8169014084507045
7500,central_early,P3-0443,0.355,2.8169014084507045
7500,central_early,P3-0447,0.355,2.8169014084507045
7500,central_early,P3-0463,0.355,2.8169014084507045
7500,central_early,P3-0464,0.355,2.8169014084507045
7500,central_early,P3-0465,0.355,2.8169014084507045
7500,central_early,P3-0466,0.355,2.8169014084507045
7500,central_early,P3-0469,0.355,2.8169014084507045
7500,central_early,P3-0470,0.355,2.8169014084507045
7500,central_early,P3-0476,0.355,2.8169014084507045
7500,central_early,P3-0478,0.355,2.8169014084507045
7500,central_early,P3-0479,0.355,2.8169014084507045
7500,central_early,P3-0481,0.355,2.8169014084507045
7500,central_early,P3-0483,0.355,2.8169014084507045
7500,central_early,P3-0486,0.355,2.8169014084507045
7500,central_early,P3-0488,0.355,2.8169014084507045
7500,central_early,P3-0493,0.355,2.8169014084507045
7500,central_early,P3-0494,0.355,2.8169014084507045
7500,central_early,P3-0497,0.355,2.8169014084507045
7500,central_early,P3-0502,0.355,2.8169014084507045
7500,central_early,P3-0503,0.355,2.8169014084507045
7500,central_early,P3-0505,0.355,2.8169014084507045
7500,central_early,P3-0509,0.355,2.8169014084507045
7500,central_early,P3-0510,0.355,2.8169014084507045
7500,central_early,P3-0513,0.355,2.8169014084507045
7500,central_early,P3-0514,0.355,2.8169014084507045
7500,central_early,P3-0516,0.355,2.8169014084507045
7500,central_early,P3-0521,0.355,2.8169014084507045
7500,central_early,P3-0523,0.355,2.8169014084507045
7500,central_early,P3-0524,0.355,2.8169014084507045
7500,central_early,P3-0526,0.355,2.8169014084507045
7500,central_early,P3-0527,0.355,2.8169014084507045
7500,central_early,P3-0529,0.355,2.8169014084507045
7500,central_early,P3-0530,0.355,2.8169014084507045
7500,central_early,P3-0531,0.355,2.8169014084507045
7500,central_early,P3-0537,0.355,2.8169014084507045
7500,central_early,P3-0538,0.355,2.8169014084507045
7500,central_early,P3-0539,0.355,2.8169014084507045
7500,central_early,P3-0544,0.355,2.8169014084507045
7500,central_early,P3-0548,0.355,2.8169014084507045
7500,central_early,P3-0553,0.355,2.8169014084507045
7500,central_early,P3-0555,0.355,2.8169014084507045
7500,central_early,P3-0567,0.355,2.8169014084507045
7500,central_early,P3-0570,0.355,2.8169014084507045
7500,central_early,P3-0571,0.355,2.8169014084507045
7500,central_early,P3-0572,0.355,2.8169014084507045
7500,central_early,P3-0574,0.355,2.8169014084507045
7500,central_early,P3-0576,0.355,2.8169014084507045
7500,central_early,P3-0578,0.355,2.8169014084507045
7500,central_early,P3-0579,0.355,2.8169014084507045
7500,central_early,P3-0584,0.355,2.8169014084507045
7500,central_early,P3-0586,0.355,2.8169014084507045
7500,central_early,P3-0588,0.355,2.8169014084507045
7500,central_early,P3-0592,0.355,2.8169014084507045
7500,central_early,P3-0596,0.355,2.8169014084507045
7500,central_early,P3-0600,0.355,2.8169014084507045
7500,central_late,P4-0001,0.415,2.4096385542168677
7500,central_late,P4-0010,0.415,2.4096385542168677
7500,central_late,P4-0011,0.415,2.4096385542168677
7500,central_late,P4-0012,0.415,2.4096385542168677
7500,central_late,P4-0013,0.415,2.4096385542168677
7500,central_late,P4-0014,0.415,2.4096385542168677
7500,central_late,P4-0015,0.415,2.4096385542168677
7500,central_late,P4-0019,0.415,2.4096385542168677
7500,central_late,P4-0021,0.415,2.4096385542168677
7500,central_late,P4-0023,0.415,2.4096385542168677
7500,central_late,P4-0024,0.415,2.4096385542168677
7500,central_late,P4-0025,0.415,2.4096385542168677
7500,central_late,P4-0026,0.415,2.4096385542168677
7500,central_late,P4-0028,0.415,2.4096385542168677
7500,central_late,P4-0029,0.415,2.4096385542168677
7500,central_late,P4-0031,0.415,2.4096385542168677
7500,central_late,P4-0033,0.415,2.4096385542168677
7500,central_late,P4-0034,0.415,2.4096385542168677
7500,central_late,P4-0036,0.415,2.4096385542168677
7500,central_late,P4-0040,0.415,2.4096385542168677
7500,central_late,P4-0041,0.415,2.4096385542168677
7500,central_late,P4-0042,0.415,2.4096385542168677
7500,central_late,P4-0043,0.415,2.4096385542168677
7500,central_late,P4-0049,0.415,2.4096385542168677
7500,central_late,P4-0050,0.415,2.4096385542168677
7500,central_late,P4-0051,0.415,2.4096385542168677
7500,central_late,P4-0053,0.415,2.4096385542168677
7500,central_late,P4-0054,0.415,2.4096385542168677
7500,central_late,P4-0057,0.415,2.4096385542168677
7500,central_late,P4-0058,0.415,2.4096385542168677
7500,central_late,P4-0060,0.415,2.4096385542168677
7500,central_late,P4-0062,0.415,2.4096385542168677
7500,central_late,P4-0064,0.415,2.4096385542168677
7500,central_late,P4-0067,0.415,2.4096385542168677
7500,central_late,P4-0068,0.415,2.4096385542168677
7500,central_late,P4-0073,0.415,2.4096385542168677
7500,central_late,P4-0076,0.415,2.4096385542168677
7500,central_late,P4-0077,0.415,2.4096385542168677
7500,central_late,P4-0080,0.415,2.4096385542168677
7500,central_late,P4-0081,0.415,2.4096385542168677
7500,central_late,P4-0082,0.415,2.4096385542168677
7500,central_late,P4-0083,0.415,2.4096385542168677
7500,central_late,P4-0084,0.415,2.4096385542168677
7500,central_late,P4-0089,0.415,2.4096385542168677
7500,central_late,P4-0090,0.415,2.4096385542168677
7500,central_late,P4-0091,0.415,2.4096385542168677
7500,central_late,P4-0093,0.415,2.4096385542168677
7500,central_late,P4-0094,0.415,2.4096385542168677
7500,central_late,P4-0097,0.415,2.4096385542168677
7500,central_late,P4-0098,0.415,2.4096385542168677
7500,central_late,P4-0099,0.415,2.4096385542168677
7500,central_late,P4-0101,0.415,2.4096385542168677
7500,central_late,P4-0104,0.415,2.4096385542168677
7500,central_late,P4-0108,0.415,2.4096385542168677
7500,central_late,P4-0111,0.415,2.4096385542168677
7500,central_late,P4-0118,0.415,2.4096385542168677
7500,central_late,P4-0122,0.415,2.4096385542168677
7500,central_late,P4-0129,0.415,2.4096385542168677
7500,central_late,P4-0131,0.415,2.4096385542168677
7500,central_late,P4-0133,0.415,2.4096385542168677
7500,central_late,P4-0134,0.415,2.4096385542168677
7500,central_late,P4-0136,0.415,2.4096385542168677
7500,central_late,P4-0137,0.415,2.4096385542168677
7500,central_late,P4-0138,0.415,2.4096385542168677
7500,central_late,P4-0139,0.415,2.4096385542168677
7500,central_late,P4-0143,0.415,2.4096385542168677
7500,central_late,P4-0144,0.415,2.4096385542168677
7500,central_late,P4-0146,0.415,2.4096385542168677
7500,central_late,P4-0151,0.415,2.4096385542168677
7500,central_late,P4-0156,0.415,2.4096385542168677
7500,central_late,P4-0158,0.415,2.4096385542168677
7500,central_late,P4-0167,0.415,2.4096385542168677
7500,central_late,P4-0169,0.415,2.4096385542168677
7500,central_late,P4-0170,0.415,2.4096385542168677
7500,central_late,P4-0173,0.415,2.4096385542168677
7500,central_late,P4-0174,0.415,2.4096385542168677
7500,central_late,P4-0175,0.415,2.4096385542168677
7500,central_late,P4-0176,0.415,2.4096385542168677
7500,central_late,P4-0178,0.415,2.4096385542168677
7500,central_late,P4-0179,0.415,2.4096385542168677
7500,central_late,P4-0180,0.415,2.4096385542168677
7500,central_late,P4-0181,0.415,2.4096385542168677
7500,central_late,P4-0184,0.415,2.4096385542168677
7500,central_late,P4-0188,0.415,2.4096385542168677
7500,central_late,P4-0189,0.415,2.4096385542168677
7500,central_late,P4-0191,0.415,2.4096385542168677
7500,central_late,P4-0192,0.415,2.4096385542168677
7500,central_late,P4-0193,0.415,2.4096385542168677
7500,central_late,P4-0194,0.415,2.4096385542168677
7500,central_late,P4-0196,0.415,2.4096385542168677
7500,central_late,P4-0200,0.415,2.4096385542168677
7500,central_late,P4-0205,0.415,2.4096385542168677
7500,central_late,P4-0207,0.415,2.4096385542168677
7500,central_late,P4-0208,0.415,2.4096385542168677
7500,central_late,P4-0210,0.415,2.4096385542168677
7500,central_late,P4-0211,0.415,2.4096385542168677
7500,central_late,P4-0216,0.415,2.4096385542168677
7500,central_late,P4-0218,0.415,2.4096385542168677
7500,central_late,P4-0221,0.415,2.4096385542168677
7500,central_late,P4-0223,0.415,2.4096385542168677
7500,central_late,P4-0224,0.415,2.4096385542168677
7500,central_late,P4-0227,0.415,2.4096385542168677
7500,central_late,P4-0228,0.415,2.4096385542168677
7500,central_late,P4-0231,0.415,2.4096385542168677
7500,central_late,P4-0232,0.415,2.4096385542168677
7500,central_late,P4-0233,0.415,2.4096385542168677
7500,central_late,P4-0236,0.415,2.4096385542168677
7500,central_late,P4-0237,0.415,2.4096385542168677
7500,central_late,P4-0241,0.415,2.4096385542168677
7500,central_late,P4-0242,0.415,2.4096385542168677
7500,central_late,P4-0244,0.415,2.4096385542168677
7500,central_late,P4-0254,0.415,2.4096385542168677
7500,central_late,P4-0255,0.415,2.4096385542168677
7500,central_late,P4-0257,0.415,2.4096385542168677
7500,central_late,P4-0261,0.415,2.4096385542168677
7500,central_late,P4-0262,0.415,2.4096385542168677
7500,central_late,P4-0263,0.415,2.4096385542168677
7500,central_late,P4-0264,0.415,2.4096385542168677
7500,central_late,P4-0265,0.415,2.4096385542168677
7500,central_late,P4-0271,0.415,2.4096385542168677
7500,central_late,P4-0272,0.415,2.4096385542168677
7500,central_late,P4-0273,0.415,2.4096385542168677
7500,central_late,P4-0274,0.415,2.4096385542168677
7500,central_late,P4-0275,0.415,2.4096385542168677
7500,central_late,P4-0279,0.415,2.4096385542168677
7500,central_late,P4-0283,0.415,2.4096385542168677
7500,central_late,P4-0284,0.415,2.4096385542168677
7500,central_late,P4-0287,0.415,2.4096385542168677
7500,central_late,P4-0289,0.415,2.4096385542168677
7500,central_late,P4-0292,0.415,2.4096385542168677
7500,central_late,P4-0293,0.415,2.4096385542168677
7500,central_late,P4-0294,0.415,2.4096385542168677
7500,central_late,P4-0297,0.415,2.4096385542168677
7500,central_late,P4-0298,0.415,2.4096385542168677
7500,central_late,P4-0301,0.415,2.4096385542168677
7500,central_late,P4-0302,0.415,2.4096385542168677
7500,central_late,P4-0306,0.415,2.4096385542168677
7500,central_late,P4-0307,0.415,2.4096385542168677
7500,central_late,P4-0308,0.415,2.4096385542168677
7500,central_late,P4-0313,0.415,2.4096385542168677
7500,central_late,P4-0316,0.415,2.4096385542168677
7500,central_late,P4-0320,0.415,2.4096385542168677
7500,central_late,P4-0323,0.415,2.4096385542168677
7500,central_late,P4-0324,0.415,2.4096385542168677
7500,central_late,P4-0326,0.415,2.4096385542168677
7500,central_late,P4-0330,0.415,2.4096385542168677
7500,central_late,P4-0332,0.415,2.4096385542168677
7500,central_late,P4-0335,0.415,2.4096385542168677
7500,central_late,P4-0336,0.415,2.4096385542168677
7500,central_late,P4-0341,0.415,2.4096385542168677
7500,central_late,P4-0342,0.415,2.4096385542168677
7500,central_late,P4-0346,0.415,2.4096385542168677
7500,central_late,P4-0347,0.415,2.4096385542168677
7500,central_late,P4-0349,0.415,2.4096385542168677
7500,central_late,P4-0350,0.415,2.4096385542168677
7500,central_late,P4-0355,0.415,2.4096385542168677
7500,central_late,P4-0358,0.415,2.4096385542168677
7500,central_late,P4-0359,0.415,2.4096385542168677
7500,central_late,P4-0360,0.415,2.4096385542168677
7500,central_late,P4-0361,0.415,2.4096385542168677
7500,central_late,P4-0362,0.415,2.4096385542168677
7500,central_late,P4-0369,0.415,2.4096385542168677
7500,central_late,P4-0373,0.415,2.4096385542168677
7500,central_late,P4-0375,0.415,2.4096385542168677
7500,central_late,P4-0377,0.415,2.4096385542168677
7500,central_late,P4-0381,0.415,2.4096385542168677
7500,central_late,P4-0382,0.415,2.4096385542168677
7500,central_late,P4-0384,0.415,2.4096385542168677
7500,central_late,P4-0386,0.415,2.4096385542168677
7500,central_late,P4-0387,0.415,2.4096385542168677
7500,central_late,P4-0388,0.415,2.4096385542168677
7500,central_late,P4-0393,0.415,2.4096385542168677
7500,central_late,P4-0394,0.415,2.4096385542168677
7500,central_late,P4-0402,0.415,2.4096385542168677
7500,central_late,P4-0403,0.415,2.4096385542168677
7500,central_late,P4-0404,0.415,2.4096385542168677
7500,central_late,P4-0405,0.415,2.4096385542168677
7500,central_late,P4-0408,0.415,2.4096385542168677
7500,central_late,P4-0409,0.415,2.4096385542168677
7500,central_late,P4-0410,0.415,2.4096385542168677
7500,central_late,P4-0411,0.415,2.4096385542168677
7500,central_late,P4-0412,0.415,2.4096385542168677
7500,central_late,P4-0416,0.415,2.4096385542168677
7500,central_late,P4-0417,0.415,2.4096385542168677
7500,central_late,P4-0419,0.415,2.4096385542168677
7500,central_late,P4-0422,0.415,2.4096385542168677
7500,central_late,P4-0423,0.415,2.4096385542168677
7500,central_late,P4-0427,0.415,2.4096385542168677
7500,central_late,P4-0429,0.415,2.4096385542168677
7500,central_late,P4-0435,0.415,2.4096385542168677
7500,central_late,P4-0436,0.415,2.4096385542168677
7500,central_late,P4-0438,0.415,2.4096385542168677
7500,central_late,P4-0443,0.415,2.4096385542168677
7500,central_late,P4-0444,0.415,2.4096385542168677
7500,central_late,P4-0445,0.415,2.4096385542168677
7500,central_late,P4-0450,0.415,2.4096385542168677
7500,central_late,P4-0451,0.415,2.4096385542168677
7500,central_late,P4-0453,0.415,2.4096385542168677
7500,central_late,P4-0455,0.415,2.4096385542168677
7500,central_late,P4-0458,0.415,2.4096385542168677
7500,central_late,P4-0465,0.415,2.4096385542168677
7500,central_late,P4-0469,0.415,2.4096385542168677
7500,central_late,P4-0471,0.415,2.4096385542168677
7500,central_late,P4-0473,0.415,2.4096385542168677
7500,central_late,P4-0474,0.415,2.4096385542168677
7500,central_late,P4-0476,0.415,2.4096385542168677
7500,central_late,P4-0477,0.415,2.4096385542168677
7500,central_late,P4-0478,0.415,2.4096385542168677
7500,central_late,P4-0485,0.415,2.4096385542168677
7500,central_late,P4-0488,0.415,2.4096385542168677
7500,central_late,P4-0490,0.415,2.4096385542168677
7500,central_late,P4-0491,0.415,2.4096385542168677
7500,central_late,P4-0492,0.415,2.4096385542168677
7500,central_late,P4-0493,0.415,2.4096385542168677
7500,central_late,P4-0494,0.415,2.4096385542168677
7500,central_late,P4-0495,0.415,2.4096385542168677
7500,central_late,P4-0501,0.415,2.4096385542168677
7500,central_late,P4-0512,0.415,2.4096385542168677
7500,central_late,P4-0516,0.415,2.4096385542168677
7500,central_late,P4-0517,0.415,2.4096385542168677
7500,central_late,P4-0518,0.415,2.4096385542168677
7500,central_late,P4-0521,0.415,2.4096385542168677
7500,central_late,P4-0522,0.415,2.4096385542168677
7500,central_late,P4-0523,0.415,2.4096385542168677
7500,central_late,P4-0533,0.415,2.4096385542168677
7500,central_late,P4-0534,0.415,2.4096385542168677
7500,central_late,P4-0535,0.415,2.4096385542168677
7500,central_late,P4-0536,0.415,2.4096385542168677
7500,central_late,P4-0539,0.415,2.4096385542168677
7500,central_late,P4-0551,0.415,2.4096385542168677
7500,central_late,P4-0552,0.415,2.4096385542168677
7500,central_late,P4-0554,0.415,2.4096385542168677
7500,central_late,P4-0556,0.415,2.4096385542168677
7500,central_late,P4-0557,0.415,2.4096385542168677
7500,central_late,P4-0560,0.415,2.4096385542168677
7500,central_late,P4-0561,0.415,2.4096385542168677
7500,central_late,P4-0564,0.415,2.4096385542168677
7500,central_late,P4-0566,0.415,2.4096385542168677
7500,central_late,P4-0568,0.415,2.4096385542168677
7500,central_late,P4-0569,0.415,2.4096385542168677
7500,central_late,P4-0570,0.415,2.4096385542168677
7500,central_late,P4-0571,0.415,2.4096385542168677
7500,central_late,P4-0577,0.415,2.4096385542168677
7500,central_late,P4-0578,0.415,2.4096385542168677
7500,central_late,P4-0579,0.415,2.4096385542168677
7500,central_late,P4-0582,0.415,2.4096385542168677
7500,central_late,P4-0583,0.415,2.4096385542168677
7500,central_late,P4-0585,0.415,2.4096385542168677
7500,central_late,P4-0586,0.415,2.4096385542168677
7500,central_late,P4-0587,0.415,2.4096385542168677
7500,central_late,P4-0589,0.415,2.4096385542168677
7500,central_late,P4-0591,0.415,2.4096385542168677
7500,central_late,P4-0595,0.415,2.4096385542168677
7500,central_late,P4-0600,0.415,2.4096385542168677
7500,central_late,P4-0611,0.415,2.4096385542168677
7500,central_late,P4-0615,0.415,2.4096385542168677
7500,central_late,P4-0618,0.415,2.4096385542168677
7500,central_late,P4-0621,0.415,2.4096385542168677
7500,central_late,P4-0628,0.415,2.4096385542168677
7500,central_late,P4-0634,0.415,2.4096385542168677
7500,central_late,P4-0635,0.415,2.4096385542168677
7500,central_late,P4-0637,0.415,2.4096385542168677
7500,central_late,P4-0642,0.415,2.4096385542168677
7500,central_late,P4-0643,0.415,2.4096385542168677
7500,central_late,P4-0645,0.415,2.4096385542168677
7500,central_late,P4-0648,0.415,2.4096385542168677
7500,central_late,P4-0649,0.415,2.4096385542168677
7500,central_late,P4-0650,0.415,2.4096385542168677
7500,central_late,P4-0651,0.415,2.4096385542168677
7500,central_late,P4-0652,0.415,2.4096385542168677
7500,central_late,P4-0655,0.415,2.4096385542168677
7500,central_late,P4-0656,0.415,2.4096385542168677
7500,central_late,P4-0657,0.415,2.4096385542168677
7500,central_late,P4-0660,0.415,2.4096385542168677
7500,central_late,P4-0661,0.415,2.4096385542168677
7500,central_late,P4-0662,0.415,2.4096385542168677
7500,central_late,P4-0668,0.415,2.4096385542168677
7500,central_late,P4-0669,0.415,2.4096385542168677
7500,central_late,P4-0670,0.415,2.4096385542168677
7500,central_late,P4-0671,0.415,2.4096385542168677
7500,central_late,P4-0673,0.415,2.4096385542168677
7500,central_late,P4-0674,0.415,2.4096385542168677
7500,central_late,P4-0677,0.415,2.4096385542168677
7500,central_late,P4-0680,0.415,2.4096385542168677
7500,central_late,P4-0681,0.415,2.4096385542168677
7500,central_late,P4-0684,0.415,2.4096385542168677
7500,central_late,P4-0685,0.415,2.4096385542168677
7500,central_late,P4-0686,0.415,2.4096385542168677
7500,central_late,P4-0687,0.415,2.4096385542168677
7500,central_late,P4-0691,0.415,2.4096385542168677
7500,central_late,P4-0698,0.415,2.4096385542168677
7500,central_late,P4-0699,0.415,2.4096385542168677
7500,central_late,P4-0702,0.415,2.4096385542168677
7500,central_late,P4-0703,0.415,2.4096385542168677
7500,central_late,P4-0704,0.415,2.4096385542168677
7500,central_late,P4-0706,0.415,2.4096385542168677
7500,central_late,P4-0709,0.415,2.4096385542168677
7500,central_late,P4-0712,0.415,2.4096385542168677
7500,central_late,P4-0714,0.415,2.4096385542168677
7500,central_late,P4-0715,0.415,2.4096385542168677
7500,central_late,P4-0716,0.415,2.4096385542168677
7500,central_late,P4-0718,0.415,2.4096385542168677
7500,central_late,P4-0720,0.415,2.4096385542168677
7500,central_late,P4-0721,0.415,2.4096385542168677
7500,central_late,P4-0722,0.415,2.4096385542168677
7500,central_late,P4-0723,0.415,2.4096385542168677
7500,central_late,P4-0725,0.415,2.4096385542168677
7500,central_late,P4-0729,0.415,2.4096385542168677
7500,central_late,P4-0731,0.415,2.4096385542168677
7500,central_late,P4-0736,0.415,2.4096385542168677
7500,central_late,P4-0737,0.415,2.4096385542168677
7500,central_late,P4-0741,0.415,2.4096385542168677
7500,central_late,P4-0743,0.415,2.4096385542168677
7500,central_late,P4-0744,0.415,2.4096385542168677
7500,central_late,P4-0747,0.415,2.4096385542168677
7500,central_late,P4-0749,0.415,2.4096385542168677
7500,central_late,P4-0751,0.415,2.4096385542168677
7500,central_late,P4-0752,0.415,2.4096385542168677
7500,central_late,P4-0755,0.415,2.4096385542168677
7500,central_late,P4-0756,0.415,2.4096385542168677
7500,central_late,P4-0760,0.415,2.4096385542168677
7500,central_late,P4-0763,0.415,2.4096385542168677
7500,central_late,P4-0768,0.415,2.4096385542168677
7500,central_late,P4-0772,0.415,2.4096385542168677
7500,central_late,P4-0781,0.415,2.4096385542168677
7500,central_late,P4-0782,0.415,2.4096385542168677
7500,central_late,P4-0783,0.415,2.4096385542168677
7500,central_late,P4-0784,0.415,2.4096385542168677
7500,central_late,P4-0793,0.415,2.4096385542168677
7500,central_late,P4-0794,0.415,2.4096385542168677
7500,central_late,P4-0797,0.415,2.4096385542168677
7500,central_late,P4-0800,0.415,2.4096385542168677
7500,south_early,P5-0001,0.4618181818181818,2.1653543307086616
7500,south_early,P5-0002,0.4618181818181818,2.1653543307086616
7500,south_early,P5-0004,0.4618181818181818,2.1653543307086616
7500,south_early,P5-0007,0.4618181818181818,2.1653543307086616
7500,south_early,P5-0008,0.4618181818181818,2.1653543307086616
7500,south_early,P5-0009,0.4618181818181818,2.1653543307086616
7500,south_early,P5-0010,0.4618181818181818,2.1653543307086616
7500,south_early,P5-0014,0.4618181818181818,2.1653543307086616
7500,south_early,P5-0015,0.4618181818181818,2.1653543307086616
7500,south_early,P5-0018,0.4618181818181818,2.1653543307086616
7500,south_early,P5-0019,0.4618181818181818,2.1653543307086616
7500,south_early,P5-0020,0.4618181818181818,2.1653543307086616
7500,south_early,P5-0025,0.4618181818181818,2.1653543307086616
7500,south_early,P5-0028,0.4618181818181818,2.1653543307086616
7500,south_early,P5-0029,0.4618181818181818,2.1653543307086616
7500,south_early,P5-0030,0.4618181818181818,2.1653543307086616
7500,south_early,P5-0033,0.4618181818181818,2.1653543307086616
7500,south_early,P5-0034,0.4618181818181818,2.1653543307086616
7500,south_early,P5-0038,0.4618181818181818,2.1653543307086616
7500,south_early,P5-0039,0.4618181818181818,2.1653543307086616
7500,south_early,P5-0044,0.4618181818181818,2.1653543307086616
7500,south_early,P5-0045,0.4618181818181818,2.1653543307086616
7500,south_early,P5-0046,0.4618181818181818,2.1653543307086616
7500,south_early,P5-0048,0.4618181818181818,2.1653543307086616
7500,south_early,P5-0050,0.4618181818181818,2.1653543307086616
7500,south_early,P5-0054,0.4618181818181818,2.1653543307086616
7500,south_early,P5-0056,0.4618181818181818,2.1653543307086616
7500,south_early,P5-0057,0.4618181818181818,2.1653543307086616
7500,south_early,P5-0059,0.4618181818181818,2.1653543307086616
7500,south_early,P5-0060,0.4618181818181818,2.1653543307086616
7500,south_early,P5-0065,0.4618181818181818,2.1653543307086616
7500,south_early,P5-0067,0.4618181818181818,2.1653543307086616
7500,south_early,P5-0072,0.4618181818181818,2.1653543307086616
7500,south_early,P5-0074,0.4618181818181818,2.1653543307086616
7500,south_early,P5-0078,0.4618181818181818,2.1653543307086616
7500,south_early,P5-0080,0.4618181818181818,2.1653543307086616
7500,south_early,P5-0081,0.4618181818181818,2.1653543307086616
7500,south_early,P5-0082,0.4618181818181818,2.1653543307086616
7500,south_early,P5-0085,0.4618181818181818,2.1653543307086616
7500,south_early,P5-0090,0.4618181818181818,2.1653543307086616
7500,south_early,P5-0092,0.4618181818181818,2.1653543307086616
7500,south_early,P5-0093,0.4618181818181818,2.1653543307086616
7500,south_early,P5-0095,0.4618181818181818,2.1653543307086616
7500,south_early,P5-0096,0.4618181818181818,2.1653543307086616
7500,south_early,P5-0099,0.4618181818181818,2.1653543307086616
7500,south_early,P5-0103,0.4618181818181818,2.1653543307086616
7500,south_early,P5-0105,0.4618181818181818,2.1653543307086616
7500,south_early,P5-0108,0.4618181818181818,2.1653543307086616
7500,south_early,P5-0110,0.4618181818181818,2.1653543307086616
7500,south_early,P5-0111,0.4618181818181818,2.1653543307086616
7500,south_early,P5-0113,0.4618181818181818,2.1653543307086616
7500,south_early,P5-0115,0.4618181818181818,2.1653543307086616
7500,south_early,P5-0116,0.4618181818181818,2.1653543307086616
7500,south_early,P5-0121,0.4618181818181818,2.1653543307086616
7500,south_early,P5-0122,0.4618181818181818,2.1653543307086616
7500,south_early,P5-0123,0.4618181818181818,2.1653543307086616
7500,south_early,P5-0124,0.4618181818181818,2.1653543307086616
7500,south_early,P5-0129,0.4618181818181818,2.1653543307086616
7500,south_early,P5-0130,0.4618181818181818,2.1653543307086616
7500,south_early,P5-0135,0.4618181818181818,2.1653543307086616
7500,south_early,P5-0138,0.4618181818181818,2.1653543307086616
7500,south_early,P5-0140,0.4618181818181818,2.1653543307086616
7500,south_early,P5-0141,0.4618181818181818,2.1653543307086616
7500,south_early,P5-0144,0.4618181818181818,2.1653543307086616
7500,south_early,P5-0145,0.4618181818181818,2.1653543307086616
7500,south_early,P5-0148,0.4618181818181818,2.1653543307086616
7500,south_early,P5-0149,0.4618181818181818,2.1653543307086616
7500,south_early,P5-0150,0.4618181818181818,2.1653543307086616
7500,south_early,P5-0155,0.4618181818181818,2.1653543307086616
7500,south_early,P5-0162,0.4618181818181818,2.1653543307086616
7500,south_early,P5-0164,0.4618181818181818,2.1653543307086616
7500,south_early,P5-0172,0.4618181818181818,2.1653543307086616
7500,south_early,P5-0177,0.4618181818181818,2.1653543307086616
7500,south_early,P5-0178,0.4618181818181818,2.1653543307086616
7500,south_early,P5-0179,0.4618181818181818,2.1653543307086616
7500,south_early,P5-0182,0.4618181818181818,2.1653543307086616
7500,south_early,P5-0184,0.4618181818181818,2.1653543307086616
7500,south_early,P5-0186,0.4618181818181818,2.1653543307086616
7500,south_early,P5-0187,0.4618181818181818,2.1653543307086616
7500,south_early,P5-0190,0.4618181818181818,2.1653543307086616
7500,south_early,P5-0191,0.4618181818181818,2.1653543307086616
7500,south_early,P5-0192,0.4618181818181818,2.1653543307086616
7500,south_early,P5-0193,0.4618181818181818,2.1653543307086616
7500,south_early,P5-0195,0.4618181818181818,2.1653543307086616
7500,south_early,P5-0199,0.4618181818181818,2.1653543307086616
7500,south_early,P5-0204,0.4618181818181818,2.1653543307086616
7500,south_early,P5-0205,0.4618181818181818,2.1653543307086616
7500,south_early,P5-0207,0.4618181818181818,2.1653543307086616
7500,south_early,P5-0210,0.4618181818181818,2.1653543307086616
7500,south_early,P5-0213,0.4618181818181818,2.1653543307086616
7500,south_early,P5-0217,0.4618181818181818,2.1653543307086616
7500,south_early,P5-0218,0.4618181818181818,2.1653543307086616
7500,south_early,P5-0219,0.4618181818181818,2.1653543307086616
7500,south_early,P5-0222,0.4618181818181818,2.1653543307086616
7500,south_early,P5-0225,0.4618181818181818,2.1653543307086616
7500,south_early,P5-0229,0.4618181818181818,2.1653543307086616
7500,south_early,P5-0231,0.4618181818181818,2.1653543307086616
7500,south_early,P5-0236,0.4618181818181818,2.1653543307086616
7500,south_early,P5-0240,0.4618181818181818,2.1653543307086616
7500,south_early,P5-0241,0.4618181818181818,2.1653543307086616
7500,south_early,P5-0244,0.4618181818181818,2.1653543307086616
7500,south_early,P5-0247,0.4618181818181818,2.1653543307086616
7500,south_early,P5-0249,0.4618181818181818,2.1653543307086616
7500,south_early,P5-0250,0.4618181818181818,2.1653543307086616
7500,south_early,P5-0251,0.4618181818181818,2.1653543307086616
7500,south_early,P5-0252,0.4618181818181818,2.1653543307086616
7500,south_early,P5-0254,0.4618181818181818,2.1653543307086616
7500,south_early,P5-0257,0.4618181818181818,2.1653543307086616
7500,south_early,P5-0258,0.4618181818181818,2.1653543307086616
7500,south_early,P5-0260,0.4618181818181818,2.1653543307086616
7500,south_early,P5-0262,0.4618181818181818,2.1653543307086616
7500,south_early,P5-0263,0.4618181818181818,2.1653543307086616
7500,south_early,P5-0265,0.4618181818181818,2.1653543307086616
7500,south_early,P5-0266,0.4618181818181818,2.1653543307086616
7500,south_early,P5-0269,0.4618181818181818,2.1653543307086616
7500,south_early,P5-0273,0.4618181818181818,2.1653543307086616
7500,south_early,P5-0274,0.4618181818181818,2.1653543307086616
7500,south_early,P5-0280,0.4618181818181818,2.1653543307086616
7500,south_early,P5-0283,0.4618181818181818,2.1653543307086616
7500,south_early,P5-0284,0.4618181818181818,2.1653543307086616
7500,south_early,P5-0286,0.4618181818181818,2.1653543307086616
7500,south_early,P5-0287,0.4618181818181818,2.1653543307086616
7500,south_early,P5-0289,0.4618181818181818,2.1653543307086616
7500,south_early,P5-0290,0.4618181818181818,2.1653543307086616
7500,south_early,P5-0291,0.4618181818181818,2.1653543307086616
7500,south_early,P5-0292,0.4618181818181818,2.1653543307086616
7500,south_early,P5-0294,0.4618181818181818,2.1653543307086616
7500,south_early,P5-0295,0.4618181818181818,2.1653543307086616
7500,south_early,P5-0298,0.4618181818181818,2.1653543307086616
7500,south_early,P5-0301,0.4618181818181818,2.1653543307086616
7500,south_early,P5-0302,0.4618181818181818,2.1653543307086616
7500,south_early,P5-0310,0.4618181818181818,2.1653543307086616
7500,south_early,P5-0313,0.4618181818181818,2.1653543307086616
7500,south_early,P5-0316,0.4618181818181818,2.1653543307086616
7500,south_early,P5-0317,0.4618181818181818,2.1653543307086616
7500,south_early,P5-0318,0.4618181818181818,2.1653543307086616
7500,south_early,P5-0321,0.4618181818181818,2.1653543307086616
7500,south_early,P5-0322,0.4618181818181818,2.1653543307086616
7500,south_early,P5-0323,0.4618181818181818,2.1653543307086616
7500,south_early,P5-0324,0.4618181818181818,2.1653543307086616
7500,south_early,P5-0326,0.4618181818181818,2.1653543307086616
7500,south_early,P5-0327,0.4618181818181818,2.1653543307086616
7500,south_early,P5-0328,0.4618181818181818,2.1653543307086616
7500,south_early,P5-0330,0.4618181818181818,2.1653543307086616
7500,south_early,P5-0333,0.4618181818181818,2.1653543307086616
7500,south_early,P5-0334,0.4618181818181818,2.1653543307086616
7500,south_early,P5-0336,0.4618181818181818,2.1653543307086616
7500,south_early,P5-0338,0.4618181818181818,2.1653543307086616
7500,south_early,P5-0343,0.4618181818181818,2.1653543307086616
7500,south_early,P5-0345,0.4618181818181818,2.1653543307086616
7500,south_early,P5-0346,0.4618181818181818,2.1653543307086616
7500,south_early,P5-0347,0.4618181818181818,2.1653543307086616
7500,south_early,P5-0351,0.4618181818181818,2.1653543307086616
7500,south_early,P5-0352,0.4618181818181818,2.1653543307086616
7500,south_early,P5-0353,0.4618181818181818,2.1653543307086616
7500,south_early,P5-0354,0.4618181818181818,2.1653543307086616
7500,south_early,P5-0355,0.4618181818181818,2.1653543307086616
7500,south_early,P5-0358,0.4618181818181818,2.1653543307086616
7500,south_early,P5-0359,0.4618181818181818,2.1653543307086616
7500,south_early,P5-0361,0.4618181818181818,2.1653543307086616
7500,south_early,P5-0365,0.4618181818181818,2.1653543307086616
7500,south_early,P5-0366,0.4618181818181818,2.1653543307086616
7500,south_early,P5-0368,0.4618181818181818,2.1653543307086616
7500,south_early,P5-0376,0.4618181818181818,2.1653543307086616
7500,south_early,P5-0377,0.4618181818181818,2.1653543307086616
7500,south_early,P5-0378,0.4618181818181818,2.1653543307086616
7500,south_early,P5-0379,0.4618181818181818,2.1653543307086616
7500,south_early,P5-0381,0.4618181818181818,2.1653543307086616
7500,south_early,P5-0382,0.4618181818181818,2.1653543307086616
7500,south_early,P5-0384,0.4618181818181818,2.1653543307086616
7500,south_early,P5-0387,0.4618181818181818,2.1653543307086616
7500,south_early,P5-0388,0.4618181818181818,2.1653543307086616
7500,south_early,P5-0389,0.4618181818181818,2.1653543307086616
7500,south_early,P5-0393,0.4618181818181818,2.1653543307086616
7500,south_early,P5-0395,0.4618181818181818,2.1653543307086616
7500,south_early,P5-0400,0.4618181818181818,2.1653543307086616
7500,south_early,P5-0403,0.4618181818181818,2.1653543307086616
7500,south_early,P5-0404,0.4618181818181818,2.1653543307086616
7500,south_early,P5-0408,0.4618181818181818,2.1653543307086616
7500,south_early,P5-0409,0.4618181818181818,2.1653543307086616
7500,south_early,P5-0410,0.4618181818181818,2.1653543307086616
7500,south_early,P5-0414,0.4618181818181818,2.1653543307086616
7500,south_early,P5-0416,0.4618181818181818,2.1653543307086616
7500,south_early,P5-0419,0.4618181818181818,2.1653543307086616
7500,south_early,P5-0420,0.4618181818181818,2.1653543307086616
7500,south_early,P5-0423,0.4618181818181818,2.1653543307086616
7500,south_early,P5-0424,0.4618181818181818,2.1653543307086616
7500,south_early,P5-0427,0.4618181818181818,2.1653543307086616
7500,south_early,P5-0428,0.4618181818181818,2.1653543307086616
7500,south_early,P5-0433,0.4618181818181818,2.1653543307086616
7500,south_early,P5-0434,0.4618181818181818,2.1653543307086616
7500,south_early,P5-0436,0.4618181818181818,2.1653543307086616
7500,south_early,P5-0439,0.4618181818181818,2.1653543307086616
7500,south_early,P5-0440,0.4618181818181818,2.1653543307086616
7500,south_early,P5-0442,0.4618181818181818,2.1653543307086616
7500,south_early,P5-0445,0.4618181818181818,2.1653543307086616
7500,south_early,P5-0447,0.4618181818181818,2.1653543307086616
7500,south_early,P5-0448,0.4618181818181818,2.1653543307086616
7500,south_early,P5-0449,0.4618181818181818,2.1653543307086616
7500,south_early,P5-0450,0.4618181818181818,2.1653543307086616
7500,south_early,P5-0452,0.4618181818181818,2.1653543307086616
7500,south_early,P5-0456,0.4618181818181818,2.1653543307086616
7500,south_early,P5-0457,0.4618181818181818,2.1653543307086616
7500,south_early,P5-0459,0.4618181818181818,2.1653543307086616
7500,south_early,P5-0462,0.4618181818181818,2.1653543307086616
7500,south_early,P5-0463,0.4618181818181818,2.1653543307086616
7500,south_early,P5-0466,0.4618181818181818,2.1653543307086616
7500,south_early,P5-0468,0.4618181818181818,2.1653543307086616
7500,south_early,P5-0470,0.4618181818181818,2.1653543307086616
7500,south_early,P5-0471,0.4618181818181818,2.1653543307086616
7500,south_early,P5-0472,0.4618181818181818,2.1653543307086616
7500,south_early,P5-0473,0.4618181818181818,2.1653543307086616
7500,south_early,P5-0475,0.4618181818181818,2.1653543307086616
7500,south_early,P5-0477,0.4618181818181818,2.1653543307086616
7500,south_early,P5-0478,0.4618181818181818,2.1653543307086616
7500,south_early,P5-0479,0.4618181818181818,2.1653543307086616
7500,south_early,P5-0480,0.4618181818181818,2.1653543307086616
7500,south_early,P5-0484,0.4618181818181818,2.1653543307086616
7500,south_early,P5-0485,0.4618181818181818,2.1653543307086616
7500,south_early,P5-0486,0.4618181818181818,2.1653543307086616
7500,south_early,P5-0487,0.4618181818181818,2.1653543307086616
7500,south_early,P5-0488,0.4618181818181818,2.1653543307086616
7500,south_early,P5-0492,0.4618181818181818,2.1653543307086616
7500,south_early,P5-0493,0.4618181818181818,2.1653543307086616
7500,south_early,P5-0496,0.4618181818181818,2.1653543307086616
7500,south_early,P5-0498,0.4618181818181818,2.1653543307086616
7500,south_early,P5-0499,0.4618181818181818,2.1653543307086616
7500,south_early,P5-0500,0.4618181818181818,2.1653543307086616
7500,south_early,P5-0501,0.4618181818181818,2.1653543307086616
7500,south_early,P5-0503,0.4618181818181818,2.1653543307086616
7500,south_early,P5-0504,0.4618181818181818,2.1653543307086616
7500,south_early,P5-0508,0.4618181818181818,2.1653543307086616
7500,south_early,P5-0512,0.4618181818181818,2.1653543307086616
7500,south_early,P5-0515,0.4618181818181818,2.1653543307086616
7500,south_early,P5-0516,0.4618181818181818,2.1653543307086616
7500,south_early,P5-0517,0.4618181818181818,2.1653543307086616
7500,south_early,P5-0520,0.4618181818181818,2.1653543307086616
7500,south_early,P5-0521,0.4618181818181818,2.1653543307086616
7500,south_early,P5-0522,0.4618181818181818,2.1653543307086616
7500,south_early,P5-0524,0.4618181818181818,2.1653543307086616
7500,south_early,P5-0525,0.4618181818181818,2.1653543307086616
7500,south_early,P5-0526,0.4618181818181818,2.1653543307086616
7500,south_early,P5-0528,0.4618181818181818,2.1653543307086616
7500,south_early,P5-0532,0.4618181818181818,2.1653543307086616
7500,south_early,P5-0535,0.4618181818181818,2.1653543307086616
7500,south_early,P5-0537,0.4618181818181818,2.1653543307086616
7500,south_early,P5-0538,0.4618181818181818,2.1653543307086616
7500,south_early,P5-0539,0.4618181818181818,2.1653543307086616
7500,south_early,P5-0540,0.4618181818181818,2.1653543307086616
7500,south_early,P5-0542,0.4618181818181818,2.1653543307086616
7500,south_early,P5-0546,0.4618181818181818,2.1653543307086616
7500,south_early,P5-0547,0.4618181818181818,2.1653543307086616
7500,south_early,P5-0548,0.4618181818181818,2.1653543307086616
7500,south_early,P5-0549,0.4618181818181818,2.1653543307086616
7500,south_late,P6-0003,0.45111111111111113,2.216748768472906
7500,south_late,P6-0006,0.45111111111111113,2.216748768472906
7500,south_late,P6-0007,0.45111111111111113,2.216748768472906
7500,south_late,P6-0008,0.45111111111111113,2.216748768472906
7500,south_late,P6-0009,0.45111111111111113,2.216748768472906
7500,south_late,P6-0012,0.45111111111111113,2.216748768472906
7500,south_late,P6-0013,0.45111111111111113,2.216748768472906
7500,south_late,P6-0016,0.45111111111111113,2.216748768472906
7500,south_late,P6-0017,0.45111111111111113,2.216748768472906
7500,south_late,P6-0019,0.45111111111111113,2.216748768472906
7500,south_late,P6-0020,0.45111111111111113,2.216748768472906
7500,south_late,P6-0021,0.45111111111111113,2.216748768472906
7500,south_late,P6-0022,0.45111111111111113,2.216748768472906
7500,south_late,P6-0023,0.45111111111111113,2.216748768472906
7500,south_late,P6-0024,0.45111111111111113,2.216748768472906
7500,south_late,P6-0025,0.45111111111111113,2.216748768472906
7500,south_late,P6-0027,0.45111111111111113,2.216748768472906
7500,south_late,P6-0031,0.45111111111111113,2.216748768472906
7500,south_late,P6-0032,0.45111111111111113,2.216748768472906
7500,south_late,P6-0033,0.45111111111111113,2.216748768472906
7500,south_late,P6-0036,0.45111111111111113,2.216748768472906
7500,south_late,P6-0040,0.45111111111111113,2.216748768472906
7500,south_late,P6-0041,0.45111111111111113,2.216748768472906
7500,south_late,P6-0043,0.45111111111111113,2.216748768472906
7500,south_late,P6-0046,0.45111111111111113,2.216748768472906
7500,south_late,P6-0048,0.45111111111111113,2.216748768472906
7500,south_late,P6-0049,0.45111111111111113,2.216748768472906
7500,south_late,P6-0054,0.45111111111111113,2.216748768472906
7500,south_late,P6-0056,0.45111111111111113,2.216748768472906
7500,south_late,P6-0058,0.45111111111111113,2.216748768472906
7500,south_late,P6-0061,0.45111111111111113,2.216748768472906
7500,south_late,P6-0062,0.45111111111111113,2.216748768472906
7500,south_late,P6-0063,0.45111111111111113,2.216748768472906
7500,south_late,P6-0071,0.45111111111111113,2.216748768472906
7500,south_late,P6-0072,0.45111111111111113,2.216748768472906
7500,south_late,P6-0074,0.45111111111111113,2.216748768472906
7500,south_late,P6-0075,0.45111111111111113,2.216748768472906
7500,south_late,P6-0077,0.45111111111111113,2.216748768472906
7500,south_late,P6-0078,0.45111111111111113,2.216748768472906
7500,south_late,P6-0079,0.45111111111111113,2.216748768472906
7500,south_late,P6-0096,0.45111111111111113,2.216748768472906
7500,south_late,P6-0097,0.45111111111111113,2.216748768472906
7500,south_late,P6-0099,0.45111111111111113,2.216748768472906
7500,south_late,P6-0104,0.45111111111111113,2.216748768472906
7500,south_late,P6-0105,0.45111111111111113,2.216748768472906
7500,south_late,P6-0108,0.45111111111111113,2.216748768472906
7500,south_late,P6-0110,0.45111111111111113,2.216748768472906
7500,south_late,P6-0115,0.45111111111111113,2.216748768472906
7500,south_late,P6-0116,0.45111111111111113,2.216748768472906
7500,south_late,P6-0117,0.45111111111111113,2.216748768472906
7500,south_late,P6-0118,0.45111111111111113,2.216748768472906
7500,south_late,P6-0122,0.45111111111111113,2.216748768472906
7500,south_late,P6-0125,0.45111111111111113,2.216748768472906
7500,south_late,P6-0126,0.45111111111111113,2.216748768472906
7500,south_late,P6-0127,0.45111111111111113,2.216748768472906
7500,south_late,P6-0128,0.45111111111111113,2.216748768472906
7500,south_late,P6-0134,0.45111111111111113,2.216748768472906
7500,south_late,P6-0135,0.45111111111111113,2.216748768472906
7500,south_late,P6-0136,0.45111111111111113,2.216748768472906
7500,south_late,P6-0138,0.45111111111111113,2.216748768472906
7500,south_late,P6-0139,0.45111111111111113,2.216748768472906
7500,south_late,P6-0142,0.45111111111111113,2.216748768472906
7500,south_late,P6-0143,0.45111111111111113,2.216748768472906
7500,south_late,P6-0148,0.45111111111111113,2.216748768472906
7500,south_late,P6-0153,0.45111111111111113,2.216748768472906
7500,south_late,P6-0154,0.45111111111111113,2.216748768472906
7500,south_late,P6-0156,0.45111111111111113,2.216748768472906
7500,south_late,P6-0157,0.45111111111111113,2.216748768472906
7500,south_late,P6-0160,0.45111111111111113,2.216748768472906
7500,south_late,P6-0161,0.45111111111111113,2.216748768472906
7500,south_late,P6-0162,0.45111111111111113,2.216748768472906
7500,south_late,P6-0164,0.45111111111111113,2.216748768472906
7500,south_late,P6-0172,0.45111111111111113,2.216748768472906
7500,south_late,P6-0173,0.45111111111111113,2.216748768472906
7500,south_late,P6-0175,0.45111111111111113,2.216748768472906
7500,south_late,P6-0181,0.45111111111111113,2.216748768472906
7500,south_late,P6-0182,0.45111111111111113,2.216748768472906
7500,south_late,P6-0184,0.45111111111111113,2.216748768472906
7500,south_late,P6-0191,0.45111111111111113,2.216748768472906
7500,south_late,P6-0194,0.45111111111111113,2.216748768472906
7500,south_late,P6-0197,0.45111111111111113,2.216748768472906
7500,south_late,P6-0200,0.45111111111111113,2.216748768472906
7500,south_late,P6-0201,0.45111111111111113,2.216748768472906
7500,south_late,P6-0202,0.45111111111111113,2.216748768472906
7500,south_late,P6-0203,0.45111111111111113,2.216748768472906
7500,south_late,P6-0204,0.45111111111111113,2.216748768472906
7500,south_late,P6-0205,0.45111111111111113,2.216748768472906
7500,south_late,P6-0209,0.45111111111111113,2.216748768472906
7500,south_late,P6-0210,0.45111111111111113,2.216748768472906
7500,south_late,P6-0211,0.45111111111111113,2.216748768472906
7500,south_late,P6-0215,0.45111111111111113,2.216748768472906
7500,south_late,P6-0218,0.45111111111111113,2.216748768472906
7500,south_late,P6-0219,0.45111111111111113,2.216748768472906
7500,south_late,P6-0220,0.45111111111111113,2.216748768472906
7500,south_late,P6-0221,0.45111111111111113,2.216748768472906
7500,south_late,P6-0223,0.45111111111111113,2.216748768472906
7500,south_late,P6-0224,0.45111111111111113,2.216748768472906
7500,south_late,P6-0226,0.45111111111111113,2.216748768472906
7500,south_late,P6-0227,0.45111111111111113,2.216748768472906
7500,south_late,P6-0229,0.45111111111111113,2.216748768472906
7500,south_late,P6-0231,0.45111111111111113,2.216748768472906
7500,south_late,P6-0236,0.45111111111111113,2.216748768472906
7500,south_late,P6-0237,0.45111111111111113,2.216748768472906
7500,south_late,P6-0238,0.45111111111111113,2.216748768472906
7500,south_late,P6-0241,0.45111111111111113,2.216748768472906
7500,south_late,P6-0245,0.45111111111111113,2.216748768472906
7500,south_late,P6-0248,0.45111111111111113,2.216748768472906
7500,south_late,P6-0249,0.45111111111111113,2.216748768472906
7500,south_late,P6-0251,0.45111111111111113,2.216748768472906
7500,south_late,P6-0255,0.45111111111111113,2.216748768472906
7500,south_late,P6-0256,0.45111111111111113,2.216748768472906
7500,south_late,P6-0257,0.45111111111111113,2.216748768472906
7500,south_late,P6-0258,0.45111111111111113,2.216748768472906
7500,south_late,P6-0260,0.45111111111111113,2.216748768472906
7500,south_late,P6-0261,0.45111111111111113,2.216748768472906
7500,south_late,P6-0263,0.45111111111111113,2.216748768472906
7500,south_late,P6-0265,0.45111111111111113,2.216748768472906
7500,south_late,P6-0272,0.45111111111111113,2.216748768472906
7500,south_late,P6-0273,0.45111111111111113,2.216748768472906
7500,south_late,P6-0276,0.45111111111111113,2.216748768472906
7500,south_late,P6-0279,0.45111111111111113,2.216748768472906
7500,south_late,P6-0280,0.45111111111111113,2.216748768472906
7500,south_late,P6-0281,0.45111111111111113,2.216748768472906
7500,south_late,P6-0282,0.45111111111111113,2.216748768472906
7500,south_late,P6-0283,0.45111111111111113,2.216748768472906
7500,south_late,P6-0288,0.45111111111111113,2.216748768472906
7500,south_late,P6-0290,0.45111111111111113,2.216748768472906
7500,south_late,P6-0291,0.45111111111111113,2.216748768472906
7500,south_late,P6-0292,0.45111111111111113,2.216748768472906
7500,south_late,P6-0294,0.45111111111111113,2.216748768472906
7500,south_late,P6-0295,0.45111111111111113,2.216748768472906
7500,south_late,P6-0296,0.45111111111111113,2.216748768472906
7500,south_late,P6-0297,0.45111111111111113,2.216748768472906
7500,south_late,P6-0299,0.45111111111111113,2.216748768472906
7500,south_late,P6-0300,0.45111111111111113,2.216748768472906
7500,south_late,P6-0303,0.45111111111111113,2.216748768472906
7500,south_late,P6-0305,0.45111111111111113,2.216748768472906
7500,south_late,P6-0306,0.45111111111111113,2.216748768472906
7500,south_late,P6-0308,0.45111111111111113,2.216748768472906
7500,south_late,P6-0309,0.45111111111111113,2.216748768472906
7500,south_late,P6-0313,0.45111111111111113,2.216748768472906
7500,south_late,P6-0314,0.45111111111111113,2.216748768472906
7500,south_late,P6-0316,0.45111111111111113,2.216748768472906
7500,south_late,P6-0317,0.45111111111111113,2.216748768472906
7500,south_late,P6-0321,0.45111111111111113,2.216748768472906
7500,south_late,P6-0324,0.45111111111111113,2.216748768472906
7500,south_late,P6-0327,0.45111111111111113,2.216748768472906
7500,south_late,P6-0328,0.45111111111111113,2.216748768472906
7500,south_late,P6-0332,0.45111111111111113,2.216748768472906
7500,south_late,P6-0333,0.45111111111111113,2.216748768472906
7500,south_late,P6-0335,0.45111111111111113,2.216748768472906
7500,south_late,P6-0336,0.45111111111111113,2.216748768472906
7500,south_late,P6-0338,0.45111111111111113,2.216748768472906
7500,south_late,P6-0339,0.45111111111111113,2.216748768472906
7500,south_late,P6-0340,0.45111111111111113,2.216748768472906
7500,south_late,P6-0343,0.45111111111111113,2.216748768472906
7500,south_late,P6-0344,0.45111111111111113,2.216748768472906
7500,south_late,P6-0346,0.45111111111111113,2.216748768472906
7500,south_late,P6-0348,0.45111111111111113,2.216748768472906
7500,south_late,P6-0349,0.45111111111111113,2.216748768472906
7500,south_late,P6-0352,0.45111111111111113,2.216748768472906
7500,south_late,P6-0355,0.45111111111111113,2.216748768472906
7500,south_late,P6-0356,0.45111111111111113,2.216748768472906
7500,south_late,P6-0358,0.45111111111111113,2.216748768472906
7500,south_late,P6-0360,0.45111111111111113,2.216748768472906
7500,south_late,P6-0361,0.45111111111111113,2.216748768472906
7500,south_late,P6-0364,0.45111111111111113,2.216748768472906
7500,south_late,P6-0366,0.45111111111111113,2.216748768472906
7500,south_late,P6-0369,0.45111111111111113,2.216748768472906
7500,south_late,P6-0371,0.45111111111111113,2.216748768472906
7500,south_late,P6-0373,0.45111111111111113,2.216748768472906
7500,south_late,P6-0375,0.45111111111111113,2.216748768472906
7500,south_late,P6-0377,0.45111111111111113,2.216748768472906
7500,south_late,P6-0380,0.45111111111111113,2.216748768472906
7500,south_late,P6-0384,0.45111111111111113,2.216748768472906
7500,south_late,P6-0385,0.45111111111111113,2.216748768472906
7500,south_late,P6-0386,0.45111111111111113,2.216748768472906
7500,south_late,P6-0387,0.45111111111111113,2.216748768472906
7500,south_late,P6-0390,0.45111111111111113,2.216748768472906
7500,south_late,P6-0391,0.45111111111111113,2.216748768472906
7500,south_late,P6-0393,0.45111111111111113,2.216748768472906
7500,south_late,P6-0394,0.45111111111111113,2.216748768472906
7500,south_late,P6-0395,0.45111111111111113,2.216748768472906
7500,south_late,P6-0399,0.45111111111111113,2.216748768472906
7500,south_late,P6-0400,0.45111111111111113,2.216748768472906
7500,south_late,P6-0401,0.45111111111111113,2.216748768472906
7500,south_late,P6-0403,0.45111111111111113,2.216748768472906
7500,south_late,P6-0404,0.45111111111111113,2.216748768472906
7500,south_late,P6-0408,0.45111111111111113,2.216748768472906
7500,south_late,P6-0410,0.45111111111111113,2.216748768472906
7500,south_late,P6-0417,0.45111111111111113,2.216748768472906
7500,south_late,P6-0425,0.45111111111111113,2.216748768472906
7500,south_late,P6-0427,0.45111111111111113,2.216748768472906
7500,south_late,P6-0429,0.45111111111111113,2.216748768472906
7500,south_late,P6-0431,0.45111111111111113,2.216748768472906
7500,south_late,P6-0433,0.45111111111111113,2.216748768472906
7500,south_late,P6-0438,0.45111111111111113,2.216748768472906
7500,south_late,P6-0439,0.45111111111111113,2.216748768472906
7500,south_late,P6-0442,0.45111111111111113,2.216748768472906
7500,south_late,P6-0445,0.45111111111111113,2.216748768472906
7500,south_late,P6-0447,0.45111111111111113,2.216748768472906
7500,south_late,P6-0448,0.45111111111111113,2.216748768472906
7500,south_late,P6-0449,0.45111111111111113,2.216748768472906
