person_id,team,assigned_arm,metric,value
E01-01,T01,tool,handling_minutes,55.12059
E01-01,T01,tool,error_rate,0.02194
E01-01,T01,tool,quality_score,84.49275
E01-01,T01,tool,weekly_output,33
E01-01,T01,tool,fatigue_score,54.75154
E01-01,T01,tool,satisfaction,62.33328
E01-01,T01,tool,training_minutes,33.06986
E01-01,T01,tool,handoff_count,5
E01-01,T01,tool,rework_minutes,11.50143
E01-01,T01,tool,escalations,5
E01-01,T01,tool,confidence_score,65.76268
E01-01,T01,tool,workload_score,48.99874
E01-02,T01,tool,handling_minutes,42.61908
E01-02,T01,tool,error_rate,0.0335
E01-02,T01,tool,quality_score,74.45833
E01-02,T01,tool,weekly_output,32
E01-02,T01,tool,fatigue_score,52.20851
E01-02,T01,tool,satisfaction,71.72873
E01-02,T01,tool,training_minutes,13.21877
E01-02,T01,tool,handoff_count,5
E01-02,T01,tool,rework_minutes,9.23873
E01-02,T01,tool,escalations,5
E01-02,T01,tool,confidence_score,62.9794
E01-02,T01,tool,workload_score,24.72028
E01-03,T01,tool,handling_minutes,52.76732
E01-03,T01,tool,error_rate,0.09979
E01-03,T01,tool,quality_score,97.52142
E01-03,T01,tool,weekly_output,40
E01-03,T01,tool,fatigue_score,44.0144
E01-03,T01,tool,satisfaction,71.30651
E01-03,T01,tool,training_minutes,28.93052
E01-03,T01,tool,handoff_count,3
E01-03,T01,tool,rework_minutes,6.14702
E01-03,T01,tool,escalations,5
E01-03,T01,tool,confidence_score,51.22196
E01-03,T01,tool,workload_score,49.26771
E01-04,T01,tool,handling_minutes,55.72266
E01-04,T01,tool,error_rate,0.06538
E01-04,T01,tool,quality_score,71.13626
E01-04,T01,tool,weekly_output,29
E01-04,T01,tool,fatigue_score,64.32335
E01-04,T01,tool,satisfaction,71.43404
E01-04,T01,tool,training_minutes,14.06961
E01-04,T01,tool,handoff_count,5
E01-04,T01,tool,rework_minutes,11.98325
E01-04,T01,tool,escalations,5
E01-04,T01,tool,confidence_score,69.19271
E01-04,T01,tool,workload_score,45.65995
E01-05,T01,tool,handling_minutes,42.86755
E01-05,T01,tool,error_rate,0.06836
E01-05,T01,tool,quality_score,81.53382
E01-05,T01,tool,weekly_output,33
E01-05,T01,tool,fatigue_score,48.38528
E01-05,T01,tool,satisfaction,58.03031
E01-05,T01,tool,training_minutes,16.97351
E01-05,T01,tool,handoff_count,6
E01-05,T01,tool,rework_minutes,9.61981
E01-05,T01,tool,escalations,6
E01-05,T01,tool,confidence_score,70.88929
E01-05,T01,tool,workload_score,45.01426
E01-06,T01,tool,handling_minutes,40.12656
E01-06,T01,tool,error_rate,0.0796
E01-06,T01,tool,quality_score,69.21704
E01-06,T01,tool,weekly_output,54
E01-06,T01,tool,fatigue_score,46.84431
E01-06,T01,tool,satisfaction,72.39573
E01-06,T01,tool,training_minutes,20.06271
E01-06,T01,tool,handoff_count,5
E01-06,T01,tool,rework_minutes,13.38058
E01-06,T01,tool,escalations,5
E01-06,T01,tool,confidence_score,64.03699
E01-06,T01,tool,workload_score,49.95496
E01-07,T01,tool,handling_minutes,39.43535
E01-07,T01,tool,error_rate,0.08908
E01-07,T01,tool,quality_score,84.27925
E01-07,T01,tool,weekly_output,38
E01-07,T01,tool,fatigue_score,56.66046
E01-07,T01,tool,satisfaction,71.7845
E01-07,T01,tool,training_minutes,32.53163
E01-07,T01,tool,handoff_count,7
E01-07,T01,tool,rework_minutes,6.13377
E01-07,T01,tool,escalations,6
E01-07,T01,tool,confidence_score,52.6564
E01-07,T01,tool,workload_score,45.84821
E01-08,T01,tool,handling_minutes,30.21599
E01-08,T01,tool,error_rate,0.10037
E01-08,T01,tool,quality_score,67.7354
E01-08,T01,tool,weekly_output,41
E01-08,T01,tool,fatigue_score,59.28656
E01-08,T01,tool,satisfaction,66.57988
E01-08,T01,tool,training_minutes,28.14003
E01-08,T01,tool,handoff_count,0
E01-08,T01,tool,rework_minutes,9.67622
E01-08,T01,tool,escalations,3
E01-08,T01,tool,confidence_score,54.29053
E01-08,T01,tool,workload_score,54.71299
E01-09,T01,tool,handling_minutes,56.15223
E01-09,T01,tool,error_rate,0.10259
E01-09,T01,tool,quality_score,88.1049
E01-09,T01,tool,weekly_output,28
E01-09,T01,tool,fatigue_score,47.70421
E01-09,T01,tool,satisfaction,61.67446
E01-09,T01,tool,training_minutes,13.78293
E01-09,T01,tool,handoff_count,2
E01-09,T01,tool,rework_minutes,9.356
E01-09,T01,tool,escalations,4
E01-09,T01,tool,confidence_score,58.11078
E01-09,T01,tool,workload_score,57.40237
E01-10,T01,tool,handling_minutes,46.53493
E01-10,T01,tool,error_rate,0.04438
E01-10,T01,tool,quality_score,76.09279
E01-10,T01,tool,weekly_output,24
E01-10,T01,tool,fatigue_score,74.09266
E01-10,T01,tool,satisfaction,80.44408
E01-10,T01,tool,training_minutes,25.34817
E01-10,T01,tool,handoff_count,5
E01-10,T01,tool,rework_minutes,11.35276
E01-10,T01,tool,escalations,3
E01-10,T01,tool,confidence_score,64.4918
E01-10,T01,tool,workload_score,56.52293
E01-11,T01,tool,handling_minutes,34.47431
E01-11,T01,tool,error_rate,0.10666
E01-11,T01,tool,quality_score,73.74976
E01-11,T01,tool,weekly_output,23
E01-11,T01,tool,fatigue_score,60.46909
E01-11,T01,tool,satisfaction,54.40974
E01-11,T01,tool,training_minutes,21.72865
E01-11,T01,tool,handoff_count,3
E01-11,T01,tool,rework_minutes,7.14479
E01-11,T01,tool,escalations,5
E01-11,T01,tool,confidence_score,63.48447
E01-11,T01,tool,workload_score,47.72143
E01-12,T01,tool,handling_minutes,37.59759
E01-12,T01,tool,error_rate,0.07358
E01-12,T01,tool,quality_score,74.20075
E01-12,T01,tool,weekly_output,36
E01-12,T01,tool,fatigue_score,55.03132
E01-12,T01,tool,satisfaction,86.00955
E01-12,T01,tool,training_minutes,16.50204
E01-12,T01,tool,handoff_count,5
E01-12,T01,tool,rework_minutes,10.91815
E01-12,T01,tool,escalations,4
E01-12,T01,tool,confidence_score,75.53807
E01-12,T01,tool,workload_score,57.48
E01-13,T01,tool,handling_minutes,42.32505
E01-13,T01,tool,error_rate,0.07526
E01-13,T01,tool,quality_score,84.19398
E01-13,T01,tool,weekly_output,37
E01-13,T01,tool,fatigue_score,49.56883
E01-13,T01,tool,satisfaction,58.9501
E01-13,T01,tool,training_minutes,19.78296
E01-13,T01,tool,handoff_count,3
E01-13,T01,tool,rework_minutes,7.64856
E01-13,T01,tool,escalations,5
E01-13,T01,tool,confidence_score,62.31466
E01-13,T01,tool,workload_score,59.7522
E01-14,T01,tool,handling_minutes,34.16529
E01-14,T01,tool,error_rate,0.06947
E01-14,T01,tool,quality_score,77.99655
E01-14,T01,tool,weekly_output,29
E01-14,T01,tool,fatigue_score,38.67661
E01-14,T01,tool,satisfaction,72.41415
E01-14,T01,tool,training_minutes,1.00386
E01-14,T01,tool,handoff_count,5
E01-14,T01,tool,rework_minutes,13.30296
E01-14,T01,tool,escalations,4
E01-14,T01,tool,confidence_score,74.95401
E01-14,T01,tool,workload_score,43.62714
E01-15,T01,tool,handling_minutes,51.67007
E01-15,T01,tool,error_rate,0.1093
E01-15,T01,tool,quality_score,73.87087
E01-15,T01,tool,weekly_output,28
E01-15,T01,tool,fatigue_score,65.31759
E01-15,T01,tool,satisfaction,61.92791
E01-15,T01,tool,training_minutes,7.38117
E01-15,T01,tool,handoff_count,5
E01-15,T01,tool,rework_minutes,14.66564
E01-15,T01,tool,escalations,6
E01-15,T01,tool,confidence_score,74.29255
E01-15,T01,tool,workload_score,57.24336
E01-16,T01,tool,handling_minutes,39.38271
E01-16,T01,tool,error_rate,0.08374
E01-16,T01,tool,quality_score,77.37957
E01-16,T01,tool,weekly_output,18
E01-16,T01,tool,fatigue_score,36.79555
E01-16,T01,tool,satisfaction,70.37518
E01-16,T01,tool,training_minutes,20.91429
E01-16,T01,tool,handoff_count,7
E01-16,T01,tool,rework_minutes,12.10225
E01-16,T01,tool,escalations,6
E01-16,T01,tool,confidence_score,68.5379
E01-16,T01,tool,workload_score,51.42927
E01-17,T01,tool,handling_minutes,48.83982
E01-17,T01,tool,error_rate,0.06239
E01-17,T01,tool,quality_score,80.03812
E01-17,T01,tool,weekly_output,42
E01-17,T01,tool,fatigue_score,51.04373
E01-17,T01,tool,satisfaction,67.06214
E01-17,T01,tool,training_minutes,24.0849
E01-17,T01,tool,handoff_count,5
E01-17,T01,tool,rework_minutes,5.51134
E01-17,T01,tool,escalations,5
E01-17,T01,tool,confidence_score,61.71534
E01-17,T01,tool,workload_score,40.29813
E01-18,T01,tool,handling_minutes,54.46579
E01-18,T01,tool,error_rate,0.03885
E01-18,T01,tool,quality_score,72.73353
E01-18,T01,tool,weekly_output,35
E01-18,T01,tool,fatigue_score,35.76129
E01-18,T01,tool,satisfaction,74.73832
E01-18,T01,tool,training_minutes,24.72751
E01-18,T01,tool,handoff_count,4
E01-18,T01,tool,rework_minutes,19.11346
E01-18,T01,tool,escalations,5
E01-18,T01,tool,confidence_score,63.47783
E01-18,T01,tool,workload_score,53.69283
E01-19,T01,tool,handling_minutes,49.79037
E01-19,T01,tool,error_rate,0.07334
E01-19,T01,tool,quality_score,84.87485
E01-19,T01,tool,weekly_output,30
E01-19,T01,tool,fatigue_score,49.31066
E01-19,T01,tool,satisfaction,71.5304
E01-19,T01,tool,training_minutes,23.27555
E01-19,T01,tool,handoff_count,5
E01-19,T01,tool,rework_minutes,14.22097
E01-19,T01,tool,escalations,6
E01-19,T01,tool,confidence_score,64.01152
E01-19,T01,tool,workload_score,50.80883
E01-20,T01,tool,handling_minutes,36.54912
E01-20,T01,tool,error_rate,0.10624
E01-20,T01,tool,quality_score,65.82819
E01-20,T01,tool,weekly_output,41
E01-20,T01,tool,fatigue_score,56.70153
E01-20,T01,tool,satisfaction,65.43017
E01-20,T01,tool,training_minutes,26.11801
E01-20,T01,tool,handoff_count,5
E01-20,T01,tool,rework_minutes,3.86355
E01-20,T01,tool,escalations,4
E01-20,T01,tool,confidence_score,81.30828
E01-20,T01,tool,workload_score,71.59581
E02-01,T02,usual,handling_minutes,56.3773
E02-01,T02,usual,error_rate,0.03376
E02-01,T02,usual,quality_score,72.7125
E02-01,T02,usual,weekly_output,32
E02-01,T02,usual,fatigue_score,58.78779
E02-01,T02,usual,satisfaction,65.9249
E02-01,T02,usual,training_minutes,26.10648
E02-01,T02,usual,handoff_count,4
E02-01,T02,usual,rework_minutes,9.04032
E02-01,T02,usual,escalations,0
E02-01,T02,usual,confidence_score,73.80035
E02-01,T02,usual,workload_score,51.33812
E02-02,T02,usual,handling_minutes,75.59205
E02-02,T02,usual,error_rate,0.06272
E02-02,T02,usual,quality_score,65.02454
E02-02,T02,usual,weekly_output,38
E02-02,T02,usual,fatigue_score,51.92144
E02-02,T02,usual,satisfaction,55.09592
E02-02,T02,usual,training_minutes,29.90074
E02-02,T02,usual,handoff_count,4
E02-02,T02,usual,rework_minutes,15.07234
E02-02,T02,usual,escalations,1
E02-02,T02,usual,confidence_score,67.012
E02-02,T02,usual,workload_score,42.02751
E02-03,T02,usual,handling_minutes,78.1506
E02-03,T02,usual,error_rate,0.09905
E02-03,T02,usual,quality_score,73.24757
E02-03,T02,usual,weekly_output,30
E02-03,T02,usual,fatigue_score,59.91745
E02-03,T02,usual,satisfaction,82.97096
E02-03,T02,usual,training_minutes,21.79518
E02-03,T02,usual,handoff_count,3
E02-03,T02,usual,rework_minutes,8.10877
E02-03,T02,usual,escalations,2
E02-03,T02,usual,confidence_score,81.13489
E02-03,T02,usual,workload_score,58.33613
E02-04,T02,usual,handling_minutes,56.41522
E02-04,T02,usual,error_rate,0.07361
E02-04,T02,usual,quality_score,80.53322
E02-04,T02,usual,weekly_output,28
E02-04,T02,usual,fatigue_score,49.9533
E02-04,T02,usual,satisfaction,71.00511
E02-04,T02,usual,training_minutes,15.76015
E02-04,T02,usual,handoff_count,3
E02-04,T02,usual,rework_minutes,6.03106
E02-04,T02,usual,escalations,2
E02-04,T02,usual,confidence_score,63.73312
E02-04,T02,usual,workload_score,49.46884
E02-05,T02,usual,handling_minutes,52.55747
E02-05,T02,usual,error_rate,0.03376
E02-05,T02,usual,quality_score,73.05485
E02-05,T02,usual,weekly_output,36
E02-05,T02,usual,fatigue_score,45.22313
E02-05,T02,usual,satisfaction,68.62156
E02-05,T02,usual,training_minutes,22.76917
E02-05,T02,usual,handoff_count,5
E02-05,T02,usual,rework_minutes,11.34189
E02-05,T02,usual,escalations,1
E02-05,T02,usual,confidence_score,57.81128
E02-05,T02,usual,workload_score,74.29176
E02-06,T02,usual,handling_minutes,60.33145
E02-06,T02,usual,error_rate,0.09675
E02-06,T02,usual,quality_score,84.53432
E02-06,T02,usual,weekly_output,24
E02-06,T02,usual,fatigue_score,53.14593
E02-06,T02,usual,satisfaction,48.09945
E02-06,T02,usual,training_minutes,18.36843
E02-06,T02,usual,handoff_count,5
E02-06,T02,usual,rework_minutes,5.69266
E02-06,T02,usual,escalations,3
E02-06,T02,usual,confidence_score,50.80478
E02-06,T02,usual,workload_score,57.62082
E02-07,T02,usual,handling_minutes,56.79317
E02-07,T02,usual,error_rate,0.0937
E02-07,T02,usual,quality_score,77.73989
E02-07,T02,usual,weekly_output,34
E02-07,T02,usual,fatigue_score,62.04339
E02-07,T02,usual,satisfaction,58.98285
E02-07,T02,usual,training_minutes,10.53905
E02-07,T02,usual,handoff_count,5
E02-07,T02,usual,rework_minutes,10.68186
E02-07,T02,usual,escalations,3
E02-07,T02,usual,confidence_score,55.28093
E02-07,T02,usual,workload_score,47.88954
E02-08,T02,usual,handling_minutes,55.2089
E02-08,T02,usual,error_rate,0.0469
E02-08,T02,usual,quality_score,69.4227
E02-08,T02,usual,weekly_output,37
E02-08,T02,usual,fatigue_score,47.84271
E02-08,T02,usual,satisfaction,67.75913
E02-08,T02,usual,training_minutes,20.40492
E02-08,T02,usual,handoff_count,2
E02-08,T02,usual,rework_minutes,7.58836
E02-08,T02,usual,escalations,2
E02-08,T02,usual,confidence_score,66.21172
E02-08,T02,usual,workload_score,52.66159
E02-09,T02,usual,handling_minutes,55.22928
E02-09,T02,usual,error_rate,0.09992
E02-09,T02,usual,quality_score,65.52742
E02-09,T02,usual,weekly_output,30
E02-09,T02,usual,fatigue_score,53.51378
E02-09,T02,usual,satisfaction,76.58588
E02-09,T02,usual,training_minutes,23.0155
E02-09,T02,usual,handoff_count,4
E02-09,T02,usual,rework_minutes,6.72634
E02-09,T02,usual,escalations,3
E02-09,T02,usual,confidence_score,78.20989
E02-09,T02,usual,workload_score,52.47732
E02-10,T02,usual,handling_minutes,71.38504
E02-10,T02,usual,error_rate,0.11366
E02-10,T02,usual,quality_score,88.03698
E02-10,T02,usual,weekly_output,30
E02-10,T02,usual,fatigue_score,63.69151
E02-10,T02,usual,satisfaction,64.13211
E02-10,T02,usual,training_minutes,38.54907
E02-10,T02,usual,handoff_count,3
E02-10,T02,usual,rework_minutes,20.82762
E02-10,T02,usual,escalations,0
E02-10,T02,usual,confidence_score,71.14727
E02-10,T02,usual,workload_score,45.08439
E02-11,T02,usual,handling_minutes,51.03989
E02-11,T02,usual,error_rate,0.07475
E02-11,T02,usual,quality_score,76.47534
E02-11,T02,usual,weekly_output,35
E02-11,T02,usual,fatigue_score,60.05668
E02-11,T02,usual,satisfaction,62.12338
E02-11,T02,usual,training_minutes,17.9927
E02-11,T02,usual,handoff_count,4
E02-11,T02,usual,rework_minutes,18.00181
E02-11,T02,usual,escalations,0
E02-11,T02,usual,confidence_score,73.09588
E02-11,T02,usual,workload_score,45.64782
E02-12,T02,usual,handling_minutes,69.69504
E02-12,T02,usual,error_rate,0.02581
E02-12,T02,usual,quality_score,88.71935
E02-12,T02,usual,weekly_output,30
E02-12,T02,usual,fatigue_score,47.66396
E02-12,T02,usual,satisfaction,73.24138
E02-12,T02,usual,training_minutes,32.72865
E02-12,T02,usual,handoff_count,6
E02-12,T02,usual,rework_minutes,14.69294
E02-12,T02,usual,escalations,3
E02-12,T02,usual,confidence_score,69.06042
E02-12,T02,usual,workload_score,49.70357
E02-13,T02,usual,handling_minutes,56.28836
E02-13,T02,usual,error_rate,0.07637
E02-13,T02,usual,quality_score,68.79139
E02-13,T02,usual,weekly_output,30
E02-13,T02,usual,fatigue_score,52.57028
E02-13,T02,usual,satisfaction,60.85673
E02-13,T02,usual,training_minutes,20.97364
E02-13,T02,usual,handoff_count,1
E02-13,T02,usual,rework_minutes,14.97668
E02-13,T02,usual,escalations,2
E02-13,T02,usual,confidence_score,63.03578
E02-13,T02,usual,workload_score,49.84455
E02-14,T02,usual,handling_minutes,60.41096
E02-14,T02,usual,error_rate,0.08561
E02-14,T02,usual,quality_score,80.37418
E02-14,T02,usual,weekly_output,26
E02-14,T02,usual,fatigue_score,38.61455
E02-14,T02,usual,satisfaction,75.30371
E02-14,T02,usual,training_minutes,24.72775
E02-14,T02,usual,handoff_count,4
E02-14,T02,usual,rework_minutes,11.88541
E02-14,T02,usual,escalations,1
E02-14,T02,usual,confidence_score,53.08782
E02-14,T02,usual,workload_score,42.04223
E02-15,T02,usual,handling_minutes,55.14956
E02-15,T02,usual,error_rate,0.04428
E02-15,T02,usual,quality_score,69.25502
E02-15,T02,usual,weekly_output,23
E02-15,T02,usual,fatigue_score,51.35726
E02-15,T02,usual,satisfaction,75.50525
E02-15,T02,usual,training_minutes,15.14922
E02-15,T02,usual,handoff_count,4
E02-15,T02,usual,rework_minutes,15.59414
E02-15,T02,usual,escalations,1
E02-15,T02,usual,confidence_score,49.62064
E02-15,T02,usual,workload_score,61.48892
E02-16,T02,usual,handling_minutes,64.63671
E02-16,T02,usual,error_rate,0.03054
E02-16,T02,usual,quality_score,72.32335
E02-16,T02,usual,weekly_output,34
E02-16,T02,usual,fatigue_score,37.75955
E02-16,T02,usual,satisfaction,82.48886
E02-16,T02,usual,training_minutes,26.78086
E02-16,T02,usual,handoff_count,5
E02-16,T02,usual,rework_minutes,10.02035
E02-16,T02,usual,escalations,2
E02-16,T02,usual,confidence_score,58.50569
E02-16,T02,usual,workload_score,41.78349
E02-17,T02,usual,handling_minutes,46.80867
E02-17,T02,usual,error_rate,0.07182
E02-17,T02,usual,quality_score,70.07554
E02-17,T02,usual,weekly_output,24
E02-17,T02,usual,fatigue_score,52.17122
E02-17,T02,usual,satisfaction,63.03219
E02-17,T02,usual,training_minutes,16.7157
E02-17,T02,usual,handoff_count,6
E02-17,T02,usual,rework_minutes,13.06661
E02-17,T02,usual,escalations,3
E02-17,T02,usual,confidence_score,68.34831
E02-17,T02,usual,workload_score,54.24099
E02-18,T02,usual,handling_minutes,67.00221
E02-18,T02,usual,error_rate,0.04267
E02-18,T02,usual,quality_score,82.92563
E02-18,T02,usual,weekly_output,23
E02-18,T02,usual,fatigue_score,56.2081
E02-18,T02,usual,satisfaction,46.53943
E02-18,T02,usual,training_minutes,16.19786
E02-18,T02,usual,handoff_count,2
E02-18,T02,usual,rework_minutes,11.26659
E02-18,T02,usual,escalations,3
E02-18,T02,usual,confidence_score,59.75971
E02-18,T02,usual,workload_score,51.82159
E02-19,T02,usual,handling_minutes,53.34903
E02-19,T02,usual,error_rate,0.01506
E02-19,T02,usual,quality_score,78.64335
E02-19,T02,usual,weekly_output,31
E02-19,T02,usual,fatigue_score,57.29269
E02-19,T02,usual,satisfaction,68.25803
E02-19,T02,usual,training_minutes,17.08465
E02-19,T02,usual,handoff_count,4
E02-19,T02,usual,rework_minutes,11.87228
E02-19,T02,usual,escalations,2
E02-19,T02,usual,confidence_score,53.58656
E02-19,T02,usual,workload_score,46.39045
E02-20,T02,usual,handling_minutes,73.39314
E02-20,T02,usual,error_rate,0.1443
E02-20,T02,usual,quality_score,75.97452
E02-20,T02,usual,weekly_output,21
E02-20,T02,usual,fatigue_score,51.33092
E02-20,T02,usual,satisfaction,76.48889
E02-20,T02,usual,training_minutes,19.80261
E02-20,T02,usual,handoff_count,3
E02-20,T02,usual,rework_minutes,12.5989
E02-20,T02,usual,escalations,2
E02-20,T02,usual,confidence_score,60.10519
E02-20,T02,usual,workload_score,57.67459
E03-01,T03,tool,handling_minutes,47.00683
E03-01,T03,tool,error_rate,0.07322
E03-01,T03,tool,quality_score,85.67632
E03-01,T03,tool,weekly_output,48
E03-01,T03,tool,fatigue_score,58.76522
E03-01,T03,tool,satisfaction,72.09774
E03-01,T03,tool,training_minutes,28.00572
E03-01,T03,tool,handoff_count,10
E03-01,T03,tool,rework_minutes,17.10334
E03-01,T03,tool,escalations,5
E03-01,T03,tool,confidence_score,71.48409
E03-01,T03,tool,workload_score,61.03288
E03-02,T03,tool,handling_minutes,44.69023
E03-02,T03,tool,error_rate,0.09535
E03-02,T03,tool,quality_score,82.22823
E03-02,T03,tool,weekly_output,34
E03-02,T03,tool,fatigue_score,46.97962
E03-02,T03,tool,satisfaction,64.0914
E03-02,T03,tool,training_minutes,27.85822
E03-02,T03,tool,handoff_count,10
E03-02,T03,tool,rework_minutes,10.98208
E03-02,T03,tool,escalations,5
E03-02,T03,tool,confidence_score,67.14944
E03-02,T03,tool,workload_score,48.81978
E03-03,T03,tool,handling_minutes,39.40421
E03-03,T03,tool,error_rate,0.05879
E03-03,T03,tool,quality_score,83.61941
E03-03,T03,tool,weekly_output,58
E03-03,T03,tool,fatigue_score,60.09307
E03-03,T03,tool,satisfaction,71.36423
E03-03,T03,tool,training_minutes,19.89126
E03-03,T03,tool,handoff_count,11
E03-03,T03,tool,rework_minutes,2.83139
E03-03,T03,tool,escalations,5
E03-03,T03,tool,confidence_score,69.34555
E03-03,T03,tool,workload_score,61.13077
E03-04,T03,tool,handling_minutes,41.79952
E03-04,T03,tool,error_rate,0.06139
E03-04,T03,tool,quality_score,81.92989
E03-04,T03,tool,weekly_output,28
E03-04,T03,tool,fatigue_score,56.25081
E03-04,T03,tool,satisfaction,65.25285
E03-04,T03,tool,training_minutes,29.40913
E03-04,T03,tool,handoff_count,8
E03-04,T03,tool,rework_minutes,12.05113
E03-04,T03,tool,escalations,4
E03-04,T03,tool,confidence_score,68.94713
E03-04,T03,tool,workload_score,58.44293
E03-05,T03,tool,handling_minutes,47.61912
E03-05,T03,tool,error_rate,0.07555
E03-05,T03,tool,quality_score,74.26177
E03-05,T03,tool,weekly_output,39
E03-05,T03,tool,fatigue_score,45.15872
E03-05,T03,tool,satisfaction,68.29044
E03-05,T03,tool,training_minutes,24.65498
E03-05,T03,tool,handoff_count,11
E03-05,T03,tool,rework_minutes,11.43411
E03-05,T03,tool,escalations,5
E03-05,T03,tool,confidence_score,54.80717
E03-05,T03,tool,workload_score,52.10586
E03-06,T03,tool,handling_minutes,44.58138
E03-06,T03,tool,error_rate,0.04847
E03-06,T03,tool,quality_score,88.19505
E03-06,T03,tool,weekly_output,36
E03-06,T03,tool,fatigue_score,64.19039
E03-06,T03,tool,satisfaction,76.9758
E03-06,T03,tool,training_minutes,21.58543
E03-06,T03,tool,handoff_count,9
E03-06,T03,tool,rework_minutes,6.94038
E03-06,T03,tool,escalations,8
E03-06,T03,tool,confidence_score,54.79498
E03-06,T03,tool,workload_score,60.29339
E03-07,T03,tool,handling_minutes,37.19904
E03-07,T03,tool,error_rate,0.05745
E03-07,T03,tool,quality_score,78.31951
E03-07,T03,tool,weekly_output,34
E03-07,T03,tool,fatigue_score,54.47586
E03-07,T03,tool,satisfaction,69.1136
E03-07,T03,tool,training_minutes,27.09222
E03-07,T03,tool,handoff_count,11
E03-07,T03,tool,rework_minutes,11.35441
E03-07,T03,tool,escalations,4
E03-07,T03,tool,confidence_score,50.79438
E03-07,T03,tool,workload_score,38.6629
E03-08,T03,tool,handling_minutes,37.52879
E03-08,T03,tool,error_rate,0.09423
E03-08,T03,tool,quality_score,85.72011
E03-08,T03,tool,weekly_output,37
E03-08,T03,tool,fatigue_score,61.26806
E03-08,T03,tool,satisfaction,65.25304
E03-08,T03,tool,training_minutes,10.79162
E03-08,T03,tool,handoff_count,11
E03-08,T03,tool,rework_minutes,14.42113
E03-08,T03,tool,escalations,6
E03-08,T03,tool,confidence_score,72.83409
E03-08,T03,tool,workload_score,53.12929
E03-09,T03,tool,handling_minutes,50.4106
E03-09,T03,tool,error_rate,0.10918
E03-09,T03,tool,quality_score,85.73599
E03-09,T03,tool,weekly_output,42
E03-09,T03,tool,fatigue_score,67.2522
E03-09,T03,tool,satisfaction,66.80376
E03-09,T03,tool,training_minutes,30.0318
E03-09,T03,tool,handoff_count,9
E03-09,T03,tool,rework_minutes,11.08775
E03-09,T03,tool,escalations,5
E03-09,T03,tool,confidence_score,55.69768
E03-09,T03,tool,workload_score,45.61158
E03-10,T03,tool,handling_minutes,31.54712
E03-10,T03,tool,error_rate,0.05212
E03-10,T03,tool,quality_score,98.82437
E03-10,T03,tool,weekly_output,27
E03-10,T03,tool,fatigue_score,47.65058
E03-10,T03,tool,satisfaction,56.18721
E03-10,T03,tool,training_minutes,26.33548
E03-10,T03,tool,handoff_count,8
E03-10,T03,tool,rework_minutes,9.28601
E03-10,T03,tool,escalations,6
E03-10,T03,tool,confidence_score,55.99755
E03-10,T03,tool,workload_score,61.15926
E03-11,T03,tool,handling_minutes,39.92025
E03-11,T03,tool,error_rate,0.02948
E03-11,T03,tool,quality_score,90.97007
E03-11,T03,tool,weekly_output,47
E03-11,T03,tool,fatigue_score,58.55512
E03-11,T03,tool,satisfaction,63.81049
E03-11,T03,tool,training_minutes,28.99421
E03-11,T03,tool,handoff_count,10
E03-11,T03,tool,rework_minutes,10.07048
E03-11,T03,tool,escalations,7
E03-11,T03,tool,confidence_score,58.47422
E03-11,T03,tool,workload_score,74.98324
E03-12,T03,tool,handling_minutes,39.65866
E03-12,T03,tool,error_rate,0.08778
E03-12,T03,tool,quality_score,80.96539
E03-12,T03,tool,weekly_output,41
E03-12,T03,tool,fatigue_score,55.55442
E03-12,T03,tool,satisfaction,79.47545
E03-12,T03,tool,training_minutes,27.12296
E03-12,T03,tool,handoff_count,10
E03-12,T03,tool,rework_minutes,9.48984
E03-12,T03,tool,escalations,7
E03-12,T03,tool,confidence_score,74.68928
E03-12,T03,tool,workload_score,38.03761
E03-13,T03,tool,handling_minutes,51.82212
E03-13,T03,tool,error_rate,0.06784
E03-13,T03,tool,quality_score,84.08636
E03-13,T03,tool,weekly_output,56
E03-13,T03,tool,fatigue_score,60.42624
E03-13,T03,tool,satisfaction,70.31154
E03-13,T03,tool,training_minutes,22.00097
E03-13,T03,tool,handoff_count,12
E03-13,T03,tool,rework_minutes,4.70438
E03-13,T03,tool,escalations,5
E03-13,T03,tool,confidence_score,71.94974
E03-13,T03,tool,workload_score,38.87303
E03-14,T03,tool,handling_minutes,43.12577
E03-14,T03,tool,error_rate,0.07015
E03-14,T03,tool,quality_score,85.35836
E03-14,T03,tool,weekly_output,35
E03-14,T03,tool,fatigue_score,48.82558
E03-14,T03,tool,satisfaction,87.66637
E03-14,T03,tool,training_minutes,27.55145
E03-14,T03,tool,handoff_count,10
E03-14,T03,tool,rework_minutes,14.14842
E03-14,T03,tool,escalations,7
E03-14,T03,tool,confidence_score,53.95112
E03-14,T03,tool,workload_score,42.91217
E03-15,T03,tool,handling_minutes,55.21947
E03-15,T03,tool,error_rate,0.10282
E03-15,T03,tool,quality_score,71.71687
E03-15,T03,tool,weekly_output,37
E03-15,T03,tool,fatigue_score,53.04633
E03-15,T03,tool,satisfaction,68.45881
E03-15,T03,tool,training_minutes,24.34997
E03-15,T03,tool,handoff_count,9
E03-15,T03,tool,rework_minutes,6.45455
E03-15,T03,tool,escalations,6
E03-15,T03,tool,confidence_score,75.54269
E03-15,T03,tool,workload_score,63.9448
E03-16,T03,tool,handling_minutes,37.85195
E03-16,T03,tool,error_rate,0.05927
E03-16,T03,tool,quality_score,73.89844
E03-16,T03,tool,weekly_output,38
E03-16,T03,tool,fatigue_score,55.84893
E03-16,T03,tool,satisfaction,63.39918
E03-16,T03,tool,training_minutes,23.93302
E03-16,T03,tool,handoff_count,9
E03-16,T03,tool,rework_minutes,9.11264
E03-16,T03,tool,escalations,4
E03-16,T03,tool,confidence_score,80.90664
E03-16,T03,tool,workload_score,58.79842
E03-17,T03,tool,handling_minutes,48.79765
E03-17,T03,tool,error_rate,0.09681
E03-17,T03,tool,quality_score,89.08892
E03-17,T03,tool,weekly_output,47
E03-17,T03,tool,fatigue_score,52.69604
E03-17,T03,tool,satisfaction,80.42982
E03-17,T03,tool,training_minutes,27.11856
E03-17,T03,tool,handoff_count,9
E03-17,T03,tool,rework_minutes,0
E03-17,T03,tool,escalations,6
E03-17,T03,tool,confidence_score,51.64255
E03-17,T03,tool,workload_score,35.69458
E03-18,T03,tool,handling_minutes,46.7094
E03-18,T03,tool,error_rate,0.04592
E03-18,T03,tool,quality_score,80.84524
E03-18,T03,tool,weekly_output,32
E03-18,T03,tool,fatigue_score,49.66159
E03-18,T03,tool,satisfaction,62.11888
E03-18,T03,tool,training_minutes,27.62217
E03-18,T03,tool,handoff_count,10
E03-18,T03,tool,rework_minutes,6.51025
E03-18,T03,tool,escalations,5
E03-18,T03,tool,confidence_score,56.41054
E03-18,T03,tool,workload_score,37.52813
E03-19,T03,tool,handling_minutes,42.97225
E03-19,T03,tool,error_rate,0.06623
E03-19,T03,tool,quality_score,76.46509
E03-19,T03,tool,weekly_output,34
E03-19,T03,tool,fatigue_score,58.78579
E03-19,T03,tool,satisfaction,69.48372
E03-19,T03,tool,training_minutes,18.20205
E03-19,T03,tool,handoff_count,11
E03-19,T03,tool,rework_minutes,0
E03-19,T03,tool,escalations,4
E03-19,T03,tool,confidence_score,68.37158
E03-19,T03,tool,workload_score,61.37109
E03-20,T03,tool,handling_minutes,42.03984
E03-20,T03,tool,error_rate,0.07907
E03-20,T03,tool,quality_score,85.56224
E03-20,T03,tool,weekly_output,49
E03-20,T03,tool,fatigue_score,52.83701
E03-20,T03,tool,satisfaction,69.44624
E03-20,T03,tool,training_minutes,32.18055
E03-20,T03,tool,handoff_count,9
E03-20,T03,tool,rework_minutes,12.57876
E03-20,T03,tool,escalations,6
E03-20,T03,tool,confidence_score,67.69823
E03-20,T03,tool,workload_score,52.24292
E04-01,T04,usual,handling_minutes,52.56587
E04-01,T04,usual,error_rate,0.06812
E04-01,T04,usual,quality_score,72.68534
E04-01,T04,usual,weekly_output,26
E04-01,T04,usual,fatigue_score,50.98156
E04-01,T04,usual,satisfaction,73.60651
E04-01,T04,usual,training_minutes,16.99051
E04-01,T04,usual,handoff_count,7
E04-01,T04,usual,rework_minutes,4.76855
E04-01,T04,usual,escalations,4
E04-01,T04,usual,confidence_score,55.3768
E04-01,T04,usual,workload_score,55.1564
E04-02,T04,usual,handling_minutes,59.65355
E04-02,T04,usual,error_rate,0.10874
E04-02,T04,usual,quality_score,89.65759
E04-02,T04,usual,weekly_output,39
E04-02,T04,usual,fatigue_score,43.41993
E04-02,T04,usual,satisfaction,69.14472
E04-02,T04,usual,training_minutes,20.07613
E04-02,T04,usual,handoff_count,10
E04-02,T04,usual,rework_minutes,6.58863
E04-02,T04,usual,escalations,4
E04-02,T04,usual,confidence_score,46.29155
E04-02,T04,usual,workload_score,52.6867
E04-03,T04,usual,handling_minutes,64.48088
E04-03,T04,usual,error_rate,0.01471
E04-03,T04,usual,quality_score,78.27216
E04-03,T04,usual,weekly_output,36
E04-03,T04,usual,fatigue_score,49.9312
E04-03,T04,usual,satisfaction,67.14668
E04-03,T04,usual,training_minutes,18.42164
E04-03,T04,usual,handoff_count,7
E04-03,T04,usual,rework_minutes,10.68414
E04-03,T04,usual,escalations,4
E04-03,T04,usual,confidence_score,49.95065
E04-03,T04,usual,workload_score,54.46784
E04-04,T04,usual,handling_minutes,49.72196
E04-04,T04,usual,error_rate,0.10685
E04-04,T04,usual,quality_score,68.80929
E04-04,T04,usual,weekly_output,44
E04-04,T04,usual,fatigue_score,52.43383
E04-04,T04,usual,satisfaction,64.55103
E04-04,T04,usual,training_minutes,21.90986
E04-04,T04,usual,handoff_count,3
E04-04,T04,usual,rework_minutes,9.43232
E04-04,T04,usual,escalations,3
E04-04,T04,usual,confidence_score,55.50079
E04-04,T04,usual,workload_score,43.79364
E04-05,T04,usual,handling_minutes,67.88704
E04-05,T04,usual,error_rate,0.04871
E04-05,T04,usual,quality_score,66.28072
E04-05,T04,usual,weekly_output,34
E04-05,T04,usual,fatigue_score,51.92587
E04-05,T04,usual,satisfaction,61.18682
E04-05,T04,usual,training_minutes,18.58395
E04-05,T04,usual,handoff_count,7
E04-05,T04,usual,rework_minutes,3.40097
E04-05,T04,usual,escalations,2
E04-05,T04,usual,confidence_score,75.49453
E04-05,T04,usual,workload_score,40.99388
E04-06,T04,usual,handling_minutes,45.72679
E04-06,T04,usual,error_rate,0.0992
E04-06,T04,usual,quality_score,66.74918
E04-06,T04,usual,weekly_output,34
E04-06,T04,usual,fatigue_score,53.99072
E04-06,T04,usual,satisfaction,64.2323
E04-06,T04,usual,training_minutes,17.99591
E04-06,T04,usual,handoff_count,6
E04-06,T04,usual,rework_minutes,7.48721
E04-06,T04,usual,escalations,3
E04-06,T04,usual,confidence_score,50.27266
E04-06,T04,usual,workload_score,56.23293
E04-07,T04,usual,handling_minutes,51.35838
E04-07,T04,usual,error_rate,0.01339
E04-07,T04,usual,quality_score,74.52313
E04-07,T04,usual,weekly_output,38
E04-07,T04,usual,fatigue_score,47.58495
E04-07,T04,usual,satisfaction,53.16033
E04-07,T04,usual,training_minutes,20.95251
E04-07,T04,usual,handoff_count,6
E04-07,T04,usual,rework_minutes,8.59747
E04-07,T04,usual,escalations,3
E04-07,T04,usual,confidence_score,46.86407
E04-07,T04,usual,workload_score,42.2524
E04-08,T04,usual,handling_minutes,47.58838
E04-08,T04,usual,error_rate,0.05844
E04-08,T04,usual,quality_score,68.27988
E04-08,T04,usual,weekly_output,33
E04-08,T04,usual,fatigue_score,43.95575
E04-08,T04,usual,satisfaction,64.11493
E04-08,T04,usual,training_minutes,25.51319
E04-08,T04,usual,handoff_count,5
E04-08,T04,usual,rework_minutes,2.29346
E04-08,T04,usual,escalations,3
E04-08,T04,usual,confidence_score,59.88519
E04-08,T04,usual,workload_score,53.46432
E04-09,T04,usual,handling_minutes,55.99797
E04-09,T04,usual,error_rate,0.11
E04-09,T04,usual,quality_score,83.59947
E04-09,T04,usual,weekly_output,36
E04-09,T04,usual,fatigue_score,38.09149
E04-09,T04,usual,satisfaction,69.33934
E04-09,T04,usual,training_minutes,10.29715
E04-09,T04,usual,handoff_count,6
E04-09,T04,usual,rework_minutes,12.68064
E04-09,T04,usual,escalations,5
E04-09,T04,usual,confidence_score,41.14687
E04-09,T04,usual,workload_score,62.73633
E04-10,T04,usual,handling_minutes,47.20962
E04-10,T04,usual,error_rate,0.06167
E04-10,T04,usual,quality_score,74.69897
E04-10,T04,usual,weekly_output,29
E04-10,T04,usual,fatigue_score,58.17292
E04-10,T04,usual,satisfaction,72.19254
E04-10,T04,usual,training_minutes,28.29092
E04-10,T04,usual,handoff_count,5
E04-10,T04,usual,rework_minutes,2.79231
E04-10,T04,usual,escalations,4
E04-10,T04,usual,confidence_score,52.73825
E04-10,T04,usual,workload_score,50.30123
E04-11,T04,usual,handling_minutes,66.06801
E04-11,T04,usual,error_rate,0.10522
E04-11,T04,usual,quality_score,65.24659
E04-11,T04,usual,weekly_output,33
E04-11,T04,usual,fatigue_score,49.06171
E04-11,T04,usual,satisfaction,73.64016
E04-11,T04,usual,training_minutes,9.07612
E04-11,T04,usual,handoff_count,8
E04-11,T04,usual,rework_minutes,6.7435
E04-11,T04,usual,escalations,4
E04-11,T04,usual,confidence_score,55.45602
E04-11,T04,usual,workload_score,42.82134
E04-12,T04,usual,handling_minutes,47.12196
E04-12,T04,usual,error_rate,0.11322
E04-12,T04,usual,quality_score,56.10194
E04-12,T04,usual,weekly_output,31
E04-12,T04,usual,fatigue_score,57.61087
E04-12,T04,usual,satisfaction,71.988
E04-12,T04,usual,training_minutes,16.80177
E04-12,T04,usual,handoff_count,5
E04-12,T04,usual,rework_minutes,5.93953
E04-12,T04,usual,escalations,4
E04-12,T04,usual,confidence_score,62.29199
E04-12,T04,usual,workload_score,39.44411
E04-13,T04,usual,handling_minutes,56.43723
E04-13,T04,usual,error_rate,0.05795
E04-13,T04,usual,quality_score,81.61359
E04-13,T04,usual,weekly_output,28
E04-13,T04,usual,fatigue_score,54.11809
E04-13,T04,usual,satisfaction,74.3764
E04-13,T04,usual,training_minutes,19.84841
E04-13,T04,usual,handoff_count,4
E04-13,T04,usual,rework_minutes,7.27724
E04-13,T04,usual,escalations,2
E04-13,T04,usual,confidence_score,66.98599
E04-13,T04,usual,workload_score,56.65647
E04-14,T04,usual,handling_minutes,57.39207
E04-14,T04,usual,error_rate,0.09302
E04-14,T04,usual,quality_score,70.76525
E04-14,T04,usual,weekly_output,20
E04-14,T04,usual,fatigue_score,40.03183
E04-14,T04,usual,satisfaction,62.32873
E04-14,T04,usual,training_minutes,15.58108
E04-14,T04,usual,handoff_count,5
E04-14,T04,usual,rework_minutes,10.50776
E04-14,T04,usual,escalations,2
E04-14,T04,usual,confidence_score,60.25578
E04-14,T04,usual,workload_score,35.42589
E04-15,T04,usual,handling_minutes,80.30278
E04-15,T04,usual,error_rate,0.10907
E04-15,T04,usual,quality_score,71.02206
E04-15,T04,usual,weekly_output,36
E04-15,T04,usual,fatigue_score,47.49479
E04-15,T04,usual,satisfaction,51.24231
E04-15,T04,usual,training_minutes,28.21569
E04-15,T04,usual,handoff_count,10
E04-15,T04,usual,rework_minutes,13.51277
E04-15,T04,usual,escalations,4
E04-15,T04,usual,confidence_score,60.19048
E04-15,T04,usual,workload_score,41.55789
E04-16,T04,usual,handling_minutes,53.78751
E04-16,T04,usual,error_rate,0.07665
E04-16,T04,usual,quality_score,81.20218
E04-16,T04,usual,weekly_output,33
E04-16,T04,usual,fatigue_score,51.78315
E04-16,T04,usual,satisfaction,66.63211
E04-16,T04,usual,training_minutes,18.40973
E04-16,T04,usual,handoff_count,7
E04-16,T04,usual,rework_minutes,9.43536
E04-16,T04,usual,escalations,3
E04-16,T04,usual,confidence_score,48.05867
E04-16,T04,usual,workload_score,51.58613
E04-17,T04,usual,handling_minutes,38.21134
E04-17,T04,usual,error_rate,0.07546
E04-17,T04,usual,quality_score,75.28399
E04-17,T04,usual,weekly_output,31
E04-17,T04,usual,fatigue_score,49.70836
E04-17,T04,usual,satisfaction,64.14325
E04-17,T04,usual,training_minutes,27.70543
E04-17,T04,usual,handoff_count,6
E04-17,T04,usual,rework_minutes,11.27426
E04-17,T04,usual,escalations,2
E04-17,T04,usual,confidence_score,49.90784
E04-17,T04,usual,workload_score,51.22805
E04-18,T04,usual,handling_minutes,56.71515
E04-18,T04,usual,error_rate,0.09914
E04-18,T04,usual,quality_score,66.69667
E04-18,T04,usual,weekly_output,35
E04-18,T04,usual,fatigue_score,49.98908
E04-18,T04,usual,satisfaction,51.98388
E04-18,T04,usual,training_minutes,21.01022
E04-18,T04,usual,handoff_count,8
E04-18,T04,usual,rework_minutes,9.74392
E04-18,T04,usual,escalations,3
E04-18,T04,usual,confidence_score,61.32831
E04-18,T04,usual,workload_score,43.67096
E04-19,T04,usual,handling_minutes,52.84866
E04-19,T04,usual,error_rate,0.13243
E04-19,T04,usual,quality_score,65.93799
E04-19,T04,usual,weekly_output,40
E04-19,T04,usual,fatigue_score,38.14111
E04-19,T04,usual,satisfaction,71.68581
E04-19,T04,usual,training_minutes,21.39195
E04-19,T04,usual,handoff_count,8
E04-19,T04,usual,rework_minutes,11.11127
E04-19,T04,usual,escalations,3
E04-19,T04,usual,confidence_score,52.8579
E04-19,T04,usual,workload_score,50.16319
E04-20,T04,usual,handling_minutes,54.75393
E04-20,T04,usual,error_rate,0.0703
E04-20,T04,usual,quality_score,54.03342
E04-20,T04,usual,weekly_output,30
E04-20,T04,usual,fatigue_score,61.45939
E04-20,T04,usual,satisfaction,60.13385
E04-20,T04,usual,training_minutes,25.80584
E04-20,T04,usual,handoff_count,7
E04-20,T04,usual,rework_minutes,8.64426
E04-20,T04,usual,escalations,3
E04-20,T04,usual,confidence_score,55.6745
E04-20,T04,usual,workload_score,50.18789
E05-01,T05,tool,handling_minutes,56.79409
E05-01,T05,tool,error_rate,0.06704
E05-01,T05,tool,quality_score,100
E05-01,T05,tool,weekly_output,32
E05-01,T05,tool,fatigue_score,67.38208
E05-01,T05,tool,satisfaction,79.57451
E05-01,T05,tool,training_minutes,29.70583
E05-01,T05,tool,handoff_count,5
E05-01,T05,tool,rework_minutes,9.8541
E05-01,T05,tool,escalations,1
E05-01,T05,tool,confidence_score,72.90382
E05-01,T05,tool,workload_score,53.29326
E05-02,T05,tool,handling_minutes,53.88153
E05-02,T05,tool,error_rate,0.07244
E05-02,T05,tool,quality_score,86.78214
E05-02,T05,tool,weekly_output,31
E05-02,T05,tool,fatigue_score,51.78293
E05-02,T05,tool,satisfaction,87.45091
E05-02,T05,tool,training_minutes,15.35252
E05-02,T05,tool,handoff_count,9
E05-02,T05,tool,rework_minutes,18.7957
E05-02,T05,tool,escalations,2
E05-02,T05,tool,confidence_score,69.56351
E05-02,T05,tool,workload_score,55.2226
E05-03,T05,tool,handling_minutes,61.80597
E05-03,T05,tool,error_rate,0.05165
E05-03,T05,tool,quality_score,76.141
E05-03,T05,tool,weekly_output,33
E05-03,T05,tool,fatigue_score,47.96213
E05-03,T05,tool,satisfaction,88.59638
E05-03,T05,tool,training_minutes,37.98077
E05-03,T05,tool,handoff_count,9
E05-03,T05,tool,rework_minutes,5.59679
E05-03,T05,tool,escalations,1
E05-03,T05,tool,confidence_score,57.95444
E05-03,T05,tool,workload_score,48.6775
E05-04,T05,tool,handling_minutes,50.13495
E05-04,T05,tool,error_rate,0.06245
E05-04,T05,tool,quality_score,83.08263
E05-04,T05,tool,weekly_output,28
E05-04,T05,tool,fatigue_score,60.29608
E05-04,T05,tool,satisfaction,51.24858
E05-04,T05,tool,training_minutes,26.81184
E05-04,T05,tool,handoff_count,6
E05-04,T05,tool,rework_minutes,9.12775
E05-04,T05,tool,escalations,0
E05-04,T05,tool,confidence_score,59.45025
E05-04,T05,tool,workload_score,51.25336
E05-05,T05,tool,handling_minutes,47.94588
E05-05,T05,tool,error_rate,0.08179
E05-05,T05,tool,quality_score,78.44895
E05-05,T05,tool,weekly_output,31
E05-05,T05,tool,fatigue_score,59.79582
E05-05,T05,tool,satisfaction,73.51435
E05-05,T05,tool,training_minutes,22.66583
E05-05,T05,tool,handoff_count,6
E05-05,T05,tool,rework_minutes,16.94595
E05-05,T05,tool,escalations,0
E05-05,T05,tool,confidence_score,74.44223
E05-05,T05,tool,workload_score,32.27076
E05-06,T05,tool,handling_minutes,47.49885
E05-06,T05,tool,error_rate,0.07397
E05-06,T05,tool,quality_score,85.94023
E05-06,T05,tool,weekly_output,43
E05-06,T05,tool,fatigue_score,63.9003
E05-06,T05,tool,satisfaction,71.5081
E05-06,T05,tool,training_minutes,33.8252
E05-06,T05,tool,handoff_count,5
E05-06,T05,tool,rework_minutes,17.92067
E05-06,T05,tool,escalations,1
E05-06,T05,tool,confidence_score,73.59206
E05-06,T05,tool,workload_score,48.99686
E05-07,T05,tool,handling_minutes,53.70666
E05-07,T05,tool,error_rate,0.06259
E05-07,T05,tool,quality_score,83.82361
E05-07,T05,tool,weekly_output,32
E05-07,T05,tool,fatigue_score,34.30412
E05-07,T05,tool,satisfaction,53.37578
E05-07,T05,tool,training_minutes,24.46212
E05-07,T05,tool,handoff_count,5
E05-07,T05,tool,rework_minutes,14.41948
E05-07,T05,tool,escalations,0
E05-07,T05,tool,confidence_score,60.39876
E05-07,T05,tool,workload_score,54.83327
E05-08,T05,tool,handling_minutes,56.42365
E05-08,T05,tool,error_rate,0.09599
E05-08,T05,tool,quality_score,86.24256
E05-08,T05,tool,weekly_output,35
E05-08,T05,tool,fatigue_score,61.4023
E05-08,T05,tool,satisfaction,60.78257
E05-08,T05,tool,training_minutes,27.62658
E05-08,T05,tool,handoff_count,7
E05-08,T05,tool,rework_minutes,15.26265
E05-08,T05,tool,escalations,0
E05-08,T05,tool,confidence_score,68.25166
E05-08,T05,tool,workload_score,58.71744
E05-09,T05,tool,handling_minutes,65.34996
E05-09,T05,tool,error_rate,0.06075
E05-09,T05,tool,quality_score,81.91369
E05-09,T05,tool,weekly_output,44
E05-09,T05,tool,fatigue_score,52.15981
E05-09,T05,tool,satisfaction,71.46382
E05-09,T05,tool,training_minutes,26.14376
E05-09,T05,tool,handoff_count,7
E05-09,T05,tool,rework_minutes,8.70609
E05-09,T05,tool,escalations,0
E05-09,T05,tool,confidence_score,81.0236
E05-09,T05,tool,workload_score,61.73834
E05-10,T05,tool,handling_minutes,51.46164
E05-10,T05,tool,error_rate,0.08949
E05-10,T05,tool,quality_score,78.26225
E05-10,T05,tool,weekly_output,21
E05-10,T05,tool,fatigue_score,54.03801
E05-10,T05,tool,satisfaction,57.82395
E05-10,T05,tool,training_minutes,23.938
E05-10,T05,tool,handoff_count,8
E05-10,T05,tool,rework_minutes,10.51209
E05-10,T05,tool,escalations,0
E05-10,T05,tool,confidence_score,67.16109
E05-10,T05,tool,workload_score,43.88915
E05-11,T05,tool,handling_minutes,46.86843
E05-11,T05,tool,error_rate,0.1249
E05-11,T05,tool,quality_score,77.01743
E05-11,T05,tool,weekly_output,29
E05-11,T05,tool,fatigue_score,58.4315
E05-11,T05,tool,satisfaction,71.14319
E05-11,T05,tool,training_minutes,22.63709
E05-11,T05,tool,handoff_count,6
E05-11,T05,tool,rework_minutes,9.83855
E05-11,T05,tool,escalations,0
E05-11,T05,tool,confidence_score,63.87713
E05-11,T05,tool,workload_score,66.28244
E05-12,T05,tool,handling_minutes,50.55811
E05-12,T05,tool,error_rate,0.10519
E05-12,T05,tool,quality_score,82.61338
E05-12,T05,tool,weekly_output,38
E05-12,T05,tool,fatigue_score,38.80694
E05-12,T05,tool,satisfaction,74.25415
E05-12,T05,tool,training_minutes,21.36841
E05-12,T05,tool,handoff_count,10
E05-12,T05,tool,rework_minutes,8.35742
E05-12,T05,tool,escalations,0
E05-12,T05,tool,confidence_score,78.79203
E05-12,T05,tool,workload_score,62.14047
E05-13,T05,tool,handling_minutes,56.83644
E05-13,T05,tool,error_rate,0.07688
E05-13,T05,tool,quality_score,76.53708
E05-13,T05,tool,weekly_output,30
E05-13,T05,tool,fatigue_score,47.96356
E05-13,T05,tool,satisfaction,69.6657
E05-13,T05,tool,training_minutes,19.37772
E05-13,T05,tool,handoff_count,7
E05-13,T05,tool,rework_minutes,9.18882
E05-13,T05,tool,escalations,0
E05-13,T05,tool,confidence_score,58.92358
E05-13,T05,tool,workload_score,48.79883
E05-14,T05,tool,handling_minutes,47.58816
E05-14,T05,tool,error_rate,0.10496
E05-14,T05,tool,quality_score,82.81189
E05-14,T05,tool,weekly_output,28
E05-14,T05,tool,fatigue_score,43.13508
E05-14,T05,tool,satisfaction,74.15329
E05-14,T05,tool,training_minutes,27.37808
E05-14,T05,tool,handoff_count,8
E05-14,T05,tool,rework_minutes,7.57341
E05-14,T05,tool,escalations,2
E05-14,T05,tool,confidence_score,60.68918
E05-14,T05,tool,workload_score,41.06662
E05-15,T05,tool,handling_minutes,56.09329
E05-15,T05,tool,error_rate,0.05309
E05-15,T05,tool,quality_score,81.13274
E05-15,T05,tool,weekly_output,41
E05-15,T05,tool,fatigue_score,44.18353
E05-15,T05,tool,satisfaction,66.22835
E05-15,T05,tool,training_minutes,20.70996
E05-15,T05,tool,handoff_count,5
E05-15,T05,tool,rework_minutes,6.15877
E05-15,T05,tool,escalations,0
E05-15,T05,tool,confidence_score,84.24857
E05-15,T05,tool,workload_score,54.29303
E05-16,T05,tool,handling_minutes,70.87174
E05-16,T05,tool,error_rate,0.05126
E05-16,T05,tool,quality_score,68.87905
E05-16,T05,tool,weekly_output,30
E05-16,T05,tool,fatigue_score,44.54515
E05-16,T05,tool,satisfaction,70.93003
E05-16,T05,tool,training_minutes,25.3683
E05-16,T05,tool,handoff_count,8
E05-16,T05,tool,rework_minutes,5.98007
E05-16,T05,tool,escalations,0
E05-16,T05,tool,confidence_score,54.22823
E05-16,T05,tool,workload_score,47.78401
E05-17,T05,tool,handling_minutes,52.29499
E05-17,T05,tool,error_rate,0.08105
E05-17,T05,tool,quality_score,80.82651
E05-17,T05,tool,weekly_output,34
E05-17,T05,tool,fatigue_score,65.75564
E05-17,T05,tool,satisfaction,44.877
E05-17,T05,tool,training_minutes,30.43077
E05-17,T05,tool,handoff_count,8
E05-17,T05,tool,rework_minutes,14.93944
E05-17,T05,tool,escalations,0
E05-17,T05,tool,confidence_score,67.93169
E05-17,T05,tool,workload_score,54.09762
E05-18,T05,tool,handling_minutes,56.99367
E05-18,T05,tool,error_rate,0.10436
E05-18,T05,tool,quality_score,81.40026
E05-18,T05,tool,weekly_output,29
E05-18,T05,tool,fatigue_score,39.49198
E05-18,T05,tool,satisfaction,75.17498
E05-18,T05,tool,training_minutes,13.28497
E05-18,T05,tool,handoff_count,7
E05-18,T05,tool,rework_minutes,5.97926
E05-18,T05,tool,escalations,1
E05-18,T05,tool,confidence_score,72.09255
E05-18,T05,tool,workload_score,52.24909
E05-19,T05,tool,handling_minutes,43.4828
E05-19,T05,tool,error_rate,0.09426
E05-19,T05,tool,quality_score,89.31467
E05-19,T05,tool,weekly_output,27
E05-19,T05,tool,fatigue_score,49.83685
E05-19,T05,tool,satisfaction,66.21418
E05-19,T05,tool,training_minutes,23.33433
E05-19,T05,tool,handoff_count,7
E05-19,T05,tool,rework_minutes,19.25227
E05-19,T05,tool,escalations,0
E05-19,T05,tool,confidence_score,73.17385
E05-19,T05,tool,workload_score,40.91023
E05-20,T05,tool,handling_minutes,54.46321
E05-20,T05,tool,error_rate,0.03919
E05-20,T05,tool,quality_score,79.77033
E05-20,T05,tool,weekly_output,36
E05-20,T05,tool,fatigue_score,55.66836
E05-20,T05,tool,satisfaction,67.96041
E05-20,T05,tool,training_minutes,24.19228
E05-20,T05,tool,handoff_count,9
E05-20,T05,tool,rework_minutes,10.55235
E05-20,T05,tool,escalations,0
E05-20,T05,tool,confidence_score,49.85365
E05-20,T05,tool,workload_score,47.28644
E06-01,T06,usual,handling_minutes,61.4077
E06-01,T06,usual,error_rate,0.06463
E06-01,T06,usual,quality_score,63.8089
E06-01,T06,usual,weekly_output,35
E06-01,T06,usual,fatigue_score,33.48136
E06-01,T06,usual,satisfaction,56.17302
E06-01,T06,usual,training_minutes,15.37498
E06-01,T06,usual,handoff_count,7
E06-01,T06,usual,rework_minutes,6.62497
E06-01,T06,usual,escalations,3
E06-01,T06,usual,confidence_score,57.31156
E06-01,T06,usual,workload_score,55.51446
E06-02,T06,usual,handling_minutes,39.37124
E06-02,T06,usual,error_rate,0.11648
E06-02,T06,usual,quality_score,86.47746
E06-02,T06,usual,weekly_output,36
E06-02,T06,usual,fatigue_score,57.0997
E06-02,T06,usual,satisfaction,65.2604
E06-02,T06,usual,training_minutes,18.48897
E06-02,T06,usual,handoff_count,4
E06-02,T06,usual,rework_minutes,10.42854
E06-02,T06,usual,escalations,1
E06-02,T06,usual,confidence_score,49.44801
E06-02,T06,usual,workload_score,49.98981
E06-03,T06,usual,handling_minutes,39.38477
E06-03,T06,usual,error_rate,0.046
E06-03,T06,usual,quality_score,67.55256
E06-03,T06,usual,weekly_output,40
E06-03,T06,usual,fatigue_score,55.79462
E06-03,T06,usual,satisfaction,67.13825
E06-03,T06,usual,training_minutes,8.02269
E06-03,T06,usual,handoff_count,7
E06-03,T06,usual,rework_minutes,8.65566
E06-03,T06,usual,escalations,1
E06-03,T06,usual,confidence_score,71.80325
E06-03,T06,usual,workload_score,56.20403
E06-04,T06,usual,handling_minutes,34.54578
E06-04,T06,usual,error_rate,0.0627
E06-04,T06,usual,quality_score,80.77238
E06-04,T06,usual,weekly_output,37
E06-04,T06,usual,fatigue_score,53.28003
E06-04,T06,usual,satisfaction,65.082
E06-04,T06,usual,training_minutes,25.66068
E06-04,T06,usual,handoff_count,7
E06-04,T06,usual,rework_minutes,5.1522
E06-04,T06,usual,escalations,2
E06-04,T06,usual,confidence_score,51.37298
E06-04,T06,usual,workload_score,59.83148
E06-05,T06,usual,handling_minutes,36.88574
E06-05,T06,usual,error_rate,0.03107
E06-05,T06,usual,quality_score,66.71934
E06-05,T06,usual,weekly_output,24
E06-05,T06,usual,fatigue_score,44.14666
E06-05,T06,usual,satisfaction,53.2267
E06-05,T06,usual,training_minutes,26.1908
E06-05,T06,usual,handoff_count,6
E06-05,T06,usual,rework_minutes,2.60114
E06-05,T06,usual,escalations,3
E06-05,T06,usual,confidence_score,63.83672
E06-05,T06,usual,workload_score,47.14115
E06-06,T06,usual,handling_minutes,50.13655
E06-06,T06,usual,error_rate,0.10681
E06-06,T06,usual,quality_score,79.70969
E06-06,T06,usual,weekly_output,30
E06-06,T06,usual,fatigue_score,49.61052
E06-06,T06,usual,satisfaction,59.00792
E06-06,T06,usual,training_minutes,26.61547
E06-06,T06,usual,handoff_count,6
E06-06,T06,usual,rework_minutes,1.44511
E06-06,T06,usual,escalations,2
E06-06,T06,usual,confidence_score,65.25978
E06-06,T06,usual,workload_score,53.18971
E06-07,T06,usual,handling_minutes,42.27483
E06-07,T06,usual,error_rate,0.07031
E06-07,T06,usual,quality_score,69.23926
E06-07,T06,usual,weekly_output,20
E06-07,T06,usual,fatigue_score,55.50267
E06-07,T06,usual,satisfaction,71.60609
E06-07,T06,usual,training_minutes,19.63806
E06-07,T06,usual,handoff_count,6
E06-07,T06,usual,rework_minutes,8.2636
E06-07,T06,usual,escalations,2
E06-07,T06,usual,confidence_score,64.88236
E06-07,T06,usual,workload_score,30.80452
E06-08,T06,usual,handling_minutes,49.06634
E06-08,T06,usual,error_rate,0.14071
E06-08,T06,usual,quality_score,83.66936
E06-08,T06,usual,weekly_output,31
E06-08,T06,usual,fatigue_score,41.1299
E06-08,T06,usual,satisfaction,46.11105
E06-08,T06,usual,training_minutes,13.45351
E06-08,T06,usual,handoff_count,8
E06-08,T06,usual,rework_minutes,7.94734
E06-08,T06,usual,escalations,3
E06-08,T06,usual,confidence_score,72.76307
E06-08,T06,usual,workload_score,54.9654
E06-09,T06,usual,handling_minutes,52.29001
E06-09,T06,usual,error_rate,0.12679
E06-09,T06,usual,quality_score,85.26285
E06-09,T06,usual,weekly_output,19
E06-09,T06,usual,fatigue_score,57.67136
E06-09,T06,usual,satisfaction,55.61271
E06-09,T06,usual,training_minutes,12.44549
E06-09,T06,usual,handoff_count,6
E06-09,T06,usual,rework_minutes,6.35935
E06-09,T06,usual,escalations,3
E06-09,T06,usual,confidence_score,68.08181
E06-09,T06,usual,workload_score,55.45641
E06-10,T06,usual,handling_minutes,51.4054
E06-10,T06,usual,error_rate,0.08524
E06-10,T06,usual,quality_score,68.1634
E06-10,T06,usual,weekly_output,35
E06-10,T06,usual,fatigue_score,49.1141
E06-10,T06,usual,satisfaction,63.22868
E06-10,T06,usual,training_minutes,27.48
E06-10,T06,usual,handoff_count,4
E06-10,T06,usual,rework_minutes,11.8767
E06-10,T06,usual,escalations,1
E06-10,T06,usual,confidence_score,76.34439
E06-10,T06,usual,workload_score,58.35369
E06-11,T06,usual,handling_minutes,48.66623
E06-11,T06,usual,error_rate,0.05415
E06-11,T06,usual,quality_score,84.91877
E06-11,T06,usual,weekly_output,31
E06-11,T06,usual,fatigue_score,50.83863
E06-11,T06,usual,satisfaction,84.06288
E06-11,T06,usual,training_minutes,12.0657
E06-11,T06,usual,handoff_count,6
E06-11,T06,usual,rework_minutes,9.48018
E06-11,T06,usual,escalations,3
E06-11,T06,usual,confidence_score,57.83328
E06-11,T06,usual,workload_score,62.35477
E06-12,T06,usual,handling_minutes,56.8856
E06-12,T06,usual,error_rate,0.0757
E06-12,T06,usual,quality_score,82.85198
E06-12,T06,usual,weekly_output,37
E06-12,T06,usual,fatigue_score,58.32952
E06-12,T06,usual,satisfaction,55.31054
E06-12,T06,usual,training_minutes,15.82472
E06-12,T06,usual,handoff_count,6
E06-12,T06,usual,rework_minutes,9.56754
E06-12,T06,usual,escalations,1
E06-12,T06,usual,confidence_score,56.89723
E06-12,T06,usual,workload_score,47.07488
E06-13,T06,usual,handling_minutes,53.07913
E06-13,T06,usual,error_rate,0.03436
E06-13,T06,usual,quality_score,81.79151
E06-13,T06,usual,weekly_output,29
E06-13,T06,usual,fatigue_score,51.24521
E06-13,T06,usual,satisfaction,46.90782
E06-13,T06,usual,training_minutes,22.00018
E06-13,T06,usual,handoff_count,6
E06-13,T06,usual,rework_minutes,9.06442
E06-13,T06,usual,escalations,4
E06-13,T06,usual,confidence_score,48.03029
E06-13,T06,usual,workload_score,60.38145
E06-14,T06,usual,handling_minutes,58.68962
E06-14,T06,usual,error_rate,0.07378
E06-14,T06,usual,quality_score,90.82937
E06-14,T06,usual,weekly_output,33
E06-14,T06,usual,fatigue_score,58.3664
E06-14,T06,usual,satisfaction,69.82988
E06-14,T06,usual,training_minutes,19.27576
E06-14,T06,usual,handoff_count,4
E06-14,T06,usual,rework_minutes,2.21018
E06-14,T06,usual,escalations,1
E06-14,T06,usual,confidence_score,67.37149
E06-14,T06,usual,workload_score,53.16415
E06-15,T06,usual,handling_minutes,41.93474
E06-15,T06,usual,error_rate,0.05915
E06-15,T06,usual,quality_score,70.52486
E06-15,T06,usual,weekly_output,26
E06-15,T06,usual,fatigue_score,42.8298
E06-15,T06,usual,satisfaction,64.48581
E06-15,T06,usual,training_minutes,18.9935
E06-15,T06,usual,handoff_count,7
E06-15,T06,usual,rework_minutes,2.17618
E06-15,T06,usual,escalations,2
E06-15,T06,usual,confidence_score,64.44783
E06-15,T06,usual,workload_score,50.1782
E06-16,T06,usual,handling_minutes,51.85439
E06-16,T06,usual,error_rate,0.10199
E06-16,T06,usual,quality_score,76.06739
E06-16,T06,usual,weekly_output,24
E06-16,T06,usual,fatigue_score,43.40044
E06-16,T06,usual,satisfaction,64.66951
E06-16,T06,usual,training_minutes,15.98332
E06-16,T06,usual,handoff_count,5
E06-16,T06,usual,rework_minutes,6.42582
E06-16,T06,usual,escalations,3
E06-16,T06,usual,confidence_score,65.34326
E06-16,T06,usual,workload_score,44.00718
E06-17,T06,usual,handling_minutes,45.31295
E06-17,T06,usual,error_rate,0.02761
E06-17,T06,usual,quality_score,79.4127
E06-17,T06,usual,weekly_output,27
E06-17,T06,usual,fatigue_score,58.26401
E06-17,T06,usual,satisfaction,69.27097
E06-17,T06,usual,training_minutes,20.87348
E06-17,T06,usual,handoff_count,7
E06-17,T06,usual,rework_minutes,13.50442
E06-17,T06,usual,escalations,4
E06-17,T06,usual,confidence_score,71.44802
E06-17,T06,usual,workload_score,45.09017
E06-18,T06,usual,handling_minutes,49.57269
E06-18,T06,usual,error_rate,0.06974
E06-18,T06,usual,quality_score,74.88617
E06-18,T06,usual,weekly_output,34
E06-18,T06,usual,fatigue_score,57.55847
E06-18,T06,usual,satisfaction,62.35039
E06-18,T06,usual,training_minutes,11.13013
E06-18,T06,usual,handoff_count,7
E06-18,T06,usual,rework_minutes,1.13524
E06-18,T06,usual,escalations,1
E06-18,T06,usual,confidence_score,42.30142
E06-18,T06,usual,workload_score,51.92595
E06-19,T06,usual,handling_minutes,37.84268
E06-19,T06,usual,error_rate,0.08767
E06-19,T06,usual,quality_score,71.21615
E06-19,T06,usual,weekly_output,22
E06-19,T06,usual,fatigue_score,37.35208
E06-19,T06,usual,satisfaction,78.17149
E06-19,T06,usual,training_minutes,22.32247
E06-19,T06,usual,handoff_count,6
E06-19,T06,usual,rework_minutes,3.66978
E06-19,T06,usual,escalations,1
E06-19,T06,usual,confidence_score,60.10156
E06-19,T06,usual,workload_score,43.01649
E06-20,T06,usual,handling_minutes,39.04701
E06-20,T06,usual,error_rate,0.0533
E06-20,T06,usual,quality_score,78.94805
E06-20,T06,usual,weekly_output,36
E06-20,T06,usual,fatigue_score,51.71508
E06-20,T06,usual,satisfaction,65.835
E06-20,T06,usual,training_minutes,12.80236
E06-20,T06,usual,handoff_count,6
E06-20,T06,usual,rework_minutes,7.13582
E06-20,T06,usual,escalations,0
E06-20,T06,usual,confidence_score,67.26481
E06-20,T06,usual,workload_score,46.7716
E07-01,T07,tool,handling_minutes,55.62895
E07-01,T07,tool,error_rate,0.10822
E07-01,T07,tool,quality_score,74.07631
E07-01,T07,tool,weekly_output,31
E07-01,T07,tool,fatigue_score,68.10683
E07-01,T07,tool,satisfaction,60.61297
E07-01,T07,tool,training_minutes,26.12873
E07-01,T07,tool,handoff_count,7
E07-01,T07,tool,rework_minutes,9.61746
E07-01,T07,tool,escalations,3
E07-01,T07,tool,confidence_score,61.44129
E07-01,T07,tool,workload_score,59.21245
E07-02,T07,tool,handling_minutes,55.876
E07-02,T07,tool,error_rate,0.09418
E07-02,T07,tool,quality_score,79.34324
E07-02,T07,tool,weekly_output,40
E07-02,T07,tool,fatigue_score,50.20413
E07-02,T07,tool,satisfaction,55.40147
E07-02,T07,tool,training_minutes,35.24727
E07-02,T07,tool,handoff_count,7
E07-02,T07,tool,rework_minutes,11.67744
E07-02,T07,tool,escalations,3
E07-02,T07,tool,confidence_score,53.449
E07-02,T07,tool,workload_score,48.93495
E07-03,T07,tool,handling_minutes,47.15317
E07-03,T07,tool,error_rate,0.0132
E07-03,T07,tool,quality_score,80.71154
E07-03,T07,tool,weekly_output,41
E07-03,T07,tool,fatigue_score,60.10597
E07-03,T07,tool,satisfaction,66.79965
E07-03,T07,tool,training_minutes,28.09107
E07-03,T07,tool,handoff_count,8
E07-03,T07,tool,rework_minutes,20.65057
E07-03,T07,tool,escalations,3
E07-03,T07,tool,confidence_score,53.16879
E07-03,T07,tool,workload_score,58.58834
E07-04,T07,tool,handling_minutes,42.73987
E07-04,T07,tool,error_rate,0.07663
E07-04,T07,tool,quality_score,78.26739
E07-04,T07,tool,weekly_output,27
E07-04,T07,tool,fatigue_score,43.42468
E07-04,T07,tool,satisfaction,55.32173
E07-04,T07,tool,training_minutes,21.37734
E07-04,T07,tool,handoff_count,9
E07-04,T07,tool,rework_minutes,1.02156
E07-04,T07,tool,escalations,5
E07-04,T07,tool,confidence_score,58.29421
E07-04,T07,tool,workload_score,51.29273
E07-05,T07,tool,handling_minutes,29.92979
E07-05,T07,tool,error_rate,0.07239
E07-05,T07,tool,quality_score,90.21703
E07-05,T07,tool,weekly_output,41
E07-05,T07,tool,fatigue_score,45.54879
E07-05,T07,tool,satisfaction,76.61179
E07-05,T07,tool,training_minutes,27.78588
E07-05,T07,tool,handoff_count,5
E07-05,T07,tool,rework_minutes,7.81397
E07-05,T07,tool,escalations,4
E07-05,T07,tool,confidence_score,58.14081
E07-05,T07,tool,workload_score,40.42577
E07-06,T07,tool,handling_minutes,62.97667
E07-06,T07,tool,error_rate,0.08021
E07-06,T07,tool,quality_score,88.42876
E07-06,T07,tool,weekly_output,48
E07-06,T07,tool,fatigue_score,41.81169
E07-06,T07,tool,satisfaction,75.48036
E07-06,T07,tool,training_minutes,35.53526
E07-06,T07,tool,handoff_count,10
E07-06,T07,tool,rework_minutes,8.24252
E07-06,T07,tool,escalations,1
E07-06,T07,tool,confidence_score,69.50556
E07-06,T07,tool,workload_score,55.82564
E07-07,T07,tool,handling_minutes,48.39113
E07-07,T07,tool,error_rate,0.11796
E07-07,T07,tool,quality_score,83.59357
E07-07,T07,tool,weekly_output,29
E07-07,T07,tool,fatigue_score,58.37296
E07-07,T07,tool,satisfaction,45.17936
E07-07,T07,tool,training_minutes,18.55366
E07-07,T07,tool,handoff_count,7
E07-07,T07,tool,rework_minutes,6.32522
E07-07,T07,tool,escalations,2
E07-07,T07,tool,confidence_score,76.22459
E07-07,T07,tool,workload_score,60.18093
E07-08,T07,tool,handling_minutes,61.57981
E07-08,T07,tool,error_rate,0.05414
E07-08,T07,tool,quality_score,78.66727
E07-08,T07,tool,weekly_output,33
E07-08,T07,tool,fatigue_score,66.32728
E07-08,T07,tool,satisfaction,56.37916
E07-08,T07,tool,training_minutes,31.06148
E07-08,T07,tool,handoff_count,7
E07-08,T07,tool,rework_minutes,13.76505
E07-08,T07,tool,escalations,2
E07-08,T07,tool,confidence_score,58.05987
E07-08,T07,tool,workload_score,51.61918
E07-09,T07,tool,handling_minutes,56.18687
E07-09,T07,tool,error_rate,0.04718
E07-09,T07,tool,quality_score,83.97718
E07-09,T07,tool,weekly_output,34
E07-09,T07,tool,fatigue_score,51.72156
E07-09,T07,tool,satisfaction,68.80546
E07-09,T07,tool,training_minutes,17.93205
E07-09,T07,tool,handoff_count,8
E07-09,T07,tool,rework_minutes,7.73298
E07-09,T07,tool,escalations,2
E07-09,T07,tool,confidence_score,50.15488
E07-09,T07,tool,workload_score,51.6965
E07-10,T07,tool,handling_minutes,51.14984
E07-10,T07,tool,error_rate,0.08907
E07-10,T07,tool,quality_score,80.74555
E07-10,T07,tool,weekly_output,34
E07-10,T07,tool,fatigue_score,55.14666
E07-10,T07,tool,satisfaction,63.23833
E07-10,T07,tool,training_minutes,34.04128
E07-10,T07,tool,handoff_count,8
E07-10,T07,tool,rework_minutes,6.10191
E07-10,T07,tool,escalations,2
E07-10,T07,tool,confidence_score,64.99046
E07-10,T07,tool,workload_score,45.31313
E07-11,T07,tool,handling_minutes,57.24509
E07-11,T07,tool,error_rate,0.07725
E07-11,T07,tool,quality_score,64.11724
E07-11,T07,tool,weekly_output,32
E07-11,T07,tool,fatigue_score,43.3144
E07-11,T07,tool,satisfaction,70.71978
E07-11,T07,tool,training_minutes,17.59191
E07-11,T07,tool,handoff_count,8
E07-11,T07,tool,rework_minutes,7.44759
E07-11,T07,tool,escalations,3
E07-11,T07,tool,confidence_score,65.36825
E07-11,T07,tool,workload_score,39.57675
E07-12,T07,tool,handling_minutes,44.61464
E07-12,T07,tool,error_rate,0.09822
E07-12,T07,tool,quality_score,87.62654
E07-12,T07,tool,weekly_output,39
E07-12,T07,tool,fatigue_score,50.02345
E07-12,T07,tool,satisfaction,66.95867
E07-12,T07,tool,training_minutes,33.24531
E07-12,T07,tool,handoff_count,9
E07-12,T07,tool,rework_minutes,12.42104
E07-12,T07,tool,escalations,2
E07-12,T07,tool,confidence_score,79.08055
E07-12,T07,tool,workload_score,62.07734
E07-13,T07,tool,handling_minutes,47.82841
E07-13,T07,tool,error_rate,0.09873
E07-13,T07,tool,quality_score,71.09158
E07-13,T07,tool,weekly_output,27
E07-13,T07,tool,fatigue_score,50.28059
E07-13,T07,tool,satisfaction,81.91808
E07-13,T07,tool,training_minutes,29.79162
E07-13,T07,tool,handoff_count,10
E07-13,T07,tool,rework_minutes,9.52274
E07-13,T07,tool,escalations,2
E07-13,T07,tool,confidence_score,64.31855
E07-13,T07,tool,workload_score,57.22666
E07-14,T07,tool,handling_minutes,61.42532
E07-14,T07,tool,error_rate,0.04636
E07-14,T07,tool,quality_score,69.45822
E07-14,T07,tool,weekly_output,42
E07-14,T07,tool,fatigue_score,50.2815
E07-14,T07,tool,satisfaction,53.68524
E07-14,T07,tool,training_minutes,21.87703
E07-14,T07,tool,handoff_count,8
E07-14,T07,tool,rework_minutes,13.63848
E07-14,T07,tool,escalations,4
E07-14,T07,tool,confidence_score,57.88376
E07-14,T07,tool,workload_score,45.94608
E07-15,T07,tool,handling_minutes,51.52664
E07-15,T07,tool,error_rate,0.08733
E07-15,T07,tool,quality_score,86.029
E07-15,T07,tool,weekly_output,37
E07-15,T07,tool,fatigue_score,43.00159
E07-15,T07,tool,satisfaction,61.26879
E07-15,T07,tool,training_minutes,32.85153
E07-15,T07,tool,handoff_count,9
E07-15,T07,tool,rework_minutes,8.74547
E07-15,T07,tool,escalations,2
E07-15,T07,tool,confidence_score,68.1708
E07-15,T07,tool,workload_score,59.97067
E07-16,T07,tool,handling_minutes,44.69198
E07-16,T07,tool,error_rate,0.10916
E07-16,T07,tool,quality_score,73.19158
E07-16,T07,tool,weekly_output,41
E07-16,T07,tool,fatigue_score,65.72009
E07-16,T07,tool,satisfaction,75.43626
E07-16,T07,tool,training_minutes,11.22006
E07-16,T07,tool,handoff_count,8
E07-16,T07,tool,rework_minutes,5.61856
E07-16,T07,tool,escalations,4
E07-16,T07,tool,confidence_score,76.23339
E07-16,T07,tool,workload_score,49.2301
E07-17,T07,tool,handling_minutes,49.09687
E07-17,T07,tool,error_rate,0.08264
E07-17,T07,tool,quality_score,79.04083
E07-17,T07,tool,weekly_output,41
E07-17,T07,tool,fatigue_score,57.94544
E07-17,T07,tool,satisfaction,76.01106
E07-17,T07,tool,training_minutes,14.70512
E07-17,T07,tool,handoff_count,6
E07-17,T07,tool,rework_minutes,8.93499
E07-17,T07,tool,escalations,2
E07-17,T07,tool,confidence_score,51.13979
E07-17,T07,tool,workload_score,29.87142
E07-18,T07,tool,handling_minutes,59.48946
E07-18,T07,tool,error_rate,0.13001
E07-18,T07,tool,quality_score,72.29309
E07-18,T07,tool,weekly_output,44
E07-18,T07,tool,fatigue_score,48.09599
E07-18,T07,tool,satisfaction,73.87101
E07-18,T07,tool,training_minutes,28.93825
E07-18,T07,tool,handoff_count,11
E07-18,T07,tool,rework_minutes,6.3011
E07-18,T07,tool,escalations,4
E07-18,T07,tool,confidence_score,61.76783
E07-18,T07,tool,workload_score,59.16744
E07-19,T07,tool,handling_minutes,51.85407
E07-19,T07,tool,error_rate,0.01742
E07-19,T07,tool,quality_score,79.6674
E07-19,T07,tool,weekly_output,39
E07-19,T07,tool,fatigue_score,42.28936
E07-19,T07,tool,satisfaction,76.273
E07-19,T07,tool,training_minutes,22.97906
E07-19,T07,tool,handoff_count,7
E07-19,T07,tool,rework_minutes,4.40895
E07-19,T07,tool,escalations,2
E07-19,T07,tool,confidence_score,64.37525
E07-19,T07,tool,workload_score,52.6345
E07-20,T07,tool,handling_minutes,34.16909
E07-20,T07,tool,error_rate,0.01847
E07-20,T07,tool,quality_score,79.98914
E07-20,T07,tool,weekly_output,31
E07-20,T07,tool,fatigue_score,48.23081
E07-20,T07,tool,satisfaction,72.72021
E07-20,T07,tool,training_minutes,26.84383
E07-20,T07,tool,handoff_count,8
E07-20,T07,tool,rework_minutes,4.61561
E07-20,T07,tool,escalations,1
E07-20,T07,tool,confidence_score,69.03445
E07-20,T07,tool,workload_score,48.89308
E08-01,T08,tool,handling_minutes,72.34951
E08-01,T08,tool,error_rate,0.0739
E08-01,T08,tool,quality_score,71.05073
E08-01,T08,tool,weekly_output,33
E08-01,T08,tool,fatigue_score,39.82464
E08-01,T08,tool,satisfaction,65.30348
E08-01,T08,tool,training_minutes,22.16846
E08-01,T08,tool,handoff_count,5
E08-01,T08,tool,rework_minutes,11.46397
E08-01,T08,tool,escalations,2
E08-01,T08,tool,confidence_score,74.47631
E08-01,T08,tool,workload_score,43.19858
E08-02,T08,tool,handling_minutes,59.89407
E08-02,T08,tool,error_rate,0.08158
E08-02,T08,tool,quality_score,81.06409
E08-02,T08,tool,weekly_output,26
E08-02,T08,tool,fatigue_score,56.71343
E08-02,T08,tool,satisfaction,78.82217
E08-02,T08,tool,training_minutes,24.30909
E08-02,T08,tool,handoff_count,5
E08-02,T08,tool,rework_minutes,7.01851
E08-02,T08,tool,escalations,1
E08-02,T08,tool,confidence_score,65.98989
E08-02,T08,tool,workload_score,41.0255
E08-03,T08,tool,handling_minutes,51.14708
E08-03,T08,tool,error_rate,0.03815
E08-03,T08,tool,quality_score,72.63318
E08-03,T08,tool,weekly_output,21
E08-03,T08,tool,fatigue_score,50.54195
E08-03,T08,tool,satisfaction,73.38673
E08-03,T08,tool,training_minutes,14.40596
E08-03,T08,tool,handoff_count,5
E08-03,T08,tool,rework_minutes,6.64617
E08-03,T08,tool,escalations,2
E08-03,T08,tool,confidence_score,64.50736
E08-03,T08,tool,workload_score,52.34572
E08-04,T08,tool,handling_minutes,66.20595
E08-04,T08,tool,error_rate,0.10545
E08-04,T08,tool,quality_score,62.43531
E08-04,T08,tool,weekly_output,22
E08-04,T08,tool,fatigue_score,44.43689
E08-04,T08,tool,satisfaction,55.33105
E08-04,T08,tool,training_minutes,17.19376
E08-04,T08,tool,handoff_count,7
E08-04,T08,tool,rework_minutes,2.59877
E08-04,T08,tool,escalations,0
E08-04,T08,tool,confidence_score,43.80583
E08-04,T08,tool,workload_score,50.61766
E08-05,T08,tool,handling_minutes,66.53594
E08-05,T08,tool,error_rate,0.09079
E08-05,T08,tool,quality_score,70.00141
E08-05,T08,tool,weekly_output,38
E08-05,T08,tool,fatigue_score,35.62396
E08-05,T08,tool,satisfaction,68.81302
E08-05,T08,tool,training_minutes,26.55897
E08-05,T08,tool,handoff_count,8
E08-05,T08,tool,rework_minutes,8.96799
E08-05,T08,tool,escalations,1
E08-05,T08,tool,confidence_score,62.43939
E08-05,T08,tool,workload_score,48.20884
E08-06,T08,tool,handling_minutes,61.1984
E08-06,T08,tool,error_rate,0.09861
E08-06,T08,tool,quality_score,67.84725
E08-06,T08,tool,weekly_output,32
E08-06,T08,tool,fatigue_score,37.1527
E08-06,T08,tool,satisfaction,58.9224
E08-06,T08,tool,training_minutes,24.28932
E08-06,T08,tool,handoff_count,6
E08-06,T08,tool,rework_minutes,12.00705
E08-06,T08,tool,escalations,0
E08-06,T08,tool,confidence_score,76.95227
E08-06,T08,tool,workload_score,45.32567
E08-07,T08,tool,handling_minutes,60.76901
E08-07,T08,tool,error_rate,0.07748
E08-07,T08,tool,quality_score,72.30217
E08-07,T08,tool,weekly_output,46
E08-07,T08,tool,fatigue_score,60.76051
E08-07,T08,tool,satisfaction,51.94006
E08-07,T08,tool,training_minutes,18.05433
E08-07,T08,tool,handoff_count,8
E08-07,T08,tool,rework_minutes,7.19835
E08-07,T08,tool,escalations,2
E08-07,T08,tool,confidence_score,48.0696
E08-07,T08,tool,workload_score,49.99824
E08-08,T08,tool,handling_minutes,58.96215
E08-08,T08,tool,error_rate,0.07338
E08-08,T08,tool,quality_score,73.88934
E08-08,T08,tool,weekly_output,44
E08-08,T08,tool,fatigue_score,47.28733
E08-08,T08,tool,satisfaction,68.64601
E08-08,T08,tool,training_minutes,18.03362
E08-08,T08,tool,handoff_count,7
E08-08,T08,tool,rework_minutes,12.15116
E08-08,T08,tool,escalations,1
E08-08,T08,tool,confidence_score,62.71465
E08-08,T08,tool,workload_score,41.17236
E08-09,T08,tool,handling_minutes,63.84987
E08-09,T08,tool,error_rate,0.12892
E08-09,T08,tool,quality_score,81.46646
E08-09,T08,tool,weekly_output,24
E08-09,T08,tool,fatigue_score,48.27257
E08-09,T08,tool,satisfaction,70.03188
E08-09,T08,tool,training_minutes,22.39707
E08-09,T08,tool,handoff_count,8
E08-09,T08,tool,rework_minutes,12.78735
E08-09,T08,tool,escalations,0
E08-09,T08,tool,confidence_score,57.51509
E08-09,T08,tool,workload_score,32.4263
E08-10,T08,tool,handling_minutes,70.68956
E08-10,T08,tool,error_rate,0.0598
E08-10,T08,tool,quality_score,67.88015
E08-10,T08,tool,weekly_output,26
E08-10,T08,tool,fatigue_score,44.20014
E08-10,T08,tool,satisfaction,72.59037
E08-10,T08,tool,training_minutes,12.86451
E08-10,T08,tool,handoff_count,6
E08-10,T08,tool,rework_minutes,12.50338
E08-10,T08,tool,escalations,2
E08-10,T08,tool,confidence_score,67.67061
E08-10,T08,tool,workload_score,54.91346
E08-11,T08,tool,handling_minutes,60.49619
E08-11,T08,tool,error_rate,0.08524
E08-11,T08,tool,quality_score,79.72976
E08-11,T08,tool,weekly_output,34
E08-11,T08,tool,fatigue_score,46.08236
E08-11,T08,tool,satisfaction,79.00708
E08-11,T08,tool,training_minutes,28.26794
E08-11,T08,tool,handoff_count,3
E08-11,T08,tool,rework_minutes,15.41029
E08-11,T08,tool,escalations,2
E08-11,T08,tool,confidence_score,58.8807
E08-11,T08,tool,workload_score,48.11122
E08-12,T08,tool,handling_minutes,49.06432
E08-12,T08,tool,error_rate,0.08921
E08-12,T08,tool,quality_score,82.4648
E08-12,T08,tool,weekly_output,44
E08-12,T08,tool,fatigue_score,36.22431
E08-12,T08,tool,satisfaction,55.89205
E08-12,T08,tool,training_minutes,34.22487
E08-12,T08,tool,handoff_count,6
E08-12,T08,tool,rework_minutes,4.95956
E08-12,T08,tool,escalations,2
E08-12,T08,tool,confidence_score,68.2772
E08-12,T08,tool,workload_score,46.89926
E08-13,T08,tool,handling_minutes,45.92072
E08-13,T08,tool,error_rate,0.07727
E08-13,T08,tool,quality_score,83.86022
E08-13,T08,tool,weekly_output,31
E08-13,T08,tool,fatigue_score,57.95236
E08-13,T08,tool,satisfaction,62.63461
E08-13,T08,tool,training_minutes,25.00595
E08-13,T08,tool,handoff_count,6
E08-13,T08,tool,rework_minutes,5.82351
E08-13,T08,tool,escalations,0
E08-13,T08,tool,confidence_score,59.91507
E08-13,T08,tool,workload_score,71.20965
E08-14,T08,tool,handling_minutes,76.26391
E08-14,T08,tool,error_rate,0.03724
E08-14,T08,tool,quality_score,66.1701
E08-14,T08,tool,weekly_output,37
E08-14,T08,tool,fatigue_score,59.95137
E08-14,T08,tool,satisfaction,79.63217
E08-14,T08,tool,training_minutes,32.49224
E08-14,T08,tool,handoff_count,3
E08-14,T08,tool,rework_minutes,2.95606
E08-14,T08,tool,escalations,1
E08-14,T08,tool,confidence_score,60.69895
E08-14,T08,tool,workload_score,46.51149
E08-15,T08,tool,handling_minutes,61.48931
E08-15,T08,tool,error_rate,0.09818
E08-15,T08,tool,quality_score,70.11698
E08-15,T08,tool,weekly_output,37
E08-15,T08,tool,fatigue_score,43.03786
E08-15,T08,tool,satisfaction,77.41243
E08-15,T08,tool,training_minutes,24.94739
E08-15,T08,tool,handoff_count,8
E08-15,T08,tool,rework_minutes,8.76072
E08-15,T08,tool,escalations,2
E08-15,T08,tool,confidence_score,57.90038
E08-15,T08,tool,workload_score,49.46645
E08-16,T08,tool,handling_minutes,68.37508
E08-16,T08,tool,error_rate,0.06095
E08-16,T08,tool,quality_score,84.0881
E08-16,T08,tool,weekly_output,30
E08-16,T08,tool,fatigue_score,50.38754
E08-16,T08,tool,satisfaction,92.60674
E08-16,T08,tool,training_minutes,18.92344
E08-16,T08,tool,handoff_count,7
E08-16,T08,tool,rework_minutes,13.67921
E08-16,T08,tool,escalations,0
E08-16,T08,tool,confidence_score,50.18802
E08-16,T08,tool,workload_score,59.7122
E08-17,T08,tool,handling_minutes,66.96671
E08-17,T08,tool,error_rate,0.06455
E08-17,T08,tool,quality_score,73.90888
E08-17,T08,tool,weekly_output,39
E08-17,T08,tool,fatigue_score,59.48003
E08-17,T08,tool,satisfaction,67.60917
E08-17,T08,tool,training_minutes,17.06544
E08-17,T08,tool,handoff_count,9
E08-17,T08,tool,rework_minutes,10.98066
E08-17,T08,tool,escalations,1
E08-17,T08,tool,confidence_score,66.88095
E08-17,T08,tool,workload_score,61.52506
E08-18,T08,tool,handling_minutes,55.339
E08-18,T08,tool,error_rate,0.07431
E08-18,T08,tool,quality_score,80.60914
E08-18,T08,tool,weekly_output,28
E08-18,T08,tool,fatigue_score,53.97283
E08-18,T08,tool,satisfaction,69.28601
E08-18,T08,tool,training_minutes,27.96378
E08-18,T08,tool,handoff_count,4
E08-18,T08,tool,rework_minutes,6.26813
E08-18,T08,tool,escalations,1
E08-18,T08,tool,confidence_score,63.91403
E08-18,T08,tool,workload_score,29.5611
E08-19,T08,tool,handling_minutes,64.81819
E08-19,T08,tool,error_rate,0.03235
E08-19,T08,tool,quality_score,70.99092
E08-19,T08,tool,weekly_output,37
E08-19,T08,tool,fatigue_score,57.91264
E08-19,T08,tool,satisfaction,59.15598
E08-19,T08,tool,training_minutes,32.15378
E08-19,T08,tool,handoff_count,6
E08-19,T08,tool,rework_minutes,9.89224
E08-19,T08,tool,escalations,2
E08-19,T08,tool,confidence_score,42.69795
E08-19,T08,tool,workload_score,52.76416
E08-20,T08,tool,handling_minutes,64.00418
E08-20,T08,tool,error_rate,0.07196
E08-20,T08,tool,quality_score,73.71168
E08-20,T08,tool,weekly_output,39
E08-20,T08,tool,fatigue_score,49.60556
E08-20,T08,tool,satisfaction,61.91638
E08-20,T08,tool,training_minutes,26.58434
E08-20,T08,tool,handoff_count,7
E08-20,T08,tool,rework_minutes,8.62746
E08-20,T08,tool,escalations,2
E08-20,T08,tool,confidence_score,56.70951
E08-20,T08,tool,workload_score,54.85142
E09-01,T09,usual,handling_minutes,55.04592
E09-01,T09,usual,error_rate,0.11584
E09-01,T09,usual,quality_score,73.09175
E09-01,T09,usual,weekly_output,39
E09-01,T09,usual,fatigue_score,45.74554
E09-01,T09,usual,satisfaction,68.39921
E09-01,T09,usual,training_minutes,20.66543
E09-01,T09,usual,handoff_count,3
E09-01,T09,usual,rework_minutes,13.37137
E09-01,T09,usual,escalations,4
E09-01,T09,usual,confidence_score,64.08149
E09-01,T09,usual,workload_score,50.24641
E09-02,T09,usual,handling_minutes,53.41546
E09-02,T09,usual,error_rate,0.0722
E09-02,T09,usual,quality_score,67.4099
E09-02,T09,usual,weekly_output,22
E09-02,T09,usual,fatigue_score,60.46911
E09-02,T09,usual,satisfaction,59.44808
E09-02,T09,usual,training_minutes,20.59219
E09-02,T09,usual,handoff_count,6
E09-02,T09,usual,rework_minutes,11.32832
E09-02,T09,usual,escalations,5
E09-02,T09,usual,confidence_score,59.75284
E09-02,T09,usual,workload_score,67.78378
E09-03,T09,usual,handling_minutes,59.88498
E09-03,T09,usual,error_rate,0.07821
E09-03,T09,usual,quality_score,69.9805
E09-03,T09,usual,weekly_output,38
E09-03,T09,usual,fatigue_score,56.50229
E09-03,T09,usual,satisfaction,59.58406
E09-03,T09,usual,training_minutes,25.70551
E09-03,T09,usual,handoff_count,6
E09-03,T09,usual,rework_minutes,11.76644
E09-03,T09,usual,escalations,4
E09-03,T09,usual,confidence_score,50.15983
E09-03,T09,usual,workload_score,41.31167
E09-04,T09,usual,handling_minutes,51.02753
E09-04,T09,usual,error_rate,0.06468
E09-04,T09,usual,quality_score,71.49652
E09-04,T09,usual,weekly_output,32
E09-04,T09,usual,fatigue_score,57.26053
E09-04,T09,usual,satisfaction,68.44211
E09-04,T09,usual,training_minutes,13.26484
E09-04,T09,usual,handoff_count,6
E09-04,T09,usual,rework_minutes,11.32563
E09-04,T09,usual,escalations,6
E09-04,T09,usual,confidence_score,58.52354
E09-04,T09,usual,workload_score,51.2042
E09-05,T09,usual,handling_minutes,58.83892
E09-05,T09,usual,error_rate,0.04888
E09-05,T09,usual,quality_score,79.37578
E09-05,T09,usual,weekly_output,37
E09-05,T09,usual,fatigue_score,55.62567
E09-05,T09,usual,satisfaction,46.94088
E09-05,T09,usual,training_minutes,22.70563
E09-05,T09,usual,handoff_count,6
E09-05,T09,usual,rework_minutes,13.44424
E09-05,T09,usual,escalations,5
E09-05,T09,usual,confidence_score,44.56017
E09-05,T09,usual,workload_score,54.06026
E09-06,T09,usual,handling_minutes,54.57465
E09-06,T09,usual,error_rate,0.09862
E09-06,T09,usual,quality_score,70.88093
E09-06,T09,usual,weekly_output,30
E09-06,T09,usual,fatigue_score,49.26168
E09-06,T09,usual,satisfaction,69.27295
E09-06,T09,usual,training_minutes,23.66729
E09-06,T09,usual,handoff_count,5
E09-06,T09,usual,rework_minutes,19.16177
E09-06,T09,usual,escalations,5
E09-06,T09,usual,confidence_score,62.39546
E09-06,T09,usual,workload_score,39.92222
E09-07,T09,usual,handling_minutes,54.54945
E09-07,T09,usual,error_rate,0.07414
E09-07,T09,usual,quality_score,76.54091
E09-07,T09,usual,weekly_output,40
E09-07,T09,usual,fatigue_score,41.97425
E09-07,T09,usual,satisfaction,65.46073
E09-07,T09,usual,training_minutes,37.47311
E09-07,T09,usual,handoff_count,3
E09-07,T09,usual,rework_minutes,7.07204
E09-07,T09,usual,escalations,5
E09-07,T09,usual,confidence_score,53.54079
E09-07,T09,usual,workload_score,46.76057
E09-08,T09,usual,handling_minutes,42.84922
E09-08,T09,usual,error_rate,0.06823
E09-08,T09,usual,quality_score,69.75427
E09-08,T09,usual,weekly_output,22
E09-08,T09,usual,fatigue_score,68.6792
E09-08,T09,usual,satisfaction,56.16152
E09-08,T09,usual,training_minutes,24.24769
E09-08,T09,usual,handoff_count,5
E09-08,T09,usual,rework_minutes,13.08169
E09-08,T09,usual,escalations,4
E09-08,T09,usual,confidence_score,58.80899
E09-08,T09,usual,workload_score,51.65304
E09-09,T09,usual,handling_minutes,61.59059
E09-09,T09,usual,error_rate,0.09288
E09-09,T09,usual,quality_score,80.46598
E09-09,T09,usual,weekly_output,25
E09-09,T09,usual,fatigue_score,46.01948
E09-09,T09,usual,satisfaction,66.27109
E09-09,T09,usual,training_minutes,10.85871
E09-09,T09,usual,handoff_count,3
E09-09,T09,usual,rework_minutes,10.99481
E09-09,T09,usual,escalations,5
E09-09,T09,usual,confidence_score,66.07301
E09-09,T09,usual,workload_score,36.37393
E09-10,T09,usual,handling_minutes,56.89411
E09-10,T09,usual,error_rate,0.06585
E09-10,T09,usual,quality_score,67.02083
E09-10,T09,usual,weekly_output,34
E09-10,T09,usual,fatigue_score,63.74634
E09-10,T09,usual,satisfaction,72.48565
E09-10,T09,usual,training_minutes,22.33903
E09-10,T09,usual,handoff_count,7
E09-10,T09,usual,rework_minutes,13.78794
E09-10,T09,usual,escalations,5
E09-10,T09,usual,confidence_score,61.02997
E09-10,T09,usual,workload_score,42.8858
E09-11,T09,usual,handling_minutes,47.87046
E09-11,T09,usual,error_rate,0.10703
E09-11,T09,usual,quality_score,86.16963
E09-11,T09,usual,weekly_output,25
E09-11,T09,usual,fatigue_score,51.42822
E09-11,T09,usual,satisfaction,74.72016
E09-11,T09,usual,training_minutes,16.41748
E09-11,T09,usual,handoff_count,2
E09-11,T09,usual,rework_minutes,6.60994
E09-11,T09,usual,escalations,5
E09-11,T09,usual,confidence_score,49.25153
E09-11,T09,usual,workload_score,49.45942
E09-12,T09,usual,handling_minutes,61.37983
E09-12,T09,usual,error_rate,0.06507
E09-12,T09,usual,quality_score,84.15136
E09-12,T09,usual,weekly_output,23
E09-12,T09,usual,fatigue_score,57.41149
E09-12,T09,usual,satisfaction,61.94328
E09-12,T09,usual,training_minutes,18.30729
E09-12,T09,usual,handoff_count,2
E09-12,T09,usual,rework_minutes,10.09617
E09-12,T09,usual,escalations,5
E09-12,T09,usual,confidence_score,63.86023
E09-12,T09,usual,workload_score,61.54211
E09-13,T09,usual,handling_minutes,42.98792
E09-13,T09,usual,error_rate,0.07641
E09-13,T09,usual,quality_score,77.74618
E09-13,T09,usual,weekly_output,22
E09-13,T09,usual,fatigue_score,53.68855
E09-13,T09,usual,satisfaction,80.37512
E09-13,T09,usual,training_minutes,12.47097
E09-13,T09,usual,handoff_count,7
E09-13,T09,usual,rework_minutes,12.94158
E09-13,T09,usual,escalations,6
E09-13,T09,usual,confidence_score,72.37031
E09-13,T09,usual,workload_score,63.23622
E09-14,T09,usual,handling_minutes,69.23499
E09-14,T09,usual,error_rate,0.11107
E09-14,T09,usual,quality_score,68.12468
E09-14,T09,usual,weekly_output,30
E09-14,T09,usual,fatigue_score,52.42774
E09-14,T09,usual,satisfaction,65.08396
E09-14,T09,usual,training_minutes,26.03129
E09-14,T09,usual,handoff_count,5
E09-14,T09,usual,rework_minutes,6.17787
E09-14,T09,usual,escalations,6
E09-14,T09,usual,confidence_score,71.44523
E09-14,T09,usual,workload_score,39.88063
E09-15,T09,usual,handling_minutes,64.30567
E09-15,T09,usual,error_rate,0.05832
E09-15,T09,usual,quality_score,77.14893
E09-15,T09,usual,weekly_output,31
E09-15,T09,usual,fatigue_score,50.16751
E09-15,T09,usual,satisfaction,55.11416
E09-15,T09,usual,training_minutes,20.03078
E09-15,T09,usual,handoff_count,5
E09-15,T09,usual,rework_minutes,12.11947
E09-15,T09,usual,escalations,5
E09-15,T09,usual,confidence_score,65.73181
E09-15,T09,usual,workload_score,61.25293
E09-16,T09,usual,handling_minutes,62.71566
E09-16,T09,usual,error_rate,0.09211
E09-16,T09,usual,quality_score,70.24628
E09-16,T09,usual,weekly_output,46
E09-16,T09,usual,fatigue_score,55.98181
E09-16,T09,usual,satisfaction,62.82981
E09-16,T09,usual,training_minutes,32.353
E09-16,T09,usual,handoff_count,5
E09-16,T09,usual,rework_minutes,9.36657
E09-16,T09,usual,escalations,6
E09-16,T09,usual,confidence_score,51.8742
E09-16,T09,usual,workload_score,51.58929
E09-17,T09,usual,handling_minutes,54.21162
E09-17,T09,usual,error_rate,0.0755
E09-17,T09,usual,quality_score,70.21252
E09-17,T09,usual,weekly_output,42
E09-17,T09,usual,fatigue_score,60.87703
E09-17,T09,usual,satisfaction,75.87479
E09-17,T09,usual,training_minutes,24.89231
E09-17,T09,usual,handoff_count,4
E09-17,T09,usual,rework_minutes,14.53323
E09-17,T09,usual,escalations,4
E09-17,T09,usual,confidence_score,59.72431
E09-17,T09,usual,workload_score,48.32674
E09-18,T09,usual,handling_minutes,56.95711
E09-18,T09,usual,error_rate,0.07301
E09-18,T09,usual,quality_score,65.74142
E09-18,T09,usual,weekly_output,50
E09-18,T09,usual,fatigue_score,62.83322
E09-18,T09,usual,satisfaction,71.7695
E09-18,T09,usual,training_minutes,15.24328
E09-18,T09,usual,handoff_count,4
E09-18,T09,usual,rework_minutes,6.72205
E09-18,T09,usual,escalations,6
E09-18,T09,usual,confidence_score,57.87244
E09-18,T09,usual,workload_score,49.00117
E09-19,T09,usual,handling_minutes,38.84729
E09-19,T09,usual,error_rate,0.09897
E09-19,T09,usual,quality_score,72.55088
E09-19,T09,usual,weekly_output,34
E09-19,T09,usual,fatigue_score,38.46304
E09-19,T09,usual,satisfaction,70.38599
E09-19,T09,usual,training_minutes,27.94554
E09-19,T09,usual,handoff_count,5
E09-19,T09,usual,rework_minutes,4.3566
E09-19,T09,usual,escalations,4
E09-19,T09,usual,confidence_score,55.12753
E09-19,T09,usual,workload_score,43.7028
E09-20,T09,usual,handling_minutes,60.47167
E09-20,T09,usual,error_rate,0.10172
E09-20,T09,usual,quality_score,70.07667
E09-20,T09,usual,weekly_output,33
E09-20,T09,usual,fatigue_score,60.46103
E09-20,T09,usual,satisfaction,66.81238
E09-20,T09,usual,training_minutes,23.50199
E09-20,T09,usual,handoff_count,5
E09-20,T09,usual,rework_minutes,14.19865
E09-20,T09,usual,escalations,4
E09-20,T09,usual,confidence_score,65.9549
E09-20,T09,usual,workload_score,47.85645
E10-01,T10,tool,handling_minutes,48.01183
E10-01,T10,tool,error_rate,0.09128
E10-01,T10,tool,quality_score,80.21558
E10-01,T10,tool,weekly_output,30
E10-01,T10,tool,fatigue_score,59.10704
E10-01,T10,tool,satisfaction,74.02269
E10-01,T10,tool,training_minutes,27.13849
E10-01,T10,tool,handoff_count,5
E10-01,T10,tool,rework_minutes,4.20321
E10-01,T10,tool,escalations,5
E10-01,T10,tool,confidence_score,74.31982
E10-01,T10,tool,workload_score,64.47746
E10-02,T10,tool,handling_minutes,48.49171
E10-02,T10,tool,error_rate,0.07085
E10-02,T10,tool,quality_score,79.95224
E10-02,T10,tool,weekly_output,35
E10-02,T10,tool,fatigue_score,48.43341
E10-02,T10,tool,satisfaction,71.81193
E10-02,T10,tool,training_minutes,14.37472
E10-02,T10,tool,handoff_count,3
E10-02,T10,tool,rework_minutes,1.01697
E10-02,T10,tool,escalations,2
E10-02,T10,tool,confidence_score,61.29508
E10-02,T10,tool,workload_score,44.907
E10-03,T10,tool,handling_minutes,59.03018
E10-03,T10,tool,error_rate,0.04445
E10-03,T10,tool,quality_score,92.21494
E10-03,T10,tool,weekly_output,36
E10-03,T10,tool,fatigue_score,53.31501
E10-03,T10,tool,satisfaction,64.77804
E10-03,T10,tool,training_minutes,23.47342
E10-03,T10,tool,handoff_count,4
E10-03,T10,tool,rework_minutes,3.25933
E10-03,T10,tool,escalations,2
E10-03,T10,tool,confidence_score,58.96685
E10-03,T10,tool,workload_score,62.37549
E10-04,T10,tool,handling_minutes,65.77498
E10-04,T10,tool,error_rate,0.06837
E10-04,T10,tool,quality_score,67.84669
E10-04,T10,tool,weekly_output,33
E10-04,T10,tool,fatigue_score,57.5786
E10-04,T10,tool,satisfaction,61.90183
E10-04,T10,tool,training_minutes,20.62473
E10-04,T10,tool,handoff_count,5
E10-04,T10,tool,rework_minutes,8.68851
E10-04,T10,tool,escalations,4
E10-04,T10,tool,confidence_score,57.06308
E10-04,T10,tool,workload_score,54.43679
E10-05,T10,tool,handling_minutes,48.48925
E10-05,T10,tool,error_rate,0.05052
E10-05,T10,tool,quality_score,79.48437
E10-05,T10,tool,weekly_output,47
E10-05,T10,tool,fatigue_score,69.12559
E10-05,T10,tool,satisfaction,49.32547
E10-05,T10,tool,training_minutes,27.33991
E10-05,T10,tool,handoff_count,3
E10-05,T10,tool,rework_minutes,7.40475
E10-05,T10,tool,escalations,3
E10-05,T10,tool,confidence_score,70.72113
E10-05,T10,tool,workload_score,43.59092
E10-06,T10,tool,handling_minutes,62.98099
E10-06,T10,tool,error_rate,0.13219
E10-06,T10,tool,quality_score,75.39409
E10-06,T10,tool,weekly_output,33
E10-06,T10,tool,fatigue_score,61.83052
E10-06,T10,tool,satisfaction,71.30747
E10-06,T10,tool,training_minutes,20.95538
E10-06,T10,tool,handoff_count,5
E10-06,T10,tool,rework_minutes,4.69405
E10-06,T10,tool,escalations,3
E10-06,T10,tool,confidence_score,79.26968
E10-06,T10,tool,workload_score,51.14405
E10-07,T10,tool,handling_minutes,40.70027
E10-07,T10,tool,error_rate,0.06787
E10-07,T10,tool,quality_score,82.68509
E10-07,T10,tool,weekly_output,32
E10-07,T10,tool,fatigue_score,57.64401
E10-07,T10,tool,satisfaction,66.25476
E10-07,T10,tool,training_minutes,29.04872
E10-07,T10,tool,handoff_count,5
E10-07,T10,tool,rework_minutes,0
E10-07,T10,tool,escalations,4
E10-07,T10,tool,confidence_score,81.54566
E10-07,T10,tool,workload_score,59.54883
E10-08,T10,tool,handling_minutes,47.04226
E10-08,T10,tool,error_rate,0.08788
E10-08,T10,tool,quality_score,76.25978
E10-08,T10,tool,weekly_output,43
E10-08,T10,tool,fatigue_score,48.88405
E10-08,T10,tool,satisfaction,61.71206
E10-08,T10,tool,training_minutes,22.00115
E10-08,T10,tool,handoff_count,2
E10-08,T10,tool,rework_minutes,2.3813
E10-08,T10,tool,escalations,2
E10-08,T10,tool,confidence_score,62.78001
E10-08,T10,tool,workload_score,54.01365
E10-09,T10,tool,handling_minutes,50.87658
E10-09,T10,tool,error_rate,0.04587
E10-09,T10,tool,quality_score,89.90274
E10-09,T10,tool,weekly_output,32
E10-09,T10,tool,fatigue_score,50.95521
E10-09,T10,tool,satisfaction,59.37375
E10-09,T10,tool,training_minutes,28.55765
E10-09,T10,tool,handoff_count,6
E10-09,T10,tool,rework_minutes,0.20339
E10-09,T10,tool,escalations,3
E10-09,T10,tool,confidence_score,72.7057
E10-09,T10,tool,workload_score,59.50472
E10-10,T10,tool,handling_minutes,56.76862
E10-10,T10,tool,error_rate,0.05163
E10-10,T10,tool,quality_score,76.15119
E10-10,T10,tool,weekly_output,28
E10-10,T10,tool,fatigue_score,59.41071
E10-10,T10,tool,satisfaction,75.91957
E10-10,T10,tool,training_minutes,15.18046
E10-10,T10,tool,handoff_count,4
E10-10,T10,tool,rework_minutes,10.58305
E10-10,T10,tool,escalations,3
E10-10,T10,tool,confidence_score,64.51504
E10-10,T10,tool,workload_score,50.24342
E10-11,T10,tool,handling_minutes,50.08997
E10-11,T10,tool,error_rate,0.11922
E10-11,T10,tool,quality_score,63.00183
E10-11,T10,tool,weekly_output,38
E10-11,T10,tool,fatigue_score,57.43421
E10-11,T10,tool,satisfaction,58.4731
E10-11,T10,tool,training_minutes,15.42678
E10-11,T10,tool,handoff_count,4
E10-11,T10,tool,rework_minutes,10.67042
E10-11,T10,tool,escalations,2
E10-11,T10,tool,confidence_score,61.92096
E10-11,T10,tool,workload_score,39.89023
E10-12,T10,tool,handling_minutes,62.3112
E10-12,T10,tool,error_rate,0.0908
E10-12,T10,tool,quality_score,84.50369
E10-12,T10,tool,weekly_output,37
E10-12,T10,tool,fatigue_score,67.37618
E10-12,T10,tool,satisfaction,52.64009
E10-12,T10,tool,training_minutes,16.56424
E10-12,T10,tool,handoff_count,5
E10-12,T10,tool,rework_minutes,4.44567
E10-12,T10,tool,escalations,4
E10-12,T10,tool,confidence_score,43.76461
E10-12,T10,tool,workload_score,48.17211
E10-13,T10,tool,handling_minutes,46.84503
E10-13,T10,tool,error_rate,0.07996
E10-13,T10,tool,quality_score,83.58181
E10-13,T10,tool,weekly_output,33
E10-13,T10,tool,fatigue_score,47.07875
E10-13,T10,tool,satisfaction,63.2355
E10-13,T10,tool,training_minutes,26.77456
E10-13,T10,tool,handoff_count,1
E10-13,T10,tool,rework_minutes,7.57615
E10-13,T10,tool,escalations,5
E10-13,T10,tool,confidence_score,59.09999
E10-13,T10,tool,workload_score,52.82979
E10-14,T10,tool,handling_minutes,58.6364
E10-14,T10,tool,error_rate,0.08288
E10-14,T10,tool,quality_score,91.0078
E10-14,T10,tool,weekly_output,35
E10-14,T10,tool,fatigue_score,59.51002
E10-14,T10,tool,satisfaction,55.88604
E10-14,T10,tool,training_minutes,26.81493
E10-14,T10,tool,handoff_count,3
E10-14,T10,tool,rework_minutes,10.51204
E10-14,T10,tool,escalations,4
E10-14,T10,tool,confidence_score,58.19147
E10-14,T10,tool,workload_score,38.86272
E10-15,T10,tool,handling_minutes,54.39629
E10-15,T10,tool,error_rate,0.12037
E10-15,T10,tool,quality_score,82.95944
E10-15,T10,tool,weekly_output,26
E10-15,T10,tool,fatigue_score,47.95677
E10-15,T10,tool,satisfaction,74.22374
E10-15,T10,tool,training_minutes,19.7607
E10-15,T10,tool,handoff_count,5
E10-15,T10,tool,rework_minutes,9.26357
E10-15,T10,tool,escalations,4
E10-15,T10,tool,confidence_score,76.14964
E10-15,T10,tool,workload_score,32.91953
E10-16,T10,tool,handling_minutes,73.83513
E10-16,T10,tool,error_rate,0.16588
E10-16,T10,tool,quality_score,76.92342
E10-16,T10,tool,weekly_output,38
E10-16,T10,tool,fatigue_score,54.84366
E10-16,T10,tool,satisfaction,49.61592
E10-16,T10,tool,training_minutes,13.9395
E10-16,T10,tool,handoff_count,5
E10-16,T10,tool,rework_minutes,11.23907
E10-16,T10,tool,escalations,3
E10-16,T10,tool,confidence_score,55.99649
E10-16,T10,tool,workload_score,31.9989
E10-17,T10,tool,handling_minutes,40.19952
E10-17,T10,tool,error_rate,0.09215
E10-17,T10,tool,quality_score,67.5713
E10-17,T10,tool,weekly_output,37
E10-17,T10,tool,fatigue_score,49.7688
E10-17,T10,tool,satisfaction,66.14499
E10-17,T10,tool,training_minutes,29.16248
E10-17,T10,tool,handoff_count,6
E10-17,T10,tool,rework_minutes,3.21001
E10-17,T10,tool,escalations,3
E10-17,T10,tool,confidence_score,53.81775
E10-17,T10,tool,workload_score,48.14012
E10-18,T10,tool,handling_minutes,57.00922
E10-18,T10,tool,error_rate,0.09651
E10-18,T10,tool,quality_score,72.45381
E10-18,T10,tool,weekly_output,38
E10-18,T10,tool,fatigue_score,54.74273
E10-18,T10,tool,satisfaction,56.97121
E10-18,T10,tool,training_minutes,20.81559
E10-18,T10,tool,handoff_count,4
E10-18,T10,tool,rework_minutes,11.65514
E10-18,T10,tool,escalations,5
E10-18,T10,tool,confidence_score,67.07866
E10-18,T10,tool,workload_score,41.08073
E10-19,T10,tool,handling_minutes,66.21454
E10-19,T10,tool,error_rate,0.06934
E10-19,T10,tool,quality_score,83.2294
E10-19,T10,tool,weekly_output,47
E10-19,T10,tool,fatigue_score,62.53898
E10-19,T10,tool,satisfaction,63.95493
E10-19,T10,tool,training_minutes,9.06622
E10-19,T10,tool,handoff_count,6
E10-19,T10,tool,rework_minutes,6.28723
E10-19,T10,tool,escalations,4
E10-19,T10,tool,confidence_score,54.25232
E10-19,T10,tool,workload_score,47.61961
E10-20,T10,tool,handling_minutes,50.85764
E10-20,T10,tool,error_rate,0.0618
E10-20,T10,tool,quality_score,80.02471
E10-20,T10,tool,weekly_output,41
E10-20,T10,tool,fatigue_score,46.87284
E10-20,T10,tool,satisfaction,68.73812
E10-20,T10,tool,training_minutes,19.38404
E10-20,T10,tool,handoff_count,2
E10-20,T10,tool,rework_minutes,1.99781
E10-20,T10,tool,escalations,5
E10-20,T10,tool,confidence_score,65.6454
E10-20,T10,tool,workload_score,53.05416
E11-01,T11,usual,handling_minutes,64.00451
E11-01,T11,usual,error_rate,0.08497
E11-01,T11,usual,quality_score,78.13161
E11-01,T11,usual,weekly_output,25
E11-01,T11,usual,fatigue_score,44.14388
E11-01,T11,usual,satisfaction,79.28261
E11-01,T11,usual,training_minutes,31.06643
E11-01,T11,usual,handoff_count,3
E11-01,T11,usual,rework_minutes,14.5952
E11-01,T11,usual,escalations,6
E11-01,T11,usual,confidence_score,57.60933
E11-01,T11,usual,workload_score,64.98589
E11-02,T11,usual,handling_minutes,53.59224
E11-02,T11,usual,error_rate,0.04407
E11-02,T11,usual,quality_score,68.88361
E11-02,T11,usual,weekly_output,21
E11-02,T11,usual,fatigue_score,42.19833
E11-02,T11,usual,satisfaction,62.15918
E11-02,T11,usual,training_minutes,23.15535
E11-02,T11,usual,handoff_count,5
E11-02,T11,usual,rework_minutes,5.61721
E11-02,T11,usual,escalations,6
E11-02,T11,usual,confidence_score,46.82578
E11-02,T11,usual,workload_score,45.90051
E11-03,T11,usual,handling_minutes,76.75202
E11-03,T11,usual,error_rate,0.05874
E11-03,T11,usual,quality_score,76.79895
E11-03,T11,usual,weekly_output,32
E11-03,T11,usual,fatigue_score,41.78648
E11-03,T11,usual,satisfaction,78.76809
E11-03,T11,usual,training_minutes,16.68421
E11-03,T11,usual,handoff_count,5
E11-03,T11,usual,rework_minutes,8.20033
E11-03,T11,usual,escalations,7
E11-03,T11,usual,confidence_score,50.48787
E11-03,T11,usual,workload_score,44.8746
E11-04,T11,usual,handling_minutes,73.91774
E11-04,T11,usual,error_rate,0.08253
E11-04,T11,usual,quality_score,83.92733
E11-04,T11,usual,weekly_output,41
E11-04,T11,usual,fatigue_score,40.40684
E11-04,T11,usual,satisfaction,70.9438
E11-04,T11,usual,training_minutes,15.09415
E11-04,T11,usual,handoff_count,2
E11-04,T11,usual,rework_minutes,3.18965
E11-04,T11,usual,escalations,9
E11-04,T11,usual,confidence_score,61.80788
E11-04,T11,usual,workload_score,35.76885
E11-05,T11,usual,handling_minutes,73.54424
E11-05,T11,usual,error_rate,0.11609
E11-05,T11,usual,quality_score,81.19806
E11-05,T11,usual,weekly_output,32
E11-05,T11,usual,fatigue_score,45.94604
E11-05,T11,usual,satisfaction,70.65801
E11-05,T11,usual,training_minutes,20.39202
E11-05,T11,usual,handoff_count,3
E11-05,T11,usual,rework_minutes,8.19402
E11-05,T11,usual,escalations,7
E11-05,T11,usual,confidence_score,56.57713
E11-05,T11,usual,workload_score,58.90255
E11-06,T11,usual,handling_minutes,73.29087
E11-06,T11,usual,error_rate,0.05778
E11-06,T11,usual,quality_score,78.19215
E11-06,T11,usual,weekly_output,31
E11-06,T11,usual,fatigue_score,62.08447
E11-06,T11,usual,satisfaction,81.94439
E11-06,T11,usual,training_minutes,22.77057
E11-06,T11,usual,handoff_count,2
E11-06,T11,usual,rework_minutes,4.36097
E11-06,T11,usual,escalations,9
E11-06,T11,usual,confidence_score,58.93154
E11-06,T11,usual,workload_score,51.01929
E11-07,T11,usual,handling_minutes,62.56552
E11-07,T11,usual,error_rate,0.06392
E11-07,T11,usual,quality_score,72.55487
E11-07,T11,usual,weekly_output,23
E11-07,T11,usual,fatigue_score,52.63079
E11-07,T11,usual,satisfaction,66.29815
E11-07,T11,usual,training_minutes,27.62301
E11-07,T11,usual,handoff_count,5
E11-07,T11,usual,rework_minutes,11.03248
E11-07,T11,usual,escalations,7
E11-07,T11,usual,confidence_score,49.9378
E11-07,T11,usual,workload_score,45.19747
E11-08,T11,usual,handling_minutes,59.11257
E11-08,T11,usual,error_rate,0.10895
E11-08,T11,usual,quality_score,74.34291
E11-08,T11,usual,weekly_output,35
E11-08,T11,usual,fatigue_score,48.07758
E11-08,T11,usual,satisfaction,57.32938
E11-08,T11,usual,training_minutes,20.77888
E11-08,T11,usual,handoff_count,3
E11-08,T11,usual,rework_minutes,9.52451
E11-08,T11,usual,escalations,8
E11-08,T11,usual,confidence_score,61.4462
E11-08,T11,usual,workload_score,56.77566
E11-09,T11,usual,handling_minutes,66.7143
E11-09,T11,usual,error_rate,0.08823
E11-09,T11,usual,quality_score,62.68613
E11-09,T11,usual,weekly_output,37
E11-09,T11,usual,fatigue_score,49.92019
E11-09,T11,usual,satisfaction,73.93099
E11-09,T11,usual,training_minutes,25.58091
E11-09,T11,usual,handoff_count,2
E11-09,T11,usual,rework_minutes,9.08226
E11-09,T11,usual,escalations,9
E11-09,T11,usual,confidence_score,61.72118
E11-09,T11,usual,workload_score,62.13867
E11-10,T11,usual,handling_minutes,44.27461
E11-10,T11,usual,error_rate,0.13316
E11-10,T11,usual,quality_score,61.50982
E11-10,T11,usual,weekly_output,29
E11-10,T11,usual,fatigue_score,42.03199
E11-10,T11,usual,satisfaction,57.02519
E11-10,T11,usual,training_minutes,17.43839
E11-10,T11,usual,handoff_count,0
E11-10,T11,usual,rework_minutes,6.86906
E11-10,T11,usual,escalations,8
E11-10,T11,usual,confidence_score,64.20621
E11-10,T11,usual,workload_score,62.53434
E11-11,T11,usual,handling_minutes,58.40622
E11-11,T11,usual,error_rate,0.05092
E11-11,T11,usual,quality_score,81.15401
E11-11,T11,usual,weekly_output,28
E11-11,T11,usual,fatigue_score,52.33377
E11-11,T11,usual,satisfaction,69.02075
E11-11,T11,usual,training_minutes,28.59059
E11-11,T11,usual,handoff_count,0
E11-11,T11,usual,rework_minutes,3.14597
E11-11,T11,usual,escalations,8
E11-11,T11,usual,confidence_score,47.76976
E11-11,T11,usual,workload_score,51.82712
E11-12,T11,usual,handling_minutes,76.85715
E11-12,T11,usual,error_rate,0.1051
E11-12,T11,usual,quality_score,80.23595
E11-12,T11,usual,weekly_output,24
E11-12,T11,usual,fatigue_score,47.87218
E11-12,T11,usual,satisfaction,70.24929
E11-12,T11,usual,training_minutes,20.61552
E11-12,T11,usual,handoff_count,4
E11-12,T11,usual,rework_minutes,10.82859
E11-12,T11,usual,escalations,9
E11-12,T11,usual,confidence_score,61.69046
E11-12,T11,usual,workload_score,57.48661
E11-13,T11,usual,handling_minutes,61.60787
E11-13,T11,usual,error_rate,0.06385
E11-13,T11,usual,quality_score,68.4057
E11-13,T11,usual,weekly_output,35
E11-13,T11,usual,fatigue_score,47.0122
E11-13,T11,usual,satisfaction,64.48179
E11-13,T11,usual,training_minutes,10.25755
E11-13,T11,usual,handoff_count,4
E11-13,T11,usual,rework_minutes,13.14257
E11-13,T11,usual,escalations,8
E11-13,T11,usual,confidence_score,50.65277
E11-13,T11,usual,workload_score,43.10699
E11-14,T11,usual,handling_minutes,65.43104
E11-14,T11,usual,error_rate,0.0234
E11-14,T11,usual,quality_score,66.26115
E11-14,T11,usual,weekly_output,37
E11-14,T11,usual,fatigue_score,58.6075
E11-14,T11,usual,satisfaction,61.63784
E11-14,T11,usual,training_minutes,20.34694
E11-14,T11,usual,handoff_count,0
E11-14,T11,usual,rework_minutes,2.83689
E11-14,T11,usual,escalations,8
E11-14,T11,usual,confidence_score,43.9356
E11-14,T11,usual,workload_score,45.42764
E11-15,T11,usual,handling_minutes,71.88247
E11-15,T11,usual,error_rate,0.08909
E11-15,T11,usual,quality_score,77.44803
E11-15,T11,usual,weekly_output,35
E11-15,T11,usual,fatigue_score,49.08228
E11-15,T11,usual,satisfaction,53.79523
E11-15,T11,usual,training_minutes,20.703
E11-15,T11,usual,handoff_count,4
E11-15,T11,usual,rework_minutes,3.90815
E11-15,T11,usual,escalations,8
E11-15,T11,usual,confidence_score,60.46228
E11-15,T11,usual,workload_score,51.00736
E11-16,T11,usual,handling_minutes,70.50827
E11-16,T11,usual,error_rate,0.04489
E11-16,T11,usual,quality_score,77.66341
E11-16,T11,usual,weekly_output,34
E11-16,T11,usual,fatigue_score,58.53435
E11-16,T11,usual,satisfaction,50.68883
E11-16,T11,usual,training_minutes,18.41528
E11-16,T11,usual,handoff_count,4
E11-16,T11,usual,rework_minutes,0
E11-16,T11,usual,escalations,9
E11-16,T11,usual,confidence_score,48.20212
E11-16,T11,usual,workload_score,46.05765
E11-17,T11,usual,handling_minutes,60.04916
E11-17,T11,usual,error_rate,0.02095
E11-17,T11,usual,quality_score,73.43744
E11-17,T11,usual,weekly_output,34
E11-17,T11,usual,fatigue_score,70.74563
E11-17,T11,usual,satisfaction,59.84691
E11-17,T11,usual,training_minutes,34.1204
E11-17,T11,usual,handoff_count,1
E11-17,T11,usual,rework_minutes,9.99745
E11-17,T11,usual,escalations,7
E11-17,T11,usual,confidence_score,59.34283
E11-17,T11,usual,workload_score,43.53433
E11-18,T11,usual,handling_minutes,56.05516
E11-18,T11,usual,error_rate,0.08216
E11-18,T11,usual,quality_score,73.1562
E11-18,T11,usual,weekly_output,32
E11-18,T11,usual,fatigue_score,39.86676
E11-18,T11,usual,satisfaction,58.90397
E11-18,T11,usual,training_minutes,26.90722
E11-18,T11,usual,handoff_count,4
E11-18,T11,usual,rework_minutes,13.80902
E11-18,T11,usual,escalations,6
E11-18,T11,usual,confidence_score,73.02311
E11-18,T11,usual,workload_score,64.43722
E11-19,T11,usual,handling_minutes,59.2247
E11-19,T11,usual,error_rate,0.08405
E11-19,T11,usual,quality_score,87.02099
E11-19,T11,usual,weekly_output,44
E11-19,T11,usual,fatigue_score,53.86321
E11-19,T11,usual,satisfaction,47.47009
E11-19,T11,usual,training_minutes,18.24792
E11-19,T11,usual,handoff_count,2
E11-19,T11,usual,rework_minutes,9.05523
E11-19,T11,usual,escalations,7
E11-19,T11,usual,confidence_score,61.60864
E11-19,T11,usual,workload_score,58.68234
E11-20,T11,usual,handling_minutes,68.20532
E11-20,T11,usual,error_rate,0.07645
E11-20,T11,usual,quality_score,78.90379
E11-20,T11,usual,weekly_output,37
E11-20,T11,usual,fatigue_score,56.90839
E11-20,T11,usual,satisfaction,77.21262
E11-20,T11,usual,training_minutes,30.64618
E11-20,T11,usual,handoff_count,1
E11-20,T11,usual,rework_minutes,3.09658
E11-20,T11,usual,escalations,8
E11-20,T11,usual,confidence_score,62.54601
E11-20,T11,usual,workload_score,42.29262
E12-01,T12,usual,handling_minutes,66.74242
E12-01,T12,usual,error_rate,0.0718
E12-01,T12,usual,quality_score,96.82924
E12-01,T12,usual,weekly_output,12
E12-01,T12,usual,fatigue_score,48.52792
E12-01,T12,usual,satisfaction,66.22875
E12-01,T12,usual,training_minutes,21.38808
E12-01,T12,usual,handoff_count,8
E12-01,T12,usual,rework_minutes,15.46693
E12-01,T12,usual,escalations,2
E12-01,T12,usual,confidence_score,61.39661
E12-01,T12,usual,workload_score,41.47916
E12-02,T12,usual,handling_minutes,62.47659
E12-02,T12,usual,error_rate,0.10076
E12-02,T12,usual,quality_score,80.85296
E12-02,T12,usual,weekly_output,20
E12-02,T12,usual,fatigue_score,47.8547
E12-02,T12,usual,satisfaction,41.76005
E12-02,T12,usual,training_minutes,27.45189
E12-02,T12,usual,handoff_count,6
E12-02,T12,usual,rework_minutes,12.21813
E12-02,T12,usual,escalations,1
E12-02,T12,usual,confidence_score,77.42256
E12-02,T12,usual,workload_score,64.75756
E12-03,T12,usual,handling_minutes,75.86743
E12-03,T12,usual,error_rate,0.08827
E12-03,T12,usual,quality_score,67.82523
E12-03,T12,usual,weekly_output,33
E12-03,T12,usual,fatigue_score,52.53422
E12-03,T12,usual,satisfaction,57.80762
E12-03,T12,usual,training_minutes,19.6452
E12-03,T12,usual,handoff_count,5
E12-03,T12,usual,rework_minutes,15.38751
E12-03,T12,usual,escalations,2
E12-03,T12,usual,confidence_score,54.86317
E12-03,T12,usual,workload_score,64.11823
E12-04,T12,usual,handling_minutes,60.23157
E12-04,T12,usual,error_rate,0.04446
E12-04,T12,usual,quality_score,76.98993
E12-04,T12,usual,weekly_output,40
E12-04,T12,usual,fatigue_score,61.11221
E12-04,T12,usual,satisfaction,61.69271
E12-04,T12,usual,training_minutes,26.92061
E12-04,T12,usual,handoff_count,5
E12-04,T12,usual,rework_minutes,16.74022
E12-04,T12,usual,escalations,1
E12-04,T12,usual,confidence_score,64.84921
E12-04,T12,usual,workload_score,55.31877
E12-05,T12,usual,handling_minutes,59.6658
E12-05,T12,usual,error_rate,0.08219
E12-05,T12,usual,quality_score,70.74513
E12-05,T12,usual,weekly_output,30
E12-05,T12,usual,fatigue_score,55.17939
E12-05,T12,usual,satisfaction,70.70187
E12-05,T12,usual,training_minutes,18.44755
E12-05,T12,usual,handoff_count,7
E12-05,T12,usual,rework_minutes,11.03046
E12-05,T12,usual,escalations,2
E12-05,T12,usual,confidence_score,66.47174
E12-05,T12,usual,workload_score,54.0398
E12-06,T12,usual,handling_minutes,59.72285
E12-06,T12,usual,error_rate,0.07517
E12-06,T12,usual,quality_score,69.71571
E12-06,T12,usual,weekly_output,34
E12-06,T12,usual,fatigue_score,58.02646
E12-06,T12,usual,satisfaction,85.04969
E12-06,T12,usual,training_minutes,12.54231
E12-06,T12,usual,handoff_count,5
E12-06,T12,usual,rework_minutes,3.08008
E12-06,T12,usual,escalations,1
E12-06,T12,usual,confidence_score,60.89451
E12-06,T12,usual,workload_score,50.75578
E12-07,T12,usual,handling_minutes,60.82925
E12-07,T12,usual,error_rate,0.07297
E12-07,T12,usual,quality_score,81.93162
E12-07,T12,usual,weekly_output,29
E12-07,T12,usual,fatigue_score,56.20954
E12-07,T12,usual,satisfaction,57.98978
E12-07,T12,usual,training_minutes,14.19269
E12-07,T12,usual,handoff_count,7
E12-07,T12,usual,rework_minutes,9.72747
E12-07,T12,usual,escalations,1
E12-07,T12,usual,confidence_score,71.6976
E12-07,T12,usual,workload_score,41.5932
E12-08,T12,usual,handling_minutes,43.94643
E12-08,T12,usual,error_rate,0.09369
E12-08,T12,usual,quality_score,78.80264
E12-08,T12,usual,weekly_output,23
E12-08,T12,usual,fatigue_score,67.97758
E12-08,T12,usual,satisfaction,65.05185
E12-08,T12,usual,training_minutes,27.56296
E12-08,T12,usual,handoff_count,8
E12-08,T12,usual,rework_minutes,14.49502
E12-08,T12,usual,escalations,2
E12-08,T12,usual,confidence_score,53.0439
E12-08,T12,usual,workload_score,44.70442
E12-09,T12,usual,handling_minutes,58.34594
E12-09,T12,usual,error_rate,0.05546
E12-09,T12,usual,quality_score,69.75639
E12-09,T12,usual,weekly_output,31
E12-09,T12,usual,fatigue_score,51.82212
E12-09,T12,usual,satisfaction,53.87284
E12-09,T12,usual,training_minutes,15.89608
E12-09,T12,usual,handoff_count,6
E12-09,T12,usual,rework_minutes,5.48595
E12-09,T12,usual,escalations,1
E12-09,T12,usual,confidence_score,61.51568
E12-09,T12,usual,workload_score,57.03892
E12-10,T12,usual,handling_minutes,54.95427
E12-10,T12,usual,error_rate,0.03975
E12-10,T12,usual,quality_score,80.06994
E12-10,T12,usual,weekly_output,11
E12-10,T12,usual,fatigue_score,61.36124
E12-10,T12,usual,satisfaction,52.44709
E12-10,T12,usual,training_minutes,22.32024
E12-10,T12,usual,handoff_count,6
E12-10,T12,usual,rework_minutes,10.66023
E12-10,T12,usual,escalations,3
E12-10,T12,usual,confidence_score,59.57135
E12-10,T12,usual,workload_score,50.56728
E12-11,T12,usual,handling_minutes,44.04088
E12-11,T12,usual,error_rate,0.12091
E12-11,T12,usual,quality_score,78.01591
E12-11,T12,usual,weekly_output,30
E12-11,T12,usual,fatigue_score,46.9944
E12-11,T12,usual,satisfaction,81.92396
E12-11,T12,usual,training_minutes,10.70165
E12-11,T12,usual,handoff_count,7
E12-11,T12,usual,rework_minutes,13.27972
E12-11,T12,usual,escalations,2
E12-11,T12,usual,confidence_score,59.77389
E12-11,T12,usual,workload_score,44.59412
E12-12,T12,usual,handling_minutes,50.14815
E12-12,T12,usual,error_rate,0.09903
E12-12,T12,usual,quality_score,71.64106
E12-12,T12,usual,weekly_output,22
E12-12,T12,usual,fatigue_score,58.67576
E12-12,T12,usual,satisfaction,72.22196
E12-12,T12,usual,training_minutes,32.32953
E12-12,T12,usual,handoff_count,5
E12-12,T12,usual,rework_minutes,12.20456
E12-12,T12,usual,escalations,1
E12-12,T12,usual,confidence_score,58.87589
E12-12,T12,usual,workload_score,47.61663
E12-13,T12,usual,handling_minutes,69.93878
E12-13,T12,usual,error_rate,0.11955
E12-13,T12,usual,quality_score,74.61266
E12-13,T12,usual,weekly_output,31
E12-13,T12,usual,fatigue_score,59.70383
E12-13,T12,usual,satisfaction,62.02914
E12-13,T12,usual,training_minutes,20.78079
E12-13,T12,usual,handoff_count,8
E12-13,T12,usual,rework_minutes,11.22743
E12-13,T12,usual,escalations,2
E12-13,T12,usual,confidence_score,52.8604
E12-13,T12,usual,workload_score,42.53722
E12-14,T12,usual,handling_minutes,48.52835
E12-14,T12,usual,error_rate,0.08475
E12-14,T12,usual,quality_score,81.69417
E12-14,T12,usual,weekly_output,23
E12-14,T12,usual,fatigue_score,49.63493
E12-14,T12,usual,satisfaction,53.49916
E12-14,T12,usual,training_minutes,29.90202
E12-14,T12,usual,handoff_count,6
E12-14,T12,usual,rework_minutes,15.30523
E12-14,T12,usual,escalations,1
E12-14,T12,usual,confidence_score,52.53796
E12-14,T12,usual,workload_score,41.32839
E12-15,T12,usual,handling_minutes,72.8398
E12-15,T12,usual,error_rate,0.083
E12-15,T12,usual,quality_score,96.40065
E12-15,T12,usual,weekly_output,20
E12-15,T12,usual,fatigue_score,57.15136
E12-15,T12,usual,satisfaction,60.78964
E12-15,T12,usual,training_minutes,15.97753
E12-15,T12,usual,handoff_count,7
E12-15,T12,usual,rework_minutes,12.50599
E12-15,T12,usual,escalations,0
E12-15,T12,usual,confidence_score,63.95815
E12-15,T12,usual,workload_score,49.43861
E12-16,T12,usual,handling_minutes,59.90775
E12-16,T12,usual,error_rate,0.09624
E12-16,T12,usual,quality_score,78.17138
E12-16,T12,usual,weekly_output,30
E12-16,T12,usual,fatigue_score,73.70319
E12-16,T12,usual,satisfaction,63.22451
E12-16,T12,usual,training_minutes,19.13385
E12-16,T12,usual,handoff_count,4
E12-16,T12,usual,rework_minutes,10.88714
E12-16,T12,usual,escalations,1
E12-16,T12,usual,confidence_score,63.08882
E12-16,T12,usual,workload_score,49.29619
E12-17,T12,usual,handling_minutes,56.90398
E12-17,T12,usual,error_rate,0.05001
E12-17,T12,usual,quality_score,70.56635
E12-17,T12,usual,weekly_output,33
E12-17,T12,usual,fatigue_score,53.24419
E12-17,T12,usual,satisfaction,58.92845
E12-17,T12,usual,training_minutes,22.58605
E12-17,T12,usual,handoff_count,8
E12-17,T12,usual,rework_minutes,15.41081
E12-17,T12,usual,escalations,4
E12-17,T12,usual,confidence_score,66.53175
E12-17,T12,usual,workload_score,62.83639
E12-18,T12,usual,handling_minutes,61.02842
E12-18,T12,usual,error_rate,0.13534
E12-18,T12,usual,quality_score,84.10808
E12-18,T12,usual,weekly_output,24
E12-18,T12,usual,fatigue_score,59.82237
E12-18,T12,usual,satisfaction,57.26295
E12-18,T12,usual,training_minutes,26.33585
E12-18,T12,usual,handoff_count,9
E12-18,T12,usual,rework_minutes,12.90377
E12-18,T12,usual,escalations,3
E12-18,T12,usual,confidence_score,76.75916
E12-18,T12,usual,workload_score,48.78333
E12-19,T12,usual,handling_minutes,54.28302
E12-19,T12,usual,error_rate,0.07124
E12-19,T12,usual,quality_score,86.57714
E12-19,T12,usual,weekly_output,50
E12-19,T12,usual,fatigue_score,43.66192
E12-19,T12,usual,satisfaction,67.26052
E12-19,T12,usual,training_minutes,41.32183
E12-19,T12,usual,handoff_count,5
E12-19,T12,usual,rework_minutes,11.62047
E12-19,T12,usual,escalations,1
E12-19,T12,usual,confidence_score,62.61396
E12-19,T12,usual,workload_score,35.4438
E12-20,T12,usual,handling_minutes,65.1563
E12-20,T12,usual,error_rate,0.07227
E12-20,T12,usual,quality_score,71.65763
E12-20,T12,usual,weekly_output,25
E12-20,T12,usual,fatigue_score,48.88333
E12-20,T12,usual,satisfaction,60.67587
E12-20,T12,usual,training_minutes,21.42342
E12-20,T12,usual,handoff_count,5
E12-20,T12,usual,rework_minutes,16.75568
E12-20,T12,usual,escalations,3
E12-20,T12,usual,confidence_score,48.3631
E12-20,T12,usual,workload_score,44.78963
E13-01,T13,usual,handling_minutes,65.56044
E13-01,T13,usual,error_rate,0.07449
E13-01,T13,usual,quality_score,77.65368
E13-01,T13,usual,weekly_output,18
E13-01,T13,usual,fatigue_score,45.52518
E13-01,T13,usual,satisfaction,52.38795
E13-01,T13,usual,training_minutes,25.70957
E13-01,T13,usual,handoff_count,11
E13-01,T13,usual,rework_minutes,12.21187
E13-01,T13,usual,escalations,4
E13-01,T13,usual,confidence_score,68.45892
E13-01,T13,usual,workload_score,57.84956
E13-02,T13,usual,handling_minutes,53.73425
E13-02,T13,usual,error_rate,0.03124
E13-02,T13,usual,quality_score,72.77903
E13-02,T13,usual,weekly_output,20
E13-02,T13,usual,fatigue_score,65.83982
E13-02,T13,usual,satisfaction,67.23915
E13-02,T13,usual,training_minutes,19.37617
E13-02,T13,usual,handoff_count,11
E13-02,T13,usual,rework_minutes,9.94659
E13-02,T13,usual,escalations,4
E13-02,T13,usual,confidence_score,53.69701
E13-02,T13,usual,workload_score,41.75689
E13-03,T13,usual,handling_minutes,72.61435
E13-03,T13,usual,error_rate,0.02296
E13-03,T13,usual,quality_score,81.02014
E13-03,T13,usual,weekly_output,42
E13-03,T13,usual,fatigue_score,55.50304
E13-03,T13,usual,satisfaction,53.00854
E13-03,T13,usual,training_minutes,21.60354
E13-03,T13,usual,handoff_count,9
E13-03,T13,usual,rework_minutes,6.59688
E13-03,T13,usual,escalations,4
E13-03,T13,usual,confidence_score,66.04268
E13-03,T13,usual,workload_score,43.54502
E13-04,T13,usual,handling_minutes,60.57514
E13-04,T13,usual,error_rate,0.08887
E13-04,T13,usual,quality_score,79.71817
E13-04,T13,usual,weekly_output,37
E13-04,T13,usual,fatigue_score,38.56605
E13-04,T13,usual,satisfaction,79.11203
E13-04,T13,usual,training_minutes,24.32626
E13-04,T13,usual,handoff_count,11
E13-04,T13,usual,rework_minutes,1.73663
E13-04,T13,usual,escalations,2
E13-04,T13,usual,confidence_score,63.32061
E13-04,T13,usual,workload_score,60.87033
E13-05,T13,usual,handling_minutes,80.02596
E13-05,T13,usual,error_rate,0.10117
E13-05,T13,usual,quality_score,76.3096
E13-05,T13,usual,weekly_output,38
E13-05,T13,usual,fatigue_score,61.85701
E13-05,T13,usual,satisfaction,86.20089
E13-05,T13,usual,training_minutes,14.0194
E13-05,T13,usual,handoff_count,8
E13-05,T13,usual,rework_minutes,8.90058
E13-05,T13,usual,escalations,4
E13-05,T13,usual,confidence_score,53.912
E13-05,T13,usual,workload_score,37.93154
E13-06,T13,usual,handling_minutes,60.15106
E13-06,T13,usual,error_rate,0.03703
E13-06,T13,usual,quality_score,73.36028
E13-06,T13,usual,weekly_output,22
E13-06,T13,usual,fatigue_score,46.05288
E13-06,T13,usual,satisfaction,50.19654
E13-06,T13,usual,training_minutes,25.25003
E13-06,T13,usual,handoff_count,9
E13-06,T13,usual,rework_minutes,13.50781
E13-06,T13,usual,escalations,5
E13-06,T13,usual,confidence_score,54.19284
E13-06,T13,usual,workload_score,48.74486
E13-07,T13,usual,handling_minutes,61.5077
E13-07,T13,usual,error_rate,0.0866
E13-07,T13,usual,quality_score,75.56224
E13-07,T13,usual,weekly_output,37
E13-07,T13,usual,fatigue_score,55.84207
E13-07,T13,usual,satisfaction,52.46678
E13-07,T13,usual,training_minutes,15.5155
E13-07,T13,usual,handoff_count,11
E13-07,T13,usual,rework_minutes,9.94363
E13-07,T13,usual,escalations,3
E13-07,T13,usual,confidence_score,48.9271
E13-07,T13,usual,workload_score,38.82933
E13-08,T13,usual,handling_minutes,65.76436
E13-08,T13,usual,error_rate,0.05803
E13-08,T13,usual,quality_score,82.7958
E13-08,T13,usual,weekly_output,26
E13-08,T13,usual,fatigue_score,42.95663
E13-08,T13,usual,satisfaction,64.98897
E13-08,T13,usual,training_minutes,15.60606
E13-08,T13,usual,handoff_count,10
E13-08,T13,usual,rework_minutes,15.64558
E13-08,T13,usual,escalations,4
E13-08,T13,usual,confidence_score,57.93575
E13-08,T13,usual,workload_score,45.28883
E13-09,T13,usual,handling_minutes,61.10371
E13-09,T13,usual,error_rate,0.03568
E13-09,T13,usual,quality_score,72.98795
E13-09,T13,usual,weekly_output,32
E13-09,T13,usual,fatigue_score,58.69689
E13-09,T13,usual,satisfaction,70.83588
E13-09,T13,usual,training_minutes,11.85345
E13-09,T13,usual,handoff_count,12
E13-09,T13,usual,rework_minutes,13.7871
E13-09,T13,usual,escalations,4
E13-09,T13,usual,confidence_score,49.7888
E13-09,T13,usual,workload_score,48.89664
E13-10,T13,usual,handling_minutes,75.3414
E13-10,T13,usual,error_rate,0.12225
E13-10,T13,usual,quality_score,69.17947
E13-10,T13,usual,weekly_output,35
E13-10,T13,usual,fatigue_score,62.91715
E13-10,T13,usual,satisfaction,69.72927
E13-10,T13,usual,training_minutes,17.90519
E13-10,T13,usual,handoff_count,10
E13-10,T13,usual,rework_minutes,13.84035
E13-10,T13,usual,escalations,3
E13-10,T13,usual,confidence_score,64.46414
E13-10,T13,usual,workload_score,41.46333
E13-11,T13,usual,handling_minutes,64.41121
E13-11,T13,usual,error_rate,0.12306
E13-11,T13,usual,quality_score,86.91082
E13-11,T13,usual,weekly_output,23
E13-11,T13,usual,fatigue_score,64.28978
E13-11,T13,usual,satisfaction,57.11541
E13-11,T13,usual,training_minutes,18.68345
E13-11,T13,usual,handoff_count,10
E13-11,T13,usual,rework_minutes,8.29412
E13-11,T13,usual,escalations,4
E13-11,T13,usual,confidence_score,69.05452
E13-11,T13,usual,workload_score,48.31603
E13-12,T13,usual,handling_minutes,83.10582
E13-12,T13,usual,error_rate,0.10795
E13-12,T13,usual,quality_score,75.11598
E13-12,T13,usual,weekly_output,28
E13-12,T13,usual,fatigue_score,60.91591
E13-12,T13,usual,satisfaction,67.91674
E13-12,T13,usual,training_minutes,11.58644
E13-12,T13,usual,handoff_count,9
E13-12,T13,usual,rework_minutes,7.94761
E13-12,T13,usual,escalations,3
E13-12,T13,usual,confidence_score,68.31494
E13-12,T13,usual,workload_score,59.19091
E13-13,T13,usual,handling_minutes,69.1043
E13-13,T13,usual,error_rate,0.09159
E13-13,T13,usual,quality_score,83.59329
E13-13,T13,usual,weekly_output,18
E13-13,T13,usual,fatigue_score,50.22225
E13-13,T13,usual,satisfaction,53.37943
E13-13,T13,usual,training_minutes,19.61252
E13-13,T13,usual,handoff_count,11
E13-13,T13,usual,rework_minutes,13.89793
E13-13,T13,usual,escalations,4
E13-13,T13,usual,confidence_score,44.80958
E13-13,T13,usual,workload_score,28.5979
E13-14,T13,usual,handling_minutes,52.34402
E13-14,T13,usual,error_rate,0.09097
E13-14,T13,usual,quality_score,75.14799
E13-14,T13,usual,weekly_output,31
E13-14,T13,usual,fatigue_score,48.17778
E13-14,T13,usual,satisfaction,76.47606
E13-14,T13,usual,training_minutes,14.12184
E13-14,T13,usual,handoff_count,11
E13-14,T13,usual,rework_minutes,13.69201
E13-14,T13,usual,escalations,5
E13-14,T13,usual,confidence_score,64.99681
E13-14,T13,usual,workload_score,50.77786
E13-15,T13,usual,handling_minutes,69.58227
E13-15,T13,usual,error_rate,0.05682
E13-15,T13,usual,quality_score,68.27923
E13-15,T13,usual,weekly_output,25
E13-15,T13,usual,fatigue_score,56.88814
E13-15,T13,usual,satisfaction,57.258
E13-15,T13,usual,training_minutes,12.155
E13-15,T13,usual,handoff_count,11
E13-15,T13,usual,rework_minutes,3.2732
E13-15,T13,usual,escalations,4
E13-15,T13,usual,confidence_score,52.37959
E13-15,T13,usual,workload_score,60.36437
E13-16,T13,usual,handling_minutes,60.6477
E13-16,T13,usual,error_rate,0.05893
E13-16,T13,usual,quality_score,74.96566
E13-16,T13,usual,weekly_output,41
E13-16,T13,usual,fatigue_score,52.35296
E13-16,T13,usual,satisfaction,54.20189
E13-16,T13,usual,training_minutes,20.5916
E13-16,T13,usual,handoff_count,13
E13-16,T13,usual,rework_minutes,9.39693
E13-16,T13,usual,escalations,2
E13-16,T13,usual,confidence_score,79.70875
E13-16,T13,usual,workload_score,54.89178
E13-17,T13,usual,handling_minutes,67.05789
E13-17,T13,usual,error_rate,0.12718
E13-17,T13,usual,quality_score,75.35844
E13-17,T13,usual,weekly_output,28
E13-17,T13,usual,fatigue_score,57.0506
E13-17,T13,usual,satisfaction,60.40271
E13-17,T13,usual,training_minutes,21.16845
E13-17,T13,usual,handoff_count,7
E13-17,T13,usual,rework_minutes,18.10993
E13-17,T13,usual,escalations,2
E13-17,T13,usual,confidence_score,64.53223
E13-17,T13,usual,workload_score,41.25968
E13-18,T13,usual,handling_minutes,68.00328
E13-18,T13,usual,error_rate,0.04696
E13-18,T13,usual,quality_score,71.75
E13-18,T13,usual,weekly_output,36
E13-18,T13,usual,fatigue_score,46.22081
E13-18,T13,usual,satisfaction,70.32355
E13-18,T13,usual,training_minutes,17.7869
E13-18,T13,usual,handoff_count,9
E13-18,T13,usual,rework_minutes,10.99482
E13-18,T13,usual,escalations,5
E13-18,T13,usual,confidence_score,41.85084
E13-18,T13,usual,workload_score,51.0111
E13-19,T13,usual,handling_minutes,79.82658
E13-19,T13,usual,error_rate,0.11561
E13-19,T13,usual,quality_score,78.18682
E13-19,T13,usual,weekly_output,34
E13-19,T13,usual,fatigue_score,58.33486
E13-19,T13,usual,satisfaction,46.68049
E13-19,T13,usual,training_minutes,22.94088
E13-19,T13,usual,handoff_count,7
E13-19,T13,usual,rework_minutes,9.21813
E13-19,T13,usual,escalations,4
E13-19,T13,usual,confidence_score,61.55432
E13-19,T13,usual,workload_score,52.42242
E13-20,T13,usual,handling_minutes,71.93904
E13-20,T13,usual,error_rate,0.07532
E13-20,T13,usual,quality_score,74.56127
E13-20,T13,usual,weekly_output,26
E13-20,T13,usual,fatigue_score,50.83962
E13-20,T13,usual,satisfaction,80.24776
E13-20,T13,usual,training_minutes,11.57445
E13-20,T13,usual,handoff_count,10
E13-20,T13,usual,rework_minutes,8.70162
E13-20,T13,usual,escalations,3
E13-20,T13,usual,confidence_score,55.54097
E13-20,T13,usual,workload_score,52.55146
E14-01,T14,usual,handling_minutes,42.60938
E14-01,T14,usual,error_rate,0.07483
E14-01,T14,usual,quality_score,71.56468
E14-01,T14,usual,weekly_output,34
E14-01,T14,usual,fatigue_score,55.29406
E14-01,T14,usual,satisfaction,78.30478
E14-01,T14,usual,training_minutes,13.63007
E14-01,T14,usual,handoff_count,7
E14-01,T14,usual,rework_minutes,11.17444
E14-01,T14,usual,escalations,4
E14-01,T14,usual,confidence_score,57.1016
E14-01,T14,usual,workload_score,44.68531
E14-02,T14,usual,handling_minutes,53.7982
E14-02,T14,usual,error_rate,0.05236
E14-02,T14,usual,quality_score,78.71768
E14-02,T14,usual,weekly_output,32
E14-02,T14,usual,fatigue_score,47.32565
E14-02,T14,usual,satisfaction,75.40012
E14-02,T14,usual,training_minutes,18.86083
E14-02,T14,usual,handoff_count,6
E14-02,T14,usual,rework_minutes,12.40539
E14-02,T14,usual,escalations,4
E14-02,T14,usual,confidence_score,69.40791
E14-02,T14,usual,workload_score,33.28862
E14-03,T14,usual,handling_minutes,54.08606
E14-03,T14,usual,error_rate,0.02922
E14-03,T14,usual,quality_score,65.41699
E14-03,T14,usual,weekly_output,33
E14-03,T14,usual,fatigue_score,43.19222
E14-03,T14,usual,satisfaction,65.73499
E14-03,T14,usual,training_minutes,22.46737
E14-03,T14,usual,handoff_count,6
E14-03,T14,usual,rework_minutes,16.11518
E14-03,T14,usual,escalations,4
E14-03,T14,usual,confidence_score,59.19405
E14-03,T14,usual,workload_score,38.84976
E14-04,T14,usual,handling_minutes,53.78579
E14-04,T14,usual,error_rate,0.08336
E14-04,T14,usual,quality_score,86.15455
E14-04,T14,usual,weekly_output,30
E14-04,T14,usual,fatigue_score,57.47324
E14-04,T14,usual,satisfaction,64.04799
E14-04,T14,usual,training_minutes,19.87867
E14-04,T14,usual,handoff_count,6
E14-04,T14,usual,rework_minutes,9.21294
E14-04,T14,usual,escalations,5
E14-04,T14,usual,confidence_score,67.35586
E14-04,T14,usual,workload_score,60.13972
E14-05,T14,usual,handling_minutes,42.00129
E14-05,T14,usual,error_rate,0.07452
E14-05,T14,usual,quality_score,81.71071
E14-05,T14,usual,weekly_output,38
E14-05,T14,usual,fatigue_score,43.81346
E14-05,T14,usual,satisfaction,73.16244
E14-05,T14,usual,training_minutes,21.66192
E14-05,T14,usual,handoff_count,6
E14-05,T14,usual,rework_minutes,6.35026
E14-05,T14,usual,escalations,5
E14-05,T14,usual,confidence_score,68.97508
E14-05,T14,usual,workload_score,54.16325
E14-06,T14,usual,handling_minutes,63.345
E14-06,T14,usual,error_rate,0.09619
E14-06,T14,usual,quality_score,70.69716
E14-06,T14,usual,weekly_output,21
E14-06,T14,usual,fatigue_score,60.53642
E14-06,T14,usual,satisfaction,55.2836
E14-06,T14,usual,training_minutes,20.91448
E14-06,T14,usual,handoff_count,5
E14-06,T14,usual,rework_minutes,2.74776
E14-06,T14,usual,escalations,4
E14-06,T14,usual,confidence_score,61.52532
E14-06,T14,usual,workload_score,53.69187
E14-07,T14,usual,handling_minutes,59.09567
E14-07,T14,usual,error_rate,0.1313
E14-07,T14,usual,quality_score,75.03687
E14-07,T14,usual,weekly_output,26
E14-07,T14,usual,fatigue_score,49.40189
E14-07,T14,usual,satisfaction,60.05343
E14-07,T14,usual,training_minutes,17.03241
E14-07,T14,usual,handoff_count,9
E14-07,T14,usual,rework_minutes,14.37945
E14-07,T14,usual,escalations,5
E14-07,T14,usual,confidence_score,67.57056
E14-07,T14,usual,workload_score,47.97802
E14-08,T14,usual,handling_minutes,49.22567
E14-08,T14,usual,error_rate,0.04548
E14-08,T14,usual,quality_score,80.28559
E14-08,T14,usual,weekly_output,31
E14-08,T14,usual,fatigue_score,67.47049
E14-08,T14,usual,satisfaction,84.95894
E14-08,T14,usual,training_minutes,20.00965
E14-08,T14,usual,handoff_count,9
E14-08,T14,usual,rework_minutes,15.70771
E14-08,T14,usual,escalations,4
E14-08,T14,usual,confidence_score,60.34486
E14-08,T14,usual,workload_score,46.62422
E14-09,T14,usual,handling_minutes,65.10332
E14-09,T14,usual,error_rate,0.09378
E14-09,T14,usual,quality_score,77.4483
E14-09,T14,usual,weekly_output,25
E14-09,T14,usual,fatigue_score,54.08998
E14-09,T14,usual,satisfaction,55.27958
E14-09,T14,usual,training_minutes,27.43992
E14-09,T14,usual,handoff_count,8
E14-09,T14,usual,rework_minutes,13.13945
E14-09,T14,usual,escalations,4
E14-09,T14,usual,confidence_score,49.62437
E14-09,T14,usual,workload_score,43.32314
E14-10,T14,usual,handling_minutes,60.63752
E14-10,T14,usual,error_rate,0.08435
E14-10,T14,usual,quality_score,69.61713
E14-10,T14,usual,weekly_output,36
E14-10,T14,usual,fatigue_score,42.6867
E14-10,T14,usual,satisfaction,72.5464
E14-10,T14,usual,training_minutes,10.68154
E14-10,T14,usual,handoff_count,5
E14-10,T14,usual,rework_minutes,10.35098
E14-10,T14,usual,escalations,5
E14-10,T14,usual,confidence_score,62.61438
E14-10,T14,usual,workload_score,37.7583
E14-11,T14,usual,handling_minutes,37.41988
E14-11,T14,usual,error_rate,0.07479
E14-11,T14,usual,quality_score,71.42124
E14-11,T14,usual,weekly_output,22
E14-11,T14,usual,fatigue_score,43.0288
E14-11,T14,usual,satisfaction,41.90174
E14-11,T14,usual,training_minutes,15.04254
E14-11,T14,usual,handoff_count,7
E14-11,T14,usual,rework_minutes,7.09595
E14-11,T14,usual,escalations,5
E14-11,T14,usual,confidence_score,53.6501
E14-11,T14,usual,workload_score,54.3955
E14-12,T14,usual,handling_minutes,43.65884
E14-12,T14,usual,error_rate,0.03455
E14-12,T14,usual,quality_score,75.64907
E14-12,T14,usual,weekly_output,47
E14-12,T14,usual,fatigue_score,46.39046
E14-12,T14,usual,satisfaction,57.41571
E14-12,T14,usual,training_minutes,16.66601
E14-12,T14,usual,handoff_count,6
E14-12,T14,usual,rework_minutes,5.77925
E14-12,T14,usual,escalations,5
E14-12,T14,usual,confidence_score,64.65448
E14-12,T14,usual,workload_score,68.59143
E14-13,T14,usual,handling_minutes,41.03644
E14-13,T14,usual,error_rate,0.15096
E14-13,T14,usual,quality_score,79.94746
E14-13,T14,usual,weekly_output,30
E14-13,T14,usual,fatigue_score,67.64992
E14-13,T14,usual,satisfaction,60.46896
E14-13,T14,usual,training_minutes,18.43026
E14-13,T14,usual,handoff_count,6
E14-13,T14,usual,rework_minutes,7.00766
E14-13,T14,usual,escalations,4
E14-13,T14,usual,confidence_score,69.00434
E14-13,T14,usual,workload_score,58.89317
E14-14,T14,usual,handling_minutes,56.15835
E14-14,T14,usual,error_rate,0.10527
E14-14,T14,usual,quality_score,83.17658
E14-14,T14,usual,weekly_output,36
E14-14,T14,usual,fatigue_score,67.17495
E14-14,T14,usual,satisfaction,57.16159
E14-14,T14,usual,training_minutes,27.87829
E14-14,T14,usual,handoff_count,6
E14-14,T14,usual,rework_minutes,7.40691
E14-14,T14,usual,escalations,4
E14-14,T14,usual,confidence_score,54.58664
E14-14,T14,usual,workload_score,49.51477
E14-15,T14,usual,handling_minutes,49.28203
E14-15,T14,usual,error_rate,0.0522
E14-15,T14,usual,quality_score,83.44761
E14-15,T14,usual,weekly_output,33
E14-15,T14,usual,fatigue_score,43.2805
E14-15,T14,usual,satisfaction,60.85814
E14-15,T14,usual,training_minutes,0
E14-15,T14,usual,handoff_count,6
E14-15,T14,usual,rework_minutes,3.78123
E14-15,T14,usual,escalations,4
E14-15,T14,usual,confidence_score,69.26656
E14-15,T14,usual,workload_score,46.96856
E14-16,T14,usual,handling_minutes,48.31859
E14-16,T14,usual,error_rate,0.08149
E14-16,T14,usual,quality_score,59.63873
E14-16,T14,usual,weekly_output,47
E14-16,T14,usual,fatigue_score,55.80271
E14-16,T14,usual,satisfaction,70.84971
E14-16,T14,usual,training_minutes,22.40481
E14-16,T14,usual,handoff_count,7
E14-16,T14,usual,rework_minutes,11.51829
E14-16,T14,usual,escalations,4
E14-16,T14,usual,confidence_score,64.07791
E14-16,T14,usual,workload_score,53.49581
E14-17,T14,usual,handling_minutes,52.02648
E14-17,T14,usual,error_rate,0.0367
E14-17,T14,usual,quality_score,73.38319
E14-17,T14,usual,weekly_output,36
E14-17,T14,usual,fatigue_score,54.69039
E14-17,T14,usual,satisfaction,60.16773
E14-17,T14,usual,training_minutes,26.11344
E14-17,T14,usual,handoff_count,8
E14-17,T14,usual,rework_minutes,21.13796
E14-17,T14,usual,escalations,3
E14-17,T14,usual,confidence_score,69.6898
E14-17,T14,usual,workload_score,54.17131
E14-18,T14,usual,handling_minutes,48.51688
E14-18,T14,usual,error_rate,0.04969
E14-18,T14,usual,quality_score,83.1106
E14-18,T14,usual,weekly_output,27
E14-18,T14,usual,fatigue_score,43.45309
E14-18,T14,usual,satisfaction,73.91909
E14-18,T14,usual,training_minutes,22.54858
E14-18,T14,usual,handoff_count,7
E14-18,T14,usual,rework_minutes,9.72737
E14-18,T14,usual,escalations,4
E14-18,T14,usual,confidence_score,53.82124
E14-18,T14,usual,workload_score,46.10923
E14-19,T14,usual,handling_minutes,55.01572
E14-19,T14,usual,error_rate,0.04841
E14-19,T14,usual,quality_score,57.64723
E14-19,T14,usual,weekly_output,39
E14-19,T14,usual,fatigue_score,32.16934
E14-19,T14,usual,satisfaction,75.53811
E14-19,T14,usual,training_minutes,22.74087
E14-19,T14,usual,handoff_count,7
E14-19,T14,usual,rework_minutes,3.58716
E14-19,T14,usual,escalations,3
E14-19,T14,usual,confidence_score,76.66988
E14-19,T14,usual,workload_score,70.39599
E14-20,T14,usual,handling_minutes,39.14196
E14-20,T14,usual,error_rate,0.06132
E14-20,T14,usual,quality_score,81.64915
E14-20,T14,usual,weekly_output,40
E14-20,T14,usual,fatigue_score,52.8411
E14-20,T14,usual,satisfaction,61.21512
E14-20,T14,usual,training_minutes,27.61143
E14-20,T14,usual,handoff_count,5
E14-20,T14,usual,rework_minutes,6.78198
E14-20,T14,usual,escalations,3
E14-20,T14,usual,confidence_score,59.35698
E14-20,T14,usual,workload_score,47.00198
E15-01,T15,usual,handling_minutes,63.27406
E15-01,T15,usual,error_rate,0.06763
E15-01,T15,usual,quality_score,76.53502
E15-01,T15,usual,weekly_output,31
E15-01,T15,usual,fatigue_score,52.72238
E15-01,T15,usual,satisfaction,69.23727
E15-01,T15,usual,training_minutes,18.7985
E15-01,T15,usual,handoff_count,6
E15-01,T15,usual,rework_minutes,12.47851
E15-01,T15,usual,escalations,6
E15-01,T15,usual,confidence_score,61.37801
E15-01,T15,usual,workload_score,46.49103
E15-02,T15,usual,handling_minutes,60.4482
E15-02,T15,usual,error_rate,0.08872
E15-02,T15,usual,quality_score,85.22189
E15-02,T15,usual,weekly_output,37
E15-02,T15,usual,fatigue_score,69.02669
E15-02,T15,usual,satisfaction,58.78321
E15-02,T15,usual,training_minutes,23.63369
E15-02,T15,usual,handoff_count,7
E15-02,T15,usual,rework_minutes,10.56439
E15-02,T15,usual,escalations,6
E15-02,T15,usual,confidence_score,59.67137
E15-02,T15,usual,workload_score,52.52537
E15-03,T15,usual,handling_minutes,51.15157
E15-03,T15,usual,error_rate,0.06915
E15-03,T15,usual,quality_score,73.35291
E15-03,T15,usual,weekly_output,43
E15-03,T15,usual,fatigue_score,52.04568
E15-03,T15,usual,satisfaction,72.18757
E15-03,T15,usual,training_minutes,19.09648
E15-03,T15,usual,handoff_count,5
E15-03,T15,usual,rework_minutes,11.23799
E15-03,T15,usual,escalations,6
E15-03,T15,usual,confidence_score,64.52569
E15-03,T15,usual,workload_score,44.28498
E15-04,T15,usual,handling_minutes,46.96597
E15-04,T15,usual,error_rate,0.08582
E15-04,T15,usual,quality_score,86.48355
E15-04,T15,usual,weekly_output,41
E15-04,T15,usual,fatigue_score,49.22582
E15-04,T15,usual,satisfaction,61.13165
E15-04,T15,usual,training_minutes,15.5572
E15-04,T15,usual,handoff_count,4
E15-04,T15,usual,rework_minutes,11.60788
E15-04,T15,usual,escalations,5
E15-04,T15,usual,confidence_score,57.60691
E15-04,T15,usual,workload_score,54.67866
E15-05,T15,usual,handling_minutes,48.04136
E15-05,T15,usual,error_rate,0.12283
E15-05,T15,usual,quality_score,80.24551
E15-05,T15,usual,weekly_output,32
E15-05,T15,usual,fatigue_score,52.72604
E15-05,T15,usual,satisfaction,62.08106
E15-05,T15,usual,training_minutes,24.75893
E15-05,T15,usual,handoff_count,4
E15-05,T15,usual,rework_minutes,15.21567
E15-05,T15,usual,escalations,4
E15-05,T15,usual,confidence_score,53.77004
E15-05,T15,usual,workload_score,50.92439
E15-06,T15,usual,handling_minutes,41.35683
E15-06,T15,usual,error_rate,0.09861
E15-06,T15,usual,quality_score,66.23407
E15-06,T15,usual,weekly_output,25
E15-06,T15,usual,fatigue_score,59.47156
E15-06,T15,usual,satisfaction,78.12704
E15-06,T15,usual,training_minutes,22.01407
E15-06,T15,usual,handoff_count,5
E15-06,T15,usual,rework_minutes,17.47857
E15-06,T15,usual,escalations,6
E15-06,T15,usual,confidence_score,51.43826
E15-06,T15,usual,workload_score,54.43966
E15-07,T15,usual,handling_minutes,41.26724
E15-07,T15,usual,error_rate,0.09306
E15-07,T15,usual,quality_score,84.7147
E15-07,T15,usual,weekly_output,37
E15-07,T15,usual,fatigue_score,45.44882
E15-07,T15,usual,satisfaction,80.32669
E15-07,T15,usual,training_minutes,22.4365
E15-07,T15,usual,handoff_count,5
E15-07,T15,usual,rework_minutes,11.6069
E15-07,T15,usual,escalations,4
E15-07,T15,usual,confidence_score,62.88636
E15-07,T15,usual,workload_score,55.61194
E15-08,T15,usual,handling_minutes,59.20867
E15-08,T15,usual,error_rate,0.03399
E15-08,T15,usual,quality_score,71.73786
E15-08,T15,usual,weekly_output,39
E15-08,T15,usual,fatigue_score,55.35438
E15-08,T15,usual,satisfaction,62.75311
E15-08,T15,usual,training_minutes,22.61449
E15-08,T15,usual,handoff_count,3
E15-08,T15,usual,rework_minutes,13.48247
E15-08,T15,usual,escalations,6
E15-08,T15,usual,confidence_score,57.37992
E15-08,T15,usual,workload_score,51.18975
E15-09,T15,usual,handling_minutes,58.19915
E15-09,T15,usual,error_rate,0.07746
E15-09,T15,usual,quality_score,72.22514
E15-09,T15,usual,weekly_output,34
E15-09,T15,usual,fatigue_score,69.96215
E15-09,T15,usual,satisfaction,57.5897
E15-09,T15,usual,training_minutes,24.10028
E15-09,T15,usual,handoff_count,4
E15-09,T15,usual,rework_minutes,13.36922
E15-09,T15,usual,escalations,5
E15-09,T15,usual,confidence_score,53.35077
E15-09,T15,usual,workload_score,69.53054
E15-10,T15,usual,handling_minutes,33.71782
E15-10,T15,usual,error_rate,0.07075
E15-10,T15,usual,quality_score,71.27974
E15-10,T15,usual,weekly_output,37
E15-10,T15,usual,fatigue_score,69.93643
E15-10,T15,usual,satisfaction,67.71107
E15-10,T15,usual,training_minutes,26.64562
E15-10,T15,usual,handoff_count,5
E15-10,T15,usual,rework_minutes,15.32078
E15-10,T15,usual,escalations,6
E15-10,T15,usual,confidence_score,65.48681
E15-10,T15,usual,workload_score,53.06738
E15-11,T15,usual,handling_minutes,37.10557
E15-11,T15,usual,error_rate,0.15052
E15-11,T15,usual,quality_score,75.96925
E15-11,T15,usual,weekly_output,43
E15-11,T15,usual,fatigue_score,57.48131
E15-11,T15,usual,satisfaction,58.24002
E15-11,T15,usual,training_minutes,31.98253
E15-11,T15,usual,handoff_count,2
E15-11,T15,usual,rework_minutes,15.5875
E15-11,T15,usual,escalations,4
E15-11,T15,usual,confidence_score,75.41138
E15-11,T15,usual,workload_score,52.44924
E15-12,T15,usual,handling_minutes,47.91867
E15-12,T15,usual,error_rate,0.02349
E15-12,T15,usual,quality_score,74.31443
E15-12,T15,usual,weekly_output,32
E15-12,T15,usual,fatigue_score,56.26452
E15-12,T15,usual,satisfaction,58.0844
E15-12,T15,usual,training_minutes,21.82857
E15-12,T15,usual,handoff_count,3
E15-12,T15,usual,rework_minutes,15.83004
E15-12,T15,usual,escalations,5
E15-12,T15,usual,confidence_score,67.14923
E15-12,T15,usual,workload_score,42.65647
E15-13,T15,usual,handling_minutes,45.01674
E15-13,T15,usual,error_rate,0.14777
E15-13,T15,usual,quality_score,76.08638
E15-13,T15,usual,weekly_output,20
E15-13,T15,usual,fatigue_score,68.52149
E15-13,T15,usual,satisfaction,68.30413
E15-13,T15,usual,training_minutes,24.52658
E15-13,T15,usual,handoff_count,4
E15-13,T15,usual,rework_minutes,17.9564
E15-13,T15,usual,escalations,4
E15-13,T15,usual,confidence_score,57.92243
E15-13,T15,usual,workload_score,59.34349
E15-14,T15,usual,handling_minutes,39.69446
E15-14,T15,usual,error_rate,0.10403
E15-14,T15,usual,quality_score,86.99381
E15-14,T15,usual,weekly_output,38
E15-14,T15,usual,fatigue_score,55.74139
E15-14,T15,usual,satisfaction,68.38934
E15-14,T15,usual,training_minutes,20.87056
E15-14,T15,usual,handoff_count,6
E15-14,T15,usual,rework_minutes,8.05478
E15-14,T15,usual,escalations,7
E15-14,T15,usual,confidence_score,63.05668
E15-14,T15,usual,workload_score,48.69948
E15-15,T15,usual,handling_minutes,41.16303
E15-15,T15,usual,error_rate,0.03578
E15-15,T15,usual,quality_score,78.33634
E15-15,T15,usual,weekly_output,35
E15-15,T15,usual,fatigue_score,54.42401
E15-15,T15,usual,satisfaction,66.26423
E15-15,T15,usual,training_minutes,16.95522
E15-15,T15,usual,handoff_count,4
E15-15,T15,usual,rework_minutes,15.90259
E15-15,T15,usual,escalations,5
E15-15,T15,usual,confidence_score,45.62594
E15-15,T15,usual,workload_score,59.01125
E15-16,T15,usual,handling_minutes,53.38946
E15-16,T15,usual,error_rate,0.02866
E15-16,T15,usual,quality_score,86.03081
E15-16,T15,usual,weekly_output,25
E15-16,T15,usual,fatigue_score,55.19485
E15-16,T15,usual,satisfaction,46.18401
E15-16,T15,usual,training_minutes,20.43459
E15-16,T15,usual,handoff_count,6
E15-16,T15,usual,rework_minutes,10.08716
E15-16,T15,usual,escalations,4
E15-16,T15,usual,confidence_score,50.78696
E15-16,T15,usual,workload_score,53.94192
E15-17,T15,usual,handling_minutes,43.53389
E15-17,T15,usual,error_rate,0.12739
E15-17,T15,usual,quality_score,69.65841
E15-17,T15,usual,weekly_output,30
E15-17,T15,usual,fatigue_score,50.6114
E15-17,T15,usual,satisfaction,57.32979
E15-17,T15,usual,training_minutes,25.42622
E15-17,T15,usual,handoff_count,7
E15-17,T15,usual,rework_minutes,17.79215
E15-17,T15,usual,escalations,5
E15-17,T15,usual,confidence_score,43.06492
E15-17,T15,usual,workload_score,47.42541
E15-18,T15,usual,handling_minutes,46.09442
E15-18,T15,usual,error_rate,0.08443
E15-18,T15,usual,quality_score,80.96611
E15-18,T15,usual,weekly_output,45
E15-18,T15,usual,fatigue_score,61.00402
E15-18,T15,usual,satisfaction,62.88935
E15-18,T15,usual,training_minutes,21.08114
E15-18,T15,usual,handoff_count,7
E15-18,T15,usual,rework_minutes,12.25567
E15-18,T15,usual,escalations,6
E15-18,T15,usual,confidence_score,56.18372
E15-18,T15,usual,workload_score,48.02065
E15-19,T15,usual,handling_minutes,57.95806
E15-19,T15,usual,error_rate,0.00638
E15-19,T15,usual,quality_score,72.65922
E15-19,T15,usual,weekly_output,36
E15-19,T15,usual,fatigue_score,54.80156
E15-19,T15,usual,satisfaction,65.54634
E15-19,T15,usual,training_minutes,30.96052
E15-19,T15,usual,handoff_count,1
E15-19,T15,usual,rework_minutes,19.06616
E15-19,T15,usual,escalations,7
E15-19,T15,usual,confidence_score,61.38778
E15-19,T15,usual,workload_score,53.89368
E15-20,T15,usual,handling_minutes,47.78077
E15-20,T15,usual,error_rate,0.06462
E15-20,T15,usual,quality_score,72.4504
E15-20,T15,usual,weekly_output,37
E15-20,T15,usual,fatigue_score,52.37279
E15-20,T15,usual,satisfaction,58.14976
E15-20,T15,usual,training_minutes,19.09675
E15-20,T15,usual,handoff_count,3
E15-20,T15,usual,rework_minutes,10.93496
E15-20,T15,usual,escalations,6
E15-20,T15,usual,confidence_score,68.9442
E15-20,T15,usual,workload_score,45.06271
E16-01,T16,tool,handling_minutes,51.09427
E16-01,T16,tool,error_rate,0.05295
E16-01,T16,tool,quality_score,78.84218
E16-01,T16,tool,weekly_output,37
E16-01,T16,tool,fatigue_score,55.27648
E16-01,T16,tool,satisfaction,65.31831
E16-01,T16,tool,training_minutes,29.598
E16-01,T16,tool,handoff_count,7
E16-01,T16,tool,rework_minutes,9.57175
E16-01,T16,tool,escalations,4
E16-01,T16,tool,confidence_score,48.25196
E16-01,T16,tool,workload_score,44.96444
E16-02,T16,tool,handling_minutes,42.86519
E16-02,T16,tool,error_rate,0.12008
E16-02,T16,tool,quality_score,74.59287
E16-02,T16,tool,weekly_output,44
E16-02,T16,tool,fatigue_score,59.92842
E16-02,T16,tool,satisfaction,60.49076
E16-02,T16,tool,training_minutes,25.6662
E16-02,T16,tool,handoff_count,5
E16-02,T16,tool,rework_minutes,11.34022
E16-02,T16,tool,escalations,6
E16-02,T16,tool,confidence_score,56.92263
E16-02,T16,tool,workload_score,47.48376
E16-03,T16,tool,handling_minutes,55.43447
E16-03,T16,tool,error_rate,0.08789
E16-03,T16,tool,quality_score,84.19429
E16-03,T16,tool,weekly_output,22
E16-03,T16,tool,fatigue_score,43.29625
E16-03,T16,tool,satisfaction,71.47525
E16-03,T16,tool,training_minutes,23.49787
E16-03,T16,tool,handoff_count,5
E16-03,T16,tool,rework_minutes,5.60753
E16-03,T16,tool,escalations,5
E16-03,T16,tool,confidence_score,73.26942
E16-03,T16,tool,workload_score,46.25691
E16-04,T16,tool,handling_minutes,54.74762
E16-04,T16,tool,error_rate,0.07211
E16-04,T16,tool,quality_score,67.45139
E16-04,T16,tool,weekly_output,29
E16-04,T16,tool,fatigue_score,42.33872
E16-04,T16,tool,satisfaction,74.73639
E16-04,T16,tool,training_minutes,22.35156
E16-04,T16,tool,handoff_count,5
E16-04,T16,tool,rework_minutes,8.30449
E16-04,T16,tool,escalations,5
E16-04,T16,tool,confidence_score,48.75207
E16-04,T16,tool,workload_score,38.15544
E16-05,T16,tool,handling_minutes,53.45997
E16-05,T16,tool,error_rate,0.07134
E16-05,T16,tool,quality_score,82.33519
E16-05,T16,tool,weekly_output,40
E16-05,T16,tool,fatigue_score,38.74566
E16-05,T16,tool,satisfaction,68.86791
E16-05,T16,tool,training_minutes,20.35911
E16-05,T16,tool,handoff_count,3
E16-05,T16,tool,rework_minutes,8.12614
E16-05,T16,tool,escalations,5
E16-05,T16,tool,confidence_score,56.68459
E16-05,T16,tool,workload_score,56.18038
E16-06,T16,tool,handling_minutes,55.18638
E16-06,T16,tool,error_rate,0.08162
E16-06,T16,tool,quality_score,77.4645
E16-06,T16,tool,weekly_output,32
E16-06,T16,tool,fatigue_score,48.34429
E16-06,T16,tool,satisfaction,62.57316
E16-06,T16,tool,training_minutes,23.87648
E16-06,T16,tool,handoff_count,7
E16-06,T16,tool,rework_minutes,0.48179
E16-06,T16,tool,escalations,6
E16-06,T16,tool,confidence_score,73.88184
E16-06,T16,tool,workload_score,54.04298
E16-07,T16,tool,handling_minutes,46.16341
E16-07,T16,tool,error_rate,0.0892
E16-07,T16,tool,quality_score,85.55907
E16-07,T16,tool,weekly_output,34
E16-07,T16,tool,fatigue_score,43.55093
E16-07,T16,tool,satisfaction,74.69623
E16-07,T16,tool,training_minutes,14.83716
E16-07,T16,tool,handoff_count,7
E16-07,T16,tool,rework_minutes,11.41535
E16-07,T16,tool,escalations,5
E16-07,T16,tool,confidence_score,63.67917
E16-07,T16,tool,workload_score,59.6282
E16-08,T16,tool,handling_minutes,44.53167
E16-08,T16,tool,error_rate,0
E16-08,T16,tool,quality_score,83.60067
E16-08,T16,tool,weekly_output,38
E16-08,T16,tool,fatigue_score,38.63498
E16-08,T16,tool,satisfaction,74.55951
E16-08,T16,tool,training_minutes,34.0979
E16-08,T16,tool,handoff_count,5
E16-08,T16,tool,rework_minutes,15.39122
E16-08,T16,tool,escalations,5
E16-08,T16,tool,confidence_score,62.08679
E16-08,T16,tool,workload_score,59.09337
E16-09,T16,tool,handling_minutes,47.81646
E16-09,T16,tool,error_rate,0.08075
E16-09,T16,tool,quality_score,71.56828
E16-09,T16,tool,weekly_output,35
E16-09,T16,tool,fatigue_score,47.73638
E16-09,T16,tool,satisfaction,80.71832
E16-09,T16,tool,training_minutes,27.94905
E16-09,T16,tool,handoff_count,3
E16-09,T16,tool,rework_minutes,7.76079
E16-09,T16,tool,escalations,6
E16-09,T16,tool,confidence_score,65.35478
E16-09,T16,tool,workload_score,51.29131
E16-10,T16,tool,handling_minutes,63.44297
E16-10,T16,tool,error_rate,0.04817
E16-10,T16,tool,quality_score,62.67161
E16-10,T16,tool,weekly_output,30
E16-10,T16,tool,fatigue_score,60.17103
E16-10,T16,tool,satisfaction,77.62408
E16-10,T16,tool,training_minutes,26.44616
E16-10,T16,tool,handoff_count,6
E16-10,T16,tool,rework_minutes,8.25151
E16-10,T16,tool,escalations,5
E16-10,T16,tool,confidence_score,62.17409
E16-10,T16,tool,workload_score,58.47805
E16-11,T16,tool,handling_minutes,46.94767
E16-11,T16,tool,error_rate,0.08426
E16-11,T16,tool,quality_score,85.43583
E16-11,T16,tool,weekly_output,40
E16-11,T16,tool,fatigue_score,48.55087
E16-11,T16,tool,satisfaction,77.25728
E16-11,T16,tool,training_minutes,22.45946
E16-11,T16,tool,handoff_count,4
E16-11,T16,tool,rework_minutes,11.16256
E16-11,T16,tool,escalations,4
E16-11,T16,tool,confidence_score,49.66273
E16-11,T16,tool,workload_score,50.30572
E16-12,T16,tool,handling_minutes,52.11314
E16-12,T16,tool,error_rate,0.04335
E16-12,T16,tool,quality_score,87.42105
E16-12,T16,tool,weekly_output,39
E16-12,T16,tool,fatigue_score,35.30245
E16-12,T16,tool,satisfaction,65.02134
E16-12,T16,tool,training_minutes,10.804
E16-12,T16,tool,handoff_count,5
E16-12,T16,tool,rework_minutes,13.24971
E16-12,T16,tool,escalations,6
E16-12,T16,tool,confidence_score,61.90795
E16-12,T16,tool,workload_score,46.02108
E16-13,T16,tool,handling_minutes,69.72826
E16-13,T16,tool,error_rate,0.1178
E16-13,T16,tool,quality_score,81.96948
E16-13,T16,tool,weekly_output,37
E16-13,T16,tool,fatigue_score,41.47305
E16-13,T16,tool,satisfaction,58.58425
E16-13,T16,tool,training_minutes,30.07344
E16-13,T16,tool,handoff_count,3
E16-13,T16,tool,rework_minutes,0
E16-13,T16,tool,escalations,5
E16-13,T16,tool,confidence_score,56.40045
E16-13,T16,tool,workload_score,43.40072
E16-14,T16,tool,handling_minutes,30.48624
E16-14,T16,tool,error_rate,0.07452
E16-14,T16,tool,quality_score,72.35301
E16-14,T16,tool,weekly_output,32
E16-14,T16,tool,fatigue_score,50.2629
E16-14,T16,tool,satisfaction,62.74179
E16-14,T16,tool,training_minutes,29.08744
E16-14,T16,tool,handoff_count,3
E16-14,T16,tool,rework_minutes,13.47949
E16-14,T16,tool,escalations,5
E16-14,T16,tool,confidence_score,72.94423
E16-14,T16,tool,workload_score,48.06406
E16-15,T16,tool,handling_minutes,48.90343
E16-15,T16,tool,error_rate,0.0517
E16-15,T16,tool,quality_score,77.90101
E16-15,T16,tool,weekly_output,35
E16-15,T16,tool,fatigue_score,53.30148
E16-15,T16,tool,satisfaction,69.23286
E16-15,T16,tool,training_minutes,30.53344
E16-15,T16,tool,handoff_count,4
E16-15,T16,tool,rework_minutes,12.03583
E16-15,T16,tool,escalations,7
E16-15,T16,tool,confidence_score,66.78583
E16-15,T16,tool,workload_score,62.9557
E16-16,T16,tool,handling_minutes,39.26018
E16-16,T16,tool,error_rate,0.09779
E16-16,T16,tool,quality_score,69.02164
E16-16,T16,tool,weekly_output,38
E16-16,T16,tool,fatigue_score,49.73471
E16-16,T16,tool,satisfaction,69.46546
E16-16,T16,tool,training_minutes,28.52191
E16-16,T16,tool,handoff_count,7
E16-16,T16,tool,rework_minutes,7.50045
E16-16,T16,tool,escalations,5
E16-16,T16,tool,confidence_score,60.3492
E16-16,T16,tool,workload_score,48.48525
E16-17,T16,tool,handling_minutes,58.79308
E16-17,T16,tool,error_rate,0.06256
E16-17,T16,tool,quality_score,83.14594
E16-17,T16,tool,weekly_output,31
E16-17,T16,tool,fatigue_score,49.48359
E16-17,T16,tool,satisfaction,61.60167
E16-17,T16,tool,training_minutes,21.90418
E16-17,T16,tool,handoff_count,4
E16-17,T16,tool,rework_minutes,6.41982
E16-17,T16,tool,escalations,6
E16-17,T16,tool,confidence_score,51.38391
E16-17,T16,tool,workload_score,56.34306
E16-18,T16,tool,handling_minutes,47.55504
E16-18,T16,tool,error_rate,0.07664
E16-18,T16,tool,quality_score,80.16351
E16-18,T16,tool,weekly_output,32
E16-18,T16,tool,fatigue_score,58.36448
E16-18,T16,tool,satisfaction,57.37949
E16-18,T16,tool,training_minutes,27.43056
E16-18,T16,tool,handoff_count,4
E16-18,T16,tool,rework_minutes,6.07492
E16-18,T16,tool,escalations,3
E16-18,T16,tool,confidence_score,59.86509
E16-18,T16,tool,workload_score,43.48422
E16-19,T16,tool,handling_minutes,50.77575
E16-19,T16,tool,error_rate,0.08606
E16-19,T16,tool,quality_score,87.63198
E16-19,T16,tool,weekly_output,39
E16-19,T16,tool,fatigue_score,41.93982
E16-19,T16,tool,satisfaction,79.39111
E16-19,T16,tool,training_minutes,31.81365
E16-19,T16,tool,handoff_count,5
E16-19,T16,tool,rework_minutes,17.68053
E16-19,T16,tool,escalations,5
E16-19,T16,tool,confidence_score,68.35894
E16-19,T16,tool,workload_score,40.52797
E16-20,T16,tool,handling_minutes,59.59923
E16-20,T16,tool,error_rate,0.04703
E16-20,T16,tool,quality_score,78.20825
E16-20,T16,tool,weekly_output,31
E16-20,T16,tool,fatigue_score,45.546
E16-20,T16,tool,satisfaction,67.54654
E16-20,T16,tool,training_minutes,17.9688
E16-20,T16,tool,handoff_count,5
E16-20,T16,tool,rework_minutes,12.38133
E16-20,T16,tool,escalations,7
E16-20,T16,tool,confidence_score,64.65096
E16-20,T16,tool,workload_score,52.34991
E17-01,T17,tool,handling_minutes,49.89002
E17-01,T17,tool,error_rate,0.04926
E17-01,T17,tool,quality_score,70.43655
E17-01,T17,tool,weekly_output,40
E17-01,T17,tool,fatigue_score,53.53259
E17-01,T17,tool,satisfaction,64.62162
E17-01,T17,tool,training_minutes,21.82189
E17-01,T17,tool,handoff_count,7
E17-01,T17,tool,rework_minutes,9.71893
E17-01,T17,tool,escalations,6
E17-01,T17,tool,confidence_score,72.88233
E17-01,T17,tool,workload_score,44.54591
E17-02,T17,tool,handling_minutes,61.07909
E17-02,T17,tool,error_rate,0.0811
E17-02,T17,tool,quality_score,67.42668
E17-02,T17,tool,weekly_output,34
E17-02,T17,tool,fatigue_score,58.19607
E17-02,T17,tool,satisfaction,36.20387
E17-02,T17,tool,training_minutes,12.39655
E17-02,T17,tool,handoff_count,7
E17-02,T17,tool,rework_minutes,4.82779
E17-02,T17,tool,escalations,6
E17-02,T17,tool,confidence_score,68.28444
E17-02,T17,tool,workload_score,58.90529
E17-03,T17,tool,handling_minutes,54.12038
E17-03,T17,tool,error_rate,0.12115
E17-03,T17,tool,quality_score,83.26009
E17-03,T17,tool,weekly_output,42
E17-03,T17,tool,fatigue_score,52.6155
E17-03,T17,tool,satisfaction,52.03882
E17-03,T17,tool,training_minutes,27.30381
E17-03,T17,tool,handoff_count,9
E17-03,T17,tool,rework_minutes,6.08423
E17-03,T17,tool,escalations,5
E17-03,T17,tool,confidence_score,75.76156
E17-03,T17,tool,workload_score,53.80837
E17-04,T17,tool,handling_minutes,44.54029
E17-04,T17,tool,error_rate,0.03559
E17-04,T17,tool,quality_score,95.25757
E17-04,T17,tool,weekly_output,39
E17-04,T17,tool,fatigue_score,50.51791
E17-04,T17,tool,satisfaction,58.43422
E17-04,T17,tool,training_minutes,28.11941
E17-04,T17,tool,handoff_count,5
E17-04,T17,tool,rework_minutes,13.51019
E17-04,T17,tool,escalations,7
E17-04,T17,tool,confidence_score,65.80838
E17-04,T17,tool,workload_score,42.06392
E17-05,T17,tool,handling_minutes,46.61055
E17-05,T17,tool,error_rate,0.06159
E17-05,T17,tool,quality_score,86.4592
E17-05,T17,tool,weekly_output,40
E17-05,T17,tool,fatigue_score,49.45869
E17-05,T17,tool,satisfaction,70.02795
E17-05,T17,tool,training_minutes,16.46893
E17-05,T17,tool,handoff_count,4
E17-05,T17,tool,rework_minutes,8.07853
E17-05,T17,tool,escalations,6
E17-05,T17,tool,confidence_score,68.31577
E17-05,T17,tool,workload_score,39.94448
E17-06,T17,tool,handling_minutes,62.4818
E17-06,T17,tool,error_rate,0.07926
E17-06,T17,tool,quality_score,65.31178
E17-06,T17,tool,weekly_output,47
E17-06,T17,tool,fatigue_score,52.80819
E17-06,T17,tool,satisfaction,48.37544
E17-06,T17,tool,training_minutes,33.65626
E17-06,T17,tool,handoff_count,8
E17-06,T17,tool,rework_minutes,10.1967
E17-06,T17,tool,escalations,6
E17-06,T17,tool,confidence_score,53.37213
E17-06,T17,tool,workload_score,60.82152
E17-07,T17,tool,handling_minutes,42.73759
E17-07,T17,tool,error_rate,0.07401
E17-07,T17,tool,quality_score,88.64649
E17-07,T17,tool,weekly_output,27
E17-07,T17,tool,fatigue_score,55.47592
E17-07,T17,tool,satisfaction,70.10131
E17-07,T17,tool,training_minutes,30.79816
E17-07,T17,tool,handoff_count,4
E17-07,T17,tool,rework_minutes,7.16783
E17-07,T17,tool,escalations,8
E17-07,T17,tool,confidence_score,61.83859
E17-07,T17,tool,workload_score,57.93237
E17-08,T17,tool,handling_minutes,53.63845
E17-08,T17,tool,error_rate,0.11109
E17-08,T17,tool,quality_score,84.88192
E17-08,T17,tool,weekly_output,26
E17-08,T17,tool,fatigue_score,43.4056
E17-08,T17,tool,satisfaction,42.70919
E17-08,T17,tool,training_minutes,21.82837
E17-08,T17,tool,handoff_count,7
E17-08,T17,tool,rework_minutes,7.06898
E17-08,T17,tool,escalations,6
E17-08,T17,tool,confidence_score,79.4206
E17-08,T17,tool,workload_score,47.93124
E17-09,T17,tool,handling_minutes,54.6397
E17-09,T17,tool,error_rate,0.03221
E17-09,T17,tool,quality_score,79.93289
E17-09,T17,tool,weekly_output,53
E17-09,T17,tool,fatigue_score,53.22489
E17-09,T17,tool,satisfaction,85.49569
E17-09,T17,tool,training_minutes,19.47987
E17-09,T17,tool,handoff_count,5
E17-09,T17,tool,rework_minutes,5.21289
E17-09,T17,tool,escalations,7
E17-09,T17,tool,confidence_score,71.76481
E17-09,T17,tool,workload_score,46.68384
E17-10,T17,tool,handling_minutes,27.29819
E17-10,T17,tool,error_rate,0.09768
E17-10,T17,tool,quality_score,82.07519
E17-10,T17,tool,weekly_output,33
E17-10,T17,tool,fatigue_score,50.38261
E17-10,T17,tool,satisfaction,74.23649
E17-10,T17,tool,training_minutes,39.30522
E17-10,T17,tool,handoff_count,7
E17-10,T17,tool,rework_minutes,10.64929
E17-10,T17,tool,escalations,6
E17-10,T17,tool,confidence_score,81.09353
E17-10,T17,tool,workload_score,46.99451
E17-11,T17,tool,handling_minutes,54.6857
E17-11,T17,tool,error_rate,0.04865
E17-11,T17,tool,quality_score,95.98826
E17-11,T17,tool,weekly_output,51
E17-11,T17,tool,fatigue_score,43.44113
E17-11,T17,tool,satisfaction,61.83654
E17-11,T17,tool,training_minutes,18.94723
E17-11,T17,tool,handoff_count,6
E17-11,T17,tool,rework_minutes,2.5653
E17-11,T17,tool,escalations,6
E17-11,T17,tool,confidence_score,73.36256
E17-11,T17,tool,workload_score,51.91004
E17-12,T17,tool,handling_minutes,50.2052
E17-12,T17,tool,error_rate,0.07702
E17-12,T17,tool,quality_score,92.49246
E17-12,T17,tool,weekly_output,37
E17-12,T17,tool,fatigue_score,65.16993
E17-12,T17,tool,satisfaction,60.40024
E17-12,T17,tool,training_minutes,30.21799
E17-12,T17,tool,handoff_count,7
E17-12,T17,tool,rework_minutes,12.60256
E17-12,T17,tool,escalations,7
E17-12,T17,tool,confidence_score,77.13423
E17-12,T17,tool,workload_score,46.4594
E17-13,T17,tool,handling_minutes,52.81452
E17-13,T17,tool,error_rate,0.01313
E17-13,T17,tool,quality_score,67.85263
E17-13,T17,tool,weekly_output,36
E17-13,T17,tool,fatigue_score,52.93854
E17-13,T17,tool,satisfaction,64.33339
E17-13,T17,tool,training_minutes,22.33011
E17-13,T17,tool,handoff_count,7
E17-13,T17,tool,rework_minutes,3.12069
E17-13,T17,tool,escalations,4
E17-13,T17,tool,confidence_score,71.87389
E17-13,T17,tool,workload_score,53.99678
E17-14,T17,tool,handling_minutes,52.26076
E17-14,T17,tool,error_rate,0.0855
E17-14,T17,tool,quality_score,87.82984
E17-14,T17,tool,weekly_output,49
E17-14,T17,tool,fatigue_score,57.49906
E17-14,T17,tool,satisfaction,60.11802
E17-14,T17,tool,training_minutes,31.76678
E17-14,T17,tool,handoff_count,9
E17-14,T17,tool,rework_minutes,2.53425
E17-14,T17,tool,escalations,8
E17-14,T17,tool,confidence_score,67.76023
E17-14,T17,tool,workload_score,50.13344
E17-15,T17,tool,handling_minutes,43.87411
E17-15,T17,tool,error_rate,0.06292
E17-15,T17,tool,quality_score,78.72188
E17-15,T17,tool,weekly_output,34
E17-15,T17,tool,fatigue_score,31.33646
E17-15,T17,tool,satisfaction,82.05105
E17-15,T17,tool,training_minutes,31.36195
E17-15,T17,tool,handoff_count,6
E17-15,T17,tool,rework_minutes,6.76407
E17-15,T17,tool,escalations,7
E17-15,T17,tool,confidence_score,81.84734
E17-15,T17,tool,workload_score,55.57326
E17-16,T17,tool,handling_minutes,39.68274
E17-16,T17,tool,error_rate,0.08397
E17-16,T17,tool,quality_score,73.33814
E17-16,T17,tool,weekly_output,34
E17-16,T17,tool,fatigue_score,45.48889
E17-16,T17,tool,satisfaction,72.7395
E17-16,T17,tool,training_minutes,33.04644
E17-16,T17,tool,handoff_count,8
E17-16,T17,tool,rework_minutes,5.22271
E17-16,T17,tool,escalations,6
E17-16,T17,tool,confidence_score,64.24871
E17-16,T17,tool,workload_score,37.4843
E17-17,T17,tool,handling_minutes,69.04658
E17-17,T17,tool,error_rate,0.08418
E17-17,T17,tool,quality_score,81.96863
E17-17,T17,tool,weekly_output,26
E17-17,T17,tool,fatigue_score,54.3349
E17-17,T17,tool,satisfaction,70.57808
E17-17,T17,tool,training_minutes,20.60161
E17-17,T17,tool,handoff_count,7
E17-17,T17,tool,rework_minutes,12.42216
E17-17,T17,tool,escalations,6
E17-17,T17,tool,confidence_score,66.89557
E17-17,T17,tool,workload_score,51.68527
E17-18,T17,tool,handling_minutes,38.85367
E17-18,T17,tool,error_rate,0.0714
E17-18,T17,tool,quality_score,82.00605
E17-18,T17,tool,weekly_output,39
E17-18,T17,tool,fatigue_score,45.71254
E17-18,T17,tool,satisfaction,77.92846
E17-18,T17,tool,training_minutes,33.45622
E17-18,T17,tool,handoff_count,7
E17-18,T17,tool,rework_minutes,12.06947
E17-18,T17,tool,escalations,7
E17-18,T17,tool,confidence_score,51.4198
E17-18,T17,tool,workload_score,47.87788
E17-19,T17,tool,handling_minutes,55.05198
E17-19,T17,tool,error_rate,0.10586
E17-19,T17,tool,quality_score,90.4843
E17-19,T17,tool,weekly_output,36
E17-19,T17,tool,fatigue_score,41.02241
E17-19,T17,tool,satisfaction,57.75747
E17-19,T17,tool,training_minutes,26.67979
E17-19,T17,tool,handoff_count,7
E17-19,T17,tool,rework_minutes,11.90524
E17-19,T17,tool,escalations,8
E17-19,T17,tool,confidence_score,78.49019
E17-19,T17,tool,workload_score,40.52054
E17-20,T17,tool,handling_minutes,60.18314
E17-20,T17,tool,error_rate,0.10181
E17-20,T17,tool,quality_score,75.73247
E17-20,T17,tool,weekly_output,25
E17-20,T17,tool,fatigue_score,57.07072
E17-20,T17,tool,satisfaction,79.65021
E17-20,T17,tool,training_minutes,25.45917
E17-20,T17,tool,handoff_count,5
E17-20,T17,tool,rework_minutes,5.03775
E17-20,T17,tool,escalations,6
E17-20,T17,tool,confidence_score,74.35784
E17-20,T17,tool,workload_score,55.22253
E18-01,T18,tool,handling_minutes,59.14641
E18-01,T18,tool,error_rate,0.04586
E18-01,T18,tool,quality_score,80.38523
E18-01,T18,tool,weekly_output,34
E18-01,T18,tool,fatigue_score,40.47623
E18-01,T18,tool,satisfaction,86.16086
E18-01,T18,tool,training_minutes,16.60839
E18-01,T18,tool,handoff_count,8
E18-01,T18,tool,rework_minutes,11.94003
E18-01,T18,tool,escalations,4
E18-01,T18,tool,confidence_score,75.76318
E18-01,T18,tool,workload_score,37.3041
E18-02,T18,tool,handling_minutes,60.9805
E18-02,T18,tool,error_rate,0.112
E18-02,T18,tool,quality_score,78.43854
E18-02,T18,tool,weekly_output,24
E18-02,T18,tool,fatigue_score,46.48316
E18-02,T18,tool,satisfaction,58.66678
E18-02,T18,tool,training_minutes,17.95455
E18-02,T18,tool,handoff_count,7
E18-02,T18,tool,rework_minutes,9.06905
E18-02,T18,tool,escalations,3
E18-02,T18,tool,confidence_score,68.50386
E18-02,T18,tool,workload_score,46.49331
E18-03,T18,tool,handling_minutes,52.32657
E18-03,T18,tool,error_rate,0.0479
E18-03,T18,tool,quality_score,74.36172
E18-03,T18,tool,weekly_output,18
E18-03,T18,tool,fatigue_score,60.53535
E18-03,T18,tool,satisfaction,63.74915
E18-03,T18,tool,training_minutes,25.22495
E18-03,T18,tool,handoff_count,10
E18-03,T18,tool,rework_minutes,8.51945
E18-03,T18,tool,escalations,3
E18-03,T18,tool,confidence_score,67.50298
E18-03,T18,tool,workload_score,41.85653
E18-04,T18,tool,handling_minutes,61.18056
E18-04,T18,tool,error_rate,0.0591
E18-04,T18,tool,quality_score,80.91144
E18-04,T18,tool,weekly_output,29
E18-04,T18,tool,fatigue_score,67.75224
E18-04,T18,tool,satisfaction,50.46061
E18-04,T18,tool,training_minutes,27.35563
E18-04,T18,tool,handoff_count,10
E18-04,T18,tool,rework_minutes,7.8795
E18-04,T18,tool,escalations,3
E18-04,T18,tool,confidence_score,71.98449
E18-04,T18,tool,workload_score,43.79484
E18-05,T18,tool,handling_minutes,51.72709
E18-05,T18,tool,error_rate,0.09316
E18-05,T18,tool,quality_score,74.64101
E18-05,T18,tool,weekly_output,30
E18-05,T18,tool,fatigue_score,58.73316
E18-05,T18,tool,satisfaction,81.72754
E18-05,T18,tool,training_minutes,16.20209
E18-05,T18,tool,handoff_count,10
E18-05,T18,tool,rework_minutes,6.00009
E18-05,T18,tool,escalations,5
E18-05,T18,tool,confidence_score,77.80434
E18-05,T18,tool,workload_score,65.67929
E18-06,T18,tool,handling_minutes,58.21334
E18-06,T18,tool,error_rate,0.06389
E18-06,T18,tool,quality_score,99.27192
E18-06,T18,tool,weekly_output,33
E18-06,T18,tool,fatigue_score,53.25467
E18-06,T18,tool,satisfaction,63.81296
E18-06,T18,tool,training_minutes,30.01241
E18-06,T18,tool,handoff_count,8
E18-06,T18,tool,rework_minutes,2.39604
E18-06,T18,tool,escalations,3
E18-06,T18,tool,confidence_score,59.4535
E18-06,T18,tool,workload_score,38.13863
E18-07,T18,tool,handling_minutes,64.48349
E18-07,T18,tool,error_rate,0.0854
E18-07,T18,tool,quality_score,83.21708
E18-07,T18,tool,weekly_output,30
E18-07,T18,tool,fatigue_score,46.41229
E18-07,T18,tool,satisfaction,53.35665
E18-07,T18,tool,training_minutes,27.02164
E18-07,T18,tool,handoff_count,9
E18-07,T18,tool,rework_minutes,1.39285
E18-07,T18,tool,escalations,4
E18-07,T18,tool,confidence_score,61.4879
E18-07,T18,tool,workload_score,61.13346
E18-08,T18,tool,handling_minutes,49.13224
E18-08,T18,tool,error_rate,0.00228
E18-08,T18,tool,quality_score,89.01925
E18-08,T18,tool,weekly_output,26
E18-08,T18,tool,fatigue_score,62.73282
E18-08,T18,tool,satisfaction,85.16363
E18-08,T18,tool,training_minutes,25.69497
E18-08,T18,tool,handoff_count,9
E18-08,T18,tool,rework_minutes,6.84172
E18-08,T18,tool,escalations,4
E18-08,T18,tool,confidence_score,69.8804
E18-08,T18,tool,workload_score,55.51023
E18-09,T18,tool,handling_minutes,42.81945
E18-09,T18,tool,error_rate,0.08304
E18-09,T18,tool,quality_score,85.715
E18-09,T18,tool,weekly_output,42
E18-09,T18,tool,fatigue_score,54.50743
E18-09,T18,tool,satisfaction,74.99688
E18-09,T18,tool,training_minutes,33.49085
E18-09,T18,tool,handoff_count,9
E18-09,T18,tool,rework_minutes,4.91499
E18-09,T18,tool,escalations,4
E18-09,T18,tool,confidence_score,77.29269
E18-09,T18,tool,workload_score,61.01518
E18-10,T18,tool,handling_minutes,50.00519
E18-10,T18,tool,error_rate,0.10997
E18-10,T18,tool,quality_score,86.96279
E18-10,T18,tool,weekly_output,27
E18-10,T18,tool,fatigue_score,57.13013
E18-10,T18,tool,satisfaction,65.47984
E18-10,T18,tool,training_minutes,27.72562
E18-10,T18,tool,handoff_count,10
E18-10,T18,tool,rework_minutes,4.84234
E18-10,T18,tool,escalations,2
E18-10,T18,tool,confidence_score,56.95014
E18-10,T18,tool,workload_score,35.97597
E18-11,T18,tool,handling_minutes,42.41762
E18-11,T18,tool,error_rate,0.03267
E18-11,T18,tool,quality_score,73.18567
E18-11,T18,tool,weekly_output,17
E18-11,T18,tool,fatigue_score,40.45787
E18-11,T18,tool,satisfaction,76.49058
E18-11,T18,tool,training_minutes,23.63603
E18-11,T18,tool,handoff_count,11
E18-11,T18,tool,rework_minutes,16.02974
E18-11,T18,tool,escalations,4
E18-11,T18,tool,confidence_score,65.64911
E18-11,T18,tool,workload_score,51.86912
E18-12,T18,tool,handling_minutes,52.79451
E18-12,T18,tool,error_rate,0.1001
E18-12,T18,tool,quality_score,78.65761
E18-12,T18,tool,weekly_output,30
E18-12,T18,tool,fatigue_score,45.86604
E18-12,T18,tool,satisfaction,52.56962
E18-12,T18,tool,training_minutes,22.64172
E18-12,T18,tool,handoff_count,10
E18-12,T18,tool,rework_minutes,5.07273
E18-12,T18,tool,escalations,3
E18-12,T18,tool,confidence_score,89.13087
E18-12,T18,tool,workload_score,51.34889
E18-13,T18,tool,handling_minutes,40.37545
E18-13,T18,tool,error_rate,0.09712
E18-13,T18,tool,quality_score,81.747
E18-13,T18,tool,weekly_output,42
E18-13,T18,tool,fatigue_score,47.06225
E18-13,T18,tool,satisfaction,79.73692
E18-13,T18,tool,training_minutes,26.3547
E18-13,T18,tool,handoff_count,8
E18-13,T18,tool,rework_minutes,1.14759
E18-13,T18,tool,escalations,3
E18-13,T18,tool,confidence_score,67.33708
E18-13,T18,tool,workload_score,53.79473
E18-14,T18,tool,handling_minutes,35.47183
E18-14,T18,tool,error_rate,0.08785
E18-14,T18,tool,quality_score,75.3379
E18-14,T18,tool,weekly_output,18
E18-14,T18,tool,fatigue_score,45.27176
E18-14,T18,tool,satisfaction,59.70783
E18-14,T18,tool,training_minutes,22.37912
E18-14,T18,tool,handoff_count,9
E18-14,T18,tool,rework_minutes,9.50268
E18-14,T18,tool,escalations,4
E18-14,T18,tool,confidence_score,69.95825
E18-14,T18,tool,workload_score,44.83655
E18-15,T18,tool,handling_minutes,58.45791
E18-15,T18,tool,error_rate,0.05157
E18-15,T18,tool,quality_score,74.42235
E18-15,T18,tool,weekly_output,17
E18-15,T18,tool,fatigue_score,57.85523
E18-15,T18,tool,satisfaction,78.72608
E18-15,T18,tool,training_minutes,19.49265
E18-15,T18,tool,handoff_count,7
E18-15,T18,tool,rework_minutes,11.85078
E18-15,T18,tool,escalations,4
E18-15,T18,tool,confidence_score,55.13091
E18-15,T18,tool,workload_score,50.87159
E18-16,T18,tool,handling_minutes,52.83755
E18-16,T18,tool,error_rate,0.0685
E18-16,T18,tool,quality_score,59.68258
E18-16,T18,tool,weekly_output,27
E18-16,T18,tool,fatigue_score,51.40236
E18-16,T18,tool,satisfaction,68.08744
E18-16,T18,tool,training_minutes,33.9665
E18-16,T18,tool,handoff_count,10
E18-16,T18,tool,rework_minutes,8.68793
E18-16,T18,tool,escalations,3
E18-16,T18,tool,confidence_score,60.14635
E18-16,T18,tool,workload_score,51.13176
E18-17,T18,tool,handling_minutes,49.3721
E18-17,T18,tool,error_rate,0.05187
E18-17,T18,tool,quality_score,88.73529
E18-17,T18,tool,weekly_output,40
E18-17,T18,tool,fatigue_score,60.7931
E18-17,T18,tool,satisfaction,76.60606
E18-17,T18,tool,training_minutes,27.32163
E18-17,T18,tool,handoff_count,10
E18-17,T18,tool,rework_minutes,5.26696
E18-17,T18,tool,escalations,4
E18-17,T18,tool,confidence_score,57.53068
E18-17,T18,tool,workload_score,56.35206
E18-18,T18,tool,handling_minutes,44.32892
E18-18,T18,tool,error_rate,0.11475
E18-18,T18,tool,quality_score,76.24598
E18-18,T18,tool,weekly_output,21
E18-18,T18,tool,fatigue_score,53.90986
E18-18,T18,tool,satisfaction,71.69796
E18-18,T18,tool,training_minutes,23.02925
E18-18,T18,tool,handoff_count,11
E18-18,T18,tool,rework_minutes,15.62527
E18-18,T18,tool,escalations,1
E18-18,T18,tool,confidence_score,56.03493
E18-18,T18,tool,workload_score,60.78763
E18-19,T18,tool,handling_minutes,58.01646
E18-19,T18,tool,error_rate,0.07208
E18-19,T18,tool,quality_score,85.12041
E18-19,T18,tool,weekly_output,44
E18-19,T18,tool,fatigue_score,56.52453
E18-19,T18,tool,satisfaction,60.75484
E18-19,T18,tool,training_minutes,36.10834
E18-19,T18,tool,handoff_count,5
E18-19,T18,tool,rework_minutes,9.5224
E18-19,T18,tool,escalations,3
E18-19,T18,tool,confidence_score,68.52081
E18-19,T18,tool,workload_score,43.13544
E18-20,T18,tool,handling_minutes,64.75478
E18-20,T18,tool,error_rate,0.12918
E18-20,T18,tool,quality_score,88.4014
E18-20,T18,tool,weekly_output,37
E18-20,T18,tool,fatigue_score,35.10727
E18-20,T18,tool,satisfaction,64.84344
E18-20,T18,tool,training_minutes,20.08386
E18-20,T18,tool,handoff_count,7
E18-20,T18,tool,rework_minutes,8.42095
E18-20,T18,tool,escalations,5
E18-20,T18,tool,confidence_score,73.44522
E18-20,T18,tool,workload_score,36.3228
E19-01,T19,tool,handling_minutes,27.63052
E19-01,T19,tool,error_rate,0.08046
E19-01,T19,tool,quality_score,85.7416
E19-01,T19,tool,weekly_output,29
E19-01,T19,tool,fatigue_score,55.29232
E19-01,T19,tool,satisfaction,66.18746
E19-01,T19,tool,training_minutes,27.56011
E19-01,T19,tool,handoff_count,4
E19-01,T19,tool,rework_minutes,5.15035
E19-01,T19,tool,escalations,3
E19-01,T19,tool,confidence_score,57.10442
E19-01,T19,tool,workload_score,39.80241
E19-02,T19,tool,handling_minutes,39.03508
E19-02,T19,tool,error_rate,0.08445
E19-02,T19,tool,quality_score,89.30743
E19-02,T19,tool,weekly_output,30
E19-02,T19,tool,fatigue_score,42.67888
E19-02,T19,tool,satisfaction,62.44535
E19-02,T19,tool,training_minutes,29.95016
E19-02,T19,tool,handoff_count,6
E19-02,T19,tool,rework_minutes,9.90405
E19-02,T19,tool,escalations,4
E19-02,T19,tool,confidence_score,36.09317
E19-02,T19,tool,workload_score,37.78531
E19-03,T19,tool,handling_minutes,32.01075
E19-03,T19,tool,error_rate,0.02709
E19-03,T19,tool,quality_score,80.22718
E19-03,T19,tool,weekly_output,49
E19-03,T19,tool,fatigue_score,46.79427
E19-03,T19,tool,satisfaction,70.35683
E19-03,T19,tool,training_minutes,29.33765
E19-03,T19,tool,handoff_count,6
E19-03,T19,tool,rework_minutes,9.4202
E19-03,T19,tool,escalations,1
E19-03,T19,tool,confidence_score,66.89304
E19-03,T19,tool,workload_score,58.26081
E19-04,T19,tool,handling_minutes,29.03949
E19-04,T19,tool,error_rate,0.07277
E19-04,T19,tool,quality_score,82.36282
E19-04,T19,tool,weekly_output,23
E19-04,T19,tool,fatigue_score,53.31901
E19-04,T19,tool,satisfaction,70.0702
E19-04,T19,tool,training_minutes,24.60743
E19-04,T19,tool,handoff_count,7
E19-04,T19,tool,rework_minutes,9.87598
E19-04,T19,tool,escalations,3
E19-04,T19,tool,confidence_score,57.26514
E19-04,T19,tool,workload_score,53.20128
E19-05,T19,tool,handling_minutes,40.33646
E19-05,T19,tool,error_rate,0.10336
E19-05,T19,tool,quality_score,78.59417
E19-05,T19,tool,weekly_output,29
E19-05,T19,tool,fatigue_score,56.15474
E19-05,T19,tool,satisfaction,60.45329
E19-05,T19,tool,training_minutes,30.89063
E19-05,T19,tool,handoff_count,8
E19-05,T19,tool,rework_minutes,10.57081
E19-05,T19,tool,escalations,2
E19-05,T19,tool,confidence_score,61.71652
E19-05,T19,tool,workload_score,57.30994
E19-06,T19,tool,handling_minutes,39.81501
E19-06,T19,tool,error_rate,0.07897
E19-06,T19,tool,quality_score,83.8468
E19-06,T19,tool,weekly_output,34
E19-06,T19,tool,fatigue_score,55.98389
E19-06,T19,tool,satisfaction,58.60225
E19-06,T19,tool,training_minutes,20.68009
E19-06,T19,tool,handoff_count,8
E19-06,T19,tool,rework_minutes,10.25858
E19-06,T19,tool,escalations,2
E19-06,T19,tool,confidence_score,61.76183
E19-06,T19,tool,workload_score,63.72983
E19-07,T19,tool,handling_minutes,50.85801
E19-07,T19,tool,error_rate,0.0612
E19-07,T19,tool,quality_score,75.75352
E19-07,T19,tool,weekly_output,35
E19-07,T19,tool,fatigue_score,56.01282
E19-07,T19,tool,satisfaction,75.67411
E19-07,T19,tool,training_minutes,22.64626
E19-07,T19,tool,handoff_count,5
E19-07,T19,tool,rework_minutes,7.84566
E19-07,T19,tool,escalations,0
E19-07,T19,tool,confidence_score,75.19296
E19-07,T19,tool,workload_score,44.74023
E19-08,T19,tool,handling_minutes,42.71939
E19-08,T19,tool,error_rate,0.06977
E19-08,T19,tool,quality_score,79.60529
E19-08,T19,tool,weekly_output,25
E19-08,T19,tool,fatigue_score,54.73744
E19-08,T19,tool,satisfaction,80.73219
E19-08,T19,tool,training_minutes,26.81899
E19-08,T19,tool,handoff_count,5
E19-08,T19,tool,rework_minutes,12.46397
E19-08,T19,tool,escalations,2
E19-08,T19,tool,confidence_score,72.284
E19-08,T19,tool,workload_score,45.62195
E19-09,T19,tool,handling_minutes,42.64345
E19-09,T19,tool,error_rate,0.1067
E19-09,T19,tool,quality_score,79.34558
E19-09,T19,tool,weekly_output,33
E19-09,T19,tool,fatigue_score,55.02071
E19-09,T19,tool,satisfaction,73.55831
E19-09,T19,tool,training_minutes,28.20616
E19-09,T19,tool,handoff_count,7
E19-09,T19,tool,rework_minutes,4.31058
E19-09,T19,tool,escalations,1
E19-09,T19,tool,confidence_score,64.06097
E19-09,T19,tool,workload_score,50.41629
E19-10,T19,tool,handling_minutes,31.75348
E19-10,T19,tool,error_rate,0.06489
E19-10,T19,tool,quality_score,81.3233
E19-10,T19,tool,weekly_output,33
E19-10,T19,tool,fatigue_score,39.18313
E19-10,T19,tool,satisfaction,80.12096
E19-10,T19,tool,training_minutes,14.54537
E19-10,T19,tool,handoff_count,3
E19-10,T19,tool,rework_minutes,9.76677
E19-10,T19,tool,escalations,2
E19-10,T19,tool,confidence_score,61.80946
E19-10,T19,tool,workload_score,53.08222
E19-11,T19,tool,handling_minutes,35.91072
E19-11,T19,tool,error_rate,0.09075
E19-11,T19,tool,quality_score,70.49386
E19-11,T19,tool,weekly_output,35
E19-11,T19,tool,fatigue_score,38.87243
E19-11,T19,tool,satisfaction,75.10245
E19-11,T19,tool,training_minutes,37.80003
E19-11,T19,tool,handoff_count,4
E19-11,T19,tool,rework_minutes,0.57166
E19-11,T19,tool,escalations,2
E19-11,T19,tool,confidence_score,68.30953
E19-11,T19,tool,workload_score,59.28856
E19-12,T19,tool,handling_minutes,42.46692
E19-12,T19,tool,error_rate,0.01081
E19-12,T19,tool,quality_score,79.44062
E19-12,T19,tool,weekly_output,39
E19-12,T19,tool,fatigue_score,54.00654
E19-12,T19,tool,satisfaction,62.09943
E19-12,T19,tool,training_minutes,22.42391
E19-12,T19,tool,handoff_count,6
E19-12,T19,tool,rework_minutes,10.09449
E19-12,T19,tool,escalations,4
E19-12,T19,tool,confidence_score,59.07661
E19-12,T19,tool,workload_score,53.14244
E19-13,T19,tool,handling_minutes,44.43752
E19-13,T19,tool,error_rate,0.0504
E19-13,T19,tool,quality_score,87.27615
E19-13,T19,tool,weekly_output,30
E19-13,T19,tool,fatigue_score,48.83499
E19-13,T19,tool,satisfaction,71.62562
E19-13,T19,tool,training_minutes,22.15808
E19-13,T19,tool,handoff_count,6
E19-13,T19,tool,rework_minutes,6.83977
E19-13,T19,tool,escalations,2
E19-13,T19,tool,confidence_score,52.36182
E19-13,T19,tool,workload_score,43.75338
E19-14,T19,tool,handling_minutes,34.79926
E19-14,T19,tool,error_rate,0.09335
E19-14,T19,tool,quality_score,73.15395
E19-14,T19,tool,weekly_output,26
E19-14,T19,tool,fatigue_score,45.63047
E19-14,T19,tool,satisfaction,68.53098
E19-14,T19,tool,training_minutes,29.55216
E19-14,T19,tool,handoff_count,4
E19-14,T19,tool,rework_minutes,3.87795
E19-14,T19,tool,escalations,2
E19-14,T19,tool,confidence_score,72.20228
E19-14,T19,tool,workload_score,59.33742
E19-15,T19,tool,handling_minutes,35.17774
E19-15,T19,tool,error_rate,0.03426
E19-15,T19,tool,quality_score,77.84215
E19-15,T19,tool,weekly_output,34
E19-15,T19,tool,fatigue_score,48.26279
E19-15,T19,tool,satisfaction,63.56769
E19-15,T19,tool,training_minutes,35.30134
E19-15,T19,tool,handoff_count,7
E19-15,T19,tool,rework_minutes,4.65247
E19-15,T19,tool,escalations,1
E19-15,T19,tool,confidence_score,53.10709
E19-15,T19,tool,workload_score,50.82612
E19-16,T19,tool,handling_minutes,38.17314
E19-16,T19,tool,error_rate,0.07544
E19-16,T19,tool,quality_score,84.62946
E19-16,T19,tool,weekly_output,38
E19-16,T19,tool,fatigue_score,56.30881
E19-16,T19,tool,satisfaction,76.97792
E19-16,T19,tool,training_minutes,27.98325
E19-16,T19,tool,handoff_count,6
E19-16,T19,tool,rework_minutes,8.31496
E19-16,T19,tool,escalations,4
E19-16,T19,tool,confidence_score,47.96609
E19-16,T19,tool,workload_score,50.74718
E19-17,T19,tool,handling_minutes,29.30936
E19-17,T19,tool,error_rate,0.09733
E19-17,T19,tool,quality_score,76.96998
E19-17,T19,tool,weekly_output,40
E19-17,T19,tool,fatigue_score,53.66108
E19-17,T19,tool,satisfaction,68.19879
E19-17,T19,tool,training_minutes,43.14381
E19-17,T19,tool,handoff_count,4
E19-17,T19,tool,rework_minutes,8.89697
E19-17,T19,tool,escalations,2
E19-17,T19,tool,confidence_score,66.50265
E19-17,T19,tool,workload_score,42.23167
E19-18,T19,tool,handling_minutes,44.10212
E19-18,T19,tool,error_rate,0.07847
E19-18,T19,tool,quality_score,79.8349
E19-18,T19,tool,weekly_output,43
E19-18,T19,tool,fatigue_score,52.89627
E19-18,T19,tool,satisfaction,45.30454
E19-18,T19,tool,training_minutes,22.85294
E19-18,T19,tool,handoff_count,5
E19-18,T19,tool,rework_minutes,3.18325
E19-18,T19,tool,escalations,3
E19-18,T19,tool,confidence_score,74.70776
E19-18,T19,tool,workload_score,53.48286
E19-19,T19,tool,handling_minutes,35.76339
E19-19,T19,tool,error_rate,0.08113
E19-19,T19,tool,quality_score,76.75977
E19-19,T19,tool,weekly_output,38
E19-19,T19,tool,fatigue_score,45.66749
E19-19,T19,tool,satisfaction,51.29117
E19-19,T19,tool,training_minutes,15.0595
E19-19,T19,tool,handoff_count,3
E19-19,T19,tool,rework_minutes,13.9474
E19-19,T19,tool,escalations,5
E19-19,T19,tool,confidence_score,69.79911
E19-19,T19,tool,workload_score,50.41884
E19-20,T19,tool,handling_minutes,34.84098
E19-20,T19,tool,error_rate,0.07562
E19-20,T19,tool,quality_score,80.94138
E19-20,T19,tool,weekly_output,44
E19-20,T19,tool,fatigue_score,43.05657
E19-20,T19,tool,satisfaction,67.4771
E19-20,T19,tool,training_minutes,23.8374
E19-20,T19,tool,handoff_count,7
E19-20,T19,tool,rework_minutes,16.29581
E19-20,T19,tool,escalations,2
E19-20,T19,tool,confidence_score,68.85632
E19-20,T19,tool,workload_score,41.92232
E20-01,T20,usual,handling_minutes,65.68153
E20-01,T20,usual,error_rate,0.02936
E20-01,T20,usual,quality_score,77.36509
E20-01,T20,usual,weekly_output,36
E20-01,T20,usual,fatigue_score,59.87437
E20-01,T20,usual,satisfaction,64.07076
E20-01,T20,usual,training_minutes,18.92966
E20-01,T20,usual,handoff_count,3
E20-01,T20,usual,rework_minutes,11.48804
E20-01,T20,usual,escalations,1
E20-01,T20,usual,confidence_score,45.99172
E20-01,T20,usual,workload_score,57.03642
E20-02,T20,usual,handling_minutes,73.32299
E20-02,T20,usual,error_rate,0.05226
E20-02,T20,usual,quality_score,62.84625
E20-02,T20,usual,weekly_output,37
E20-02,T20,usual,fatigue_score,51.98282
E20-02,T20,usual,satisfaction,50.41902
E20-02,T20,usual,training_minutes,22.47151
E20-02,T20,usual,handoff_count,5
E20-02,T20,usual,rework_minutes,14.59268
E20-02,T20,usual,escalations,1
E20-02,T20,usual,confidence_score,58.62219
E20-02,T20,usual,workload_score,50.77661
E20-03,T20,usual,handling_minutes,59.58389
E20-03,T20,usual,error_rate,0.09512
E20-03,T20,usual,quality_score,78.56284
E20-03,T20,usual,weekly_output,30
E20-03,T20,usual,fatigue_score,45.17301
E20-03,T20,usual,satisfaction,57.80343
E20-03,T20,usual,training_minutes,21.3457
E20-03,T20,usual,handoff_count,4
E20-03,T20,usual,rework_minutes,11.64156
E20-03,T20,usual,escalations,2
E20-03,T20,usual,confidence_score,57.11658
E20-03,T20,usual,workload_score,46.65464
E20-04,T20,usual,handling_minutes,71.58488
E20-04,T20,usual,error_rate,0.1009
E20-04,T20,usual,quality_score,70.76037
E20-04,T20,usual,weekly_output,33
E20-04,T20,usual,fatigue_score,42.5288
E20-04,T20,usual,satisfaction,51.40201
E20-04,T20,usual,training_minutes,24.65798
E20-04,T20,usual,handoff_count,3
E20-04,T20,usual,rework_minutes,15.87978
E20-04,T20,usual,escalations,3
E20-04,T20,usual,confidence_score,55.62596
E20-04,T20,usual,workload_score,54.33091
E20-05,T20,usual,handling_minutes,62.46903
E20-05,T20,usual,error_rate,0.08597
E20-05,T20,usual,quality_score,69.31805
E20-05,T20,usual,weekly_output,29
E20-05,T20,usual,fatigue_score,55.91906
E20-05,T20,usual,satisfaction,47.38101
E20-05,T20,usual,training_minutes,14.60674
E20-05,T20,usual,handoff_count,4
E20-05,T20,usual,rework_minutes,9.46523
E20-05,T20,usual,escalations,1
E20-05,T20,usual,confidence_score,63.70663
E20-05,T20,usual,workload_score,61.55057
E20-06,T20,usual,handling_minutes,85.39869
E20-06,T20,usual,error_rate,0.04778
E20-06,T20,usual,quality_score,68.16357
E20-06,T20,usual,weekly_output,24
E20-06,T20,usual,fatigue_score,54.15164
E20-06,T20,usual,satisfaction,71.62507
E20-06,T20,usual,training_minutes,12.31814
E20-06,T20,usual,handoff_count,3
E20-06,T20,usual,rework_minutes,12.22563
E20-06,T20,usual,escalations,1
E20-06,T20,usual,confidence_score,57.55215
E20-06,T20,usual,workload_score,52.28392
E20-07,T20,usual,handling_minutes,62.14159
E20-07,T20,usual,error_rate,0.09779
E20-07,T20,usual,quality_score,69.45587
E20-07,T20,usual,weekly_output,33
E20-07,T20,usual,fatigue_score,61.45493
E20-07,T20,usual,satisfaction,61.67923
E20-07,T20,usual,training_minutes,12.45578
E20-07,T20,usual,handoff_count,1
E20-07,T20,usual,rework_minutes,18.1645
E20-07,T20,usual,escalations,2
E20-07,T20,usual,confidence_score,43.2486
E20-07,T20,usual,workload_score,47.21739
E20-08,T20,usual,handling_minutes,68.89956
E20-08,T20,usual,error_rate,0.07008
E20-08,T20,usual,quality_score,69.8643
E20-08,T20,usual,weekly_output,19
E20-08,T20,usual,fatigue_score,58.19302
E20-08,T20,usual,satisfaction,63.25124
E20-08,T20,usual,training_minutes,14.76598
E20-08,T20,usual,handoff_count,1
E20-08,T20,usual,rework_minutes,14.36307
E20-08,T20,usual,escalations,2
E20-08,T20,usual,confidence_score,42.43768
E20-08,T20,usual,workload_score,47.90722
E20-09,T20,usual,handling_minutes,69.74067
E20-09,T20,usual,error_rate,0.05169
E20-09,T20,usual,quality_score,70.23138
E20-09,T20,usual,weekly_output,29
E20-09,T20,usual,fatigue_score,61.79639
E20-09,T20,usual,satisfaction,46.0591
E20-09,T20,usual,training_minutes,19.6139
E20-09,T20,usual,handoff_count,4
E20-09,T20,usual,rework_minutes,17.0047
E20-09,T20,usual,escalations,2
E20-09,T20,usual,confidence_score,65.93481
E20-09,T20,usual,workload_score,48.76911
E20-10,T20,usual,handling_minutes,61.52947
E20-10,T20,usual,error_rate,0.13566
E20-10,T20,usual,quality_score,85.18983
E20-10,T20,usual,weekly_output,26
E20-10,T20,usual,fatigue_score,46.98403
E20-10,T20,usual,satisfaction,71.34492
E20-10,T20,usual,training_minutes,23.3349
E20-10,T20,usual,handoff_count,5
E20-10,T20,usual,rework_minutes,9.0533
E20-10,T20,usual,escalations,2
E20-10,T20,usual,confidence_score,54.36963
E20-10,T20,usual,workload_score,39.28554
E20-11,T20,usual,handling_minutes,64.32863
E20-11,T20,usual,error_rate,0.06173
E20-11,T20,usual,quality_score,69.99279
E20-11,T20,usual,weekly_output,29
E20-11,T20,usual,fatigue_score,59.94465
E20-11,T20,usual,satisfaction,66.49415
E20-11,T20,usual,training_minutes,20.12737
E20-11,T20,usual,handoff_count,3
E20-11,T20,usual,rework_minutes,17.57891
E20-11,T20,usual,escalations,3
E20-11,T20,usual,confidence_score,54.81417
E20-11,T20,usual,workload_score,48.31338
E20-12,T20,usual,handling_minutes,66.52896
E20-12,T20,usual,error_rate,0.04995
E20-12,T20,usual,quality_score,80.67789
E20-12,T20,usual,weekly_output,34
E20-12,T20,usual,fatigue_score,58.39538
E20-12,T20,usual,satisfaction,66.05985
E20-12,T20,usual,training_minutes,14.61435
E20-12,T20,usual,handoff_count,5
E20-12,T20,usual,rework_minutes,8.07185
E20-12,T20,usual,escalations,3
E20-12,T20,usual,confidence_score,47.80165
E20-12,T20,usual,workload_score,62.17704
E20-13,T20,usual,handling_minutes,61.74853
E20-13,T20,usual,error_rate,0.10394
E20-13,T20,usual,quality_score,83.03586
E20-13,T20,usual,weekly_output,33
E20-13,T20,usual,fatigue_score,48.53718
E20-13,T20,usual,satisfaction,71.31793
E20-13,T20,usual,training_minutes,19.90082
E20-13,T20,usual,handoff_count,3
E20-13,T20,usual,rework_minutes,10.18679
E20-13,T20,usual,escalations,3
E20-13,T20,usual,confidence_score,58.0379
E20-13,T20,usual,workload_score,53.69871
E20-14,T20,usual,handling_minutes,71.5798
E20-14,T20,usual,error_rate,0.11349
E20-14,T20,usual,quality_score,77.43128
E20-14,T20,usual,weekly_output,28
E20-14,T20,usual,fatigue_score,54.4462
E20-14,T20,usual,satisfaction,64.45797
E20-14,T20,usual,training_minutes,24.14625
E20-14,T20,usual,handoff_count,4
E20-14,T20,usual,rework_minutes,12.01288
E20-14,T20,usual,escalations,2
E20-14,T20,usual,confidence_score,52.40682
E20-14,T20,usual,workload_score,34.75555
E20-15,T20,usual,handling_minutes,65.46888
E20-15,T20,usual,error_rate,0.04867
E20-15,T20,usual,quality_score,79.99044
E20-15,T20,usual,weekly_output,36
E20-15,T20,usual,fatigue_score,42.60109
E20-15,T20,usual,satisfaction,64.78418
E20-15,T20,usual,training_minutes,12.0017
E20-15,T20,usual,handoff_count,3
E20-15,T20,usual,rework_minutes,3.31343
E20-15,T20,usual,escalations,4
E20-15,T20,usual,confidence_score,52.13039
E20-15,T20,usual,workload_score,66.91234
E20-16,T20,usual,handling_minutes,67.76763
E20-16,T20,usual,error_rate,0.09663
E20-16,T20,usual,quality_score,75.84993
E20-16,T20,usual,weekly_output,39
E20-16,T20,usual,fatigue_score,53.5785
E20-16,T20,usual,satisfaction,65.74173
E20-16,T20,usual,training_minutes,18.88598
E20-16,T20,usual,handoff_count,4
E20-16,T20,usual,rework_minutes,15.77561
E20-16,T20,usual,escalations,2
E20-16,T20,usual,confidence_score,70.53997
E20-16,T20,usual,workload_score,43.37126
E20-17,T20,usual,handling_minutes,60.10949
E20-17,T20,usual,error_rate,0.08247
E20-17,T20,usual,quality_score,83.8688
E20-17,T20,usual,weekly_output,21
E20-17,T20,usual,fatigue_score,57.38227
E20-17,T20,usual,satisfaction,62.00541
E20-17,T20,usual,training_minutes,17.33346
E20-17,T20,usual,handoff_count,0
E20-17,T20,usual,rework_minutes,22.11662
E20-17,T20,usual,escalations,2
E20-17,T20,usual,confidence_score,58.33804
E20-17,T20,usual,workload_score,42.84221
E20-18,T20,usual,handling_minutes,59.62658
E20-18,T20,usual,error_rate,0.08927
E20-18,T20,usual,quality_score,69.67108
E20-18,T20,usual,weekly_output,32
E20-18,T20,usual,fatigue_score,62.29876
E20-18,T20,usual,satisfaction,81.3317
E20-18,T20,usual,training_minutes,24.6502
E20-18,T20,usual,handoff_count,6
E20-18,T20,usual,rework_minutes,18.42179
E20-18,T20,usual,escalations,0
E20-18,T20,usual,confidence_score,74.08102
E20-18,T20,usual,workload_score,57.35167
E20-19,T20,usual,handling_minutes,70.59511
E20-19,T20,usual,error_rate,0.09327
E20-19,T20,usual,quality_score,74.34559
E20-19,T20,usual,weekly_output,40
E20-19,T20,usual,fatigue_score,38.82824
E20-19,T20,usual,satisfaction,59.406
E20-19,T20,usual,training_minutes,15.12471
E20-19,T20,usual,handoff_count,2
E20-19,T20,usual,rework_minutes,12.76451
E20-19,T20,usual,escalations,2
E20-19,T20,usual,confidence_score,62.02863
E20-19,T20,usual,workload_score,44.45238
E20-20,T20,usual,handling_minutes,68.76024
E20-20,T20,usual,error_rate,0.07488
E20-20,T20,usual,quality_score,74.61015
E20-20,T20,usual,weekly_output,26
E20-20,T20,usual,fatigue_score,66.1666
E20-20,T20,usual,satisfaction,51.42304
E20-20,T20,usual,training_minutes,14.86481
E20-20,T20,usual,handoff_count,5
E20-20,T20,usual,rework_minutes,13.02708
E20-20,T20,usual,escalations,2
E20-20,T20,usual,confidence_score,39.51801
E20-20,T20,usual,workload_score,53.87791
E21-01,T21,usual,handling_minutes,66.56665
E21-01,T21,usual,error_rate,0.05707
E21-01,T21,usual,quality_score,72.10666
E21-01,T21,usual,weekly_output,41
E21-01,T21,usual,fatigue_score,57.68188
E21-01,T21,usual,satisfaction,71.02844
E21-01,T21,usual,training_minutes,23.08937
E21-01,T21,usual,handoff_count,7
E21-01,T21,usual,rework_minutes,10.67355
E21-01,T21,usual,escalations,0
E21-01,T21,usual,confidence_score,74.38291
E21-01,T21,usual,workload_score,55.6951
E21-02,T21,usual,handling_minutes,70.75723
E21-02,T21,usual,error_rate,0.04022
E21-02,T21,usual,quality_score,76.55512
E21-02,T21,usual,weekly_output,34
E21-02,T21,usual,fatigue_score,45.81987
E21-02,T21,usual,satisfaction,57.45442
E21-02,T21,usual,training_minutes,22.9698
E21-02,T21,usual,handoff_count,9
E21-02,T21,usual,rework_minutes,14.59463
E21-02,T21,usual,escalations,1
E21-02,T21,usual,confidence_score,59.54712
E21-02,T21,usual,workload_score,42.70406
E21-03,T21,usual,handling_minutes,66.40738
E21-03,T21,usual,error_rate,0.05462
E21-03,T21,usual,quality_score,75.94191
E21-03,T21,usual,weekly_output,44
E21-03,T21,usual,fatigue_score,70.56666
E21-03,T21,usual,satisfaction,72.85055
E21-03,T21,usual,training_minutes,23.87842
E21-03,T21,usual,handoff_count,10
E21-03,T21,usual,rework_minutes,12.02084
E21-03,T21,usual,escalations,0
E21-03,T21,usual,confidence_score,66.87435
E21-03,T21,usual,workload_score,43.94818
E21-04,T21,usual,handling_minutes,65.2227
E21-04,T21,usual,error_rate,0.05248
E21-04,T21,usual,quality_score,79.1307
E21-04,T21,usual,weekly_output,25
E21-04,T21,usual,fatigue_score,45.65175
E21-04,T21,usual,satisfaction,77.95796
E21-04,T21,usual,training_minutes,9.55375
E21-04,T21,usual,handoff_count,7
E21-04,T21,usual,rework_minutes,19.13345
E21-04,T21,usual,escalations,0
E21-04,T21,usual,confidence_score,55.9413
E21-04,T21,usual,workload_score,52.99784
E21-05,T21,usual,handling_minutes,63.32053
E21-05,T21,usual,error_rate,0.09486
E21-05,T21,usual,quality_score,83.1266
E21-05,T21,usual,weekly_output,30
E21-05,T21,usual,fatigue_score,48.83489
E21-05,T21,usual,satisfaction,58.78426
E21-05,T21,usual,training_minutes,22.71508
E21-05,T21,usual,handoff_count,10
E21-05,T21,usual,rework_minutes,3.65302
E21-05,T21,usual,escalations,0
E21-05,T21,usual,confidence_score,68.92919
E21-05,T21,usual,workload_score,56.65794
E21-06,T21,usual,handling_minutes,58.48304
E21-06,T21,usual,error_rate,0.11846
E21-06,T21,usual,quality_score,75.29345
E21-06,T21,usual,weekly_output,42
E21-06,T21,usual,fatigue_score,40.46547
E21-06,T21,usual,satisfaction,64.55969
E21-06,T21,usual,training_minutes,14.86504
E21-06,T21,usual,handoff_count,8
E21-06,T21,usual,rework_minutes,11.24061
E21-06,T21,usual,escalations,1
E21-06,T21,usual,confidence_score,67.07003
E21-06,T21,usual,workload_score,60.80458
E21-07,T21,usual,handling_minutes,54.2516
E21-07,T21,usual,error_rate,0.11137
E21-07,T21,usual,quality_score,72.6249
E21-07,T21,usual,weekly_output,31
E21-07,T21,usual,fatigue_score,61.57589
E21-07,T21,usual,satisfaction,65.12723
E21-07,T21,usual,training_minutes,22.7125
E21-07,T21,usual,handoff_count,9
E21-07,T21,usual,rework_minutes,9.48046
E21-07,T21,usual,escalations,0
E21-07,T21,usual,confidence_score,60.44177
E21-07,T21,usual,workload_score,55.12396
E21-08,T21,usual,handling_minutes,51.17602
E21-08,T21,usual,error_rate,0.12476
E21-08,T21,usual,quality_score,85.01442
E21-08,T21,usual,weekly_output,25
E21-08,T21,usual,fatigue_score,48.51254
E21-08,T21,usual,satisfaction,74.90391
E21-08,T21,usual,training_minutes,9.98352
E21-08,T21,usual,handoff_count,10
E21-08,T21,usual,rework_minutes,6.65157
E21-08,T21,usual,escalations,0
E21-08,T21,usual,confidence_score,63.55223
E21-08,T21,usual,workload_score,64.25617
E21-09,T21,usual,handling_minutes,52.51921
E21-09,T21,usual,error_rate,0.09639
E21-09,T21,usual,quality_score,76.61775
E21-09,T21,usual,weekly_output,29
E21-09,T21,usual,fatigue_score,56.83904
E21-09,T21,usual,satisfaction,62.98739
E21-09,T21,usual,training_minutes,24.2457
E21-09,T21,usual,handoff_count,6
E21-09,T21,usual,rework_minutes,11.36779
E21-09,T21,usual,escalations,0
E21-09,T21,usual,confidence_score,69.39837
E21-09,T21,usual,workload_score,52.47246
E21-10,T21,usual,handling_minutes,60.69634
E21-10,T21,usual,error_rate,0.10392
E21-10,T21,usual,quality_score,71.94686
E21-10,T21,usual,weekly_output,32
E21-10,T21,usual,fatigue_score,56.01861
E21-10,T21,usual,satisfaction,76.38683
E21-10,T21,usual,training_minutes,13.55299
E21-10,T21,usual,handoff_count,8
E21-10,T21,usual,rework_minutes,6.07992
E21-10,T21,usual,escalations,0
E21-10,T21,usual,confidence_score,59.13116
E21-10,T21,usual,workload_score,58.39942
E21-11,T21,usual,handling_minutes,56.51605
E21-11,T21,usual,error_rate,0.08961
E21-11,T21,usual,quality_score,83.21542
E21-11,T21,usual,weekly_output,33
E21-11,T21,usual,fatigue_score,48.80311
E21-11,T21,usual,satisfaction,52.26285
E21-11,T21,usual,training_minutes,10.9444
E21-11,T21,usual,handoff_count,12
E21-11,T21,usual,rework_minutes,11.42814
E21-11,T21,usual,escalations,0
E21-11,T21,usual,confidence_score,76.75936
E21-11,T21,usual,workload_score,58.42093
E21-12,T21,usual,handling_minutes,58.12907
E21-12,T21,usual,error_rate,0.05803
E21-12,T21,usual,quality_score,84.27542
E21-12,T21,usual,weekly_output,39
E21-12,T21,usual,fatigue_score,54.07266
E21-12,T21,usual,satisfaction,81.13682
E21-12,T21,usual,training_minutes,19.57966
E21-12,T21,usual,handoff_count,9
E21-12,T21,usual,rework_minutes,15.40296
E21-12,T21,usual,escalations,1
E21-12,T21,usual,confidence_score,65.08888
E21-12,T21,usual,workload_score,51.85743
E21-13,T21,usual,handling_minutes,64.76541
E21-13,T21,usual,error_rate,0.05973
E21-13,T21,usual,quality_score,72.90747
E21-13,T21,usual,weekly_output,34
E21-13,T21,usual,fatigue_score,57.25364
E21-13,T21,usual,satisfaction,60.9403
E21-13,T21,usual,training_minutes,12.6287
E21-13,T21,usual,handoff_count,8
E21-13,T21,usual,rework_minutes,9.31475
E21-13,T21,usual,escalations,0
E21-13,T21,usual,confidence_score,55.8166
E21-13,T21,usual,workload_score,50.91034
E21-14,T21,usual,handling_minutes,57.35487
E21-14,T21,usual,error_rate,0.11817
E21-14,T21,usual,quality_score,82.61297
E21-14,T21,usual,weekly_output,37
E21-14,T21,usual,fatigue_score,44.26393
E21-14,T21,usual,satisfaction,55.46835
E21-14,T21,usual,training_minutes,26.3286
E21-14,T21,usual,handoff_count,8
E21-14,T21,usual,rework_minutes,9.08978
E21-14,T21,usual,escalations,0
E21-14,T21,usual,confidence_score,67.31846
E21-14,T21,usual,workload_score,52.30052
E21-15,T21,usual,handling_minutes,61.14988
E21-15,T21,usual,error_rate,0.11596
E21-15,T21,usual,quality_score,87.62419
E21-15,T21,usual,weekly_output,34
E21-15,T21,usual,fatigue_score,45.62495
E21-15,T21,usual,satisfaction,79.18272
E21-15,T21,usual,training_minutes,12.1637
E21-15,T21,usual,handoff_count,10
E21-15,T21,usual,rework_minutes,16.11273
E21-15,T21,usual,escalations,0
E21-15,T21,usual,confidence_score,67.7759
E21-15,T21,usual,workload_score,42.06475
E21-16,T21,usual,handling_minutes,39.7903
E21-16,T21,usual,error_rate,0.09606
E21-16,T21,usual,quality_score,77.29265
E21-16,T21,usual,weekly_output,42
E21-16,T21,usual,fatigue_score,59.10495
E21-16,T21,usual,satisfaction,63.17965
E21-16,T21,usual,training_minutes,31.2598
E21-16,T21,usual,handoff_count,6
E21-16,T21,usual,rework_minutes,9.01582
E21-16,T21,usual,escalations,0
E21-16,T21,usual,confidence_score,62.73729
E21-16,T21,usual,workload_score,37.75642
E21-17,T21,usual,handling_minutes,60.8261
E21-17,T21,usual,error_rate,0.04796
E21-17,T21,usual,quality_score,66.78103
E21-17,T21,usual,weekly_output,29
E21-17,T21,usual,fatigue_score,57.50908
E21-17,T21,usual,satisfaction,71.72926
E21-17,T21,usual,training_minutes,19.4958
E21-17,T21,usual,handoff_count,6
E21-17,T21,usual,rework_minutes,11.60398
E21-17,T21,usual,escalations,1
E21-17,T21,usual,confidence_score,60.63384
E21-17,T21,usual,workload_score,56.79143
E21-18,T21,usual,handling_minutes,83.36743
E21-18,T21,usual,error_rate,0.096
E21-18,T21,usual,quality_score,76.72532
E21-18,T21,usual,weekly_output,28
E21-18,T21,usual,fatigue_score,47.38184
E21-18,T21,usual,satisfaction,58.62603
E21-18,T21,usual,training_minutes,21.03736
E21-18,T21,usual,handoff_count,6
E21-18,T21,usual,rework_minutes,10.4454
E21-18,T21,usual,escalations,0
E21-18,T21,usual,confidence_score,69.56414
E21-18,T21,usual,workload_score,60.44298
E21-19,T21,usual,handling_minutes,45.78966
E21-19,T21,usual,error_rate,0.10124
E21-19,T21,usual,quality_score,78.13004
E21-19,T21,usual,weekly_output,31
E21-19,T21,usual,fatigue_score,56.1463
E21-19,T21,usual,satisfaction,60.65625
E21-19,T21,usual,training_minutes,11.14395
E21-19,T21,usual,handoff_count,8
E21-19,T21,usual,rework_minutes,10.21117
E21-19,T21,usual,escalations,1
E21-19,T21,usual,confidence_score,49.75159
E21-19,T21,usual,workload_score,56.75401
E21-20,T21,usual,handling_minutes,70.65931
E21-20,T21,usual,error_rate,0.09405
E21-20,T21,usual,quality_score,77.99088
E21-20,T21,usual,weekly_output,31
E21-20,T21,usual,fatigue_score,36.0727
E21-20,T21,usual,satisfaction,58.75729
E21-20,T21,usual,training_minutes,17.14298
E21-20,T21,usual,handoff_count,7
E21-20,T21,usual,rework_minutes,14.94432
E21-20,T21,usual,escalations,0
E21-20,T21,usual,confidence_score,62.8761
E21-20,T21,usual,workload_score,54.12263
E22-01,T22,tool,handling_minutes,48.1022
E22-01,T22,tool,error_rate,0.05692
E22-01,T22,tool,quality_score,76.65329
E22-01,T22,tool,weekly_output,51
E22-01,T22,tool,fatigue_score,61.06856
E22-01,T22,tool,satisfaction,66.44046
E22-01,T22,tool,training_minutes,28.18829
E22-01,T22,tool,handoff_count,7
E22-01,T22,tool,rework_minutes,13.31599
E22-01,T22,tool,escalations,3
E22-01,T22,tool,confidence_score,64.36206
E22-01,T22,tool,workload_score,73.51802
E22-02,T22,tool,handling_minutes,63.04623
E22-02,T22,tool,error_rate,0.0858
E22-02,T22,tool,quality_score,83.31424
E22-02,T22,tool,weekly_output,27
E22-02,T22,tool,fatigue_score,41.27605
E22-02,T22,tool,satisfaction,79.04361
E22-02,T22,tool,training_minutes,21.65711
E22-02,T22,tool,handoff_count,3
E22-02,T22,tool,rework_minutes,6.02419
E22-02,T22,tool,escalations,3
E22-02,T22,tool,confidence_score,51.70623
E22-02,T22,tool,workload_score,46.37728
E22-03,T22,tool,handling_minutes,52.46143
E22-03,T22,tool,error_rate,0.07344
E22-03,T22,tool,quality_score,73.92392
E22-03,T22,tool,weekly_output,37
E22-03,T22,tool,fatigue_score,42.11563
E22-03,T22,tool,satisfaction,60.73222
E22-03,T22,tool,training_minutes,22.9137
E22-03,T22,tool,handoff_count,6
E22-03,T22,tool,rework_minutes,11.50217
E22-03,T22,tool,escalations,3
E22-03,T22,tool,confidence_score,51.56321
E22-03,T22,tool,workload_score,56.15706
E22-04,T22,tool,handling_minutes,51.71755
E22-04,T22,tool,error_rate,0.07755
E22-04,T22,tool,quality_score,76.91037
E22-04,T22,tool,weekly_output,34
E22-04,T22,tool,fatigue_score,60.15304
E22-04,T22,tool,satisfaction,70.3971
E22-04,T22,tool,training_minutes,22.5552
E22-04,T22,tool,handoff_count,5
E22-04,T22,tool,rework_minutes,13.80412
E22-04,T22,tool,escalations,6
E22-04,T22,tool,confidence_score,49.76385
E22-04,T22,tool,workload_score,59.35028
E22-05,T22,tool,handling_minutes,51.6183
E22-05,T22,tool,error_rate,0.0729
E22-05,T22,tool,quality_score,77.37017
E22-05,T22,tool,weekly_output,46
E22-05,T22,tool,fatigue_score,50.50139
E22-05,T22,tool,satisfaction,69.05018
E22-05,T22,tool,training_minutes,27.33191
E22-05,T22,tool,handoff_count,4
E22-05,T22,tool,rework_minutes,16.40612
E22-05,T22,tool,escalations,4
E22-05,T22,tool,confidence_score,58.93452
E22-05,T22,tool,workload_score,47.31279
E22-06,T22,tool,handling_minutes,48.30449
E22-06,T22,tool,error_rate,0.02355
E22-06,T22,tool,quality_score,72.67268
E22-06,T22,tool,weekly_output,38
E22-06,T22,tool,fatigue_score,53.08896
E22-06,T22,tool,satisfaction,66.49514
E22-06,T22,tool,training_minutes,34.05602
E22-06,T22,tool,handoff_count,5
E22-06,T22,tool,rework_minutes,11.45703
E22-06,T22,tool,escalations,3
E22-06,T22,tool,confidence_score,74.16353
E22-06,T22,tool,workload_score,58.6411
E22-07,T22,tool,handling_minutes,51.01091
E22-07,T22,tool,error_rate,0.09815
E22-07,T22,tool,quality_score,80.63242
E22-07,T22,tool,weekly_output,32
E22-07,T22,tool,fatigue_score,52.59929
E22-07,T22,tool,satisfaction,66.45667
E22-07,T22,tool,training_minutes,31.66942
E22-07,T22,tool,handoff_count,5
E22-07,T22,tool,rework_minutes,10.17525
E22-07,T22,tool,escalations,6
E22-07,T22,tool,confidence_score,55.0708
E22-07,T22,tool,workload_score,39.89791
E22-08,T22,tool,handling_minutes,77.36451
E22-08,T22,tool,error_rate,0.02489
E22-08,T22,tool,quality_score,71.96856
E22-08,T22,tool,weekly_output,30
E22-08,T22,tool,fatigue_score,47.24082
E22-08,T22,tool,satisfaction,62.6589
E22-08,T22,tool,training_minutes,22.34952
E22-08,T22,tool,handoff_count,6
E22-08,T22,tool,rework_minutes,10.21465
E22-08,T22,tool,escalations,4
E22-08,T22,tool,confidence_score,60.00248
E22-08,T22,tool,workload_score,47.66395
E22-09,T22,tool,handling_minutes,62.67229
E22-09,T22,tool,error_rate,0.09054
E22-09,T22,tool,quality_score,81.59269
E22-09,T22,tool,weekly_output,26
E22-09,T22,tool,fatigue_score,62.88861
E22-09,T22,tool,satisfaction,86.30056
E22-09,T22,tool,training_minutes,25.00754
E22-09,T22,tool,handoff_count,7
E22-09,T22,tool,rework_minutes,12.35729
E22-09,T22,tool,escalations,5
E22-09,T22,tool,confidence_score,67.67171
E22-09,T22,tool,workload_score,49.71686
E22-10,T22,tool,handling_minutes,48.88398
E22-10,T22,tool,error_rate,0.10712
E22-10,T22,tool,quality_score,74.83156
E22-10,T22,tool,weekly_output,28
E22-10,T22,tool,fatigue_score,43.36875
E22-10,T22,tool,satisfaction,52.70831
E22-10,T22,tool,training_minutes,29.83999
E22-10,T22,tool,handoff_count,7
E22-10,T22,tool,rework_minutes,10.93387
E22-10,T22,tool,escalations,3
E22-10,T22,tool,confidence_score,68.50877
E22-10,T22,tool,workload_score,49.94727
E22-11,T22,tool,handling_minutes,44.00864
E22-11,T22,tool,error_rate,0.04961
E22-11,T22,tool,quality_score,81.468
E22-11,T22,tool,weekly_output,26
E22-11,T22,tool,fatigue_score,46.31394
E22-11,T22,tool,satisfaction,62.43359
E22-11,T22,tool,training_minutes,23.12993
E22-11,T22,tool,handoff_count,10
E22-11,T22,tool,rework_minutes,10.85953
E22-11,T22,tool,escalations,5
E22-11,T22,tool,confidence_score,59.22184
E22-11,T22,tool,workload_score,70.14231
E22-12,T22,tool,handling_minutes,43.2194
E22-12,T22,tool,error_rate,0.10973
E22-12,T22,tool,quality_score,79.74764
E22-12,T22,tool,weekly_output,16
E22-12,T22,tool,fatigue_score,56.74852
E22-12,T22,tool,satisfaction,63.7273
E22-12,T22,tool,training_minutes,20.4925
E22-12,T22,tool,handoff_count,6
E22-12,T22,tool,rework_minutes,5.82376
E22-12,T22,tool,escalations,6
E22-12,T22,tool,confidence_score,43.14498
E22-12,T22,tool,workload_score,58.65096
E22-13,T22,tool,handling_minutes,56.59401
E22-13,T22,tool,error_rate,0.07191
E22-13,T22,tool,quality_score,75.23653
E22-13,T22,tool,weekly_output,26
E22-13,T22,tool,fatigue_score,60.40848
E22-13,T22,tool,satisfaction,72.1042
E22-13,T22,tool,training_minutes,17.479
E22-13,T22,tool,handoff_count,6
E22-13,T22,tool,rework_minutes,5.8771
E22-13,T22,tool,escalations,5
E22-13,T22,tool,confidence_score,66.24635
E22-13,T22,tool,workload_score,51.77629
E22-14,T22,tool,handling_minutes,50.73654
E22-14,T22,tool,error_rate,0.06359
E22-14,T22,tool,quality_score,70.99712
E22-14,T22,tool,weekly_output,27
E22-14,T22,tool,fatigue_score,55.04782
E22-14,T22,tool,satisfaction,70.95259
E22-14,T22,tool,training_minutes,26.67688
E22-14,T22,tool,handoff_count,6
E22-14,T22,tool,rework_minutes,3.6603
E22-14,T22,tool,escalations,4
E22-14,T22,tool,confidence_score,52.63904
E22-14,T22,tool,workload_score,47.45517
E22-15,T22,tool,handling_minutes,58.59557
E22-15,T22,tool,error_rate,0.0371
E22-15,T22,tool,quality_score,71.02227
E22-15,T22,tool,weekly_output,32
E22-15,T22,tool,fatigue_score,43.83753
E22-15,T22,tool,satisfaction,64.22911
E22-15,T22,tool,training_minutes,27.96051
E22-15,T22,tool,handoff_count,5
E22-15,T22,tool,rework_minutes,5.37064
E22-15,T22,tool,escalations,4
E22-15,T22,tool,confidence_score,53.51997
E22-15,T22,tool,workload_score,41.56854
E22-16,T22,tool,handling_minutes,54.03217
E22-16,T22,tool,error_rate,0.10096
E22-16,T22,tool,quality_score,70.66217
E22-16,T22,tool,weekly_output,23
E22-16,T22,tool,fatigue_score,56.48158
E22-16,T22,tool,satisfaction,64.61753
E22-16,T22,tool,training_minutes,13.41571
E22-16,T22,tool,handoff_count,9
E22-16,T22,tool,rework_minutes,10.29717
E22-16,T22,tool,escalations,5
E22-16,T22,tool,confidence_score,58.11657
E22-16,T22,tool,workload_score,44.0444
E22-17,T22,tool,handling_minutes,59.62408
E22-17,T22,tool,error_rate,0.07163
E22-17,T22,tool,quality_score,77.72309
E22-17,T22,tool,weekly_output,25
E22-17,T22,tool,fatigue_score,42.51111
E22-17,T22,tool,satisfaction,76.77077
E22-17,T22,tool,training_minutes,23.69109
E22-17,T22,tool,handoff_count,6
E22-17,T22,tool,rework_minutes,9.79513
E22-17,T22,tool,escalations,4
E22-17,T22,tool,confidence_score,60.08364
E22-17,T22,tool,workload_score,54.88148
E22-18,T22,tool,handling_minutes,52.23062
E22-18,T22,tool,error_rate,0.06839
E22-18,T22,tool,quality_score,87.2065
E22-18,T22,tool,weekly_output,21
E22-18,T22,tool,fatigue_score,44.38084
E22-18,T22,tool,satisfaction,75.02471
E22-18,T22,tool,training_minutes,24.32388
E22-18,T22,tool,handoff_count,7
E22-18,T22,tool,rework_minutes,0
E22-18,T22,tool,escalations,5
E22-18,T22,tool,confidence_score,80.33278
E22-18,T22,tool,workload_score,50.97228
E22-19,T22,tool,handling_minutes,61.63433
E22-19,T22,tool,error_rate,0.08285
E22-19,T22,tool,quality_score,87.298
E22-19,T22,tool,weekly_output,27
E22-19,T22,tool,fatigue_score,62.22411
E22-19,T22,tool,satisfaction,67.92999
E22-19,T22,tool,training_minutes,30.62687
E22-19,T22,tool,handoff_count,5
E22-19,T22,tool,rework_minutes,10.96575
E22-19,T22,tool,escalations,3
E22-19,T22,tool,confidence_score,60.55002
E22-19,T22,tool,workload_score,41.36474
E22-20,T22,tool,handling_minutes,44.22172
E22-20,T22,tool,error_rate,0.07518
E22-20,T22,tool,quality_score,85.85579
E22-20,T22,tool,weekly_output,25
E22-20,T22,tool,fatigue_score,54.96655
E22-20,T22,tool,satisfaction,66.38209
E22-20,T22,tool,training_minutes,23.80618
E22-20,T22,tool,handoff_count,10
E22-20,T22,tool,rework_minutes,13.72747
E22-20,T22,tool,escalations,6
E22-20,T22,tool,confidence_score,75.70999
E22-20,T22,tool,workload_score,60.68311
E23-01,T23,tool,handling_minutes,45.95292
E23-01,T23,tool,error_rate,0.05825
E23-01,T23,tool,quality_score,74.57828
E23-01,T23,tool,weekly_output,26
E23-01,T23,tool,fatigue_score,49.94126
E23-01,T23,tool,satisfaction,52.40815
E23-01,T23,tool,training_minutes,31.94657
E23-01,T23,tool,handoff_count,5
E23-01,T23,tool,rework_minutes,10.19163
E23-01,T23,tool,escalations,6
E23-01,T23,tool,confidence_score,63.81453
E23-01,T23,tool,workload_score,37.75202
E23-02,T23,tool,handling_minutes,45.4777
E23-02,T23,tool,error_rate,0.10658
E23-02,T23,tool,quality_score,72.09896
E23-02,T23,tool,weekly_output,32
E23-02,T23,tool,fatigue_score,74.1882
E23-02,T23,tool,satisfaction,73.09566
E23-02,T23,tool,training_minutes,18.95638
E23-02,T23,tool,handoff_count,6
E23-02,T23,tool,rework_minutes,1.58265
E23-02,T23,tool,escalations,6
E23-02,T23,tool,confidence_score,63.25827
E23-02,T23,tool,workload_score,46.81413
E23-03,T23,tool,handling_minutes,41.57928
E23-03,T23,tool,error_rate,0.07003
E23-03,T23,tool,quality_score,76.09708
E23-03,T23,tool,weekly_output,49
E23-03,T23,tool,fatigue_score,68.3278
E23-03,T23,tool,satisfaction,61.87965
E23-03,T23,tool,training_minutes,5.75449
E23-03,T23,tool,handoff_count,4
E23-03,T23,tool,rework_minutes,0
E23-03,T23,tool,escalations,4
E23-03,T23,tool,confidence_score,66.53635
E23-03,T23,tool,workload_score,47.60063
E23-04,T23,tool,handling_minutes,57.939
E23-04,T23,tool,error_rate,0.06374
E23-04,T23,tool,quality_score,84.77696
E23-04,T23,tool,weekly_output,27
E23-04,T23,tool,fatigue_score,43.44337
E23-04,T23,tool,satisfaction,63.92269
E23-04,T23,tool,training_minutes,29.56328
E23-04,T23,tool,handoff_count,1
E23-04,T23,tool,rework_minutes,4.63599
E23-04,T23,tool,escalations,5
E23-04,T23,tool,confidence_score,70.56122
E23-04,T23,tool,workload_score,38.64537
E23-05,T23,tool,handling_minutes,42.74056
E23-05,T23,tool,error_rate,0.08172
E23-05,T23,tool,quality_score,72.28933
E23-05,T23,tool,weekly_output,48
E23-05,T23,tool,fatigue_score,40.43111
E23-05,T23,tool,satisfaction,72.46045
E23-05,T23,tool,training_minutes,25.95903
E23-05,T23,tool,handoff_count,7
E23-05,T23,tool,rework_minutes,15.65391
E23-05,T23,tool,escalations,5
E23-05,T23,tool,confidence_score,57.50927
E23-05,T23,tool,workload_score,44.60819
E23-06,T23,tool,handling_minutes,50.32918
E23-06,T23,tool,error_rate,0.10195
E23-06,T23,tool,quality_score,77.38937
E23-06,T23,tool,weekly_output,31
E23-06,T23,tool,fatigue_score,43.97499
E23-06,T23,tool,satisfaction,75.40611
E23-06,T23,tool,training_minutes,38.07027
E23-06,T23,tool,handoff_count,6
E23-06,T23,tool,rework_minutes,9.65165
E23-06,T23,tool,escalations,5
E23-06,T23,tool,confidence_score,69.68695
E23-06,T23,tool,workload_score,53.94838
E23-07,T23,tool,handling_minutes,46.21054
E23-07,T23,tool,error_rate,0.0998
E23-07,T23,tool,quality_score,78.55575
E23-07,T23,tool,weekly_output,21
E23-07,T23,tool,fatigue_score,53.23228
E23-07,T23,tool,satisfaction,61.12618
E23-07,T23,tool,training_minutes,19.55019
E23-07,T23,tool,handoff_count,4
E23-07,T23,tool,rework_minutes,11.44023
E23-07,T23,tool,escalations,6
E23-07,T23,tool,confidence_score,71.06315
E23-07,T23,tool,workload_score,61.99945
E23-08,T23,tool,handling_minutes,40.51496
E23-08,T23,tool,error_rate,0.11753
E23-08,T23,tool,quality_score,82.71281
E23-08,T23,tool,weekly_output,32
E23-08,T23,tool,fatigue_score,47.0027
E23-08,T23,tool,satisfaction,68.71563
E23-08,T23,tool,training_minutes,33.01429
E23-08,T23,tool,handoff_count,6
E23-08,T23,tool,rework_minutes,4.37012
E23-08,T23,tool,escalations,7
E23-08,T23,tool,confidence_score,80.56022
E23-08,T23,tool,workload_score,49.07126
E23-09,T23,tool,handling_minutes,50.79596
E23-09,T23,tool,error_rate,0.08846
E23-09,T23,tool,quality_score,79.10202
E23-09,T23,tool,weekly_output,43
E23-09,T23,tool,fatigue_score,50.04866
E23-09,T23,tool,satisfaction,79.88491
E23-09,T23,tool,training_minutes,24.5013
E23-09,T23,tool,handoff_count,6
E23-09,T23,tool,rework_minutes,4.11063
E23-09,T23,tool,escalations,5
E23-09,T23,tool,confidence_score,67.17652
E23-09,T23,tool,workload_score,54.39783
E23-10,T23,tool,handling_minutes,65.06028
E23-10,T23,tool,error_rate,0.06724
E23-10,T23,tool,quality_score,79.60903
E23-10,T23,tool,weekly_output,30
E23-10,T23,tool,fatigue_score,53.79714
E23-10,T23,tool,satisfaction,52.54877
E23-10,T23,tool,training_minutes,21.04767
E23-10,T23,tool,handoff_count,4
E23-10,T23,tool,rework_minutes,0
E23-10,T23,tool,escalations,5
E23-10,T23,tool,confidence_score,63.46937
E23-10,T23,tool,workload_score,48.53794
E23-11,T23,tool,handling_minutes,40.75659
E23-11,T23,tool,error_rate,0.08545
E23-11,T23,tool,quality_score,81.21845
E23-11,T23,tool,weekly_output,48
E23-11,T23,tool,fatigue_score,49.45016
E23-11,T23,tool,satisfaction,62.19779
E23-11,T23,tool,training_minutes,20.24391
E23-11,T23,tool,handoff_count,5
E23-11,T23,tool,rework_minutes,5.55898
E23-11,T23,tool,escalations,5
E23-11,T23,tool,confidence_score,52.61784
E23-11,T23,tool,workload_score,54.74505
E23-12,T23,tool,handling_minutes,44.77864
E23-12,T23,tool,error_rate,0.00516
E23-12,T23,tool,quality_score,72.69393
E23-12,T23,tool,weekly_output,27
E23-12,T23,tool,fatigue_score,52.1472
E23-12,T23,tool,satisfaction,74.30068
E23-12,T23,tool,training_minutes,8.58568
E23-12,T23,tool,handoff_count,6
E23-12,T23,tool,rework_minutes,6.56714
E23-12,T23,tool,escalations,6
E23-12,T23,tool,confidence_score,58.17576
E23-12,T23,tool,workload_score,47.03416
E23-13,T23,tool,handling_minutes,51.9479
E23-13,T23,tool,error_rate,0.09233
E23-13,T23,tool,quality_score,81.68575
E23-13,T23,tool,weekly_output,44
E23-13,T23,tool,fatigue_score,48.69562
E23-13,T23,tool,satisfaction,59.94733
E23-13,T23,tool,training_minutes,27.70669
E23-13,T23,tool,handoff_count,5
E23-13,T23,tool,rework_minutes,4.62975
E23-13,T23,tool,escalations,5
E23-13,T23,tool,confidence_score,85.91122
E23-13,T23,tool,workload_score,51.60534
E23-14,T23,tool,handling_minutes,35.6922
E23-14,T23,tool,error_rate,0.10067
E23-14,T23,tool,quality_score,72.79905
E23-14,T23,tool,weekly_output,29
E23-14,T23,tool,fatigue_score,50.12502
E23-14,T23,tool,satisfaction,64.03256
E23-14,T23,tool,training_minutes,29.10577
E23-14,T23,tool,handoff_count,5
E23-14,T23,tool,rework_minutes,10.10573
E23-14,T23,tool,escalations,6
E23-14,T23,tool,confidence_score,71.83986
E23-14,T23,tool,workload_score,50.18174
E23-15,T23,tool,handling_minutes,31.64278
E23-15,T23,tool,error_rate,0.10248
E23-15,T23,tool,quality_score,77.32318
E23-15,T23,tool,weekly_output,41
E23-15,T23,tool,fatigue_score,53.13866
E23-15,T23,tool,satisfaction,63.68693
E23-15,T23,tool,training_minutes,25.50255
E23-15,T23,tool,handoff_count,6
E23-15,T23,tool,rework_minutes,8.42071
E23-15,T23,tool,escalations,5
E23-15,T23,tool,confidence_score,61.43456
E23-15,T23,tool,workload_score,37.33026
E23-16,T23,tool,handling_minutes,57.37981
E23-16,T23,tool,error_rate,0.07545
E23-16,T23,tool,quality_score,83.5601
E23-16,T23,tool,weekly_output,35
E23-16,T23,tool,fatigue_score,45.68331
E23-16,T23,tool,satisfaction,58.79836
E23-16,T23,tool,training_minutes,11.94314
E23-16,T23,tool,handoff_count,6
E23-16,T23,tool,rework_minutes,4.48632
E23-16,T23,tool,escalations,4
E23-16,T23,tool,confidence_score,66.88133
E23-16,T23,tool,workload_score,45.801
E23-17,T23,tool,handling_minutes,63.81592
E23-17,T23,tool,error_rate,0.0813
E23-17,T23,tool,quality_score,82.26809
E23-17,T23,tool,weekly_output,38
E23-17,T23,tool,fatigue_score,51.42243
E23-17,T23,tool,satisfaction,64.93669
E23-17,T23,tool,training_minutes,16.92869
E23-17,T23,tool,handoff_count,5
E23-17,T23,tool,rework_minutes,8.64359
E23-17,T23,tool,escalations,4
E23-17,T23,tool,confidence_score,83.34202
E23-17,T23,tool,workload_score,47.00672
E23-18,T23,tool,handling_minutes,47.84032
E23-18,T23,tool,error_rate,0.01584
E23-18,T23,tool,quality_score,84.98925
E23-18,T23,tool,weekly_output,44
E23-18,T23,tool,fatigue_score,45.51619
E23-18,T23,tool,satisfaction,59.93599
E23-18,T23,tool,training_minutes,22.87704
E23-18,T23,tool,handoff_count,3
E23-18,T23,tool,rework_minutes,8.1859
E23-18,T23,tool,escalations,7
E23-18,T23,tool,confidence_score,72.87849
E23-18,T23,tool,workload_score,52.29296
E23-19,T23,tool,handling_minutes,55.54603
E23-19,T23,tool,error_rate,0.09063
E23-19,T23,tool,quality_score,59.54755
E23-19,T23,tool,weekly_output,50
E23-19,T23,tool,fatigue_score,38.28784
E23-19,T23,tool,satisfaction,58.58126
E23-19,T23,tool,training_minutes,26.95883
E23-19,T23,tool,handoff_count,4
E23-19,T23,tool,rework_minutes,0.8339
E23-19,T23,tool,escalations,5
E23-19,T23,tool,confidence_score,52.28746
E23-19,T23,tool,workload_score,54.04907
E23-20,T23,tool,handling_minutes,47.41599
E23-20,T23,tool,error_rate,0.05437
E23-20,T23,tool,quality_score,70.5972
E23-20,T23,tool,weekly_output,48
E23-20,T23,tool,fatigue_score,62.38298
E23-20,T23,tool,satisfaction,65.14605
E23-20,T23,tool,training_minutes,22.37292
E23-20,T23,tool,handoff_count,7
E23-20,T23,tool,rework_minutes,11.88966
E23-20,T23,tool,escalations,4
E23-20,T23,tool,confidence_score,82.26413
E23-20,T23,tool,workload_score,46.71043
E24-01,T24,usual,handling_minutes,51.08401
E24-01,T24,usual,error_rate,0.11537
E24-01,T24,usual,quality_score,83.64307
E24-01,T24,usual,weekly_output,27
E24-01,T24,usual,fatigue_score,64.73098
E24-01,T24,usual,satisfaction,53.02442
E24-01,T24,usual,training_minutes,18.97299
E24-01,T24,usual,handoff_count,6
E24-01,T24,usual,rework_minutes,8.68409
E24-01,T24,usual,escalations,7
E24-01,T24,usual,confidence_score,52.73353
E24-01,T24,usual,workload_score,52.55884
E24-02,T24,usual,handling_minutes,63.65429
E24-02,T24,usual,error_rate,0.08027
E24-02,T24,usual,quality_score,66.4645
E24-02,T24,usual,weekly_output,26
E24-02,T24,usual,fatigue_score,68.92219
E24-02,T24,usual,satisfaction,57.45567
E24-02,T24,usual,training_minutes,27.51021
E24-02,T24,usual,handoff_count,3
E24-02,T24,usual,rework_minutes,10.7471
E24-02,T24,usual,escalations,9
E24-02,T24,usual,confidence_score,67.96034
E24-02,T24,usual,workload_score,58.32599
E24-03,T24,usual,handling_minutes,52.5582
E24-03,T24,usual,error_rate,0.0468
E24-03,T24,usual,quality_score,83.45784
E24-03,T24,usual,weekly_output,33
E24-03,T24,usual,fatigue_score,64.3586
E24-03,T24,usual,satisfaction,67.24957
E24-03,T24,usual,training_minutes,29.44381
E24-03,T24,usual,handoff_count,4
E24-03,T24,usual,rework_minutes,11.45888
E24-03,T24,usual,escalations,7
E24-03,T24,usual,confidence_score,64.92597
E24-03,T24,usual,workload_score,60.28525
E24-04,T24,usual,handling_minutes,51.83732
E24-04,T24,usual,error_rate,0.08232
E24-04,T24,usual,quality_score,73.35066
E24-04,T24,usual,weekly_output,38
E24-04,T24,usual,fatigue_score,56.86461
E24-04,T24,usual,satisfaction,74.62308
E24-04,T24,usual,training_minutes,20.32038
E24-04,T24,usual,handoff_count,6
E24-04,T24,usual,rework_minutes,12.29944
E24-04,T24,usual,escalations,9
E24-04,T24,usual,confidence_score,58.56738
E24-04,T24,usual,workload_score,41.8343
E24-05,T24,usual,handling_minutes,50.31025
E24-05,T24,usual,error_rate,0.16068
E24-05,T24,usual,quality_score,73.30509
E24-05,T24,usual,weekly_output,29
E24-05,T24,usual,fatigue_score,58.69227
E24-05,T24,usual,satisfaction,63.06205
E24-05,T24,usual,training_minutes,21.72269
E24-05,T24,usual,handoff_count,4
E24-05,T24,usual,rework_minutes,13.76424
E24-05,T24,usual,escalations,6
E24-05,T24,usual,confidence_score,63.85426
E24-05,T24,usual,workload_score,42.64165
E24-06,T24,usual,handling_minutes,60.6957
E24-06,T24,usual,error_rate,0.09448
E24-06,T24,usual,quality_score,84.8105
E24-06,T24,usual,weekly_output,35
E24-06,T24,usual,fatigue_score,77.41297
E24-06,T24,usual,satisfaction,71.56478
E24-06,T24,usual,training_minutes,23.04984
E24-06,T24,usual,handoff_count,9
E24-06,T24,usual,rework_minutes,9.15605
E24-06,T24,usual,escalations,8
E24-06,T24,usual,confidence_score,50.0795
E24-06,T24,usual,workload_score,55.10631
E24-07,T24,usual,handling_minutes,45.35443
E24-07,T24,usual,error_rate,0.04496
E24-07,T24,usual,quality_score,79.2032
E24-07,T24,usual,weekly_output,45
E24-07,T24,usual,fatigue_score,57.58858
E24-07,T24,usual,satisfaction,64.17347
E24-07,T24,usual,training_minutes,17.97433
E24-07,T24,usual,handoff_count,5
E24-07,T24,usual,rework_minutes,12.46951
E24-07,T24,usual,escalations,9
E24-07,T24,usual,confidence_score,46.36656
E24-07,T24,usual,workload_score,50.50308
E24-08,T24,usual,handling_minutes,65.1719
E24-08,T24,usual,error_rate,0.06435
E24-08,T24,usual,quality_score,74.10319
E24-08,T24,usual,weekly_output,39
E24-08,T24,usual,fatigue_score,51.00876
E24-08,T24,usual,satisfaction,62.92733
E24-08,T24,usual,training_minutes,12.34345
E24-08,T24,usual,handoff_count,6
E24-08,T24,usual,rework_minutes,3.51478
E24-08,T24,usual,escalations,7
E24-08,T24,usual,confidence_score,56.66441
E24-08,T24,usual,workload_score,70.50133
E24-09,T24,usual,handling_minutes,55.97751
E24-09,T24,usual,error_rate,0.10544
E24-09,T24,usual,quality_score,68.19807
E24-09,T24,usual,weekly_output,28
E24-09,T24,usual,fatigue_score,57.45901
E24-09,T24,usual,satisfaction,73.91137
E24-09,T24,usual,training_minutes,27.30481
E24-09,T24,usual,handoff_count,5
E24-09,T24,usual,rework_minutes,6.32033
E24-09,T24,usual,escalations,7
E24-09,T24,usual,confidence_score,52.91753
E24-09,T24,usual,workload_score,53.04965
E24-10,T24,usual,handling_minutes,59.93804
E24-10,T24,usual,error_rate,0.08441
E24-10,T24,usual,quality_score,81.87443
E24-10,T24,usual,weekly_output,27
E24-10,T24,usual,fatigue_score,65.8491
E24-10,T24,usual,satisfaction,70.68546
E24-10,T24,usual,training_minutes,21.31367
E24-10,T24,usual,handoff_count,2
E24-10,T24,usual,rework_minutes,11.58036
E24-10,T24,usual,escalations,9
E24-10,T24,usual,confidence_score,62.26576
E24-10,T24,usual,workload_score,37.47786
E24-11,T24,usual,handling_minutes,59.93301
E24-11,T24,usual,error_rate,0.06576
E24-11,T24,usual,quality_score,82.08442
E24-11,T24,usual,weekly_output,39
E24-11,T24,usual,fatigue_score,53.96586
E24-11,T24,usual,satisfaction,57.02347
E24-11,T24,usual,training_minutes,6.63501
E24-11,T24,usual,handoff_count,4
E24-11,T24,usual,rework_minutes,10.03096
E24-11,T24,usual,escalations,6
E24-11,T24,usual,confidence_score,51.63362
E24-11,T24,usual,workload_score,41.04651
E24-12,T24,usual,handling_minutes,59.92336
E24-12,T24,usual,error_rate,0.05795
E24-12,T24,usual,quality_score,79.03467
E24-12,T24,usual,weekly_output,42
E24-12,T24,usual,fatigue_score,53.22996
E24-12,T24,usual,satisfaction,62.16235
E24-12,T24,usual,training_minutes,19.0581
E24-12,T24,usual,handoff_count,5
E24-12,T24,usual,rework_minutes,15.23287
E24-12,T24,usual,escalations,7
E24-12,T24,usual,confidence_score,59.75706
E24-12,T24,usual,workload_score,45.02128
E24-13,T24,usual,handling_minutes,62.52578
E24-13,T24,usual,error_rate,0.01946
E24-13,T24,usual,quality_score,81.40522
E24-13,T24,usual,weekly_output,28
E24-13,T24,usual,fatigue_score,62.48233
E24-13,T24,usual,satisfaction,65.35674
E24-13,T24,usual,training_minutes,28.38351
E24-13,T24,usual,handoff_count,3
E24-13,T24,usual,rework_minutes,9.56009
E24-13,T24,usual,escalations,8
E24-13,T24,usual,confidence_score,51.02918
E24-13,T24,usual,workload_score,47.08261
E24-14,T24,usual,handling_minutes,58.6743
E24-14,T24,usual,error_rate,0.09015
E24-14,T24,usual,quality_score,66.8894
E24-14,T24,usual,weekly_output,40
E24-14,T24,usual,fatigue_score,53.51267
E24-14,T24,usual,satisfaction,50.6479
E24-14,T24,usual,training_minutes,22.69072
E24-14,T24,usual,handoff_count,6
E24-14,T24,usual,rework_minutes,12.30775
E24-14,T24,usual,escalations,6
E24-14,T24,usual,confidence_score,63.15384
E24-14,T24,usual,workload_score,35.39974
E24-15,T24,usual,handling_minutes,41.99756
E24-15,T24,usual,error_rate,0.10173
E24-15,T24,usual,quality_score,76.55444
E24-15,T24,usual,weekly_output,25
E24-15,T24,usual,fatigue_score,52.38627
E24-15,T24,usual,satisfaction,62.25853
E24-15,T24,usual,training_minutes,24.88798
E24-15,T24,usual,handoff_count,5
E24-15,T24,usual,rework_minutes,13.90859
E24-15,T24,usual,escalations,9
E24-15,T24,usual,confidence_score,56.66612
E24-15,T24,usual,workload_score,50.32469
E24-16,T24,usual,handling_minutes,52.49911
E24-16,T24,usual,error_rate,0.06175
E24-16,T24,usual,quality_score,75.00194
E24-16,T24,usual,weekly_output,43
E24-16,T24,usual,fatigue_score,47.8632
E24-16,T24,usual,satisfaction,55.4792
E24-16,T24,usual,training_minutes,22.56273
E24-16,T24,usual,handoff_count,6
E24-16,T24,usual,rework_minutes,12.34705
E24-16,T24,usual,escalations,9
E24-16,T24,usual,confidence_score,63.47831
E24-16,T24,usual,workload_score,41.99698
E24-17,T24,usual,handling_minutes,63.83463
E24-17,T24,usual,error_rate,0.08806
E24-17,T24,usual,quality_score,85.54573
E24-17,T24,usual,weekly_output,40
E24-17,T24,usual,fatigue_score,54.65458
E24-17,T24,usual,satisfaction,58.57116
E24-17,T24,usual,training_minutes,24.84919
E24-17,T24,usual,handoff_count,7
E24-17,T24,usual,rework_minutes,10.53775
E24-17,T24,usual,escalations,9
E24-17,T24,usual,confidence_score,52.25697
E24-17,T24,usual,workload_score,46.61287
E24-18,T24,usual,handling_minutes,47.61214
E24-18,T24,usual,error_rate,0.08469
E24-18,T24,usual,quality_score,76.42431
E24-18,T24,usual,weekly_output,36
E24-18,T24,usual,fatigue_score,62.0577
E24-18,T24,usual,satisfaction,63.53236
E24-18,T24,usual,training_minutes,22.07343
E24-18,T24,usual,handoff_count,6
E24-18,T24,usual,rework_minutes,6.83043
E24-18,T24,usual,escalations,9
E24-18,T24,usual,confidence_score,54.85711
E24-18,T24,usual,workload_score,50.5984
E24-19,T24,usual,handling_minutes,45.56857
E24-19,T24,usual,error_rate,0.02156
E24-19,T24,usual,quality_score,64.73902
E24-19,T24,usual,weekly_output,36
E24-19,T24,usual,fatigue_score,48.3057
E24-19,T24,usual,satisfaction,62.726
E24-19,T24,usual,training_minutes,20.80551
E24-19,T24,usual,handoff_count,6
E24-19,T24,usual,rework_minutes,7.01112
E24-19,T24,usual,escalations,10
E24-19,T24,usual,confidence_score,53.85303
E24-19,T24,usual,workload_score,41.80147
E24-20,T24,usual,handling_minutes,62.44635
E24-20,T24,usual,error_rate,0.07658
E24-20,T24,usual,quality_score,73.94664
E24-20,T24,usual,weekly_output,33
E24-20,T24,usual,fatigue_score,54.28637
E24-20,T24,usual,satisfaction,63.42722
E24-20,T24,usual,training_minutes,9.33061
E24-20,T24,usual,handoff_count,4
E24-20,T24,usual,rework_minutes,9.3
E24-20,T24,usual,escalations,8
E24-20,T24,usual,confidence_score,50.7436
E24-20,T24,usual,workload_score,53.11403
