record_id,date,device_id,risk_score,failure_within_24h
2026-05-04-D001,2026-05-04,D001,18.8,0
2026-05-04-D002,2026-05-04,D002,72.4,0
2026-05-04-D003,2026-05-04,D003,52.4,0
2026-05-04-D004,2026-05-04,D004,83.8,0
2026-05-04-D005,2026-05-04,D005,54.4,0
2026-05-04-D006,2026-05-04,D006,14.7,0
2026-05-04-D007,2026-05-04,D007,36.9,0
2026-05-04-D008,2026-05-04,D008,43.7,1
2026-05-04-D009,2026-05-04,D009,73.6,0
2026-05-04-D010,2026-05-04,D010,24.3,0
2026-05-04-D011,2026-05-04,D011,51.2,0
2026-05-04-D012,2026-05-04,D012,44.1,0
2026-05-04-D013,2026-05-04,D013,21.9,0
2026-05-04-D014,2026-05-04,D014,67.8,0
2026-05-04-D015,2026-05-04,D015,16.8,0
2026-05-04-D016,2026-05-04,D016,44.1,0
2026-05-04-D017,2026-05-04,D017,43.4,0
2026-05-04-D018,2026-05-04,D018,41.3,0
2026-05-04-D019,2026-05-04,D019,57.8,0
2026-05-04-D020,2026-05-04,D020,23.0,0
2026-05-04-D021,2026-05-04,D021,57.8,0
2026-05-04-D022,2026-05-04,D022,66.0,0
2026-05-04-D023,2026-05-04,D023,23.3,0
2026-05-04-D024,2026-05-04,D024,20.2,0
2026-05-04-D025,2026-05-04,D025,43.3,0
2026-05-04-D026,2026-05-04,D026,45.5,0
2026-05-04-D027,2026-05-04,D027,12.7,0
2026-05-04-D028,2026-05-04,D028,22.4,0
2026-05-04-D029,2026-05-04,D029,60.2,0
2026-05-04-D030,2026-05-04,D030,69.3,0
2026-05-04-D031,2026-05-04,D031,20.3,0
2026-05-04-D032,2026-05-04,D032,41.5,0
2026-05-04-D033,2026-05-04,D033,18.3,0
2026-05-04-D034,2026-05-04,D034,44.6,0
2026-05-04-D035,2026-05-04,D035,68.5,0
2026-05-04-D036,2026-05-04,D036,36.7,0
2026-05-04-D037,2026-05-04,D037,29.2,0
2026-05-04-D038,2026-05-04,D038,70.8,0
2026-05-04-D039,2026-05-04,D039,57.3,1
2026-05-04-D040,2026-05-04,D040,11.0,0
2026-05-04-D041,2026-05-04,D041,23.0,0
2026-05-04-D042,2026-05-04,D042,31.4,0
2026-05-04-D043,2026-05-04,D043,22.0,0
2026-05-04-D044,2026-05-04,D044,80.7,0
2026-05-04-D045,2026-05-04,D045,63.0,0
2026-05-04-D046,2026-05-04,D046,73.3,0
2026-05-04-D047,2026-05-04,D047,16.9,0
2026-05-04-D048,2026-05-04,D048,37.7,0
2026-05-04-D049,2026-05-04,D049,57.4,0
2026-05-04-D050,2026-05-04,D050,22.6,0
2026-05-04-D051,2026-05-04,D051,34.0,0
2026-05-04-D052,2026-05-04,D052,76.6,1
2026-05-04-D053,2026-05-04,D053,19.0,0
2026-05-04-D054,2026-05-04,D054,11.1,0
2026-05-04-D055,2026-05-04,D055,89.3,1
2026-05-04-D056,2026-05-04,D056,31.5,0
2026-05-04-D057,2026-05-04,D057,6.2,0
2026-05-04-D058,2026-05-04,D058,36.1,0
2026-05-04-D059,2026-05-04,D059,49.5,0
2026-05-04-D060,2026-05-04,D060,22.0,0
2026-05-04-D061,2026-05-04,D061,36.3,0
2026-05-04-D062,2026-05-04,D062,46.6,0
2026-05-04-D063,2026-05-04,D063,19.2,0
2026-05-04-D064,2026-05-04,D064,24.3,0
2026-05-04-D065,2026-05-04,D065,34.6,0
2026-05-04-D066,2026-05-04,D066,17.2,0
2026-05-04-D067,2026-05-04,D067,17.7,0
2026-05-04-D068,2026-05-04,D068,31.3,0
2026-05-04-D069,2026-05-04,D069,29.6,0
2026-05-04-D070,2026-05-04,D070,34.8,0
2026-05-04-D071,2026-05-04,D071,25.7,0
2026-05-04-D072,2026-05-04,D072,54.6,0
2026-05-04-D073,2026-05-04,D073,31.5,0
2026-05-04-D074,2026-05-04,D074,46.5,0
2026-05-04-D075,2026-05-04,D075,26.2,0
2026-05-04-D076,2026-05-04,D076,29.1,1
2026-05-04-D077,2026-05-04,D077,73.8,0
2026-05-04-D078,2026-05-04,D078,76.1,1
2026-05-04-D079,2026-05-04,D079,9.1,0
2026-05-04-D080,2026-05-04,D080,9.9,0
2026-05-04-D081,2026-05-04,D081,8.2,0
2026-05-04-D082,2026-05-04,D082,41.8,0
2026-05-04-D083,2026-05-04,D083,52.8,1
2026-05-04-D084,2026-05-04,D084,37.2,1
2026-05-04-D085,2026-05-04,D085,57.6,0
2026-05-04-D086,2026-05-04,D086,30.1,0
2026-05-04-D087,2026-05-04,D087,38.5,0
2026-05-04-D088,2026-05-04,D088,58.5,0
2026-05-04-D089,2026-05-04,D089,28.6,0
2026-05-04-D090,2026-05-04,D090,50.0,1
2026-05-05-D001,2026-05-05,D001,24.1,0
2026-05-05-D002,2026-05-05,D002,8.0,0
2026-05-05-D003,2026-05-05,D003,27.4,0
2026-05-05-D004,2026-05-05,D004,18.7,0
2026-05-05-D005,2026-05-05,D005,19.4,0
2026-05-05-D006,2026-05-05,D006,29.3,0
2026-05-05-D007,2026-05-05,D007,58.2,0
2026-05-05-D008,2026-05-05,D008,90.8,1
2026-05-05-D009,2026-05-05,D009,31.6,0
2026-05-05-D010,2026-05-05,D010,36.2,0
2026-05-05-D011,2026-05-05,D011,22.6,0
2026-05-05-D012,2026-05-05,D012,40.5,1
2026-05-05-D013,2026-05-05,D013,23.6,0
2026-05-05-D014,2026-05-05,D014,20.3,0
2026-05-05-D015,2026-05-05,D015,9.4,0
2026-05-05-D016,2026-05-05,D016,25.0,0
2026-05-05-D017,2026-05-05,D017,73.6,0
2026-05-05-D018,2026-05-05,D018,41.9,0
2026-05-05-D019,2026-05-05,D019,60.6,0
2026-05-05-D020,2026-05-05,D020,35.2,1
2026-05-05-D021,2026-05-05,D021,45.7,0
2026-05-05-D022,2026-05-05,D022,42.0,0
2026-05-05-D023,2026-05-05,D023,26.0,0
2026-05-05-D024,2026-05-05,D024,35.0,1
2026-05-05-D025,2026-05-05,D025,37.7,0
2026-05-05-D026,2026-05-05,D026,42.5,0
2026-05-05-D027,2026-05-05,D027,52.3,0
2026-05-05-D028,2026-05-05,D028,32.5,0
2026-05-05-D029,2026-05-05,D029,41.2,0
2026-05-05-D030,2026-05-05,D030,4.3,0
2026-05-05-D031,2026-05-05,D031,79.8,1
2026-05-05-D032,2026-05-05,D032,39.3,0
2026-05-05-D033,2026-05-05,D033,63.5,0
2026-05-05-D034,2026-05-05,D034,45.2,0
2026-05-05-D035,2026-05-05,D035,46.3,0
2026-05-05-D036,2026-05-05,D036,55.4,0
2026-05-05-D037,2026-05-05,D037,50.2,0
2026-05-05-D038,2026-05-05,D038,34.9,0
2026-05-05-D039,2026-05-05,D039,37.0,0
2026-05-05-D040,2026-05-05,D040,42.3,0
2026-05-05-D041,2026-05-05,D041,23.0,0
2026-05-05-D042,2026-05-05,D042,76.9,1
2026-05-05-D043,2026-05-05,D043,18.0,0
2026-05-05-D044,2026-05-05,D044,30.7,0
2026-05-05-D045,2026-05-05,D045,80.9,1
2026-05-05-D046,2026-05-05,D046,28.6,0
2026-05-05-D047,2026-05-05,D047,21.9,0
2026-05-05-D048,2026-05-05,D048,20.8,0
2026-05-05-D049,2026-05-05,D049,43.6,0
2026-05-05-D050,2026-05-05,D050,68.9,0
2026-05-05-D051,2026-05-05,D051,66.4,1
2026-05-05-D052,2026-05-05,D052,29.9,0
2026-05-05-D053,2026-05-05,D053,83.3,1
2026-05-05-D054,2026-05-05,D054,49.5,1
2026-05-05-D055,2026-05-05,D055,57.6,1
2026-05-05-D056,2026-05-05,D056,32.9,0
2026-05-05-D057,2026-05-05,D057,19.7,0
2026-05-05-D058,2026-05-05,D058,46.1,0
2026-05-05-D059,2026-05-05,D059,44.0,1
2026-05-05-D060,2026-05-05,D060,2.8,0
2026-05-05-D061,2026-05-05,D061,50.8,0
2026-05-05-D062,2026-05-05,D062,24.6,0
2026-05-05-D063,2026-05-05,D063,44.7,0
2026-05-05-D064,2026-05-05,D064,13.5,0
2026-05-05-D065,2026-05-05,D065,61.8,1
2026-05-05-D066,2026-05-05,D066,24.9,0
2026-05-05-D067,2026-05-05,D067,68.9,1
2026-05-05-D068,2026-05-05,D068,46.5,0
2026-05-05-D069,2026-05-05,D069,0,0
2026-05-05-D070,2026-05-05,D070,73.4,0
2026-05-05-D071,2026-05-05,D071,25.1,1
2026-05-05-D072,2026-05-05,D072,64.8,0
2026-05-05-D073,2026-05-05,D073,14.4,0
2026-05-05-D074,2026-05-05,D074,14.0,0
2026-05-05-D075,2026-05-05,D075,57.4,1
2026-05-05-D076,2026-05-05,D076,81.9,0
2026-05-05-D077,2026-05-05,D077,12.1,0
2026-05-05-D078,2026-05-05,D078,40.2,1
2026-05-05-D079,2026-05-05,D079,16.7,0
2026-05-05-D080,2026-05-05,D080,49.5,0
2026-05-05-D081,2026-05-05,D081,13.6,0
2026-05-05-D082,2026-05-05,D082,43.1,0
2026-05-05-D083,2026-05-05,D083,16.1,0
2026-05-05-D084,2026-05-05,D084,45.5,0
2026-05-05-D085,2026-05-05,D085,62.3,0
2026-05-05-D086,2026-05-05,D086,5.0,0
2026-05-05-D087,2026-05-05,D087,62.3,1
2026-05-05-D088,2026-05-05,D088,17.5,0
2026-05-05-D089,2026-05-05,D089,64.8,0
2026-05-05-D090,2026-05-05,D090,39.3,1
2026-05-06-D001,2026-05-06,D001,32.4,0
2026-05-06-D002,2026-05-06,D002,22.2,0
2026-05-06-D003,2026-05-06,D003,16.3,0
2026-05-06-D004,2026-05-06,D004,13.0,0
2026-05-06-D005,2026-05-06,D005,23.6,0
2026-05-06-D006,2026-05-06,D006,53.7,0
2026-05-06-D007,2026-05-06,D007,46.4,0
2026-05-06-D008,2026-05-06,D008,36.8,0
2026-05-06-D009,2026-05-06,D009,46.8,1
2026-05-06-D010,2026-05-06,D010,36.4,0
2026-05-06-D011,2026-05-06,D011,60.1,0
2026-05-06-D012,2026-05-06,D012,32.7,0
2026-05-06-D013,2026-05-06,D013,23.4,0
2026-05-06-D014,2026-05-06,D014,79.4,0
2026-05-06-D015,2026-05-06,D015,23.2,0
2026-05-06-D016,2026-05-06,D016,33.6,0
2026-05-06-D017,2026-05-06,D017,42.8,0
2026-05-06-D018,2026-05-06,D018,16.5,0
2026-05-06-D019,2026-05-06,D019,28.1,0
2026-05-06-D020,2026-05-06,D020,25.3,0
2026-05-06-D021,2026-05-06,D021,26.3,0
2026-05-06-D022,2026-05-06,D022,30.0,0
2026-05-06-D023,2026-05-06,D023,53.5,0
2026-05-06-D024,2026-05-06,D024,13.2,0
2026-05-06-D025,2026-05-06,D025,16.3,0
2026-05-06-D026,2026-05-06,D026,36.1,0
2026-05-06-D027,2026-05-06,D027,14.5,0
2026-05-06-D028,2026-05-06,D028,23.4,0
2026-05-06-D029,2026-05-06,D029,54.2,0
2026-05-06-D030,2026-05-06,D030,35.5,0
2026-05-06-D031,2026-05-06,D031,29.8,0
2026-05-06-D032,2026-05-06,D032,51.1,1
2026-05-06-D033,2026-05-06,D033,0,0
2026-05-06-D034,2026-05-06,D034,14.9,0
2026-05-06-D035,2026-05-06,D035,14.3,0
2026-05-06-D036,2026-05-06,D036,3.5,0
2026-05-06-D037,2026-05-06,D037,64.7,0
2026-05-06-D038,2026-05-06,D038,38.4,0
2026-05-06-D039,2026-05-06,D039,61.8,0
2026-05-06-D040,2026-05-06,D040,61.7,0
2026-05-06-D041,2026-05-06,D041,38.7,0
2026-05-06-D042,2026-05-06,D042,11.9,0
2026-05-06-D043,2026-05-06,D043,81.4,0
2026-05-06-D044,2026-05-06,D044,14.3,0
2026-05-06-D045,2026-05-06,D045,38.6,0
2026-05-06-D046,2026-05-06,D046,61.8,1
2026-05-06-D047,2026-05-06,D047,47.7,0
2026-05-06-D048,2026-05-06,D048,22.0,0
2026-05-06-D049,2026-05-06,D049,27.2,0
2026-05-06-D050,2026-05-06,D050,80.6,0
2026-05-06-D051,2026-05-06,D051,17.4,0
2026-05-06-D052,2026-05-06,D052,50.4,0
2026-05-06-D053,2026-05-06,D053,30.6,0
2026-05-06-D054,2026-05-06,D054,19.7,0
2026-05-06-D055,2026-05-06,D055,27.1,0
2026-05-06-D056,2026-05-06,D056,38.0,0
2026-05-06-D057,2026-05-06,D057,56.2,0
2026-05-06-D058,2026-05-06,D058,57.3,0
2026-05-06-D059,2026-05-06,D059,35.7,0
2026-05-06-D060,2026-05-06,D060,34.6,1
2026-05-06-D061,2026-05-06,D061,38.1,0
2026-05-06-D062,2026-05-06,D062,50.0,0
2026-05-06-D063,2026-05-06,D063,19.1,0
2026-05-06-D064,2026-05-06,D064,44.4,0
2026-05-06-D065,2026-05-06,D065,20.5,0
2026-05-06-D066,2026-05-06,D066,60.9,0
2026-05-06-D067,2026-05-06,D067,23.7,0
2026-05-06-D068,2026-05-06,D068,5.2,0
2026-05-06-D069,2026-05-06,D069,70.0,1
2026-05-06-D070,2026-05-06,D070,37.4,0
2026-05-06-D071,2026-05-06,D071,76.7,1
2026-05-06-D072,2026-05-06,D072,53.3,1
2026-05-06-D073,2026-05-06,D073,45.8,0
2026-05-06-D074,2026-05-06,D074,38.3,0
2026-05-06-D075,2026-05-06,D075,29.8,0
2026-05-06-D076,2026-05-06,D076,12.9,0
2026-05-06-D077,2026-05-06,D077,39.8,1
2026-05-06-D078,2026-05-06,D078,67.3,1
2026-05-06-D079,2026-05-06,D079,13.8,0
2026-05-06-D080,2026-05-06,D080,54.4,0
2026-05-06-D081,2026-05-06,D081,0.8,0
2026-05-06-D082,2026-05-06,D082,48.2,0
2026-05-06-D083,2026-05-06,D083,43.1,0
2026-05-06-D084,2026-05-06,D084,25.9,0
2026-05-06-D085,2026-05-06,D085,70.5,0
2026-05-06-D086,2026-05-06,D086,29.5,0
2026-05-06-D087,2026-05-06,D087,23.1,0
2026-05-06-D088,2026-05-06,D088,58.1,0
2026-05-06-D089,2026-05-06,D089,75.3,0
2026-05-06-D090,2026-05-06,D090,22.7,0
2026-05-07-D001,2026-05-07,D001,11.7,0
2026-05-07-D002,2026-05-07,D002,61.7,1
2026-05-07-D003,2026-05-07,D003,25.8,0
2026-05-07-D004,2026-05-07,D004,71.3,0
2026-05-07-D005,2026-05-07,D005,44.3,0
2026-05-07-D006,2026-05-07,D006,20.9,0
2026-05-07-D007,2026-05-07,D007,40.4,0
2026-05-07-D008,2026-05-07,D008,14.8,0
2026-05-07-D009,2026-05-07,D009,43.6,1
2026-05-07-D010,2026-05-07,D010,26.4,0
2026-05-07-D011,2026-05-07,D011,20.6,0
2026-05-07-D012,2026-05-07,D012,19.7,0
2026-05-07-D013,2026-05-07,D013,23.5,0
2026-05-07-D014,2026-05-07,D014,35.8,0
2026-05-07-D015,2026-05-07,D015,15.3,0
2026-05-07-D016,2026-05-07,D016,16.0,0
2026-05-07-D017,2026-05-07,D017,53.9,1
2026-05-07-D018,2026-05-07,D018,50.3,1
2026-05-07-D019,2026-05-07,D019,36.4,0
2026-05-07-D020,2026-05-07,D020,13.8,0
2026-05-07-D021,2026-05-07,D021,43.3,0
2026-05-07-D022,2026-05-07,D022,31.5,0
2026-05-07-D023,2026-05-07,D023,60.3,0
2026-05-07-D024,2026-05-07,D024,34.0,0
2026-05-07-D025,2026-05-07,D025,85.3,0
2026-05-07-D026,2026-05-07,D026,68.9,0
2026-05-07-D027,2026-05-07,D027,28.8,0
2026-05-07-D028,2026-05-07,D028,46.0,0
2026-05-07-D029,2026-05-07,D029,40.1,0
2026-05-07-D030,2026-05-07,D030,44.5,0
2026-05-07-D031,2026-05-07,D031,39.4,0
2026-05-07-D032,2026-05-07,D032,16.7,0
2026-05-07-D033,2026-05-07,D033,42.7,1
2026-05-07-D034,2026-05-07,D034,77.1,0
2026-05-07-D035,2026-05-07,D035,36.0,0
2026-05-07-D036,2026-05-07,D036,69.2,1
2026-05-07-D037,2026-05-07,D037,31.8,0
2026-05-07-D038,2026-05-07,D038,68.7,1
2026-05-07-D039,2026-05-07,D039,6.3,0
2026-05-07-D040,2026-05-07,D040,7.1,0
2026-05-07-D041,2026-05-07,D041,24.2,0
2026-05-07-D042,2026-05-07,D042,28.2,0
2026-05-07-D043,2026-05-07,D043,76.9,0
2026-05-07-D044,2026-05-07,D044,12.4,0
2026-05-07-D045,2026-05-07,D045,70.2,0
2026-05-07-D046,2026-05-07,D046,28.7,0
2026-05-07-D047,2026-05-07,D047,59.0,0
2026-05-07-D048,2026-05-07,D048,21.9,0
2026-05-07-D049,2026-05-07,D049,28.3,0
2026-05-07-D050,2026-05-07,D050,18.0,0
2026-05-07-D051,2026-05-07,D051,29.1,0
2026-05-07-D052,2026-05-07,D052,22.0,0
2026-05-07-D053,2026-05-07,D053,27.2,0
2026-05-07-D054,2026-05-07,D054,39.4,0
2026-05-07-D055,2026-05-07,D055,42.2,0
2026-05-07-D056,2026-05-07,D056,70.4,1
2026-05-07-D057,2026-05-07,D057,54.4,0
2026-05-07-D058,2026-05-07,D058,83.0,0
2026-05-07-D059,2026-05-07,D059,7.7,0
2026-05-07-D060,2026-05-07,D060,42.6,0
2026-05-07-D061,2026-05-07,D061,20.3,0
2026-05-07-D062,2026-05-07,D062,52.8,1
2026-05-07-D063,2026-05-07,D063,18.8,0
2026-05-07-D064,2026-05-07,D064,23.2,0
2026-05-07-D065,2026-05-07,D065,53.4,0
2026-05-07-D066,2026-05-07,D066,17.2,0
2026-05-07-D067,2026-05-07,D067,53.1,0
2026-05-07-D068,2026-05-07,D068,24.5,0
2026-05-07-D069,2026-05-07,D069,13.3,0
2026-05-07-D070,2026-05-07,D070,79.4,0
2026-05-07-D071,2026-05-07,D071,34.1,0
2026-05-07-D072,2026-05-07,D072,18.7,0
2026-05-07-D073,2026-05-07,D073,53.3,0
2026-05-07-D074,2026-05-07,D074,68.5,0
2026-05-07-D075,2026-05-07,D075,45.8,1
2026-05-07-D076,2026-05-07,D076,29.4,0
2026-05-07-D077,2026-05-07,D077,58.8,0
2026-05-07-D078,2026-05-07,D078,60.2,0
2026-05-07-D079,2026-05-07,D079,43.8,0
2026-05-07-D080,2026-05-07,D080,27.8,0
2026-05-07-D081,2026-05-07,D081,83.4,1
2026-05-07-D082,2026-05-07,D082,10.0,0
2026-05-07-D083,2026-05-07,D083,36.3,0
2026-05-07-D084,2026-05-07,D084,31.0,0
2026-05-07-D085,2026-05-07,D085,52.1,0
2026-05-07-D086,2026-05-07,D086,31.6,0
2026-05-07-D087,2026-05-07,D087,40.4,0
2026-05-07-D088,2026-05-07,D088,46.0,0
2026-05-07-D089,2026-05-07,D089,79.4,0
2026-05-07-D090,2026-05-07,D090,0,0
2026-05-08-D001,2026-05-08,D001,63.5,0
2026-05-08-D002,2026-05-08,D002,74.5,0
2026-05-08-D003,2026-05-08,D003,56.4,0
2026-05-08-D004,2026-05-08,D004,33.6,0
2026-05-08-D005,2026-05-08,D005,41.8,0
2026-05-08-D006,2026-05-08,D006,69.6,0
2026-05-08-D007,2026-05-08,D007,57.1,0
2026-05-08-D008,2026-05-08,D008,33.7,0
2026-05-08-D009,2026-05-08,D009,18.1,0
2026-05-08-D010,2026-05-08,D010,11.1,0
2026-05-08-D011,2026-05-08,D011,39.5,0
2026-05-08-D012,2026-05-08,D012,20.9,0
2026-05-08-D013,2026-05-08,D013,27.5,0
2026-05-08-D014,2026-05-08,D014,15.4,0
2026-05-08-D015,2026-05-08,D015,17.3,0
2026-05-08-D016,2026-05-08,D016,17.0,0
2026-05-08-D017,2026-05-08,D017,12.7,0
2026-05-08-D018,2026-05-08,D018,48.6,0
2026-05-08-D019,2026-05-08,D019,63.2,0
2026-05-08-D020,2026-05-08,D020,48.3,1
2026-05-08-D021,2026-05-08,D021,25.0,0
2026-05-08-D022,2026-05-08,D022,17.1,0
2026-05-08-D023,2026-05-08,D023,59.6,0
2026-05-08-D024,2026-05-08,D024,63.2,0
2026-05-08-D025,2026-05-08,D025,59.2,0
2026-05-08-D026,2026-05-08,D026,24.5,0
2026-05-08-D027,2026-05-08,D027,23.7,0
2026-05-08-D028,2026-05-08,D028,39.0,0
2026-05-08-D029,2026-05-08,D029,26.3,0
2026-05-08-D030,2026-05-08,D030,43.1,0
2026-05-08-D031,2026-05-08,D031,48.5,0
2026-05-08-D032,2026-05-08,D032,30.7,0
2026-05-08-D033,2026-05-08,D033,57.2,1
2026-05-08-D034,2026-05-08,D034,14.5,0
2026-05-08-D035,2026-05-08,D035,42.3,0
2026-05-08-D036,2026-05-08,D036,33.3,0
2026-05-08-D037,2026-05-08,D037,10.8,0
2026-05-08-D038,2026-05-08,D038,45.6,0
2026-05-08-D039,2026-05-08,D039,20.8,0
2026-05-08-D040,2026-05-08,D040,55.5,0
2026-05-08-D041,2026-05-08,D041,73.7,0
2026-05-08-D042,2026-05-08,D042,37.0,0
2026-05-08-D043,2026-05-08,D043,51.1,0
2026-05-08-D044,2026-05-08,D044,22.1,0
2026-05-08-D045,2026-05-08,D045,23.0,0
2026-05-08-D046,2026-05-08,D046,38.2,0
2026-05-08-D047,2026-05-08,D047,22.8,0
2026-05-08-D048,2026-05-08,D048,71.5,0
2026-05-08-D049,2026-05-08,D049,21.0,0
2026-05-08-D050,2026-05-08,D050,24.7,1
2026-05-08-D051,2026-05-08,D051,75.7,0
2026-05-08-D052,2026-05-08,D052,38.8,0
2026-05-08-D053,2026-05-08,D053,51.4,0
2026-05-08-D054,2026-05-08,D054,9.6,0
2026-05-08-D055,2026-05-08,D055,34.6,0
2026-05-08-D056,2026-05-08,D056,51.5,0
2026-05-08-D057,2026-05-08,D057,32.2,0
2026-05-08-D058,2026-05-08,D058,48.6,0
2026-05-08-D059,2026-05-08,D059,18.6,0
2026-05-08-D060,2026-05-08,D060,53.9,0
2026-05-08-D061,2026-05-08,D061,44.1,0
2026-05-08-D062,2026-05-08,D062,32.0,0
2026-05-08-D063,2026-05-08,D063,42.9,0
2026-05-08-D064,2026-05-08,D064,61.6,0
2026-05-08-D065,2026-05-08,D065,66.9,0
2026-05-08-D066,2026-05-08,D066,42.1,0
2026-05-08-D067,2026-05-08,D067,39.2,0
2026-05-08-D068,2026-05-08,D068,28.7,0
2026-05-08-D069,2026-05-08,D069,18.7,0
2026-05-08-D070,2026-05-08,D070,49.0,0
2026-05-08-D071,2026-05-08,D071,18.8,0
2026-05-08-D072,2026-05-08,D072,37.3,0
2026-05-08-D073,2026-05-08,D073,24.8,0
2026-05-08-D074,2026-05-08,D074,13.7,0
2026-05-08-D075,2026-05-08,D075,37.8,0
2026-05-08-D076,2026-05-08,D076,38.7,0
2026-05-08-D077,2026-05-08,D077,20.8,0
2026-05-08-D078,2026-05-08,D078,37.7,0
2026-05-08-D079,2026-05-08,D079,23.9,0
2026-05-08-D080,2026-05-08,D080,40.6,0
2026-05-08-D081,2026-05-08,D081,20.4,0
2026-05-08-D082,2026-05-08,D082,36.0,0
2026-05-08-D083,2026-05-08,D083,40.0,0
2026-05-08-D084,2026-05-08,D084,67.0,1
2026-05-08-D085,2026-05-08,D085,25.6,0
2026-05-08-D086,2026-05-08,D086,14.3,0
2026-05-08-D087,2026-05-08,D087,26.2,0
2026-05-08-D088,2026-05-08,D088,19.3,0
2026-05-08-D089,2026-05-08,D089,54.2,0
2026-05-08-D090,2026-05-08,D090,16.3,0
2026-05-09-D001,2026-05-09,D001,85.6,0
2026-05-09-D002,2026-05-09,D002,41.0,0
2026-05-09-D003,2026-05-09,D003,60.2,1
2026-05-09-D004,2026-05-09,D004,67.5,0
2026-05-09-D005,2026-05-09,D005,10.8,0
2026-05-09-D006,2026-05-09,D006,6.5,0
2026-05-09-D007,2026-05-09,D007,30.1,0
2026-05-09-D008,2026-05-09,D008,7.5,0
2026-05-09-D009,2026-05-09,D009,56.0,0
2026-05-09-D010,2026-05-09,D010,26.4,0
2026-05-09-D011,2026-05-09,D011,16.3,0
2026-05-09-D012,2026-05-09,D012,19.6,0
2026-05-09-D013,2026-05-09,D013,42.0,0
2026-05-09-D014,2026-05-09,D014,51.4,0
2026-05-09-D015,2026-05-09,D015,26.9,0
2026-05-09-D016,2026-05-09,D016,44.1,0
2026-05-09-D017,2026-05-09,D017,29.2,0
2026-05-09-D018,2026-05-09,D018,18.1,0
2026-05-09-D019,2026-05-09,D019,65.5,0
2026-05-09-D020,2026-05-09,D020,60.8,0
2026-05-09-D021,2026-05-09,D021,55.2,0
2026-05-09-D022,2026-05-09,D022,16.7,0
2026-05-09-D023,2026-05-09,D023,66.9,0
2026-05-09-D024,2026-05-09,D024,61.8,0
2026-05-09-D025,2026-05-09,D025,60.3,0
2026-05-09-D026,2026-05-09,D026,50.4,0
2026-05-09-D027,2026-05-09,D027,20.3,0
2026-05-09-D028,2026-05-09,D028,47.5,0
2026-05-09-D029,2026-05-09,D029,50.0,0
2026-05-09-D030,2026-05-09,D030,21.5,0
2026-05-09-D031,2026-05-09,D031,39.8,0
2026-05-09-D032,2026-05-09,D032,45.1,0
2026-05-09-D033,2026-05-09,D033,51.9,0
2026-05-09-D034,2026-05-09,D034,58.9,0
2026-05-09-D035,2026-05-09,D035,43.8,0
2026-05-09-D036,2026-05-09,D036,8.8,0
2026-05-09-D037,2026-05-09,D037,36.1,0
2026-05-09-D038,2026-05-09,D038,30.8,0
2026-05-09-D039,2026-05-09,D039,72.5,1
2026-05-09-D040,2026-05-09,D040,55.0,0
2026-05-09-D041,2026-05-09,D041,22.5,0
2026-05-09-D042,2026-05-09,D042,0.7,0
2026-05-09-D043,2026-05-09,D043,45.4,1
2026-05-09-D044,2026-05-09,D044,72.7,0
2026-05-09-D045,2026-05-09,D045,25.4,0
2026-05-09-D046,2026-05-09,D046,63.5,0
2026-05-09-D047,2026-05-09,D047,15.9,0
2026-05-09-D048,2026-05-09,D048,4.3,0
2026-05-09-D049,2026-05-09,D049,61.1,0
2026-05-09-D050,2026-05-09,D050,51.4,0
2026-05-09-D051,2026-05-09,D051,69.5,0
2026-05-09-D052,2026-05-09,D052,32.6,0
2026-05-09-D053,2026-05-09,D053,52.5,0
2026-05-09-D054,2026-05-09,D054,44.7,1
2026-05-09-D055,2026-05-09,D055,38.7,0
2026-05-09-D056,2026-05-09,D056,78.3,0
2026-05-09-D057,2026-05-09,D057,17.1,0
2026-05-09-D058,2026-05-09,D058,26.0,0
2026-05-09-D059,2026-05-09,D059,22.3,0
2026-05-09-D060,2026-05-09,D060,45.9,0
2026-05-09-D061,2026-05-09,D061,22.9,0
2026-05-09-D062,2026-05-09,D062,30.4,0
2026-05-09-D063,2026-05-09,D063,12.3,0
2026-05-09-D064,2026-05-09,D064,54.3,0
2026-05-09-D065,2026-05-09,D065,7.8,0
2026-05-09-D066,2026-05-09,D066,46.9,0
2026-05-09-D067,2026-05-09,D067,87.2,0
2026-05-09-D068,2026-05-09,D068,20.2,0
2026-05-09-D069,2026-05-09,D069,59.1,0
2026-05-09-D070,2026-05-09,D070,77.0,0
2026-05-09-D071,2026-05-09,D071,45.9,0
2026-05-09-D072,2026-05-09,D072,29.0,0
2026-05-09-D073,2026-05-09,D073,23.9,0
2026-05-09-D074,2026-05-09,D074,20.3,0
2026-05-09-D075,2026-05-09,D075,18.3,0
2026-05-09-D076,2026-05-09,D076,88.4,0
2026-05-09-D077,2026-05-09,D077,19.3,0
2026-05-09-D078,2026-05-09,D078,12.9,0
2026-05-09-D079,2026-05-09,D079,12.5,0
2026-05-09-D080,2026-05-09,D080,46.0,0
2026-05-09-D081,2026-05-09,D081,28.9,0
2026-05-09-D082,2026-05-09,D082,45.2,0
2026-05-09-D083,2026-05-09,D083,50.2,0
2026-05-09-D084,2026-05-09,D084,22.8,0
2026-05-09-D085,2026-05-09,D085,42.2,0
2026-05-09-D086,2026-05-09,D086,76.4,0
2026-05-09-D087,2026-05-09,D087,43.4,0
2026-05-09-D088,2026-05-09,D088,42.8,0
2026-05-09-D089,2026-05-09,D089,86.8,0
2026-05-09-D090,2026-05-09,D090,2.4,0
2026-05-10-D001,2026-05-10,D001,21.1,0
2026-05-10-D002,2026-05-10,D002,39.1,0
2026-05-10-D003,2026-05-10,D003,35.2,1
2026-05-10-D004,2026-05-10,D004,54.7,0
2026-05-10-D005,2026-05-10,D005,28.5,0
2026-05-10-D006,2026-05-10,D006,33.4,0
2026-05-10-D007,2026-05-10,D007,43.5,0
2026-05-10-D008,2026-05-10,D008,61.7,0
2026-05-10-D009,2026-05-10,D009,23.1,0
2026-05-10-D010,2026-05-10,D010,71.7,0
2026-05-10-D011,2026-05-10,D011,4.4,0
2026-05-10-D012,2026-05-10,D012,54.0,0
2026-05-10-D013,2026-05-10,D013,33.4,0
2026-05-10-D014,2026-05-10,D014,63.8,0
2026-05-10-D015,2026-05-10,D015,19.8,0
2026-05-10-D016,2026-05-10,D016,32.5,0
2026-05-10-D017,2026-05-10,D017,30.0,0
2026-05-10-D018,2026-05-10,D018,13.8,0
2026-05-10-D019,2026-05-10,D019,30.7,0
2026-05-10-D020,2026-05-10,D020,43.2,0
2026-05-10-D021,2026-05-10,D021,11.9,0
2026-05-10-D022,2026-05-10,D022,29.3,0
2026-05-10-D023,2026-05-10,D023,52.7,0
2026-05-10-D024,2026-05-10,D024,44.6,0
2026-05-10-D025,2026-05-10,D025,63.3,0
2026-05-10-D026,2026-05-10,D026,9.5,0
2026-05-10-D027,2026-05-10,D027,47.2,0
2026-05-10-D028,2026-05-10,D028,36.8,0
2026-05-10-D029,2026-05-10,D029,14.8,0
2026-05-10-D030,2026-05-10,D030,23.3,0
2026-05-10-D031,2026-05-10,D031,43.9,0
2026-05-10-D032,2026-05-10,D032,77.7,1
2026-05-10-D033,2026-05-10,D033,8.2,0
2026-05-10-D034,2026-05-10,D034,86.6,0
2026-05-10-D035,2026-05-10,D035,13.0,0
2026-05-10-D036,2026-05-10,D036,40.8,0
2026-05-10-D037,2026-05-10,D037,90.8,0
2026-05-10-D038,2026-05-10,D038,44.5,1
2026-05-10-D039,2026-05-10,D039,49.3,0
2026-05-10-D040,2026-05-10,D040,57.9,0
2026-05-10-D041,2026-05-10,D041,16.2,0
2026-05-10-D042,2026-05-10,D042,22.4,0
2026-05-10-D043,2026-05-10,D043,21.4,0
2026-05-10-D044,2026-05-10,D044,54.4,0
2026-05-10-D045,2026-05-10,D045,15.6,0
2026-05-10-D046,2026-05-10,D046,66.5,1
2026-05-10-D047,2026-05-10,D047,21.3,0
2026-05-10-D048,2026-05-10,D048,16.6,0
2026-05-10-D049,2026-05-10,D049,18.6,0
2026-05-10-D050,2026-05-10,D050,56.7,0
2026-05-10-D051,2026-05-10,D051,45.9,0
2026-05-10-D052,2026-05-10,D052,34.9,0
2026-05-10-D053,2026-05-10,D053,16.3,0
2026-05-10-D054,2026-05-10,D054,22.2,0
2026-05-10-D055,2026-05-10,D055,25.4,0
2026-05-10-D056,2026-05-10,D056,55.1,0
2026-05-10-D057,2026-05-10,D057,83.5,1
2026-05-10-D058,2026-05-10,D058,44.8,0
2026-05-10-D059,2026-05-10,D059,45.4,0
2026-05-10-D060,2026-05-10,D060,17.0,0
2026-05-10-D061,2026-05-10,D061,44.7,0
2026-05-10-D062,2026-05-10,D062,91.1,1
2026-05-10-D063,2026-05-10,D063,10.7,0
2026-05-10-D064,2026-05-10,D064,42.3,0
2026-05-10-D065,2026-05-10,D065,21.7,0
2026-05-10-D066,2026-05-10,D066,17.1,0
2026-05-10-D067,2026-05-10,D067,58.5,0
2026-05-10-D068,2026-05-10,D068,54.2,0
2026-05-10-D069,2026-05-10,D069,77.6,1
2026-05-10-D070,2026-05-10,D070,46.6,0
2026-05-10-D071,2026-05-10,D071,5.8,0
2026-05-10-D072,2026-05-10,D072,43.9,0
2026-05-10-D073,2026-05-10,D073,27.3,0
2026-05-10-D074,2026-05-10,D074,71.7,0
2026-05-10-D075,2026-05-10,D075,62.1,0
2026-05-10-D076,2026-05-10,D076,42.7,0
2026-05-10-D077,2026-05-10,D077,27.1,0
2026-05-10-D078,2026-05-10,D078,16.8,0
2026-05-10-D079,2026-05-10,D079,23.1,0
2026-05-10-D080,2026-05-10,D080,22.5,0
2026-05-10-D081,2026-05-10,D081,43.7,0
2026-05-10-D082,2026-05-10,D082,64.6,0
2026-05-10-D083,2026-05-10,D083,48.7,0
2026-05-10-D084,2026-05-10,D084,7.8,0
2026-05-10-D085,2026-05-10,D085,47.2,0
2026-05-10-D086,2026-05-10,D086,72.2,0
2026-05-10-D087,2026-05-10,D087,32.6,0
2026-05-10-D088,2026-05-10,D088,30.4,0
2026-05-10-D089,2026-05-10,D089,70.1,0
2026-05-10-D090,2026-05-10,D090,18.2,0
2026-05-11-D001,2026-05-11,D001,53.3,0
2026-05-11-D002,2026-05-11,D002,47.6,0
2026-05-11-D003,2026-05-11,D003,63.4,0
2026-05-11-D004,2026-05-11,D004,30.9,0
2026-05-11-D005,2026-05-11,D005,21.6,0
2026-05-11-D006,2026-05-11,D006,43.4,1
2026-05-11-D007,2026-05-11,D007,20.2,0
2026-05-11-D008,2026-05-11,D008,27.8,0
2026-05-11-D009,2026-05-11,D009,62.7,1
2026-05-11-D010,2026-05-11,D010,27.5,0
2026-05-11-D011,2026-05-11,D011,34.6,0
2026-05-11-D012,2026-05-11,D012,81.4,0
2026-05-11-D013,2026-05-11,D013,23.2,0
2026-05-11-D014,2026-05-11,D014,24.3,0
2026-05-11-D015,2026-05-11,D015,69.0,1
2026-05-11-D016,2026-05-11,D016,26.0,0
2026-05-11-D017,2026-05-11,D017,49.1,0
2026-05-11-D018,2026-05-11,D018,39.1,0
2026-05-11-D019,2026-05-11,D019,25.5,0
2026-05-11-D020,2026-05-11,D020,78.6,0
2026-05-11-D021,2026-05-11,D021,50.7,0
2026-05-11-D022,2026-05-11,D022,14.2,0
2026-05-11-D023,2026-05-11,D023,47.5,1
2026-05-11-D024,2026-05-11,D024,17.2,0
2026-05-11-D025,2026-05-11,D025,80.4,0
2026-05-11-D026,2026-05-11,D026,25.4,0
2026-05-11-D027,2026-05-11,D027,11.3,0
2026-05-11-D028,2026-05-11,D028,38.8,0
2026-05-11-D029,2026-05-11,D029,34.2,0
2026-05-11-D030,2026-05-11,D030,6.6,0
2026-05-11-D031,2026-05-11,D031,84.6,0
2026-05-11-D032,2026-05-11,D032,66.3,0
2026-05-11-D033,2026-05-11,D033,37.2,0
2026-05-11-D034,2026-05-11,D034,81.8,1
2026-05-11-D035,2026-05-11,D035,19.1,0
2026-05-11-D036,2026-05-11,D036,7.0,0
2026-05-11-D037,2026-05-11,D037,58.2,0
2026-05-11-D038,2026-05-11,D038,18.6,0
2026-05-11-D039,2026-05-11,D039,9.2,0
2026-05-11-D040,2026-05-11,D040,47.1,0
2026-05-11-D041,2026-05-11,D041,87.9,0
2026-05-11-D042,2026-05-11,D042,23.1,0
2026-05-11-D043,2026-05-11,D043,88.2,1
2026-05-11-D044,2026-05-11,D044,28.3,0
2026-05-11-D045,2026-05-11,D045,41.7,0
2026-05-11-D046,2026-05-11,D046,51.7,0
2026-05-11-D047,2026-05-11,D047,65.0,1
2026-05-11-D048,2026-05-11,D048,21.2,0
2026-05-11-D049,2026-05-11,D049,67.6,0
2026-05-11-D050,2026-05-11,D050,31.9,0
2026-05-11-D051,2026-05-11,D051,46.6,0
2026-05-11-D052,2026-05-11,D052,20.9,0
2026-05-11-D053,2026-05-11,D053,22.4,0
2026-05-11-D054,2026-05-11,D054,35.7,0
2026-05-11-D055,2026-05-11,D055,26.3,0
2026-05-11-D056,2026-05-11,D056,28.7,0
2026-05-11-D057,2026-05-11,D057,64.8,1
2026-05-11-D058,2026-05-11,D058,31.8,0
2026-05-11-D059,2026-05-11,D059,30.3,0
2026-05-11-D060,2026-05-11,D060,57.3,0
2026-05-11-D061,2026-05-11,D061,43.5,0
2026-05-11-D062,2026-05-11,D062,40.3,0
2026-05-11-D063,2026-05-11,D063,26.6,0
2026-05-11-D064,2026-05-11,D064,69.7,0
2026-05-11-D065,2026-05-11,D065,26.6,0
2026-05-11-D066,2026-05-11,D066,64.8,1
2026-05-11-D067,2026-05-11,D067,78.2,1
2026-05-11-D068,2026-05-11,D068,28.4,0
2026-05-11-D069,2026-05-11,D069,25.4,0
2026-05-11-D070,2026-05-11,D070,23.6,0
2026-05-11-D071,2026-05-11,D071,49.3,0
2026-05-11-D072,2026-05-11,D072,15.7,0
2026-05-11-D073,2026-05-11,D073,81.5,0
2026-05-11-D074,2026-05-11,D074,37.5,0
2026-05-11-D075,2026-05-11,D075,14.1,0
2026-05-11-D076,2026-05-11,D076,36.7,0
2026-05-11-D077,2026-05-11,D077,11.1,0
2026-05-11-D078,2026-05-11,D078,13.4,0
2026-05-11-D079,2026-05-11,D079,47.0,0
2026-05-11-D080,2026-05-11,D080,6.5,0
2026-05-11-D081,2026-05-11,D081,15.8,0
2026-05-11-D082,2026-05-11,D082,22.0,0
2026-05-11-D083,2026-05-11,D083,87.3,0
2026-05-11-D084,2026-05-11,D084,47.9,0
2026-05-11-D085,2026-05-11,D085,25.1,0
2026-05-11-D086,2026-05-11,D086,97.0,1
2026-05-11-D087,2026-05-11,D087,53.1,0
2026-05-11-D088,2026-05-11,D088,24.8,0
2026-05-11-D089,2026-05-11,D089,12.2,0
2026-05-11-D090,2026-05-11,D090,72.3,1
2026-05-12-D001,2026-05-12,D001,37.8,0
2026-05-12-D002,2026-05-12,D002,27.6,0
2026-05-12-D003,2026-05-12,D003,17.3,0
2026-05-12-D004,2026-05-12,D004,7.3,0
2026-05-12-D005,2026-05-12,D005,10.8,0
2026-05-12-D006,2026-05-12,D006,67.5,0
2026-05-12-D007,2026-05-12,D007,51.7,0
2026-05-12-D008,2026-05-12,D008,89.1,0
2026-05-12-D009,2026-05-12,D009,72.0,1
2026-05-12-D010,2026-05-12,D010,56.3,0
2026-05-12-D011,2026-05-12,D011,14.9,0
2026-05-12-D012,2026-05-12,D012,0,0
2026-05-12-D013,2026-05-12,D013,26.8,0
2026-05-12-D014,2026-05-12,D014,24.3,0
2026-05-12-D015,2026-05-12,D015,24.2,0
2026-05-12-D016,2026-05-12,D016,24.0,0
2026-05-12-D017,2026-05-12,D017,56.6,0
2026-05-12-D018,2026-05-12,D018,36.8,0
2026-05-12-D019,2026-05-12,D019,58.1,0
2026-05-12-D020,2026-05-12,D020,25.4,0
2026-05-12-D021,2026-05-12,D021,54.2,0
2026-05-12-D022,2026-05-12,D022,53.4,0
2026-05-12-D023,2026-05-12,D023,20.7,0
2026-05-12-D024,2026-05-12,D024,20.0,0
2026-05-12-D025,2026-05-12,D025,35.1,0
2026-05-12-D026,2026-05-12,D026,76.8,0
2026-05-12-D027,2026-05-12,D027,18.8,0
2026-05-12-D028,2026-05-12,D028,26.5,0
2026-05-12-D029,2026-05-12,D029,37.3,0
2026-05-12-D030,2026-05-12,D030,0,0
2026-05-12-D031,2026-05-12,D031,11.2,0
2026-05-12-D032,2026-05-12,D032,14.6,0
2026-05-12-D033,2026-05-12,D033,51.2,0
2026-05-12-D034,2026-05-12,D034,8.2,0
2026-05-12-D035,2026-05-12,D035,25.3,0
2026-05-12-D036,2026-05-12,D036,53.6,0
2026-05-12-D037,2026-05-12,D037,27.0,0
2026-05-12-D038,2026-05-12,D038,21.5,0
2026-05-12-D039,2026-05-12,D039,63.5,1
2026-05-12-D040,2026-05-12,D040,81.1,0
2026-05-12-D041,2026-05-12,D041,58.3,0
2026-05-12-D042,2026-05-12,D042,18.8,0
2026-05-12-D043,2026-05-12,D043,21.7,0
2026-05-12-D044,2026-05-12,D044,37.0,0
2026-05-12-D045,2026-05-12,D045,59.2,0
2026-05-12-D046,2026-05-12,D046,59.8,0
2026-05-12-D047,2026-05-12,D047,20.4,0
2026-05-12-D048,2026-05-12,D048,56.5,1
2026-05-12-D049,2026-05-12,D049,12.1,0
2026-05-12-D050,2026-05-12,D050,87.1,1
2026-05-12-D051,2026-05-12,D051,1.4,0
2026-05-12-D052,2026-05-12,D052,17.1,0
2026-05-12-D053,2026-05-12,D053,65.2,0
2026-05-12-D054,2026-05-12,D054,37.5,1
2026-05-12-D055,2026-05-12,D055,16.8,0
2026-05-12-D056,2026-05-12,D056,71.4,0
2026-05-12-D057,2026-05-12,D057,51.3,0
2026-05-12-D058,2026-05-12,D058,45.3,0
2026-05-12-D059,2026-05-12,D059,6.0,0
2026-05-12-D060,2026-05-12,D060,26.5,0
2026-05-12-D061,2026-05-12,D061,64.4,0
2026-05-12-D062,2026-05-12,D062,31.4,0
2026-05-12-D063,2026-05-12,D063,73.9,0
2026-05-12-D064,2026-05-12,D064,40.5,0
2026-05-12-D065,2026-05-12,D065,57.4,1
2026-05-12-D066,2026-05-12,D066,44.1,0
2026-05-12-D067,2026-05-12,D067,15.2,0
2026-05-12-D068,2026-05-12,D068,21.2,0
2026-05-12-D069,2026-05-12,D069,45.9,0
2026-05-12-D070,2026-05-12,D070,59.1,0
2026-05-12-D071,2026-05-12,D071,70.7,1
2026-05-12-D072,2026-05-12,D072,20.4,0
2026-05-12-D073,2026-05-12,D073,14.4,0
2026-05-12-D074,2026-05-12,D074,55.0,0
2026-05-12-D075,2026-05-12,D075,54.1,0
2026-05-12-D076,2026-05-12,D076,37.2,0
2026-05-12-D077,2026-05-12,D077,76.9,0
2026-05-12-D078,2026-05-12,D078,19.3,0
2026-05-12-D079,2026-05-12,D079,67.5,0
2026-05-12-D080,2026-05-12,D080,66.7,0
2026-05-12-D081,2026-05-12,D081,35.9,0
2026-05-12-D082,2026-05-12,D082,52.1,0
2026-05-12-D083,2026-05-12,D083,39.3,0
2026-05-12-D084,2026-05-12,D084,10.0,0
2026-05-12-D085,2026-05-12,D085,11.4,0
2026-05-12-D086,2026-05-12,D086,70.5,0
2026-05-12-D087,2026-05-12,D087,22.5,0
2026-05-12-D088,2026-05-12,D088,38.1,0
2026-05-12-D089,2026-05-12,D089,65.6,0
2026-05-12-D090,2026-05-12,D090,33.6,0
2026-05-13-D001,2026-05-13,D001,32.3,0
2026-05-13-D002,2026-05-13,D002,24.3,0
2026-05-13-D003,2026-05-13,D003,13.3,0
2026-05-13-D004,2026-05-13,D004,30.2,0
2026-05-13-D005,2026-05-13,D005,69.6,1
2026-05-13-D006,2026-05-13,D006,58.1,0
2026-05-13-D007,2026-05-13,D007,26.6,0
2026-05-13-D008,2026-05-13,D008,24.0,0
2026-05-13-D009,2026-05-13,D009,43.5,0
2026-05-13-D010,2026-05-13,D010,33.0,0
2026-05-13-D011,2026-05-13,D011,25.4,0
2026-05-13-D012,2026-05-13,D012,57.7,1
2026-05-13-D013,2026-05-13,D013,54.5,0
2026-05-13-D014,2026-05-13,D014,12.8,0
2026-05-13-D015,2026-05-13,D015,4.6,0
2026-05-13-D016,2026-05-13,D016,42.3,0
2026-05-13-D017,2026-05-13,D017,53.8,0
2026-05-13-D018,2026-05-13,D018,71.8,0
2026-05-13-D019,2026-05-13,D019,21.9,0
2026-05-13-D020,2026-05-13,D020,40.7,0
2026-05-13-D021,2026-05-13,D021,47.3,0
2026-05-13-D022,2026-05-13,D022,9.4,0
2026-05-13-D023,2026-05-13,D023,70.5,0
2026-05-13-D024,2026-05-13,D024,8.5,0
2026-05-13-D025,2026-05-13,D025,55.5,0
2026-05-13-D026,2026-05-13,D026,11.0,0
2026-05-13-D027,2026-05-13,D027,12.2,0
2026-05-13-D028,2026-05-13,D028,27.8,0
2026-05-13-D029,2026-05-13,D029,31.9,0
2026-05-13-D030,2026-05-13,D030,75.0,1
2026-05-13-D031,2026-05-13,D031,23.4,0
2026-05-13-D032,2026-05-13,D032,63.0,0
2026-05-13-D033,2026-05-13,D033,23.4,0
2026-05-13-D034,2026-05-13,D034,38.6,0
2026-05-13-D035,2026-05-13,D035,27.3,0
2026-05-13-D036,2026-05-13,D036,21.5,0
2026-05-13-D037,2026-05-13,D037,7.2,0
2026-05-13-D038,2026-05-13,D038,35.8,0
2026-05-13-D039,2026-05-13,D039,22.2,0
2026-05-13-D040,2026-05-13,D040,23.3,0
2026-05-13-D041,2026-05-13,D041,4.1,0
2026-05-13-D042,2026-05-13,D042,52.8,0
2026-05-13-D043,2026-05-13,D043,39.6,0
2026-05-13-D044,2026-05-13,D044,41.8,0
2026-05-13-D045,2026-05-13,D045,73.9,1
2026-05-13-D046,2026-05-13,D046,26.2,0
2026-05-13-D047,2026-05-13,D047,31.1,0
2026-05-13-D048,2026-05-13,D048,59.5,0
2026-05-13-D049,2026-05-13,D049,34.2,0
2026-05-13-D050,2026-05-13,D050,54.0,0
2026-05-13-D051,2026-05-13,D051,16.1,0
2026-05-13-D052,2026-05-13,D052,16.6,0
2026-05-13-D053,2026-05-13,D053,36.0,0
2026-05-13-D054,2026-05-13,D054,37.5,0
2026-05-13-D055,2026-05-13,D055,32.5,0
2026-05-13-D056,2026-05-13,D056,60.2,0
2026-05-13-D057,2026-05-13,D057,41.0,0
2026-05-13-D058,2026-05-13,D058,70.7,0
2026-05-13-D059,2026-05-13,D059,14.4,0
2026-05-13-D060,2026-05-13,D060,62.9,1
2026-05-13-D061,2026-05-13,D061,31.0,0
2026-05-13-D062,2026-05-13,D062,19.6,0
2026-05-13-D063,2026-05-13,D063,91.7,1
2026-05-13-D064,2026-05-13,D064,27.7,0
2026-05-13-D065,2026-05-13,D065,2.3,0
2026-05-13-D066,2026-05-13,D066,49.2,0
2026-05-13-D067,2026-05-13,D067,51.1,0
2026-05-13-D068,2026-05-13,D068,41.4,0
2026-05-13-D069,2026-05-13,D069,29.2,0
2026-05-13-D070,2026-05-13,D070,25.9,0
2026-05-13-D071,2026-05-13,D071,53.8,0
2026-05-13-D072,2026-05-13,D072,39.0,0
2026-05-13-D073,2026-05-13,D073,11.0,0
2026-05-13-D074,2026-05-13,D074,40.3,0
2026-05-13-D075,2026-05-13,D075,59.8,0
2026-05-13-D076,2026-05-13,D076,50.7,0
2026-05-13-D077,2026-05-13,D077,12.2,0
2026-05-13-D078,2026-05-13,D078,18.8,0
2026-05-13-D079,2026-05-13,D079,11.8,0
2026-05-13-D080,2026-05-13,D080,62.4,0
2026-05-13-D081,2026-05-13,D081,2.7,0
2026-05-13-D082,2026-05-13,D082,34.5,0
2026-05-13-D083,2026-05-13,D083,37.9,0
2026-05-13-D084,2026-05-13,D084,52.9,0
2026-05-13-D085,2026-05-13,D085,10.3,0
2026-05-13-D086,2026-05-13,D086,28.8,0
2026-05-13-D087,2026-05-13,D087,42.2,0
2026-05-13-D088,2026-05-13,D088,26.6,0
2026-05-13-D089,2026-05-13,D089,64.4,1
2026-05-13-D090,2026-05-13,D090,8.3,0
2026-05-14-D001,2026-05-14,D001,34.7,0
2026-05-14-D002,2026-05-14,D002,81.2,1
2026-05-14-D003,2026-05-14,D003,55.5,0
2026-05-14-D004,2026-05-14,D004,21.0,0
2026-05-14-D005,2026-05-14,D005,22.9,0
2026-05-14-D006,2026-05-14,D006,37.0,0
2026-05-14-D007,2026-05-14,D007,22.7,0
2026-05-14-D008,2026-05-14,D008,37.5,0
2026-05-14-D009,2026-05-14,D009,48.5,1
2026-05-14-D010,2026-05-14,D010,72.3,0
2026-05-14-D011,2026-05-14,D011,38.3,0
2026-05-14-D012,2026-05-14,D012,73.5,0
2026-05-14-D013,2026-05-14,D013,20.8,0
2026-05-14-D014,2026-05-14,D014,69.1,0
2026-05-14-D015,2026-05-14,D015,47.4,0
2026-05-14-D016,2026-05-14,D016,33.3,0
2026-05-14-D017,2026-05-14,D017,71.8,0
2026-05-14-D018,2026-05-14,D018,76.6,0
2026-05-14-D019,2026-05-14,D019,78.5,1
2026-05-14-D020,2026-05-14,D020,5.6,0
2026-05-14-D021,2026-05-14,D021,57.4,0
2026-05-14-D022,2026-05-14,D022,23.4,0
2026-05-14-D023,2026-05-14,D023,10.2,0
2026-05-14-D024,2026-05-14,D024,50.4,0
2026-05-14-D025,2026-05-14,D025,29.1,0
2026-05-14-D026,2026-05-14,D026,19.8,0
2026-05-14-D027,2026-05-14,D027,48.5,0
2026-05-14-D028,2026-05-14,D028,23.2,0
2026-05-14-D029,2026-05-14,D029,41.7,0
2026-05-14-D030,2026-05-14,D030,49.5,0
2026-05-14-D031,2026-05-14,D031,75.0,0
2026-05-14-D032,2026-05-14,D032,36.0,0
2026-05-14-D033,2026-05-14,D033,54.1,0
2026-05-14-D034,2026-05-14,D034,37.4,0
2026-05-14-D035,2026-05-14,D035,71.8,1
2026-05-14-D036,2026-05-14,D036,21.6,0
2026-05-14-D037,2026-05-14,D037,19.4,0
2026-05-14-D038,2026-05-14,D038,18.7,0
2026-05-14-D039,2026-05-14,D039,21.4,1
2026-05-14-D040,2026-05-14,D040,37.9,0
2026-05-14-D041,2026-05-14,D041,18.5,0
2026-05-14-D042,2026-05-14,D042,69.1,0
2026-05-14-D043,2026-05-14,D043,91.4,1
2026-05-14-D044,2026-05-14,D044,43.5,0
2026-05-14-D045,2026-05-14,D045,21.5,0
2026-05-14-D046,2026-05-14,D046,39.6,0
2026-05-14-D047,2026-05-14,D047,15.1,0
2026-05-14-D048,2026-05-14,D048,73.7,1
2026-05-14-D049,2026-05-14,D049,51.5,0
2026-05-14-D050,2026-05-14,D050,10.1,0
2026-05-14-D051,2026-05-14,D051,31.0,0
2026-05-14-D052,2026-05-14,D052,30.3,0
2026-05-14-D053,2026-05-14,D053,60.1,0
2026-05-14-D054,2026-05-14,D054,56.9,0
2026-05-14-D055,2026-05-14,D055,30.4,0
2026-05-14-D056,2026-05-14,D056,40.6,0
2026-05-14-D057,2026-05-14,D057,45.6,0
2026-05-14-D058,2026-05-14,D058,68.2,0
2026-05-14-D059,2026-05-14,D059,15.2,0
2026-05-14-D060,2026-05-14,D060,42.7,0
2026-05-14-D061,2026-05-14,D061,23.7,0
2026-05-14-D062,2026-05-14,D062,35.1,0
2026-05-14-D063,2026-05-14,D063,6.0,0
2026-05-14-D064,2026-05-14,D064,67.5,0
2026-05-14-D065,2026-05-14,D065,35.1,0
2026-05-14-D066,2026-05-14,D066,66.4,0
2026-05-14-D067,2026-05-14,D067,17.5,0
2026-05-14-D068,2026-05-14,D068,42.4,0
2026-05-14-D069,2026-05-14,D069,71.5,1
2026-05-14-D070,2026-05-14,D070,64.1,0
2026-05-14-D071,2026-05-14,D071,45.0,0
2026-05-14-D072,2026-05-14,D072,20.7,0
2026-05-14-D073,2026-05-14,D073,32.7,0
2026-05-14-D074,2026-05-14,D074,21.4,0
2026-05-14-D075,2026-05-14,D075,77.7,0
2026-05-14-D076,2026-05-14,D076,49.3,0
2026-05-14-D077,2026-05-14,D077,16.6,0
2026-05-14-D078,2026-05-14,D078,20.2,0
2026-05-14-D079,2026-05-14,D079,75.1,0
2026-05-14-D080,2026-05-14,D080,27.7,0
2026-05-14-D081,2026-05-14,D081,14.3,0
2026-05-14-D082,2026-05-14,D082,17.2,0
2026-05-14-D083,2026-05-14,D083,22.7,0
2026-05-14-D084,2026-05-14,D084,41.5,0
2026-05-14-D085,2026-05-14,D085,8.8,0
2026-05-14-D086,2026-05-14,D086,29.4,0
2026-05-14-D087,2026-05-14,D087,33.7,0
2026-05-14-D088,2026-05-14,D088,33.3,0
2026-05-14-D089,2026-05-14,D089,13.1,0
2026-05-14-D090,2026-05-14,D090,77.5,1
2026-05-15-D001,2026-05-15,D001,74.0,0
2026-05-15-D002,2026-05-15,D002,32.8,0
2026-05-15-D003,2026-05-15,D003,18.1,0
2026-05-15-D004,2026-05-15,D004,24.6,0
2026-05-15-D005,2026-05-15,D005,45.4,0
2026-05-15-D006,2026-05-15,D006,45.4,0
2026-05-15-D007,2026-05-15,D007,23.7,0
2026-05-15-D008,2026-05-15,D008,79.7,1
2026-05-15-D009,2026-05-15,D009,54.8,0
2026-05-15-D010,2026-05-15,D010,59.0,0
2026-05-15-D011,2026-05-15,D011,66.1,0
2026-05-15-D012,2026-05-15,D012,76.7,1
2026-05-15-D013,2026-05-15,D013,79.3,0
2026-05-15-D014,2026-05-15,D014,32.9,0
2026-05-15-D015,2026-05-15,D015,59.2,1
2026-05-15-D016,2026-05-15,D016,57.0,0
2026-05-15-D017,2026-05-15,D017,30.7,0
2026-05-15-D018,2026-05-15,D018,11.8,0
2026-05-15-D019,2026-05-15,D019,25.0,0
2026-05-15-D020,2026-05-15,D020,75.5,0
2026-05-15-D021,2026-05-15,D021,13.1,0
2026-05-15-D022,2026-05-15,D022,32.2,1
2026-05-15-D023,2026-05-15,D023,49.1,0
2026-05-15-D024,2026-05-15,D024,57.2,0
2026-05-15-D025,2026-05-15,D025,34.1,0
2026-05-15-D026,2026-05-15,D026,27.8,0
2026-05-15-D027,2026-05-15,D027,41.4,0
2026-05-15-D028,2026-05-15,D028,11.5,0
2026-05-15-D029,2026-05-15,D029,72.3,1
2026-05-15-D030,2026-05-15,D030,57.6,1
2026-05-15-D031,2026-05-15,D031,12.8,0
2026-05-15-D032,2026-05-15,D032,24.6,0
2026-05-15-D033,2026-05-15,D033,68.1,1
2026-05-15-D034,2026-05-15,D034,56.2,0
2026-05-15-D035,2026-05-15,D035,42.0,1
2026-05-15-D036,2026-05-15,D036,44.3,0
2026-05-15-D037,2026-05-15,D037,15.1,0
2026-05-15-D038,2026-05-15,D038,20.1,0
2026-05-15-D039,2026-05-15,D039,66.8,0
2026-05-15-D040,2026-05-15,D040,20.3,0
2026-05-15-D041,2026-05-15,D041,45.7,0
2026-05-15-D042,2026-05-15,D042,12.5,0
2026-05-15-D043,2026-05-15,D043,41.8,0
2026-05-15-D044,2026-05-15,D044,9.3,0
2026-05-15-D045,2026-05-15,D045,70.7,1
2026-05-15-D046,2026-05-15,D046,44.7,0
2026-05-15-D047,2026-05-15,D047,48.8,0
2026-05-15-D048,2026-05-15,D048,25.8,0
2026-05-15-D049,2026-05-15,D049,40.4,0
2026-05-15-D050,2026-05-15,D050,79.1,1
2026-05-15-D051,2026-05-15,D051,37.3,0
2026-05-15-D052,2026-05-15,D052,38.5,0
2026-05-15-D053,2026-05-15,D053,33.3,0
2026-05-15-D054,2026-05-15,D054,14.8,0
2026-05-15-D055,2026-05-15,D055,19.7,0
2026-05-15-D056,2026-05-15,D056,77.2,0
2026-05-15-D057,2026-05-15,D057,40.8,0
2026-05-15-D058,2026-05-15,D058,35.0,0
2026-05-15-D059,2026-05-15,D059,35.6,0
2026-05-15-D060,2026-05-15,D060,25.5,0
2026-05-15-D061,2026-05-15,D061,33.8,0
2026-05-15-D062,2026-05-15,D062,20.3,0
2026-05-15-D063,2026-05-15,D063,47.2,0
2026-05-15-D064,2026-05-15,D064,35.8,0
2026-05-15-D065,2026-05-15,D065,41.6,0
2026-05-15-D066,2026-05-15,D066,25.7,0
2026-05-15-D067,2026-05-15,D067,46.8,0
2026-05-15-D068,2026-05-15,D068,19.3,0
2026-05-15-D069,2026-05-15,D069,56.7,1
2026-05-15-D070,2026-05-15,D070,57.4,0
2026-05-15-D071,2026-05-15,D071,44.8,0
2026-05-15-D072,2026-05-15,D072,0,0
2026-05-15-D073,2026-05-15,D073,46.9,0
2026-05-15-D074,2026-05-15,D074,18.7,0
2026-05-15-D075,2026-05-15,D075,39.7,0
2026-05-15-D076,2026-05-15,D076,42.7,0
2026-05-15-D077,2026-05-15,D077,55.3,0
2026-05-15-D078,2026-05-15,D078,21.6,0
2026-05-15-D079,2026-05-15,D079,53.4,0
2026-05-15-D080,2026-05-15,D080,47.6,0
2026-05-15-D081,2026-05-15,D081,59.2,1
2026-05-15-D082,2026-05-15,D082,75.2,0
2026-05-15-D083,2026-05-15,D083,52.0,0
2026-05-15-D084,2026-05-15,D084,0.9,0
2026-05-15-D085,2026-05-15,D085,77.8,0
2026-05-15-D086,2026-05-15,D086,63.5,0
2026-05-15-D087,2026-05-15,D087,34.6,0
2026-05-15-D088,2026-05-15,D088,46.1,0
2026-05-15-D089,2026-05-15,D089,41.0,0
2026-05-15-D090,2026-05-15,D090,0,0
2026-05-16-D001,2026-05-16,D001,28.3,0
2026-05-16-D002,2026-05-16,D002,22.7,0
2026-05-16-D003,2026-05-16,D003,26.7,0
2026-05-16-D004,2026-05-16,D004,25.1,0
2026-05-16-D005,2026-05-16,D005,74.4,0
2026-05-16-D006,2026-05-16,D006,52.8,0
2026-05-16-D007,2026-05-16,D007,68.2,0
2026-05-16-D008,2026-05-16,D008,28.3,0
2026-05-16-D009,2026-05-16,D009,43.7,0
2026-05-16-D010,2026-05-16,D010,36.5,0
2026-05-16-D011,2026-05-16,D011,19.7,0
2026-05-16-D012,2026-05-16,D012,57.2,0
2026-05-16-D013,2026-05-16,D013,79.5,0
2026-05-16-D014,2026-05-16,D014,67.0,0
2026-05-16-D015,2026-05-16,D015,30.1,0
2026-05-16-D016,2026-05-16,D016,11.2,0
2026-05-16-D017,2026-05-16,D017,53.9,0
2026-05-16-D018,2026-05-16,D018,68.8,0
2026-05-16-D019,2026-05-16,D019,67.9,1
2026-05-16-D020,2026-05-16,D020,22.7,0
2026-05-16-D021,2026-05-16,D021,8.1,0
2026-05-16-D022,2026-05-16,D022,18.7,0
2026-05-16-D023,2026-05-16,D023,32.0,0
2026-05-16-D024,2026-05-16,D024,35.3,0
2026-05-16-D025,2026-05-16,D025,13.6,0
2026-05-16-D026,2026-05-16,D026,43.5,0
2026-05-16-D027,2026-05-16,D027,34.3,0
2026-05-16-D028,2026-05-16,D028,14.1,0
2026-05-16-D029,2026-05-16,D029,30.2,0
2026-05-16-D030,2026-05-16,D030,10.3,0
2026-05-16-D031,2026-05-16,D031,66.6,0
2026-05-16-D032,2026-05-16,D032,7.3,0
2026-05-16-D033,2026-05-16,D033,47.9,0
2026-05-16-D034,2026-05-16,D034,50.3,0
2026-05-16-D035,2026-05-16,D035,25.1,0
2026-05-16-D036,2026-05-16,D036,75.6,1
2026-05-16-D037,2026-05-16,D037,73.0,0
2026-05-16-D038,2026-05-16,D038,35.0,0
2026-05-16-D039,2026-05-16,D039,25.0,0
2026-05-16-D040,2026-05-16,D040,94.1,1
2026-05-16-D041,2026-05-16,D041,16.8,0
2026-05-16-D042,2026-05-16,D042,51.8,0
2026-05-16-D043,2026-05-16,D043,51.2,0
2026-05-16-D044,2026-05-16,D044,66.0,0
2026-05-16-D045,2026-05-16,D045,28.1,0
2026-05-16-D046,2026-05-16,D046,48.7,0
2026-05-16-D047,2026-05-16,D047,32.5,0
2026-05-16-D048,2026-05-16,D048,74.4,1
2026-05-16-D049,2026-05-16,D049,58.2,0
2026-05-16-D050,2026-05-16,D050,9.4,0
2026-05-16-D051,2026-05-16,D051,56.7,0
2026-05-16-D052,2026-05-16,D052,23.8,0
2026-05-16-D053,2026-05-16,D053,73.9,0
2026-05-16-D054,2026-05-16,D054,50.6,0
2026-05-16-D055,2026-05-16,D055,23.6,0
2026-05-16-D056,2026-05-16,D056,54.9,0
2026-05-16-D057,2026-05-16,D057,68.6,0
2026-05-16-D058,2026-05-16,D058,7.7,0
2026-05-16-D059,2026-05-16,D059,30.0,0
2026-05-16-D060,2026-05-16,D060,90.6,1
2026-05-16-D061,2026-05-16,D061,21.4,0
2026-05-16-D062,2026-05-16,D062,22.4,0
2026-05-16-D063,2026-05-16,D063,20.6,0
2026-05-16-D064,2026-05-16,D064,26.8,0
2026-05-16-D065,2026-05-16,D065,3.4,0
2026-05-16-D066,2026-05-16,D066,7.4,0
2026-05-16-D067,2026-05-16,D067,53.7,0
2026-05-16-D068,2026-05-16,D068,18.3,0
2026-05-16-D069,2026-05-16,D069,45.3,0
2026-05-16-D070,2026-05-16,D070,28.2,0
2026-05-16-D071,2026-05-16,D071,69.6,0
2026-05-16-D072,2026-05-16,D072,31.1,0
2026-05-16-D073,2026-05-16,D073,34.4,0
2026-05-16-D074,2026-05-16,D074,81.3,0
2026-05-16-D075,2026-05-16,D075,54.6,0
2026-05-16-D076,2026-05-16,D076,19.5,0
2026-05-16-D077,2026-05-16,D077,85.5,0
2026-05-16-D078,2026-05-16,D078,45.1,0
2026-05-16-D079,2026-05-16,D079,97.0,1
2026-05-16-D080,2026-05-16,D080,50.7,0
2026-05-16-D081,2026-05-16,D081,44.3,0
2026-05-16-D082,2026-05-16,D082,50.5,0
2026-05-16-D083,2026-05-16,D083,20.4,0
2026-05-16-D084,2026-05-16,D084,10.9,0
2026-05-16-D085,2026-05-16,D085,22.2,0
2026-05-16-D086,2026-05-16,D086,56.6,0
2026-05-16-D087,2026-05-16,D087,58.7,1
2026-05-16-D088,2026-05-16,D088,44.1,0
2026-05-16-D089,2026-05-16,D089,57.2,0
2026-05-16-D090,2026-05-16,D090,22.2,0
2026-05-17-D001,2026-05-17,D001,36.0,0
2026-05-17-D002,2026-05-17,D002,82.3,1
2026-05-17-D003,2026-05-17,D003,37.7,0
2026-05-17-D004,2026-05-17,D004,63.3,1
2026-05-17-D005,2026-05-17,D005,73.7,0
2026-05-17-D006,2026-05-17,D006,5.2,0
2026-05-17-D007,2026-05-17,D007,88.5,0
2026-05-17-D008,2026-05-17,D008,43.0,0
2026-05-17-D009,2026-05-17,D009,42.0,0
2026-05-17-D010,2026-05-17,D010,33.2,0
2026-05-17-D011,2026-05-17,D011,28.3,0
2026-05-17-D012,2026-05-17,D012,66.5,0
2026-05-17-D013,2026-05-17,D013,9.0,0
2026-05-17-D014,2026-05-17,D014,23.7,0
2026-05-17-D015,2026-05-17,D015,1.3,0
2026-05-17-D016,2026-05-17,D016,60.2,0
2026-05-17-D017,2026-05-17,D017,18.3,0
2026-05-17-D018,2026-05-17,D018,39.1,0
2026-05-17-D019,2026-05-17,D019,20.5,0
2026-05-17-D020,2026-05-17,D020,39.5,0
2026-05-17-D021,2026-05-17,D021,38.1,0
2026-05-17-D022,2026-05-17,D022,43.4,0
2026-05-17-D023,2026-05-17,D023,24.4,0
2026-05-17-D024,2026-05-17,D024,7.7,0
2026-05-17-D025,2026-05-17,D025,5.5,0
2026-05-17-D026,2026-05-17,D026,67.7,1
2026-05-17-D027,2026-05-17,D027,63.6,1
2026-05-17-D028,2026-05-17,D028,24.7,0
2026-05-17-D029,2026-05-17,D029,40.5,0
2026-05-17-D030,2026-05-17,D030,27.5,0
2026-05-17-D031,2026-05-17,D031,21.6,0
2026-05-17-D032,2026-05-17,D032,31.6,0
2026-05-17-D033,2026-05-17,D033,46.5,0
2026-05-17-D034,2026-05-17,D034,34.9,0
2026-05-17-D035,2026-05-17,D035,57.1,0
2026-05-17-D036,2026-05-17,D036,41.7,0
2026-05-17-D037,2026-05-17,D037,42.7,0
2026-05-17-D038,2026-05-17,D038,52.6,0
2026-05-17-D039,2026-05-17,D039,39.6,0
2026-05-17-D040,2026-05-17,D040,69.8,0
2026-05-17-D041,2026-05-17,D041,29.9,0
2026-05-17-D042,2026-05-17,D042,46.3,0
2026-05-17-D043,2026-05-17,D043,42.4,0
2026-05-17-D044,2026-05-17,D044,84.8,0
2026-05-17-D045,2026-05-17,D045,51.5,1
2026-05-17-D046,2026-05-17,D046,71.5,1
2026-05-17-D047,2026-05-17,D047,48.6,0
2026-05-17-D048,2026-05-17,D048,82.7,0
2026-05-17-D049,2026-05-17,D049,19.6,0
2026-05-17-D050,2026-05-17,D050,52.2,0
2026-05-17-D051,2026-05-17,D051,48.2,0
2026-05-17-D052,2026-05-17,D052,34.2,0
2026-05-17-D053,2026-05-17,D053,28.3,0
2026-05-17-D054,2026-05-17,D054,66.3,1
2026-05-17-D055,2026-05-17,D055,45.4,0
2026-05-17-D056,2026-05-17,D056,56.8,0
2026-05-17-D057,2026-05-17,D057,54.6,0
2026-05-17-D058,2026-05-17,D058,79.2,0
2026-05-17-D059,2026-05-17,D059,69.7,1
2026-05-17-D060,2026-05-17,D060,62.0,1
2026-05-17-D061,2026-05-17,D061,59.8,0
2026-05-17-D062,2026-05-17,D062,52.1,0
2026-05-17-D063,2026-05-17,D063,42.2,0
2026-05-17-D064,2026-05-17,D064,27.7,0
2026-05-17-D065,2026-05-17,D065,7.3,0
2026-05-17-D066,2026-05-17,D066,15.3,0
2026-05-17-D067,2026-05-17,D067,16.6,0
2026-05-17-D068,2026-05-17,D068,22.6,0
2026-05-17-D069,2026-05-17,D069,21.5,1
2026-05-17-D070,2026-05-17,D070,18.5,0
2026-05-17-D071,2026-05-17,D071,25.4,0
2026-05-17-D072,2026-05-17,D072,41.3,0
2026-05-17-D073,2026-05-17,D073,19.7,0
2026-05-17-D074,2026-05-17,D074,66.0,1
2026-05-17-D075,2026-05-17,D075,39.8,0
2026-05-17-D076,2026-05-17,D076,69.1,0
2026-05-17-D077,2026-05-17,D077,15.0,0
2026-05-17-D078,2026-05-17,D078,24.3,0
2026-05-17-D079,2026-05-17,D079,32.8,0
2026-05-17-D080,2026-05-17,D080,60.4,0
2026-05-17-D081,2026-05-17,D081,21.4,0
2026-05-17-D082,2026-05-17,D082,16.6,0
2026-05-17-D083,2026-05-17,D083,45.6,0
2026-05-17-D084,2026-05-17,D084,80.5,1
2026-05-17-D085,2026-05-17,D085,32.6,0
2026-05-17-D086,2026-05-17,D086,48.2,0
2026-05-17-D087,2026-05-17,D087,15.5,0
2026-05-17-D088,2026-05-17,D088,84.5,0
2026-05-17-D089,2026-05-17,D089,73.7,0
2026-05-17-D090,2026-05-17,D090,67.9,1
2026-05-18-D001,2026-05-18,D001,83.4,1
2026-05-18-D002,2026-05-18,D002,76.5,1
2026-05-18-D003,2026-05-18,D003,24.5,0
2026-05-18-D004,2026-05-18,D004,60.5,0
2026-05-18-D005,2026-05-18,D005,81.6,1
2026-05-18-D006,2026-05-18,D006,28.3,0
2026-05-18-D007,2026-05-18,D007,31.4,0
2026-05-18-D008,2026-05-18,D008,22.2,0
2026-05-18-D009,2026-05-18,D009,33.1,0
2026-05-18-D010,2026-05-18,D010,38.2,0
2026-05-18-D011,2026-05-18,D011,61.3,0
2026-05-18-D012,2026-05-18,D012,68.5,0
2026-05-18-D013,2026-05-18,D013,70.4,0
2026-05-18-D014,2026-05-18,D014,19.6,0
2026-05-18-D015,2026-05-18,D015,37.0,0
2026-05-18-D016,2026-05-18,D016,23.1,0
2026-05-18-D017,2026-05-18,D017,68.0,0
2026-05-18-D018,2026-05-18,D018,17.5,0
2026-05-18-D019,2026-05-18,D019,37.9,0
2026-05-18-D020,2026-05-18,D020,62.3,0
2026-05-18-D021,2026-05-18,D021,16.4,0
2026-05-18-D022,2026-05-18,D022,41.2,0
2026-05-18-D023,2026-05-18,D023,31.1,0
2026-05-18-D024,2026-05-18,D024,73.7,0
2026-05-18-D025,2026-05-18,D025,30.4,0
2026-05-18-D026,2026-05-18,D026,51.0,1
2026-05-18-D027,2026-05-18,D027,24.7,0
2026-05-18-D028,2026-05-18,D028,58.3,0
2026-05-18-D029,2026-05-18,D029,29.9,0
2026-05-18-D030,2026-05-18,D030,8.2,0
2026-05-18-D031,2026-05-18,D031,78.4,0
2026-05-18-D032,2026-05-18,D032,35.4,0
2026-05-18-D033,2026-05-18,D033,29.6,0
2026-05-18-D034,2026-05-18,D034,58.8,0
2026-05-18-D035,2026-05-18,D035,62.2,0
2026-05-18-D036,2026-05-18,D036,51.5,0
2026-05-18-D037,2026-05-18,D037,56.6,1
2026-05-18-D038,2026-05-18,D038,15.0,0
2026-05-18-D039,2026-05-18,D039,40.9,1
2026-05-18-D040,2026-05-18,D040,72.8,0
2026-05-18-D041,2026-05-18,D041,6.2,0
2026-05-18-D042,2026-05-18,D042,43.7,0
2026-05-18-D043,2026-05-18,D043,35.3,0
2026-05-18-D044,2026-05-18,D044,61.2,1
2026-05-18-D045,2026-05-18,D045,13.7,0
2026-05-18-D046,2026-05-18,D046,27.8,0
2026-05-18-D047,2026-05-18,D047,22.6,0
2026-05-18-D048,2026-05-18,D048,40.2,1
2026-05-18-D049,2026-05-18,D049,26.4,0
2026-05-18-D050,2026-05-18,D050,8.3,0
2026-05-18-D051,2026-05-18,D051,73.6,1
2026-05-18-D052,2026-05-18,D052,70.3,0
2026-05-18-D053,2026-05-18,D053,70.6,0
2026-05-18-D054,2026-05-18,D054,14.9,0
2026-05-18-D055,2026-05-18,D055,26.2,0
2026-05-18-D056,2026-05-18,D056,42.3,0
2026-05-18-D057,2026-05-18,D057,9.3,0
2026-05-18-D058,2026-05-18,D058,69.3,1
2026-05-18-D059,2026-05-18,D059,82.1,0
2026-05-18-D060,2026-05-18,D060,21.7,0
2026-05-18-D061,2026-05-18,D061,58.2,1
2026-05-18-D062,2026-05-18,D062,35.6,0
2026-05-18-D063,2026-05-18,D063,69.7,0
2026-05-18-D064,2026-05-18,D064,10.6,0
2026-05-18-D065,2026-05-18,D065,52.7,0
2026-05-18-D066,2026-05-18,D066,16.7,0
2026-05-18-D067,2026-05-18,D067,47.4,0
2026-05-18-D068,2026-05-18,D068,18.9,0
2026-05-18-D069,2026-05-18,D069,36.6,0
2026-05-18-D070,2026-05-18,D070,17.5,0
2026-05-18-D071,2026-05-18,D071,20.1,0
2026-05-18-D072,2026-05-18,D072,37.8,0
2026-05-18-D073,2026-05-18,D073,33.9,0
2026-05-18-D074,2026-05-18,D074,62.9,0
2026-05-18-D075,2026-05-18,D075,26.7,0
2026-05-18-D076,2026-05-18,D076,81.0,1
2026-05-18-D077,2026-05-18,D077,17.0,0
2026-05-18-D078,2026-05-18,D078,6.9,0
2026-05-18-D079,2026-05-18,D079,58.2,0
2026-05-18-D080,2026-05-18,D080,62.1,0
2026-05-18-D081,2026-05-18,D081,82.7,1
2026-05-18-D082,2026-05-18,D082,68.4,0
2026-05-18-D083,2026-05-18,D083,32.9,0
2026-05-18-D084,2026-05-18,D084,70.6,1
2026-05-18-D085,2026-05-18,D085,68.2,1
2026-05-18-D086,2026-05-18,D086,42.1,0
2026-05-18-D087,2026-05-18,D087,51.5,1
2026-05-18-D088,2026-05-18,D088,27.8,0
2026-05-18-D089,2026-05-18,D089,95.5,1
2026-05-18-D090,2026-05-18,D090,35.6,0
2026-05-19-D001,2026-05-19,D001,33.2,0
2026-05-19-D002,2026-05-19,D002,15.3,0
2026-05-19-D003,2026-05-19,D003,34.5,0
2026-05-19-D004,2026-05-19,D004,19.7,0
2026-05-19-D005,2026-05-19,D005,47.2,0
2026-05-19-D006,2026-05-19,D006,60.4,0
2026-05-19-D007,2026-05-19,D007,82.4,0
2026-05-19-D008,2026-05-19,D008,25.5,0
2026-05-19-D009,2026-05-19,D009,13.5,0
2026-05-19-D010,2026-05-19,D010,40.1,0
2026-05-19-D011,2026-05-19,D011,47.6,0
2026-05-19-D012,2026-05-19,D012,79.0,0
2026-05-19-D013,2026-05-19,D013,24.3,0
2026-05-19-D014,2026-05-19,D014,30.8,0
2026-05-19-D015,2026-05-19,D015,24.9,0
2026-05-19-D016,2026-05-19,D016,21.2,0
2026-05-19-D017,2026-05-19,D017,55.2,0
2026-05-19-D018,2026-05-19,D018,63.8,0
2026-05-19-D019,2026-05-19,D019,21.5,0
2026-05-19-D020,2026-05-19,D020,57.2,0
2026-05-19-D021,2026-05-19,D021,21.0,0
2026-05-19-D022,2026-05-19,D022,53.2,0
2026-05-19-D023,2026-05-19,D023,18.5,0
2026-05-19-D024,2026-05-19,D024,16.8,0
2026-05-19-D025,2026-05-19,D025,22.0,0
2026-05-19-D026,2026-05-19,D026,84.3,1
2026-05-19-D027,2026-05-19,D027,83.8,0
2026-05-19-D028,2026-05-19,D028,31.9,0
2026-05-19-D029,2026-05-19,D029,42.7,0
2026-05-19-D030,2026-05-19,D030,4.0,0
2026-05-19-D031,2026-05-19,D031,37.5,0
2026-05-19-D032,2026-05-19,D032,38.3,0
2026-05-19-D033,2026-05-19,D033,17.4,0
2026-05-19-D034,2026-05-19,D034,53.6,0
2026-05-19-D035,2026-05-19,D035,35.0,1
2026-05-19-D036,2026-05-19,D036,8.5,0
2026-05-19-D037,2026-05-19,D037,42.6,0
2026-05-19-D038,2026-05-19,D038,31.6,0
2026-05-19-D039,2026-05-19,D039,13.3,0
2026-05-19-D040,2026-05-19,D040,85.7,0
2026-05-19-D041,2026-05-19,D041,55.5,0
2026-05-19-D042,2026-05-19,D042,41.1,1
2026-05-19-D043,2026-05-19,D043,83.5,1
2026-05-19-D044,2026-05-19,D044,37.6,0
2026-05-19-D045,2026-05-19,D045,17.5,0
2026-05-19-D046,2026-05-19,D046,79.6,1
2026-05-19-D047,2026-05-19,D047,22.5,0
2026-05-19-D048,2026-05-19,D048,18.4,0
2026-05-19-D049,2026-05-19,D049,22.8,0
2026-05-19-D050,2026-05-19,D050,32.5,0
2026-05-19-D051,2026-05-19,D051,66.2,0
2026-05-19-D052,2026-05-19,D052,28.0,0
2026-05-19-D053,2026-05-19,D053,73.8,0
2026-05-19-D054,2026-05-19,D054,8.5,0
2026-05-19-D055,2026-05-19,D055,72.3,0
2026-05-19-D056,2026-05-19,D056,21.7,0
2026-05-19-D057,2026-05-19,D057,33.4,0
2026-05-19-D058,2026-05-19,D058,40.2,0
2026-05-19-D059,2026-05-19,D059,17.1,0
2026-05-19-D060,2026-05-19,D060,31.6,0
2026-05-19-D061,2026-05-19,D061,31.6,0
2026-05-19-D062,2026-05-19,D062,38.2,0
2026-05-19-D063,2026-05-19,D063,10.3,0
2026-05-19-D064,2026-05-19,D064,22.4,0
2026-05-19-D065,2026-05-19,D065,23.4,0
2026-05-19-D066,2026-05-19,D066,38.9,0
2026-05-19-D067,2026-05-19,D067,29.1,0
2026-05-19-D068,2026-05-19,D068,11.8,0
2026-05-19-D069,2026-05-19,D069,29.8,0
2026-05-19-D070,2026-05-19,D070,61.2,0
2026-05-19-D071,2026-05-19,D071,17.0,0
2026-05-19-D072,2026-05-19,D072,67.6,0
2026-05-19-D073,2026-05-19,D073,26.9,0
2026-05-19-D074,2026-05-19,D074,19.0,0
2026-05-19-D075,2026-05-19,D075,26.8,0
2026-05-19-D076,2026-05-19,D076,54.0,0
2026-05-19-D077,2026-05-19,D077,54.5,0
2026-05-19-D078,2026-05-19,D078,7.4,0
2026-05-19-D079,2026-05-19,D079,45.3,0
2026-05-19-D080,2026-05-19,D080,48.3,1
2026-05-19-D081,2026-05-19,D081,60.4,0
2026-05-19-D082,2026-05-19,D082,55.5,0
2026-05-19-D083,2026-05-19,D083,4.0,0
2026-05-19-D084,2026-05-19,D084,18.7,0
2026-05-19-D085,2026-05-19,D085,31.4,0
2026-05-19-D086,2026-05-19,D086,27.1,0
2026-05-19-D087,2026-05-19,D087,39.2,0
2026-05-19-D088,2026-05-19,D088,44.4,0
2026-05-19-D089,2026-05-19,D089,31.6,0
2026-05-19-D090,2026-05-19,D090,27.4,0
2026-05-20-D001,2026-05-20,D001,27.5,0
2026-05-20-D002,2026-05-20,D002,58.1,0
2026-05-20-D003,2026-05-20,D003,15.3,0
2026-05-20-D004,2026-05-20,D004,65.0,0
2026-05-20-D005,2026-05-20,D005,3.3,0
2026-05-20-D006,2026-05-20,D006,14.3,0
2026-05-20-D007,2026-05-20,D007,65.1,0
2026-05-20-D008,2026-05-20,D008,69.9,1
2026-05-20-D009,2026-05-20,D009,35.9,0
2026-05-20-D010,2026-05-20,D010,41.1,0
2026-05-20-D011,2026-05-20,D011,72.8,0
2026-05-20-D012,2026-05-20,D012,33.3,0
2026-05-20-D013,2026-05-20,D013,39.2,0
2026-05-20-D014,2026-05-20,D014,66.3,1
2026-05-20-D015,2026-05-20,D015,23.8,0
2026-05-20-D016,2026-05-20,D016,38.8,0
2026-05-20-D017,2026-05-20,D017,27.4,0
2026-05-20-D018,2026-05-20,D018,26.1,0
2026-05-20-D019,2026-05-20,D019,75.8,0
2026-05-20-D020,2026-05-20,D020,22.3,0
2026-05-20-D021,2026-05-20,D021,21.5,0
2026-05-20-D022,2026-05-20,D022,73.1,0
2026-05-20-D023,2026-05-20,D023,47.5,0
2026-05-20-D024,2026-05-20,D024,18.4,0
2026-05-20-D025,2026-05-20,D025,49.3,0
2026-05-20-D026,2026-05-20,D026,65.5,1
2026-05-20-D027,2026-05-20,D027,44.0,0
2026-05-20-D028,2026-05-20,D028,22.9,0
2026-05-20-D029,2026-05-20,D029,46.3,1
2026-05-20-D030,2026-05-20,D030,11.3,0
2026-05-20-D031,2026-05-20,D031,34.0,0
2026-05-20-D032,2026-05-20,D032,20.6,0
2026-05-20-D033,2026-05-20,D033,28.4,0
2026-05-20-D034,2026-05-20,D034,32.4,0
2026-05-20-D035,2026-05-20,D035,21.8,0
2026-05-20-D036,2026-05-20,D036,24.8,0
2026-05-20-D037,2026-05-20,D037,18.3,0
2026-05-20-D038,2026-05-20,D038,32.9,0
2026-05-20-D039,2026-05-20,D039,53.7,0
2026-05-20-D040,2026-05-20,D040,27.4,0
2026-05-20-D041,2026-05-20,D041,63.2,1
2026-05-20-D042,2026-05-20,D042,59.6,0
2026-05-20-D043,2026-05-20,D043,55.7,0
2026-05-20-D044,2026-05-20,D044,36.6,0
2026-05-20-D045,2026-05-20,D045,14.3,0
2026-05-20-D046,2026-05-20,D046,20.4,0
2026-05-20-D047,2026-05-20,D047,31.4,0
2026-05-20-D048,2026-05-20,D048,73.5,1
2026-05-20-D049,2026-05-20,D049,60.9,1
2026-05-20-D050,2026-05-20,D050,62.6,0
2026-05-20-D051,2026-05-20,D051,51.0,0
2026-05-20-D052,2026-05-20,D052,31.7,0
2026-05-20-D053,2026-05-20,D053,55.0,0
2026-05-20-D054,2026-05-20,D054,44.8,0
2026-05-20-D055,2026-05-20,D055,57.8,0
2026-05-20-D056,2026-05-20,D056,27.3,0
2026-05-20-D057,2026-05-20,D057,44.4,0
2026-05-20-D058,2026-05-20,D058,34.1,0
2026-05-20-D059,2026-05-20,D059,83.5,0
2026-05-20-D060,2026-05-20,D060,6.9,0
2026-05-20-D061,2026-05-20,D061,16.2,0
2026-05-20-D062,2026-05-20,D062,75.9,1
2026-05-20-D063,2026-05-20,D063,40.6,1
2026-05-20-D064,2026-05-20,D064,81.2,0
2026-05-20-D065,2026-05-20,D065,5.8,0
2026-05-20-D066,2026-05-20,D066,30.6,0
2026-05-20-D067,2026-05-20,D067,28.3,0
2026-05-20-D068,2026-05-20,D068,59.2,1
2026-05-20-D069,2026-05-20,D069,19.1,0
2026-05-20-D070,2026-05-20,D070,38.1,0
2026-05-20-D071,2026-05-20,D071,68.0,1
2026-05-20-D072,2026-05-20,D072,41.9,0
2026-05-20-D073,2026-05-20,D073,22.4,0
2026-05-20-D074,2026-05-20,D074,81.6,0
2026-05-20-D075,2026-05-20,D075,3.8,0
2026-05-20-D076,2026-05-20,D076,86.8,0
2026-05-20-D077,2026-05-20,D077,40.8,0
2026-05-20-D078,2026-05-20,D078,34.3,0
2026-05-20-D079,2026-05-20,D079,43.9,0
2026-05-20-D080,2026-05-20,D080,22.5,0
2026-05-20-D081,2026-05-20,D081,69.9,1
2026-05-20-D082,2026-05-20,D082,47.5,0
2026-05-20-D083,2026-05-20,D083,21.8,0
2026-05-20-D084,2026-05-20,D084,76.5,1
2026-05-20-D085,2026-05-20,D085,59.8,0
2026-05-20-D086,2026-05-20,D086,66.8,0
2026-05-20-D087,2026-05-20,D087,5.1,0
2026-05-20-D088,2026-05-20,D088,78.5,0
2026-05-20-D089,2026-05-20,D089,43.8,0
2026-05-20-D090,2026-05-20,D090,27.2,0
2026-05-21-D001,2026-05-21,D001,85.2,0
2026-05-21-D002,2026-05-21,D002,56.8,0
2026-05-21-D003,2026-05-21,D003,20.9,0
2026-05-21-D004,2026-05-21,D004,66.6,0
2026-05-21-D005,2026-05-21,D005,70.9,1
2026-05-21-D006,2026-05-21,D006,76.1,1
2026-05-21-D007,2026-05-21,D007,85.9,0
2026-05-21-D008,2026-05-21,D008,43.8,0
2026-05-21-D009,2026-05-21,D009,0,0
2026-05-21-D010,2026-05-21,D010,28.1,0
2026-05-21-D011,2026-05-21,D011,33.5,0
2026-05-21-D012,2026-05-21,D012,75.7,1
2026-05-21-D013,2026-05-21,D013,38.8,0
2026-05-21-D014,2026-05-21,D014,13.9,0
2026-05-21-D015,2026-05-21,D015,14.7,0
2026-05-21-D016,2026-05-21,D016,63.0,0
2026-05-21-D017,2026-05-21,D017,34.5,1
2026-05-21-D018,2026-05-21,D018,13.4,0
2026-05-21-D019,2026-05-21,D019,84.5,0
2026-05-21-D020,2026-05-21,D020,12.4,0
2026-05-21-D021,2026-05-21,D021,55.6,0
2026-05-21-D022,2026-05-21,D022,46.0,0
2026-05-21-D023,2026-05-21,D023,9.9,0
2026-05-21-D024,2026-05-21,D024,51.3,0
2026-05-21-D025,2026-05-21,D025,75.5,0
2026-05-21-D026,2026-05-21,D026,34.2,0
2026-05-21-D027,2026-05-21,D027,9.1,0
2026-05-21-D028,2026-05-21,D028,46.2,0
2026-05-21-D029,2026-05-21,D029,58.1,1
2026-05-21-D030,2026-05-21,D030,25.7,0
2026-05-21-D031,2026-05-21,D031,45.2,0
2026-05-21-D032,2026-05-21,D032,47.4,0
2026-05-21-D033,2026-05-21,D033,46.2,0
2026-05-21-D034,2026-05-21,D034,54.5,0
2026-05-21-D035,2026-05-21,D035,13.5,0
2026-05-21-D036,2026-05-21,D036,15.7,0
2026-05-21-D037,2026-05-21,D037,43.2,0
2026-05-21-D038,2026-05-21,D038,8.9,0
2026-05-21-D039,2026-05-21,D039,76.1,0
2026-05-21-D040,2026-05-21,D040,52.9,0
2026-05-21-D041,2026-05-21,D041,23.1,0
2026-05-21-D042,2026-05-21,D042,27.8,0
2026-05-21-D043,2026-05-21,D043,55.0,0
2026-05-21-D044,2026-05-21,D044,44.7,0
2026-05-21-D045,2026-05-21,D045,22.8,0
2026-05-21-D046,2026-05-21,D046,52.9,0
2026-05-21-D047,2026-05-21,D047,53.5,0
2026-05-21-D048,2026-05-21,D048,11.3,0
2026-05-21-D049,2026-05-21,D049,48.6,0
2026-05-21-D050,2026-05-21,D050,48.9,0
2026-05-21-D051,2026-05-21,D051,68.1,0
2026-05-21-D052,2026-05-21,D052,38.5,0
2026-05-21-D053,2026-05-21,D053,31.2,0
2026-05-21-D054,2026-05-21,D054,5.1,0
2026-05-21-D055,2026-05-21,D055,36.1,0
2026-05-21-D056,2026-05-21,D056,57.3,0
2026-05-21-D057,2026-05-21,D057,75.1,1
2026-05-21-D058,2026-05-21,D058,72.7,0
2026-05-21-D059,2026-05-21,D059,46.1,0
2026-05-21-D060,2026-05-21,D060,27.0,0
2026-05-21-D061,2026-05-21,D061,83.6,0
2026-05-21-D062,2026-05-21,D062,20.8,0
2026-05-21-D063,2026-05-21,D063,63.0,0
2026-05-21-D064,2026-05-21,D064,61.6,0
2026-05-21-D065,2026-05-21,D065,49.2,0
2026-05-21-D066,2026-05-21,D066,23.8,0
2026-05-21-D067,2026-05-21,D067,71.2,0
2026-05-21-D068,2026-05-21,D068,48.6,0
2026-05-21-D069,2026-05-21,D069,66.0,1
2026-05-21-D070,2026-05-21,D070,33.6,0
2026-05-21-D071,2026-05-21,D071,38.9,0
2026-05-21-D072,2026-05-21,D072,69.2,0
2026-05-21-D073,2026-05-21,D073,31.9,0
2026-05-21-D074,2026-05-21,D074,29.8,0
2026-05-21-D075,2026-05-21,D075,26.6,0
2026-05-21-D076,2026-05-21,D076,57.5,0
2026-05-21-D077,2026-05-21,D077,34.2,0
2026-05-21-D078,2026-05-21,D078,0.8,0
2026-05-21-D079,2026-05-21,D079,42.6,0
2026-05-21-D080,2026-05-21,D080,45.4,0
2026-05-21-D081,2026-05-21,D081,32.2,0
2026-05-21-D082,2026-05-21,D082,36.6,0
2026-05-21-D083,2026-05-21,D083,69.3,0
2026-05-21-D084,2026-05-21,D084,39.6,0
2026-05-21-D085,2026-05-21,D085,19.4,0
2026-05-21-D086,2026-05-21,D086,66.2,0
2026-05-21-D087,2026-05-21,D087,34.0,0
2026-05-21-D088,2026-05-21,D088,40.1,0
2026-05-21-D089,2026-05-21,D089,73.3,0
2026-05-21-D090,2026-05-21,D090,33.4,0
2026-05-22-D001,2026-05-22,D001,68.6,0
2026-05-22-D002,2026-05-22,D002,52.4,1
2026-05-22-D003,2026-05-22,D003,56.0,0
2026-05-22-D004,2026-05-22,D004,56.0,0
2026-05-22-D005,2026-05-22,D005,40.6,0
2026-05-22-D006,2026-05-22,D006,16.7,0
2026-05-22-D007,2026-05-22,D007,30.2,0
2026-05-22-D008,2026-05-22,D008,55.9,1
2026-05-22-D009,2026-05-22,D009,0.0,0
2026-05-22-D010,2026-05-22,D010,12.6,0
2026-05-22-D011,2026-05-22,D011,61.8,0
2026-05-22-D012,2026-05-22,D012,12.8,0
2026-05-22-D013,2026-05-22,D013,89.0,1
2026-05-22-D014,2026-05-22,D014,36.5,0
2026-05-22-D015,2026-05-22,D015,13.0,0
2026-05-22-D016,2026-05-22,D016,31.8,0
2026-05-22-D017,2026-05-22,D017,67.1,0
2026-05-22-D018,2026-05-22,D018,36.9,0
2026-05-22-D019,2026-05-22,D019,65.5,0
2026-05-22-D020,2026-05-22,D020,35.5,0
2026-05-22-D021,2026-05-22,D021,28.2,0
2026-05-22-D022,2026-05-22,D022,42.9,0
2026-05-22-D023,2026-05-22,D023,24.0,0
2026-05-22-D024,2026-05-22,D024,13.8,0
2026-05-22-D025,2026-05-22,D025,44.1,0
2026-05-22-D026,2026-05-22,D026,15.6,0
2026-05-22-D027,2026-05-22,D027,36.8,0
2026-05-22-D028,2026-05-22,D028,18.8,0
2026-05-22-D029,2026-05-22,D029,22.4,0
2026-05-22-D030,2026-05-22,D030,52.5,0
2026-05-22-D031,2026-05-22,D031,60.4,0
2026-05-22-D032,2026-05-22,D032,14.7,0
2026-05-22-D033,2026-05-22,D033,51.6,0
2026-05-22-D034,2026-05-22,D034,85.6,0
2026-05-22-D035,2026-05-22,D035,8.1,0
2026-05-22-D036,2026-05-22,D036,35.1,1
2026-05-22-D037,2026-05-22,D037,75.0,0
2026-05-22-D038,2026-05-22,D038,14.2,0
2026-05-22-D039,2026-05-22,D039,68.7,1
2026-05-22-D040,2026-05-22,D040,29.6,0
2026-05-22-D041,2026-05-22,D041,34.3,0
2026-05-22-D042,2026-05-22,D042,76.5,1
2026-05-22-D043,2026-05-22,D043,53.4,0
2026-05-22-D044,2026-05-22,D044,9.9,0
2026-05-22-D045,2026-05-22,D045,21.2,0
2026-05-22-D046,2026-05-22,D046,20.7,0
2026-05-22-D047,2026-05-22,D047,48.4,0
2026-05-22-D048,2026-05-22,D048,52.4,1
2026-05-22-D049,2026-05-22,D049,24.1,0
2026-05-22-D050,2026-05-22,D050,40.4,0
2026-05-22-D051,2026-05-22,D051,34.6,0
2026-05-22-D052,2026-05-22,D052,32.6,0
2026-05-22-D053,2026-05-22,D053,62.9,0
2026-05-22-D054,2026-05-22,D054,32.9,0
2026-05-22-D055,2026-05-22,D055,25.2,0
2026-05-22-D056,2026-05-22,D056,46.6,0
2026-05-22-D057,2026-05-22,D057,16.4,0
2026-05-22-D058,2026-05-22,D058,28.4,0
2026-05-22-D059,2026-05-22,D059,60.1,0
2026-05-22-D060,2026-05-22,D060,72.2,0
2026-05-22-D061,2026-05-22,D061,90.9,0
2026-05-22-D062,2026-05-22,D062,20.1,0
2026-05-22-D063,2026-05-22,D063,32.0,0
2026-05-22-D064,2026-05-22,D064,31.2,0
2026-05-22-D065,2026-05-22,D065,38.2,0
2026-05-22-D066,2026-05-22,D066,48.7,0
2026-05-22-D067,2026-05-22,D067,57.2,0
2026-05-22-D068,2026-05-22,D068,22.0,0
2026-05-22-D069,2026-05-22,D069,3.9,0
2026-05-22-D070,2026-05-22,D070,32.5,0
2026-05-22-D071,2026-05-22,D071,5.9,0
2026-05-22-D072,2026-05-22,D072,7.7,0
2026-05-22-D073,2026-05-22,D073,65.3,0
2026-05-22-D074,2026-05-22,D074,24.6,0
2026-05-22-D075,2026-05-22,D075,10.2,0
2026-05-22-D076,2026-05-22,D076,35.4,0
2026-05-22-D077,2026-05-22,D077,46.3,0
2026-05-22-D078,2026-05-22,D078,66.7,0
2026-05-22-D079,2026-05-22,D079,27.2,0
2026-05-22-D080,2026-05-22,D080,38.4,0
2026-05-22-D081,2026-05-22,D081,25.7,0
2026-05-22-D082,2026-05-22,D082,63.5,0
2026-05-22-D083,2026-05-22,D083,24.1,0
2026-05-22-D084,2026-05-22,D084,39.3,1
2026-05-22-D085,2026-05-22,D085,16.5,0
2026-05-22-D086,2026-05-22,D086,28.5,0
2026-05-22-D087,2026-05-22,D087,77.7,1
2026-05-22-D088,2026-05-22,D088,45.7,0
2026-05-22-D089,2026-05-22,D089,40.3,0
2026-05-22-D090,2026-05-22,D090,67.4,1
2026-05-23-D001,2026-05-23,D001,20.7,0
2026-05-23-D002,2026-05-23,D002,22.5,0
2026-05-23-D003,2026-05-23,D003,75.0,0
2026-05-23-D004,2026-05-23,D004,54.4,0
2026-05-23-D005,2026-05-23,D005,17.3,0
2026-05-23-D006,2026-05-23,D006,10.1,0
2026-05-23-D007,2026-05-23,D007,70.1,0
2026-05-23-D008,2026-05-23,D008,27.6,0
2026-05-23-D009,2026-05-23,D009,62.5,0
2026-05-23-D010,2026-05-23,D010,18.7,0
2026-05-23-D011,2026-05-23,D011,76.0,0
2026-05-23-D012,2026-05-23,D012,18.5,0
2026-05-23-D013,2026-05-23,D013,51.5,0
2026-05-23-D014,2026-05-23,D014,18.0,0
2026-05-23-D015,2026-05-23,D015,61.4,0
2026-05-23-D016,2026-05-23,D016,13.4,0
2026-05-23-D017,2026-05-23,D017,2.4,0
2026-05-23-D018,2026-05-23,D018,77.8,1
2026-05-23-D019,2026-05-23,D019,23.4,0
2026-05-23-D020,2026-05-23,D020,7.7,0
2026-05-23-D021,2026-05-23,D021,23.5,0
2026-05-23-D022,2026-05-23,D022,20.6,0
2026-05-23-D023,2026-05-23,D023,59.8,1
2026-05-23-D024,2026-05-23,D024,7.1,0
2026-05-23-D025,2026-05-23,D025,64.7,0
2026-05-23-D026,2026-05-23,D026,77.1,1
2026-05-23-D027,2026-05-23,D027,50.6,0
2026-05-23-D028,2026-05-23,D028,52.3,0
2026-05-23-D029,2026-05-23,D029,78.0,1
2026-05-23-D030,2026-05-23,D030,30.3,0
2026-05-23-D031,2026-05-23,D031,13.9,0
2026-05-23-D032,2026-05-23,D032,33.4,0
2026-05-23-D033,2026-05-23,D033,10.1,0
2026-05-23-D034,2026-05-23,D034,34.9,0
2026-05-23-D035,2026-05-23,D035,33.3,0
2026-05-23-D036,2026-05-23,D036,55.7,0
2026-05-23-D037,2026-05-23,D037,64.2,0
2026-05-23-D038,2026-05-23,D038,64.7,1
2026-05-23-D039,2026-05-23,D039,33.8,0
2026-05-23-D040,2026-05-23,D040,41.3,0
2026-05-23-D041,2026-05-23,D041,24.6,0
2026-05-23-D042,2026-05-23,D042,66.8,0
2026-05-23-D043,2026-05-23,D043,32.1,0
2026-05-23-D044,2026-05-23,D044,53.4,1
2026-05-23-D045,2026-05-23,D045,45.0,1
2026-05-23-D046,2026-05-23,D046,43.2,0
2026-05-23-D047,2026-05-23,D047,54.4,0
2026-05-23-D048,2026-05-23,D048,38.8,0
2026-05-23-D049,2026-05-23,D049,94.7,1
2026-05-23-D050,2026-05-23,D050,70.3,1
2026-05-23-D051,2026-05-23,D051,37.8,0
2026-05-23-D052,2026-05-23,D052,35.2,1
2026-05-23-D053,2026-05-23,D053,57.4,0
2026-05-23-D054,2026-05-23,D054,40.8,0
2026-05-23-D055,2026-05-23,D055,38.7,1
2026-05-23-D056,2026-05-23,D056,54.0,0
2026-05-23-D057,2026-05-23,D057,30.5,0
2026-05-23-D058,2026-05-23,D058,62.0,0
2026-05-23-D059,2026-05-23,D059,76.3,1
2026-05-23-D060,2026-05-23,D060,48.7,0
2026-05-23-D061,2026-05-23,D061,31.7,0
2026-05-23-D062,2026-05-23,D062,30.7,0
2026-05-23-D063,2026-05-23,D063,10.9,0
2026-05-23-D064,2026-05-23,D064,19.3,0
2026-05-23-D065,2026-05-23,D065,47.6,0
2026-05-23-D066,2026-05-23,D066,58.5,1
2026-05-23-D067,2026-05-23,D067,9.6,0
2026-05-23-D068,2026-05-23,D068,60.1,1
2026-05-23-D069,2026-05-23,D069,36.7,0
2026-05-23-D070,2026-05-23,D070,34.7,0
2026-05-23-D071,2026-05-23,D071,19.9,0
2026-05-23-D072,2026-05-23,D072,75.1,1
2026-05-23-D073,2026-05-23,D073,38.7,0
2026-05-23-D074,2026-05-23,D074,85.8,1
2026-05-23-D075,2026-05-23,D075,73.4,0
2026-05-23-D076,2026-05-23,D076,44.9,0
2026-05-23-D077,2026-05-23,D077,47.9,0
2026-05-23-D078,2026-05-23,D078,59.4,0
2026-05-23-D079,2026-05-23,D079,69.3,0
2026-05-23-D080,2026-05-23,D080,46.4,0
2026-05-23-D081,2026-05-23,D081,21.7,0
2026-05-23-D082,2026-05-23,D082,18.3,0
2026-05-23-D083,2026-05-23,D083,70.6,0
2026-05-23-D084,2026-05-23,D084,22.5,0
2026-05-23-D085,2026-05-23,D085,39.6,0
2026-05-23-D086,2026-05-23,D086,44.0,0
2026-05-23-D087,2026-05-23,D087,22.1,0
2026-05-23-D088,2026-05-23,D088,24.5,0
2026-05-23-D089,2026-05-23,D089,46.6,0
2026-05-23-D090,2026-05-23,D090,65.1,0
2026-05-24-D001,2026-05-24,D001,12.7,0
2026-05-24-D002,2026-05-24,D002,36.2,0
2026-05-24-D003,2026-05-24,D003,39.5,0
2026-05-24-D004,2026-05-24,D004,40.5,0
2026-05-24-D005,2026-05-24,D005,64.5,0
2026-05-24-D006,2026-05-24,D006,15.8,0
2026-05-24-D007,2026-05-24,D007,9.6,0
2026-05-24-D008,2026-05-24,D008,55.1,0
2026-05-24-D009,2026-05-24,D009,15.0,0
2026-05-24-D010,2026-05-24,D010,52.1,0
2026-05-24-D011,2026-05-24,D011,58.5,0
2026-05-24-D012,2026-05-24,D012,38.3,0
2026-05-24-D013,2026-05-24,D013,61.3,0
2026-05-24-D014,2026-05-24,D014,50.0,0
2026-05-24-D015,2026-05-24,D015,54.3,1
2026-05-24-D016,2026-05-24,D016,25.4,0
2026-05-24-D017,2026-05-24,D017,67.1,0
2026-05-24-D018,2026-05-24,D018,56.9,1
2026-05-24-D019,2026-05-24,D019,42.1,0
2026-05-24-D020,2026-05-24,D020,56.0,1
2026-05-24-D021,2026-05-24,D021,27.2,0
2026-05-24-D022,2026-05-24,D022,54.0,1
2026-05-24-D023,2026-05-24,D023,24.5,0
2026-05-24-D024,2026-05-24,D024,40.9,0
2026-05-24-D025,2026-05-24,D025,28.9,0
2026-05-24-D026,2026-05-24,D026,54.4,1
2026-05-24-D027,2026-05-24,D027,29.7,0
2026-05-24-D028,2026-05-24,D028,29.0,1
2026-05-24-D029,2026-05-24,D029,34.7,1
2026-05-24-D030,2026-05-24,D030,36.9,0
2026-05-24-D031,2026-05-24,D031,11.6,0
2026-05-24-D032,2026-05-24,D032,72.3,0
2026-05-24-D033,2026-05-24,D033,23.8,0
2026-05-24-D034,2026-05-24,D034,23.7,0
2026-05-24-D035,2026-05-24,D035,34.1,0
2026-05-24-D036,2026-05-24,D036,28.1,0
2026-05-24-D037,2026-05-24,D037,43.3,0
2026-05-24-D038,2026-05-24,D038,28.8,0
2026-05-24-D039,2026-05-24,D039,51.7,0
2026-05-24-D040,2026-05-24,D040,61.5,0
2026-05-24-D041,2026-05-24,D041,60.1,0
2026-05-24-D042,2026-05-24,D042,5.7,0
2026-05-24-D043,2026-05-24,D043,26.1,0
2026-05-24-D044,2026-05-24,D044,24.5,0
2026-05-24-D045,2026-05-24,D045,71.0,0
2026-05-24-D046,2026-05-24,D046,31.5,0
2026-05-24-D047,2026-05-24,D047,68.7,1
2026-05-24-D048,2026-05-24,D048,23.6,0
2026-05-24-D049,2026-05-24,D049,42.2,0
2026-05-24-D050,2026-05-24,D050,55.6,0
2026-05-24-D051,2026-05-24,D051,42.1,1
2026-05-24-D052,2026-05-24,D052,37.0,0
2026-05-24-D053,2026-05-24,D053,8.9,0
2026-05-24-D054,2026-05-24,D054,27.5,0
2026-05-24-D055,2026-05-24,D055,55.6,0
2026-05-24-D056,2026-05-24,D056,10.0,0
2026-05-24-D057,2026-05-24,D057,39.0,0
2026-05-24-D058,2026-05-24,D058,49.0,0
2026-05-24-D059,2026-05-24,D059,32.0,0
2026-05-24-D060,2026-05-24,D060,25.1,0
2026-05-24-D061,2026-05-24,D061,72.4,0
2026-05-24-D062,2026-05-24,D062,44.8,0
2026-05-24-D063,2026-05-24,D063,33.4,0
2026-05-24-D064,2026-05-24,D064,31.3,0
2026-05-24-D065,2026-05-24,D065,22.4,0
2026-05-24-D066,2026-05-24,D066,64.3,0
2026-05-24-D067,2026-05-24,D067,15.7,0
2026-05-24-D068,2026-05-24,D068,38.5,0
2026-05-24-D069,2026-05-24,D069,32.2,0
2026-05-24-D070,2026-05-24,D070,51.3,0
2026-05-24-D071,2026-05-24,D071,31.5,0
2026-05-24-D072,2026-05-24,D072,25.0,0
2026-05-24-D073,2026-05-24,D073,51.4,0
2026-05-24-D074,2026-05-24,D074,66.6,0
2026-05-24-D075,2026-05-24,D075,52.6,0
2026-05-24-D076,2026-05-24,D076,29.3,0
2026-05-24-D077,2026-05-24,D077,61.4,0
2026-05-24-D078,2026-05-24,D078,12.1,0
2026-05-24-D079,2026-05-24,D079,54.1,0
2026-05-24-D080,2026-05-24,D080,37.2,0
2026-05-24-D081,2026-05-24,D081,49.3,0
2026-05-24-D082,2026-05-24,D082,52.5,0
2026-05-24-D083,2026-05-24,D083,25.2,0
2026-05-24-D084,2026-05-24,D084,37.7,0
2026-05-24-D085,2026-05-24,D085,43.0,0
2026-05-24-D086,2026-05-24,D086,76.8,0
2026-05-24-D087,2026-05-24,D087,45.2,0
2026-05-24-D088,2026-05-24,D088,34.0,0
2026-05-24-D089,2026-05-24,D089,18.5,0
2026-05-24-D090,2026-05-24,D090,9.1,0
2026-05-25-D001,2026-05-25,D001,36.2,0
2026-05-25-D002,2026-05-25,D002,12.1,0
2026-05-25-D003,2026-05-25,D003,33.5,0
2026-05-25-D004,2026-05-25,D004,74.4,0
2026-05-25-D005,2026-05-25,D005,9.2,0
2026-05-25-D006,2026-05-25,D006,39.3,1
2026-05-25-D007,2026-05-25,D007,33.2,0
2026-05-25-D008,2026-05-25,D008,70.7,0
2026-05-25-D009,2026-05-25,D009,69.9,1
2026-05-25-D010,2026-05-25,D010,39.8,0
2026-05-25-D011,2026-05-25,D011,33.7,0
2026-05-25-D012,2026-05-25,D012,15.0,0
2026-05-25-D013,2026-05-25,D013,67.1,0
2026-05-25-D014,2026-05-25,D014,56.3,1
2026-05-25-D015,2026-05-25,D015,63.6,1
2026-05-25-D016,2026-05-25,D016,22.0,0
2026-05-25-D017,2026-05-25,D017,53.9,1
2026-05-25-D018,2026-05-25,D018,35.8,0
2026-05-25-D019,2026-05-25,D019,20.7,0
2026-05-25-D020,2026-05-25,D020,37.5,0
2026-05-25-D021,2026-05-25,D021,59.9,1
2026-05-25-D022,2026-05-25,D022,10.5,0
2026-05-25-D023,2026-05-25,D023,33.0,0
2026-05-25-D024,2026-05-25,D024,60.0,1
2026-05-25-D025,2026-05-25,D025,33.6,0
2026-05-25-D026,2026-05-25,D026,67.6,0
2026-05-25-D027,2026-05-25,D027,68.3,0
2026-05-25-D028,2026-05-25,D028,46.6,0
2026-05-25-D029,2026-05-25,D029,36.6,0
2026-05-25-D030,2026-05-25,D030,19.5,0
2026-05-25-D031,2026-05-25,D031,18.2,0
2026-05-25-D032,2026-05-25,D032,55.0,0
2026-05-25-D033,2026-05-25,D033,62.5,1
2026-05-25-D034,2026-05-25,D034,25.0,0
2026-05-25-D035,2026-05-25,D035,45.7,0
2026-05-25-D036,2026-05-25,D036,39.5,0
2026-05-25-D037,2026-05-25,D037,41.6,0
2026-05-25-D038,2026-05-25,D038,52.2,1
2026-05-25-D039,2026-05-25,D039,22.0,0
2026-05-25-D040,2026-05-25,D040,69.6,0
2026-05-25-D041,2026-05-25,D041,11.6,0
2026-05-25-D042,2026-05-25,D042,38.2,0
2026-05-25-D043,2026-05-25,D043,59.4,0
2026-05-25-D044,2026-05-25,D044,27.3,0
2026-05-25-D045,2026-05-25,D045,47.6,0
2026-05-25-D046,2026-05-25,D046,75.4,0
2026-05-25-D047,2026-05-25,D047,38.1,0
2026-05-25-D048,2026-05-25,D048,28.0,0
2026-05-25-D049,2026-05-25,D049,35.6,0
2026-05-25-D050,2026-05-25,D050,47.0,0
2026-05-25-D051,2026-05-25,D051,0,0
2026-05-25-D052,2026-05-25,D052,30.3,0
2026-05-25-D053,2026-05-25,D053,73.0,1
2026-05-25-D054,2026-05-25,D054,21.0,0
2026-05-25-D055,2026-05-25,D055,72.9,0
2026-05-25-D056,2026-05-25,D056,74.5,0
2026-05-25-D057,2026-05-25,D057,23.8,0
2026-05-25-D058,2026-05-25,D058,44.0,0
2026-05-25-D059,2026-05-25,D059,19.6,0
2026-05-25-D060,2026-05-25,D060,24.2,0
2026-05-25-D061,2026-05-25,D061,63.1,0
2026-05-25-D062,2026-05-25,D062,33.3,0
2026-05-25-D063,2026-05-25,D063,15.1,0
2026-05-25-D064,2026-05-25,D064,64.4,0
2026-05-25-D065,2026-05-25,D065,41.2,0
2026-05-25-D066,2026-05-25,D066,4.3,0
2026-05-25-D067,2026-05-25,D067,25.3,0
2026-05-25-D068,2026-05-25,D068,33.5,0
2026-05-25-D069,2026-05-25,D069,66.7,0
2026-05-25-D070,2026-05-25,D070,73.9,1
2026-05-25-D071,2026-05-25,D071,43.1,0
2026-05-25-D072,2026-05-25,D072,50.0,0
2026-05-25-D073,2026-05-25,D073,84.2,0
2026-05-25-D074,2026-05-25,D074,36.1,0
2026-05-25-D075,2026-05-25,D075,34.5,0
2026-05-25-D076,2026-05-25,D076,51.9,0
2026-05-25-D077,2026-05-25,D077,78.2,0
2026-05-25-D078,2026-05-25,D078,5.9,0
2026-05-25-D079,2026-05-25,D079,21.4,0
2026-05-25-D080,2026-05-25,D080,20.5,0
2026-05-25-D081,2026-05-25,D081,39.5,0
2026-05-25-D082,2026-05-25,D082,66.2,0
2026-05-25-D083,2026-05-25,D083,37.3,0
2026-05-25-D084,2026-05-25,D084,23.4,0
2026-05-25-D085,2026-05-25,D085,27.0,0
2026-05-25-D086,2026-05-25,D086,11.1,0
2026-05-25-D087,2026-05-25,D087,69.7,0
2026-05-25-D088,2026-05-25,D088,30.2,0
2026-05-25-D089,2026-05-25,D089,76.0,0
2026-05-25-D090,2026-05-25,D090,72.2,0
2026-05-26-D001,2026-05-26,D001,36.0,0
2026-05-26-D002,2026-05-26,D002,52.5,0
2026-05-26-D003,2026-05-26,D003,1.6,0
2026-05-26-D004,2026-05-26,D004,18.9,0
2026-05-26-D005,2026-05-26,D005,13.7,0
2026-05-26-D006,2026-05-26,D006,28.8,0
2026-05-26-D007,2026-05-26,D007,19.0,0
2026-05-26-D008,2026-05-26,D008,26.0,0
2026-05-26-D009,2026-05-26,D009,27.0,0
2026-05-26-D010,2026-05-26,D010,22.5,0
2026-05-26-D011,2026-05-26,D011,62.4,1
2026-05-26-D012,2026-05-26,D012,29.7,0
2026-05-26-D013,2026-05-26,D013,53.0,0
2026-05-26-D014,2026-05-26,D014,43.8,0
2026-05-26-D015,2026-05-26,D015,55.2,0
2026-05-26-D016,2026-05-26,D016,30.3,0
2026-05-26-D017,2026-05-26,D017,18.0,0
2026-05-26-D018,2026-05-26,D018,46.7,0
2026-05-26-D019,2026-05-26,D019,40.8,0
2026-05-26-D020,2026-05-26,D020,73.9,0
2026-05-26-D021,2026-05-26,D021,33.4,0
2026-05-26-D022,2026-05-26,D022,72.3,0
2026-05-26-D023,2026-05-26,D023,28.2,0
2026-05-26-D024,2026-05-26,D024,75.5,1
2026-05-26-D025,2026-05-26,D025,55.8,0
2026-05-26-D026,2026-05-26,D026,81.1,1
2026-05-26-D027,2026-05-26,D027,17.3,0
2026-05-26-D028,2026-05-26,D028,76.2,1
2026-05-26-D029,2026-05-26,D029,31.0,0
2026-05-26-D030,2026-05-26,D030,30.4,0
2026-05-26-D031,2026-05-26,D031,28.5,0
2026-05-26-D032,2026-05-26,D032,56.7,0
2026-05-26-D033,2026-05-26,D033,13.2,0
2026-05-26-D034,2026-05-26,D034,50.8,0
2026-05-26-D035,2026-05-26,D035,15.7,0
2026-05-26-D036,2026-05-26,D036,62.5,0
2026-05-26-D037,2026-05-26,D037,26.6,0
2026-05-26-D038,2026-05-26,D038,74.6,1
2026-05-26-D039,2026-05-26,D039,54.6,0
2026-05-26-D040,2026-05-26,D040,25.8,0
2026-05-26-D041,2026-05-26,D041,34.6,0
2026-05-26-D042,2026-05-26,D042,3.8,0
2026-05-26-D043,2026-05-26,D043,33.7,0
2026-05-26-D044,2026-05-26,D044,14.2,0
2026-05-26-D045,2026-05-26,D045,16.2,0
2026-05-26-D046,2026-05-26,D046,27.5,0
2026-05-26-D047,2026-05-26,D047,75.2,0
2026-05-26-D048,2026-05-26,D048,1.8,0
2026-05-26-D049,2026-05-26,D049,22.1,0
2026-05-26-D050,2026-05-26,D050,42.2,0
2026-05-26-D051,2026-05-26,D051,30.7,0
2026-05-26-D052,2026-05-26,D052,33.6,0
2026-05-26-D053,2026-05-26,D053,18.4,0
2026-05-26-D054,2026-05-26,D054,27.9,0
2026-05-26-D055,2026-05-26,D055,28.6,0
2026-05-26-D056,2026-05-26,D056,28.6,0
2026-05-26-D057,2026-05-26,D057,32.8,1
2026-05-26-D058,2026-05-26,D058,19.8,0
2026-05-26-D059,2026-05-26,D059,60.1,0
2026-05-26-D060,2026-05-26,D060,24.4,0
2026-05-26-D061,2026-05-26,D061,26.3,0
2026-05-26-D062,2026-05-26,D062,25.2,0
2026-05-26-D063,2026-05-26,D063,69.9,0
2026-05-26-D064,2026-05-26,D064,16.5,0
2026-05-26-D065,2026-05-26,D065,31.4,0
2026-05-26-D066,2026-05-26,D066,50.4,1
2026-05-26-D067,2026-05-26,D067,33.6,0
2026-05-26-D068,2026-05-26,D068,45.3,0
2026-05-26-D069,2026-05-26,D069,21.4,0
2026-05-26-D070,2026-05-26,D070,51.1,0
2026-05-26-D071,2026-05-26,D071,22.3,0
2026-05-26-D072,2026-05-26,D072,49.3,1
2026-05-26-D073,2026-05-26,D073,44.6,0
2026-05-26-D074,2026-05-26,D074,44.1,0
2026-05-26-D075,2026-05-26,D075,54.8,1
2026-05-26-D076,2026-05-26,D076,40.8,0
2026-05-26-D077,2026-05-26,D077,43.5,0
2026-05-26-D078,2026-05-26,D078,22.3,0
2026-05-26-D079,2026-05-26,D079,10.0,0
2026-05-26-D080,2026-05-26,D080,29.4,0
2026-05-26-D081,2026-05-26,D081,36.8,0
2026-05-26-D082,2026-05-26,D082,82.5,1
2026-05-26-D083,2026-05-26,D083,42.0,0
2026-05-26-D084,2026-05-26,D084,15.9,0
2026-05-26-D085,2026-05-26,D085,13.2,0
2026-05-26-D086,2026-05-26,D086,20.5,0
2026-05-26-D087,2026-05-26,D087,34.3,1
2026-05-26-D088,2026-05-26,D088,61.4,1
2026-05-26-D089,2026-05-26,D089,20.6,0
2026-05-26-D090,2026-05-26,D090,43.0,1
2026-05-27-D001,2026-05-27,D001,48.6,0
2026-05-27-D002,2026-05-27,D002,50.1,1
2026-05-27-D003,2026-05-27,D003,48.7,0
2026-05-27-D004,2026-05-27,D004,14.8,0
2026-05-27-D005,2026-05-27,D005,37.8,0
2026-05-27-D006,2026-05-27,D006,38.4,0
2026-05-27-D007,2026-05-27,D007,32.7,1
2026-05-27-D008,2026-05-27,D008,58.5,0
2026-05-27-D009,2026-05-27,D009,39.6,0
2026-05-27-D010,2026-05-27,D010,73.7,0
2026-05-27-D011,2026-05-27,D011,67.7,0
2026-05-27-D012,2026-05-27,D012,40.9,1
2026-05-27-D013,2026-05-27,D013,53.3,0
2026-05-27-D014,2026-05-27,D014,42.3,0
2026-05-27-D015,2026-05-27,D015,33.0,0
2026-05-27-D016,2026-05-27,D016,45.4,0
2026-05-27-D017,2026-05-27,D017,48.0,0
2026-05-27-D018,2026-05-27,D018,44.2,0
2026-05-27-D019,2026-05-27,D019,52.5,0
2026-05-27-D020,2026-05-27,D020,59.1,1
2026-05-27-D021,2026-05-27,D021,28.8,0
2026-05-27-D022,2026-05-27,D022,66.3,0
2026-05-27-D023,2026-05-27,D023,83.2,1
2026-05-27-D024,2026-05-27,D024,74.2,0
2026-05-27-D025,2026-05-27,D025,53.7,0
2026-05-27-D026,2026-05-27,D026,18.3,0
2026-05-27-D027,2026-05-27,D027,52.5,1
2026-05-27-D028,2026-05-27,D028,74.9,0
2026-05-27-D029,2026-05-27,D029,48.9,0
2026-05-27-D030,2026-05-27,D030,45.0,0
2026-05-27-D031,2026-05-27,D031,14.7,0
2026-05-27-D032,2026-05-27,D032,48.7,0
2026-05-27-D033,2026-05-27,D033,59.8,1
2026-05-27-D034,2026-05-27,D034,58.4,0
2026-05-27-D035,2026-05-27,D035,34.2,0
2026-05-27-D036,2026-05-27,D036,18.5,0
2026-05-27-D037,2026-05-27,D037,64.8,1
2026-05-27-D038,2026-05-27,D038,23.8,0
2026-05-27-D039,2026-05-27,D039,27.8,0
2026-05-27-D040,2026-05-27,D040,30.3,0
2026-05-27-D041,2026-05-27,D041,51.4,0
2026-05-27-D042,2026-05-27,D042,27.9,0
2026-05-27-D043,2026-05-27,D043,58.1,0
2026-05-27-D044,2026-05-27,D044,9.3,0
2026-05-27-D045,2026-05-27,D045,10.8,0
2026-05-27-D046,2026-05-27,D046,66.7,0
2026-05-27-D047,2026-05-27,D047,48.3,0
2026-05-27-D048,2026-05-27,D048,14.6,0
2026-05-27-D049,2026-05-27,D049,19.7,0
2026-05-27-D050,2026-05-27,D050,28.1,0
2026-05-27-D051,2026-05-27,D051,11.8,0
2026-05-27-D052,2026-05-27,D052,48.0,0
2026-05-27-D053,2026-05-27,D053,35.2,0
2026-05-27-D054,2026-05-27,D054,0,0
2026-05-27-D055,2026-05-27,D055,43.6,0
2026-05-27-D056,2026-05-27,D056,12.8,0
2026-05-27-D057,2026-05-27,D057,21.7,0
2026-05-27-D058,2026-05-27,D058,27.8,0
2026-05-27-D059,2026-05-27,D059,40.1,0
2026-05-27-D060,2026-05-27,D060,13.8,0
2026-05-27-D061,2026-05-27,D061,48.0,0
2026-05-27-D062,2026-05-27,D062,18.6,0
2026-05-27-D063,2026-05-27,D063,32.2,0
2026-05-27-D064,2026-05-27,D064,21.2,0
2026-05-27-D065,2026-05-27,D065,70.7,1
2026-05-27-D066,2026-05-27,D066,57.9,1
2026-05-27-D067,2026-05-27,D067,54.3,0
2026-05-27-D068,2026-05-27,D068,49.7,0
2026-05-27-D069,2026-05-27,D069,59.5,0
2026-05-27-D070,2026-05-27,D070,39.6,0
2026-05-27-D071,2026-05-27,D071,70.9,0
2026-05-27-D072,2026-05-27,D072,13.2,0
2026-05-27-D073,2026-05-27,D073,67.0,1
2026-05-27-D074,2026-05-27,D074,56.3,1
2026-05-27-D075,2026-05-27,D075,27.5,0
2026-05-27-D076,2026-05-27,D076,61.2,0
2026-05-27-D077,2026-05-27,D077,12.9,0
2026-05-27-D078,2026-05-27,D078,27.8,0
2026-05-27-D079,2026-05-27,D079,31.4,0
2026-05-27-D080,2026-05-27,D080,30.7,0
2026-05-27-D081,2026-05-27,D081,70.4,0
2026-05-27-D082,2026-05-27,D082,28.0,0
2026-05-27-D083,2026-05-27,D083,25.1,0
2026-05-27-D084,2026-05-27,D084,12.9,0
2026-05-27-D085,2026-05-27,D085,22.2,0
2026-05-27-D086,2026-05-27,D086,21.5,0
2026-05-27-D087,2026-05-27,D087,65.8,1
2026-05-27-D088,2026-05-27,D088,49.5,0
2026-05-27-D089,2026-05-27,D089,34.8,0
2026-05-27-D090,2026-05-27,D090,23.9,0
2026-05-28-D001,2026-05-28,D001,66.7,0
2026-05-28-D002,2026-05-28,D002,79.8,0
2026-05-28-D003,2026-05-28,D003,58.5,0
2026-05-28-D004,2026-05-28,D004,48.5,0
2026-05-28-D005,2026-05-28,D005,73.2,1
2026-05-28-D006,2026-05-28,D006,33.6,0
2026-05-28-D007,2026-05-28,D007,51.1,0
2026-05-28-D008,2026-05-28,D008,49.9,0
2026-05-28-D009,2026-05-28,D009,50.7,0
2026-05-28-D010,2026-05-28,D010,45.0,0
2026-05-28-D011,2026-05-28,D011,68.1,0
2026-05-28-D012,2026-05-28,D012,14.9,0
2026-05-28-D013,2026-05-28,D013,25.8,0
2026-05-28-D014,2026-05-28,D014,2.0,0
2026-05-28-D015,2026-05-28,D015,22.4,0
2026-05-28-D016,2026-05-28,D016,81.4,0
2026-05-28-D017,2026-05-28,D017,46.9,1
2026-05-28-D018,2026-05-28,D018,26.1,0
2026-05-28-D019,2026-05-28,D019,34.5,0
2026-05-28-D020,2026-05-28,D020,22.8,0
2026-05-28-D021,2026-05-28,D021,68.2,0
2026-05-28-D022,2026-05-28,D022,34.6,0
2026-05-28-D023,2026-05-28,D023,21.2,0
2026-05-28-D024,2026-05-28,D024,23.8,0
2026-05-28-D025,2026-05-28,D025,38.3,0
2026-05-28-D026,2026-05-28,D026,23.6,0
2026-05-28-D027,2026-05-28,D027,19.1,0
2026-05-28-D028,2026-05-28,D028,56.8,0
2026-05-28-D029,2026-05-28,D029,26.2,0
2026-05-28-D030,2026-05-28,D030,35.1,0
2026-05-28-D031,2026-05-28,D031,9.2,0
2026-05-28-D032,2026-05-28,D032,24.1,0
2026-05-28-D033,2026-05-28,D033,9.1,0
2026-05-28-D034,2026-05-28,D034,8.2,0
2026-05-28-D035,2026-05-28,D035,39.5,0
2026-05-28-D036,2026-05-28,D036,25.8,0
2026-05-28-D037,2026-05-28,D037,78.2,1
2026-05-28-D038,2026-05-28,D038,30.1,0
2026-05-28-D039,2026-05-28,D039,0,0
2026-05-28-D040,2026-05-28,D040,28.3,0
2026-05-28-D041,2026-05-28,D041,14.9,0
2026-05-28-D042,2026-05-28,D042,0,0
2026-05-28-D043,2026-05-28,D043,59.1,0
2026-05-28-D044,2026-05-28,D044,64.0,0
2026-05-28-D045,2026-05-28,D045,57.9,0
2026-05-28-D046,2026-05-28,D046,71.4,0
2026-05-28-D047,2026-05-28,D047,7.6,0
2026-05-28-D048,2026-05-28,D048,32.4,0
2026-05-28-D049,2026-05-28,D049,58.5,0
2026-05-28-D050,2026-05-28,D050,61.0,0
2026-05-28-D051,2026-05-28,D051,68.7,1
2026-05-28-D052,2026-05-28,D052,41.6,0
2026-05-28-D053,2026-05-28,D053,27.7,0
2026-05-28-D054,2026-05-28,D054,82.1,0
2026-05-28-D055,2026-05-28,D055,72.6,0
2026-05-28-D056,2026-05-28,D056,19.8,0
2026-05-28-D057,2026-05-28,D057,48.7,0
2026-05-28-D058,2026-05-28,D058,17.8,0
2026-05-28-D059,2026-05-28,D059,75.6,1
2026-05-28-D060,2026-05-28,D060,12.3,0
2026-05-28-D061,2026-05-28,D061,32.2,0
2026-05-28-D062,2026-05-28,D062,37.6,0
2026-05-28-D063,2026-05-28,D063,87.3,1
2026-05-28-D064,2026-05-28,D064,39.4,0
2026-05-28-D065,2026-05-28,D065,51.1,1
2026-05-28-D066,2026-05-28,D066,55.9,1
2026-05-28-D067,2026-05-28,D067,47.7,0
2026-05-28-D068,2026-05-28,D068,63.6,1
2026-05-28-D069,2026-05-28,D069,49.8,0
2026-05-28-D070,2026-05-28,D070,17.1,0
2026-05-28-D071,2026-05-28,D071,81.7,1
2026-05-28-D072,2026-05-28,D072,9.0,0
2026-05-28-D073,2026-05-28,D073,42.8,1
2026-05-28-D074,2026-05-28,D074,29.2,0
2026-05-28-D075,2026-05-28,D075,61.3,0
2026-05-28-D076,2026-05-28,D076,46.4,0
2026-05-28-D077,2026-05-28,D077,58.2,0
2026-05-28-D078,2026-05-28,D078,21.5,0
2026-05-28-D079,2026-05-28,D079,22.6,0
2026-05-28-D080,2026-05-28,D080,6.9,0
2026-05-28-D081,2026-05-28,D081,42.8,0
2026-05-28-D082,2026-05-28,D082,49.1,0
2026-05-28-D083,2026-05-28,D083,11.2,0
2026-05-28-D084,2026-05-28,D084,35.9,0
2026-05-28-D085,2026-05-28,D085,37.9,0
2026-05-28-D086,2026-05-28,D086,51.1,0
2026-05-28-D087,2026-05-28,D087,5.0,0
2026-05-28-D088,2026-05-28,D088,70.0,1
2026-05-28-D089,2026-05-28,D089,4.5,0
2026-05-28-D090,2026-05-28,D090,29.7,0
2026-05-29-D001,2026-05-29,D001,34.5,0
2026-05-29-D002,2026-05-29,D002,36.2,0
2026-05-29-D003,2026-05-29,D003,0.8,0
2026-05-29-D004,2026-05-29,D004,82.2,0
2026-05-29-D005,2026-05-29,D005,32.6,0
2026-05-29-D006,2026-05-29,D006,55.4,0
2026-05-29-D007,2026-05-29,D007,9.9,0
2026-05-29-D008,2026-05-29,D008,77.5,0
2026-05-29-D009,2026-05-29,D009,14.1,0
2026-05-29-D010,2026-05-29,D010,33.9,0
2026-05-29-D011,2026-05-29,D011,32.3,0
2026-05-29-D012,2026-05-29,D012,14.5,0
2026-05-29-D013,2026-05-29,D013,23.7,0
2026-05-29-D014,2026-05-29,D014,72.6,0
2026-05-29-D015,2026-05-29,D015,42.4,0
2026-05-29-D016,2026-05-29,D016,48.5,0
2026-05-29-D017,2026-05-29,D017,15.3,0
2026-05-29-D018,2026-05-29,D018,12.6,0
2026-05-29-D019,2026-05-29,D019,63.7,0
2026-05-29-D020,2026-05-29,D020,41.3,0
2026-05-29-D021,2026-05-29,D021,7.3,0
2026-05-29-D022,2026-05-29,D022,31.5,0
2026-05-29-D023,2026-05-29,D023,14.3,0
2026-05-29-D024,2026-05-29,D024,29.3,0
2026-05-29-D025,2026-05-29,D025,61.2,0
2026-05-29-D026,2026-05-29,D026,17.7,0
2026-05-29-D027,2026-05-29,D027,11.8,0
2026-05-29-D028,2026-05-29,D028,21.2,0
2026-05-29-D029,2026-05-29,D029,60.4,0
2026-05-29-D030,2026-05-29,D030,57.1,0
2026-05-29-D031,2026-05-29,D031,41.4,0
2026-05-29-D032,2026-05-29,D032,45.7,0
2026-05-29-D033,2026-05-29,D033,43.3,0
2026-05-29-D034,2026-05-29,D034,35.7,0
2026-05-29-D035,2026-05-29,D035,16.3,0
2026-05-29-D036,2026-05-29,D036,7.0,0
2026-05-29-D037,2026-05-29,D037,41.7,0
2026-05-29-D038,2026-05-29,D038,28.9,0
2026-05-29-D039,2026-05-29,D039,51.9,1
2026-05-29-D040,2026-05-29,D040,13.1,0
2026-05-29-D041,2026-05-29,D041,14.6,0
2026-05-29-D042,2026-05-29,D042,38.6,1
2026-05-29-D043,2026-05-29,D043,81.1,0
2026-05-29-D044,2026-05-29,D044,17.5,0
2026-05-29-D045,2026-05-29,D045,62.7,0
2026-05-29-D046,2026-05-29,D046,21.7,0
2026-05-29-D047,2026-05-29,D047,48.4,0
2026-05-29-D048,2026-05-29,D048,58.5,0
2026-05-29-D049,2026-05-29,D049,45.2,0
2026-05-29-D050,2026-05-29,D050,67.9,1
2026-05-29-D051,2026-05-29,D051,20.3,0
2026-05-29-D052,2026-05-29,D052,24.3,0
2026-05-29-D053,2026-05-29,D053,15.2,0
2026-05-29-D054,2026-05-29,D054,69.7,1
2026-05-29-D055,2026-05-29,D055,59.6,0
2026-05-29-D056,2026-05-29,D056,45.7,0
2026-05-29-D057,2026-05-29,D057,54.6,1
2026-05-29-D058,2026-05-29,D058,59.7,0
2026-05-29-D059,2026-05-29,D059,66.7,0
2026-05-29-D060,2026-05-29,D060,0.3,0
2026-05-29-D061,2026-05-29,D061,40.3,0
2026-05-29-D062,2026-05-29,D062,24.5,0
2026-05-29-D063,2026-05-29,D063,47.2,0
2026-05-29-D064,2026-05-29,D064,9.1,0
2026-05-29-D065,2026-05-29,D065,55.4,0
2026-05-29-D066,2026-05-29,D066,14.2,0
2026-05-29-D067,2026-05-29,D067,15.4,0
2026-05-29-D068,2026-05-29,D068,5.9,0
2026-05-29-D069,2026-05-29,D069,26.7,1
2026-05-29-D070,2026-05-29,D070,23.3,0
2026-05-29-D071,2026-05-29,D071,26.1,0
2026-05-29-D072,2026-05-29,D072,60.0,0
2026-05-29-D073,2026-05-29,D073,31.4,0
2026-05-29-D074,2026-05-29,D074,44.4,0
2026-05-29-D075,2026-05-29,D075,7.3,0
2026-05-29-D076,2026-05-29,D076,27.9,0
2026-05-29-D077,2026-05-29,D077,29.0,0
2026-05-29-D078,2026-05-29,D078,14.0,0
2026-05-29-D079,2026-05-29,D079,17.2,0
2026-05-29-D080,2026-05-29,D080,32.4,0
2026-05-29-D081,2026-05-29,D081,35.4,1
2026-05-29-D082,2026-05-29,D082,28.7,0
2026-05-29-D083,2026-05-29,D083,54.6,0
2026-05-29-D084,2026-05-29,D084,26.6,0
2026-05-29-D085,2026-05-29,D085,9.2,0
2026-05-29-D086,2026-05-29,D086,73.1,1
2026-05-29-D087,2026-05-29,D087,18.1,0
2026-05-29-D088,2026-05-29,D088,34.4,0
2026-05-29-D089,2026-05-29,D089,66.5,1
2026-05-29-D090,2026-05-29,D090,84.0,1
2026-05-30-D001,2026-05-30,D001,43.5,0
2026-05-30-D002,2026-05-30,D002,51.9,0
2026-05-30-D003,2026-05-30,D003,53.9,1
2026-05-30-D004,2026-05-30,D004,49.1,0
2026-05-30-D005,2026-05-30,D005,27.0,0
2026-05-30-D006,2026-05-30,D006,29.1,0
2026-05-30-D007,2026-05-30,D007,11.4,0
2026-05-30-D008,2026-05-30,D008,24.4,0
2026-05-30-D009,2026-05-30,D009,52.6,1
2026-05-30-D010,2026-05-30,D010,64.8,0
2026-05-30-D011,2026-05-30,D011,75.4,0
2026-05-30-D012,2026-05-30,D012,5.7,0
2026-05-30-D013,2026-05-30,D013,63.8,0
2026-05-30-D014,2026-05-30,D014,69.1,0
2026-05-30-D015,2026-05-30,D015,7.4,0
2026-05-30-D016,2026-05-30,D016,28.5,0
2026-05-30-D017,2026-05-30,D017,20.4,0
2026-05-30-D018,2026-05-30,D018,55.1,0
2026-05-30-D019,2026-05-30,D019,63.3,0
2026-05-30-D020,2026-05-30,D020,9.6,0
2026-05-30-D021,2026-05-30,D021,43.7,1
2026-05-30-D022,2026-05-30,D022,50.4,0
2026-05-30-D023,2026-05-30,D023,34.0,0
2026-05-30-D024,2026-05-30,D024,18.2,0
2026-05-30-D025,2026-05-30,D025,40.4,0
2026-05-30-D026,2026-05-30,D026,33.4,0
2026-05-30-D027,2026-05-30,D027,26.6,0
2026-05-30-D028,2026-05-30,D028,66.3,0
2026-05-30-D029,2026-05-30,D029,16.4,0
2026-05-30-D030,2026-05-30,D030,32.4,0
2026-05-30-D031,2026-05-30,D031,29.7,0
2026-05-30-D032,2026-05-30,D032,22.1,0
2026-05-30-D033,2026-05-30,D033,22.5,1
2026-05-30-D034,2026-05-30,D034,39.7,0
2026-05-30-D035,2026-05-30,D035,28.9,0
2026-05-30-D036,2026-05-30,D036,40.0,0
2026-05-30-D037,2026-05-30,D037,9.8,0
2026-05-30-D038,2026-05-30,D038,3.3,0
2026-05-30-D039,2026-05-30,D039,16.6,0
2026-05-30-D040,2026-05-30,D040,55.4,0
2026-05-30-D041,2026-05-30,D041,82.5,1
2026-05-30-D042,2026-05-30,D042,44.7,0
2026-05-30-D043,2026-05-30,D043,84.0,0
2026-05-30-D044,2026-05-30,D044,48.9,0
2026-05-30-D045,2026-05-30,D045,29.0,0
2026-05-30-D046,2026-05-30,D046,76.2,0
2026-05-30-D047,2026-05-30,D047,91.2,1
2026-05-30-D048,2026-05-30,D048,4.6,0
2026-05-30-D049,2026-05-30,D049,39.2,0
2026-05-30-D050,2026-05-30,D050,68.1,0
2026-05-30-D051,2026-05-30,D051,52.9,0
2026-05-30-D052,2026-05-30,D052,44.7,0
2026-05-30-D053,2026-05-30,D053,45.0,0
2026-05-30-D054,2026-05-30,D054,0.1,0
2026-05-30-D055,2026-05-30,D055,23.1,0
2026-05-30-D056,2026-05-30,D056,25.6,0
2026-05-30-D057,2026-05-30,D057,15.8,0
2026-05-30-D058,2026-05-30,D058,25.9,0
2026-05-30-D059,2026-05-30,D059,25.7,0
2026-05-30-D060,2026-05-30,D060,31.2,0
2026-05-30-D061,2026-05-30,D061,36.4,0
2026-05-30-D062,2026-05-30,D062,21.2,0
2026-05-30-D063,2026-05-30,D063,22.1,0
2026-05-30-D064,2026-05-30,D064,45.1,0
2026-05-30-D065,2026-05-30,D065,75.7,0
2026-05-30-D066,2026-05-30,D066,57.3,0
2026-05-30-D067,2026-05-30,D067,27.7,0
2026-05-30-D068,2026-05-30,D068,72.2,0
2026-05-30-D069,2026-05-30,D069,20.9,0
2026-05-30-D070,2026-05-30,D070,77.2,0
2026-05-30-D071,2026-05-30,D071,43.7,0
2026-05-30-D072,2026-05-30,D072,3.2,0
2026-05-30-D073,2026-05-30,D073,29.2,0
2026-05-30-D074,2026-05-30,D074,59.0,0
2026-05-30-D075,2026-05-30,D075,69.9,1
2026-05-30-D076,2026-05-30,D076,64.5,0
2026-05-30-D077,2026-05-30,D077,35.1,0
2026-05-30-D078,2026-05-30,D078,3.9,0
2026-05-30-D079,2026-05-30,D079,75.4,0
2026-05-30-D080,2026-05-30,D080,85.5,1
2026-05-30-D081,2026-05-30,D081,80.2,0
2026-05-30-D082,2026-05-30,D082,66.9,1
2026-05-30-D083,2026-05-30,D083,69.8,1
2026-05-30-D084,2026-05-30,D084,1.5,0
2026-05-30-D085,2026-05-30,D085,48.4,0
2026-05-30-D086,2026-05-30,D086,49.9,0
2026-05-30-D087,2026-05-30,D087,31.4,0
2026-05-30-D088,2026-05-30,D088,36.6,0
2026-05-30-D089,2026-05-30,D089,39.3,0
2026-05-30-D090,2026-05-30,D090,43.8,0
2026-05-31-D001,2026-05-31,D001,83.9,1
2026-05-31-D002,2026-05-31,D002,40.8,0
2026-05-31-D003,2026-05-31,D003,60.0,0
2026-05-31-D004,2026-05-31,D004,14.7,0
2026-05-31-D005,2026-05-31,D005,62.2,0
2026-05-31-D006,2026-05-31,D006,69.7,0
2026-05-31-D007,2026-05-31,D007,28.7,0
2026-05-31-D008,2026-05-31,D008,71.7,0
2026-05-31-D009,2026-05-31,D009,7.8,0
2026-05-31-D010,2026-05-31,D010,14.9,0
2026-05-31-D011,2026-05-31,D011,64.9,1
2026-05-31-D012,2026-05-31,D012,14.0,0
2026-05-31-D013,2026-05-31,D013,36.4,0
2026-05-31-D014,2026-05-31,D014,29.1,0
2026-05-31-D015,2026-05-31,D015,50.5,0
2026-05-31-D016,2026-05-31,D016,50.9,0
2026-05-31-D017,2026-05-31,D017,65.6,0
2026-05-31-D018,2026-05-31,D018,34.6,0
2026-05-31-D019,2026-05-31,D019,23.7,0
2026-05-31-D020,2026-05-31,D020,46.2,0
2026-05-31-D021,2026-05-31,D021,22.2,0
2026-05-31-D022,2026-05-31,D022,46.0,0
2026-05-31-D023,2026-05-31,D023,76.5,0
2026-05-31-D024,2026-05-31,D024,13.3,0
2026-05-31-D025,2026-05-31,D025,43.4,0
2026-05-31-D026,2026-05-31,D026,69.3,0
2026-05-31-D027,2026-05-31,D027,44.1,0
2026-05-31-D028,2026-05-31,D028,48.1,0
2026-05-31-D029,2026-05-31,D029,13.3,0
2026-05-31-D030,2026-05-31,D030,17.7,0
2026-05-31-D031,2026-05-31,D031,54.1,0
2026-05-31-D032,2026-05-31,D032,33.6,0
2026-05-31-D033,2026-05-31,D033,16.8,0
2026-05-31-D034,2026-05-31,D034,47.8,1
2026-05-31-D035,2026-05-31,D035,49.1,0
2026-05-31-D036,2026-05-31,D036,87.2,1
2026-05-31-D037,2026-05-31,D037,55.3,0
2026-05-31-D038,2026-05-31,D038,62.9,0
2026-05-31-D039,2026-05-31,D039,15.6,0
2026-05-31-D040,2026-05-31,D040,21.0,0
2026-05-31-D041,2026-05-31,D041,50.3,0
2026-05-31-D042,2026-05-31,D042,0,0
2026-05-31-D043,2026-05-31,D043,51.2,0
2026-05-31-D044,2026-05-31,D044,38.2,0
2026-05-31-D045,2026-05-31,D045,9.9,0
2026-05-31-D046,2026-05-31,D046,62.3,0
2026-05-31-D047,2026-05-31,D047,4.9,0
2026-05-31-D048,2026-05-31,D048,38.2,0
2026-05-31-D049,2026-05-31,D049,8.3,0
2026-05-31-D050,2026-05-31,D050,74.5,0
2026-05-31-D051,2026-05-31,D051,36.9,0
2026-05-31-D052,2026-05-31,D052,30.4,0
2026-05-31-D053,2026-05-31,D053,47.7,0
2026-05-31-D054,2026-05-31,D054,21.6,0
2026-05-31-D055,2026-05-31,D055,30.1,0
2026-05-31-D056,2026-05-31,D056,61.8,0
2026-05-31-D057,2026-05-31,D057,45.9,0
2026-05-31-D058,2026-05-31,D058,32.1,1
2026-05-31-D059,2026-05-31,D059,55.8,0
2026-05-31-D060,2026-05-31,D060,20.2,0
2026-05-31-D061,2026-05-31,D061,46.1,0
2026-05-31-D062,2026-05-31,D062,30.1,0
2026-05-31-D063,2026-05-31,D063,80.6,1
2026-05-31-D064,2026-05-31,D064,55.7,0
2026-05-31-D065,2026-05-31,D065,28.0,0
2026-05-31-D066,2026-05-31,D066,48.4,0
2026-05-31-D067,2026-05-31,D067,63.5,0
2026-05-31-D068,2026-05-31,D068,76.9,0
2026-05-31-D069,2026-05-31,D069,43.7,0
2026-05-31-D070,2026-05-31,D070,70.6,0
2026-05-31-D071,2026-05-31,D071,20.4,0
2026-05-31-D072,2026-05-31,D072,43.8,1
2026-05-31-D073,2026-05-31,D073,55.2,0
2026-05-31-D074,2026-05-31,D074,47.1,0
2026-05-31-D075,2026-05-31,D075,8.8,0
2026-05-31-D076,2026-05-31,D076,30.5,0
2026-05-31-D077,2026-05-31,D077,22.0,0
2026-05-31-D078,2026-05-31,D078,72.6,0
2026-05-31-D079,2026-05-31,D079,29.5,0
2026-05-31-D080,2026-05-31,D080,72.0,1
2026-05-31-D081,2026-05-31,D081,29.7,0
2026-05-31-D082,2026-05-31,D082,58.0,0
2026-05-31-D083,2026-05-31,D083,75.0,0
2026-05-31-D084,2026-05-31,D084,24.8,0
2026-05-31-D085,2026-05-31,D085,26.4,0
2026-05-31-D086,2026-05-31,D086,57.9,0
2026-05-31-D087,2026-05-31,D087,51.1,0
2026-05-31-D088,2026-05-31,D088,71.1,0
2026-05-31-D089,2026-05-31,D089,81.6,0
2026-05-31-D090,2026-05-31,D090,19.1,0
2026-06-01-D001,2026-06-01,D001,64.9,0
2026-06-01-D002,2026-06-01,D002,31.9,0
2026-06-01-D003,2026-06-01,D003,26.2,0
2026-06-01-D004,2026-06-01,D004,56.8,0
2026-06-01-D005,2026-06-01,D005,77.1,1
2026-06-01-D006,2026-06-01,D006,25.3,0
2026-06-01-D007,2026-06-01,D007,36.9,0
2026-06-01-D008,2026-06-01,D008,35.0,0
2026-06-01-D009,2026-06-01,D009,5.3,0
2026-06-01-D010,2026-06-01,D010,75.6,1
2026-06-01-D011,2026-06-01,D011,75.4,0
2026-06-01-D012,2026-06-01,D012,66.4,0
2026-06-01-D013,2026-06-01,D013,83.4,0
2026-06-01-D014,2026-06-01,D014,14.8,0
2026-06-01-D015,2026-06-01,D015,26.2,0
2026-06-01-D016,2026-06-01,D016,77.1,1
2026-06-01-D017,2026-06-01,D017,8.6,0
2026-06-01-D018,2026-06-01,D018,44.4,0
2026-06-01-D019,2026-06-01,D019,22.1,0
2026-06-01-D020,2026-06-01,D020,48.2,0
2026-06-01-D021,2026-06-01,D021,42.3,0
2026-06-01-D022,2026-06-01,D022,59.6,1
2026-06-01-D023,2026-06-01,D023,74.0,0
2026-06-01-D024,2026-06-01,D024,38.4,0
2026-06-01-D025,2026-06-01,D025,18.2,0
2026-06-01-D026,2026-06-01,D026,21.0,0
2026-06-01-D027,2026-06-01,D027,21.5,0
2026-06-01-D028,2026-06-01,D028,16.9,0
2026-06-01-D029,2026-06-01,D029,14.3,0
2026-06-01-D030,2026-06-01,D030,89.3,1
2026-06-01-D031,2026-06-01,D031,30.5,0
2026-06-01-D032,2026-06-01,D032,64.6,0
2026-06-01-D033,2026-06-01,D033,31.9,0
2026-06-01-D034,2026-06-01,D034,27.2,0
2026-06-01-D035,2026-06-01,D035,31.7,0
2026-06-01-D036,2026-06-01,D036,56.8,0
2026-06-01-D037,2026-06-01,D037,39.0,0
2026-06-01-D038,2026-06-01,D038,37.2,0
2026-06-01-D039,2026-06-01,D039,73.5,0
2026-06-01-D040,2026-06-01,D040,89.1,1
2026-06-01-D041,2026-06-01,D041,70.5,1
2026-06-01-D042,2026-06-01,D042,70.8,1
2026-06-01-D043,2026-06-01,D043,30.0,0
2026-06-01-D044,2026-06-01,D044,48.6,1
2026-06-01-D045,2026-06-01,D045,28.2,0
2026-06-01-D046,2026-06-01,D046,11.4,0
2026-06-01-D047,2026-06-01,D047,15.4,0
2026-06-01-D048,2026-06-01,D048,44.7,0
2026-06-01-D049,2026-06-01,D049,32.9,0
2026-06-01-D050,2026-06-01,D050,53.4,0
2026-06-01-D051,2026-06-01,D051,40.3,0
2026-06-01-D052,2026-06-01,D052,93.3,1
2026-06-01-D053,2026-06-01,D053,65.5,0
2026-06-01-D054,2026-06-01,D054,7.8,0
2026-06-01-D055,2026-06-01,D055,33.0,0
2026-06-01-D056,2026-06-01,D056,36.6,1
2026-06-01-D057,2026-06-01,D057,28.1,0
2026-06-01-D058,2026-06-01,D058,57.5,0
2026-06-01-D059,2026-06-01,D059,75.9,0
2026-06-01-D060,2026-06-01,D060,13.2,0
2026-06-01-D061,2026-06-01,D061,17.3,0
2026-06-01-D062,2026-06-01,D062,34.1,0
2026-06-01-D063,2026-06-01,D063,66.5,1
2026-06-01-D064,2026-06-01,D064,11.9,0
2026-06-01-D065,2026-06-01,D065,57.7,0
2026-06-01-D066,2026-06-01,D066,19.9,0
2026-06-01-D067,2026-06-01,D067,40.4,0
2026-06-01-D068,2026-06-01,D068,26.0,0
2026-06-01-D069,2026-06-01,D069,33.2,0
2026-06-01-D070,2026-06-01,D070,19.8,0
2026-06-01-D071,2026-06-01,D071,6.8,0
2026-06-01-D072,2026-06-01,D072,12.3,0
2026-06-01-D073,2026-06-01,D073,64.2,1
2026-06-01-D074,2026-06-01,D074,88.2,1
2026-06-01-D075,2026-06-01,D075,53.8,0
2026-06-01-D076,2026-06-01,D076,57.2,0
2026-06-01-D077,2026-06-01,D077,26.2,0
2026-06-01-D078,2026-06-01,D078,6.3,0
2026-06-01-D079,2026-06-01,D079,27.4,0
2026-06-01-D080,2026-06-01,D080,13.7,0
2026-06-01-D081,2026-06-01,D081,68.1,1
2026-06-01-D082,2026-06-01,D082,63.3,0
2026-06-01-D083,2026-06-01,D083,17.8,0
2026-06-01-D084,2026-06-01,D084,28.4,0
2026-06-01-D085,2026-06-01,D085,40.2,0
2026-06-01-D086,2026-06-01,D086,26.1,0
2026-06-01-D087,2026-06-01,D087,77.1,0
2026-06-01-D088,2026-06-01,D088,47.6,0
2026-06-01-D089,2026-06-01,D089,65.1,1
2026-06-01-D090,2026-06-01,D090,17.5,0
2026-06-02-D001,2026-06-02,D001,56.9,0
2026-06-02-D002,2026-06-02,D002,20.1,0
2026-06-02-D003,2026-06-02,D003,20.1,0
2026-06-02-D004,2026-06-02,D004,48.1,0
2026-06-02-D005,2026-06-02,D005,17.1,0
2026-06-02-D006,2026-06-02,D006,46.9,1
2026-06-02-D007,2026-06-02,D007,66.0,0
2026-06-02-D008,2026-06-02,D008,38.1,0
2026-06-02-D009,2026-06-02,D009,51.3,0
2026-06-02-D010,2026-06-02,D010,34.5,0
2026-06-02-D011,2026-06-02,D011,50.3,0
2026-06-02-D012,2026-06-02,D012,0,0
2026-06-02-D013,2026-06-02,D013,67.6,0
2026-06-02-D014,2026-06-02,D014,20.4,0
2026-06-02-D015,2026-06-02,D015,50.1,0
2026-06-02-D016,2026-06-02,D016,44.9,0
2026-06-02-D017,2026-06-02,D017,74.2,1
2026-06-02-D018,2026-06-02,D018,9.2,0
2026-06-02-D019,2026-06-02,D019,50.9,0
2026-06-02-D020,2026-06-02,D020,29.2,0
2026-06-02-D021,2026-06-02,D021,73.0,1
2026-06-02-D022,2026-06-02,D022,23.5,0
2026-06-02-D023,2026-06-02,D023,12.7,0
2026-06-02-D024,2026-06-02,D024,69.0,1
2026-06-02-D025,2026-06-02,D025,72.4,0
2026-06-02-D026,2026-06-02,D026,43.3,0
2026-06-02-D027,2026-06-02,D027,42.9,0
2026-06-02-D028,2026-06-02,D028,37.5,0
2026-06-02-D029,2026-06-02,D029,54.9,0
2026-06-02-D030,2026-06-02,D030,6.6,0
2026-06-02-D031,2026-06-02,D031,41.0,0
2026-06-02-D032,2026-06-02,D032,21.6,0
2026-06-02-D033,2026-06-02,D033,23.5,0
2026-06-02-D034,2026-06-02,D034,65.0,0
2026-06-02-D035,2026-06-02,D035,47.2,0
2026-06-02-D036,2026-06-02,D036,70.2,1
2026-06-02-D037,2026-06-02,D037,29.1,0
2026-06-02-D038,2026-06-02,D038,85.7,1
2026-06-02-D039,2026-06-02,D039,36.6,0
2026-06-02-D040,2026-06-02,D040,16.8,0
2026-06-02-D041,2026-06-02,D041,84.8,1
2026-06-02-D042,2026-06-02,D042,63.6,0
2026-06-02-D043,2026-06-02,D043,28.0,0
2026-06-02-D044,2026-06-02,D044,42.4,0
2026-06-02-D045,2026-06-02,D045,28.8,0
2026-06-02-D046,2026-06-02,D046,79.9,0
2026-06-02-D047,2026-06-02,D047,2.1,0
2026-06-02-D048,2026-06-02,D048,85.2,1
2026-06-02-D049,2026-06-02,D049,27.5,0
2026-06-02-D050,2026-06-02,D050,28.8,0
2026-06-02-D051,2026-06-02,D051,11.3,0
2026-06-02-D052,2026-06-02,D052,15.2,0
2026-06-02-D053,2026-06-02,D053,40.6,0
2026-06-02-D054,2026-06-02,D054,25.6,0
2026-06-02-D055,2026-06-02,D055,33.5,0
2026-06-02-D056,2026-06-02,D056,25.6,0
2026-06-02-D057,2026-06-02,D057,42.9,0
2026-06-02-D058,2026-06-02,D058,42.6,0
2026-06-02-D059,2026-06-02,D059,24.5,0
2026-06-02-D060,2026-06-02,D060,6.9,0
2026-06-02-D061,2026-06-02,D061,70.5,0
2026-06-02-D062,2026-06-02,D062,52.9,0
2026-06-02-D063,2026-06-02,D063,28.5,0
2026-06-02-D064,2026-06-02,D064,34.9,0
2026-06-02-D065,2026-06-02,D065,23.7,0
2026-06-02-D066,2026-06-02,D066,37.4,0
2026-06-02-D067,2026-06-02,D067,35.6,0
2026-06-02-D068,2026-06-02,D068,59.5,0
2026-06-02-D069,2026-06-02,D069,37.2,0
2026-06-02-D070,2026-06-02,D070,27.0,0
2026-06-02-D071,2026-06-02,D071,11.3,0
2026-06-02-D072,2026-06-02,D072,74.0,1
2026-06-02-D073,2026-06-02,D073,53.5,0
2026-06-02-D074,2026-06-02,D074,36.3,0
2026-06-02-D075,2026-06-02,D075,74.6,0
2026-06-02-D076,2026-06-02,D076,6.1,0
2026-06-02-D077,2026-06-02,D077,17.8,0
2026-06-02-D078,2026-06-02,D078,35.7,0
2026-06-02-D079,2026-06-02,D079,12.2,0
2026-06-02-D080,2026-06-02,D080,72.7,1
2026-06-02-D081,2026-06-02,D081,34.6,0
2026-06-02-D082,2026-06-02,D082,21.2,0
2026-06-02-D083,2026-06-02,D083,69.9,0
2026-06-02-D084,2026-06-02,D084,68.5,1
2026-06-02-D085,2026-06-02,D085,42.2,0
2026-06-02-D086,2026-06-02,D086,49.9,0
2026-06-02-D087,2026-06-02,D087,34.4,0
2026-06-02-D088,2026-06-02,D088,63.0,0
2026-06-02-D089,2026-06-02,D089,70.4,0
2026-06-02-D090,2026-06-02,D090,13.0,0
2026-06-03-D001,2026-06-03,D001,67.1,0
2026-06-03-D002,2026-06-03,D002,65.2,0
2026-06-03-D003,2026-06-03,D003,50.4,0
2026-06-03-D004,2026-06-03,D004,67.1,1
2026-06-03-D005,2026-06-03,D005,22.6,0
2026-06-03-D006,2026-06-03,D006,43.0,0
2026-06-03-D007,2026-06-03,D007,81.3,0
2026-06-03-D008,2026-06-03,D008,43.8,0
2026-06-03-D009,2026-06-03,D009,61.8,1
2026-06-03-D010,2026-06-03,D010,65.3,0
2026-06-03-D011,2026-06-03,D011,60.5,1
2026-06-03-D012,2026-06-03,D012,22.3,0
2026-06-03-D013,2026-06-03,D013,10.8,0
2026-06-03-D014,2026-06-03,D014,62.5,0
2026-06-03-D015,2026-06-03,D015,24.7,0
2026-06-03-D016,2026-06-03,D016,45.7,0
2026-06-03-D017,2026-06-03,D017,28.8,0
2026-06-03-D018,2026-06-03,D018,18.6,0
2026-06-03-D019,2026-06-03,D019,39.9,0
2026-06-03-D020,2026-06-03,D020,24.3,0
2026-06-03-D021,2026-06-03,D021,4.9,0
2026-06-03-D022,2026-06-03,D022,24.4,0
2026-06-03-D023,2026-06-03,D023,22.6,0
2026-06-03-D024,2026-06-03,D024,14.9,0
2026-06-03-D025,2026-06-03,D025,18.5,0
2026-06-03-D026,2026-06-03,D026,42.8,0
2026-06-03-D027,2026-06-03,D027,6.7,0
2026-06-03-D028,2026-06-03,D028,82.7,1
2026-06-03-D029,2026-06-03,D029,67.9,0
2026-06-03-D030,2026-06-03,D030,52.2,1
2026-06-03-D031,2026-06-03,D031,65.4,0
2026-06-03-D032,2026-06-03,D032,46.8,0
2026-06-03-D033,2026-06-03,D033,26.7,0
2026-06-03-D034,2026-06-03,D034,53.7,0
2026-06-03-D035,2026-06-03,D035,42.0,0
2026-06-03-D036,2026-06-03,D036,42.4,0
2026-06-03-D037,2026-06-03,D037,23.5,0
2026-06-03-D038,2026-06-03,D038,65.2,1
2026-06-03-D039,2026-06-03,D039,77.7,1
2026-06-03-D040,2026-06-03,D040,54.4,0
2026-06-03-D041,2026-06-03,D041,25.5,0
2026-06-03-D042,2026-06-03,D042,47.5,0
2026-06-03-D043,2026-06-03,D043,19.2,0
2026-06-03-D044,2026-06-03,D044,27.8,0
2026-06-03-D045,2026-06-03,D045,54.8,0
2026-06-03-D046,2026-06-03,D046,32.1,0
2026-06-03-D047,2026-06-03,D047,32.7,0
2026-06-03-D048,2026-06-03,D048,31.0,0
2026-06-03-D049,2026-06-03,D049,14.9,0
2026-06-03-D050,2026-06-03,D050,42.4,0
2026-06-03-D051,2026-06-03,D051,22.2,0
2026-06-03-D052,2026-06-03,D052,71.3,0
2026-06-03-D053,2026-06-03,D053,70.2,0
2026-06-03-D054,2026-06-03,D054,55.9,0
2026-06-03-D055,2026-06-03,D055,81.3,0
2026-06-03-D056,2026-06-03,D056,78.7,0
2026-06-03-D057,2026-06-03,D057,69.3,0
2026-06-03-D058,2026-06-03,D058,31.5,0
2026-06-03-D059,2026-06-03,D059,22.7,0
2026-06-03-D060,2026-06-03,D060,47.3,0
2026-06-03-D061,2026-06-03,D061,69.3,0
2026-06-03-D062,2026-06-03,D062,55.3,0
2026-06-03-D063,2026-06-03,D063,56.1,1
2026-06-03-D064,2026-06-03,D064,61.8,0
2026-06-03-D065,2026-06-03,D065,27.5,0
2026-06-03-D066,2026-06-03,D066,72.0,0
2026-06-03-D067,2026-06-03,D067,65.9,0
2026-06-03-D068,2026-06-03,D068,94.9,1
2026-06-03-D069,2026-06-03,D069,7.5,0
2026-06-03-D070,2026-06-03,D070,42.6,0
2026-06-03-D071,2026-06-03,D071,64.7,0
2026-06-03-D072,2026-06-03,D072,78.9,1
2026-06-03-D073,2026-06-03,D073,16.4,0
2026-06-03-D074,2026-06-03,D074,67.0,0
2026-06-03-D075,2026-06-03,D075,47.4,0
2026-06-03-D076,2026-06-03,D076,37.2,0
2026-06-03-D077,2026-06-03,D077,52.1,0
2026-06-03-D078,2026-06-03,D078,5.9,0
2026-06-03-D079,2026-06-03,D079,54.3,0
2026-06-03-D080,2026-06-03,D080,82.1,0
2026-06-03-D081,2026-06-03,D081,65.6,0
2026-06-03-D082,2026-06-03,D082,61.3,0
2026-06-03-D083,2026-06-03,D083,16.2,0
2026-06-03-D084,2026-06-03,D084,50.0,0
2026-06-03-D085,2026-06-03,D085,41.5,0
2026-06-03-D086,2026-06-03,D086,47.0,0
2026-06-03-D087,2026-06-03,D087,58.8,0
2026-06-03-D088,2026-06-03,D088,61.4,0
2026-06-03-D089,2026-06-03,D089,20.2,0
2026-06-03-D090,2026-06-03,D090,23.7,0
2026-06-04-D001,2026-06-04,D001,88.5,0
2026-06-04-D002,2026-06-04,D002,77.4,1
2026-06-04-D003,2026-06-04,D003,37.6,0
2026-06-04-D004,2026-06-04,D004,51.9,0
2026-06-04-D005,2026-06-04,D005,56.5,0
2026-06-04-D006,2026-06-04,D006,64.2,0
2026-06-04-D007,2026-06-04,D007,77.5,0
2026-06-04-D008,2026-06-04,D008,13.1,0
2026-06-04-D009,2026-06-04,D009,51.3,1
2026-06-04-D010,2026-06-04,D010,79.8,0
2026-06-04-D011,2026-06-04,D011,44.7,0
2026-06-04-D012,2026-06-04,D012,23.2,0
2026-06-04-D013,2026-06-04,D013,54.6,0
2026-06-04-D014,2026-06-04,D014,36.4,0
2026-06-04-D015,2026-06-04,D015,30.5,0
2026-06-04-D016,2026-06-04,D016,72.7,0
2026-06-04-D017,2026-06-04,D017,30.2,0
2026-06-04-D018,2026-06-04,D018,53.3,1
2026-06-04-D019,2026-06-04,D019,54.8,0
2026-06-04-D020,2026-06-04,D020,60.8,0
2026-06-04-D021,2026-06-04,D021,73.6,1
2026-06-04-D022,2026-06-04,D022,56.3,0
2026-06-04-D023,2026-06-04,D023,42.6,1
2026-06-04-D024,2026-06-04,D024,22.1,0
2026-06-04-D025,2026-06-04,D025,83.2,0
2026-06-04-D026,2026-06-04,D026,3.4,0
2026-06-04-D027,2026-06-04,D027,56.9,0
2026-06-04-D028,2026-06-04,D028,43.0,1
2026-06-04-D029,2026-06-04,D029,47.1,0
2026-06-04-D030,2026-06-04,D030,60.2,0
2026-06-04-D031,2026-06-04,D031,42.7,0
2026-06-04-D032,2026-06-04,D032,32.3,0
2026-06-04-D033,2026-06-04,D033,19.8,0
2026-06-04-D034,2026-06-04,D034,17.1,0
2026-06-04-D035,2026-06-04,D035,13.6,0
2026-06-04-D036,2026-06-04,D036,55.4,0
2026-06-04-D037,2026-06-04,D037,72.4,0
2026-06-04-D038,2026-06-04,D038,15.5,0
2026-06-04-D039,2026-06-04,D039,51.5,0
2026-06-04-D040,2026-06-04,D040,25.0,0
2026-06-04-D041,2026-06-04,D041,19.7,0
2026-06-04-D042,2026-06-04,D042,59.5,1
2026-06-04-D043,2026-06-04,D043,50.4,0
2026-06-04-D044,2026-06-04,D044,7.2,0
2026-06-04-D045,2026-06-04,D045,66.6,1
2026-06-04-D046,2026-06-04,D046,38.9,0
2026-06-04-D047,2026-06-04,D047,68.7,1
2026-06-04-D048,2026-06-04,D048,68.1,1
2026-06-04-D049,2026-06-04,D049,19.6,0
2026-06-04-D050,2026-06-04,D050,4.1,0
2026-06-04-D051,2026-06-04,D051,42.7,0
2026-06-04-D052,2026-06-04,D052,49.4,0
2026-06-04-D053,2026-06-04,D053,60.1,0
2026-06-04-D054,2026-06-04,D054,74.1,1
2026-06-04-D055,2026-06-04,D055,34.1,0
2026-06-04-D056,2026-06-04,D056,59.1,0
2026-06-04-D057,2026-06-04,D057,63.1,1
2026-06-04-D058,2026-06-04,D058,29.4,0
2026-06-04-D059,2026-06-04,D059,44.5,0
2026-06-04-D060,2026-06-04,D060,13.1,0
2026-06-04-D061,2026-06-04,D061,51.6,0
2026-06-04-D062,2026-06-04,D062,55.4,0
2026-06-04-D063,2026-06-04,D063,43.1,0
2026-06-04-D064,2026-06-04,D064,34.0,0
2026-06-04-D065,2026-06-04,D065,20.4,0
2026-06-04-D066,2026-06-04,D066,24.2,0
2026-06-04-D067,2026-06-04,D067,84.4,0
2026-06-04-D068,2026-06-04,D068,30.8,0
2026-06-04-D069,2026-06-04,D069,24.3,0
2026-06-04-D070,2026-06-04,D070,29.5,0
2026-06-04-D071,2026-06-04,D071,75.1,0
2026-06-04-D072,2026-06-04,D072,42.7,0
2026-06-04-D073,2026-06-04,D073,40.8,0
2026-06-04-D074,2026-06-04,D074,20.3,0
2026-06-04-D075,2026-06-04,D075,50.6,0
2026-06-04-D076,2026-06-04,D076,75.7,0
2026-06-04-D077,2026-06-04,D077,68.6,0
2026-06-04-D078,2026-06-04,D078,22.0,0
2026-06-04-D079,2026-06-04,D079,25.2,0
2026-06-04-D080,2026-06-04,D080,28.7,0
2026-06-04-D081,2026-06-04,D081,84.2,1
2026-06-04-D082,2026-06-04,D082,61.1,0
2026-06-04-D083,2026-06-04,D083,24.8,0
2026-06-04-D084,2026-06-04,D084,55.2,0
2026-06-04-D085,2026-06-04,D085,24.2,0
2026-06-04-D086,2026-06-04,D086,19.9,0
2026-06-04-D087,2026-06-04,D087,39.7,1
2026-06-04-D088,2026-06-04,D088,19.4,0
2026-06-04-D089,2026-06-04,D089,9.2,0
2026-06-04-D090,2026-06-04,D090,2.4,0
2026-06-05-D001,2026-06-05,D001,29.2,0
2026-06-05-D002,2026-06-05,D002,81.4,0
2026-06-05-D003,2026-06-05,D003,14.6,0
2026-06-05-D004,2026-06-05,D004,29.0,0
2026-06-05-D005,2026-06-05,D005,23.2,0
2026-06-05-D006,2026-06-05,D006,20.8,0
2026-06-05-D007,2026-06-05,D007,36.6,0
2026-06-05-D008,2026-06-05,D008,67.2,1
2026-06-05-D009,2026-06-05,D009,54.1,1
2026-06-05-D010,2026-06-05,D010,50.9,0
2026-06-05-D011,2026-06-05,D011,49.6,0
2026-06-05-D012,2026-06-05,D012,15.9,0
2026-06-05-D013,2026-06-05,D013,47.4,0
2026-06-05-D014,2026-06-05,D014,56.6,0
2026-06-05-D015,2026-06-05,D015,15.0,0
2026-06-05-D016,2026-06-05,D016,41.2,0
2026-06-05-D017,2026-06-05,D017,7.9,0
2026-06-05-D018,2026-06-05,D018,26.3,0
2026-06-05-D019,2026-06-05,D019,45.3,0
2026-06-05-D020,2026-06-05,D020,17.6,0
2026-06-05-D021,2026-06-05,D021,25.9,0
2026-06-05-D022,2026-06-05,D022,22.8,0
2026-06-05-D023,2026-06-05,D023,87.4,1
2026-06-05-D024,2026-06-05,D024,11.9,0
2026-06-05-D025,2026-06-05,D025,44.8,0
2026-06-05-D026,2026-06-05,D026,77.1,0
2026-06-05-D027,2026-06-05,D027,8.4,0
2026-06-05-D028,2026-06-05,D028,12.4,0
2026-06-05-D029,2026-06-05,D029,64.6,0
2026-06-05-D030,2026-06-05,D030,19.5,0
2026-06-05-D031,2026-06-05,D031,83.5,1
2026-06-05-D032,2026-06-05,D032,64.4,1
2026-06-05-D033,2026-06-05,D033,34.2,0
2026-06-05-D034,2026-06-05,D034,35.0,0
2026-06-05-D035,2026-06-05,D035,42.9,0
2026-06-05-D036,2026-06-05,D036,4.1,0
2026-06-05-D037,2026-06-05,D037,9.1,0
2026-06-05-D038,2026-06-05,D038,55.7,0
2026-06-05-D039,2026-06-05,D039,53.4,1
2026-06-05-D040,2026-06-05,D040,49.3,0
2026-06-05-D041,2026-06-05,D041,37.7,0
2026-06-05-D042,2026-06-05,D042,16.4,0
2026-06-05-D043,2026-06-05,D043,69.6,0
2026-06-05-D044,2026-06-05,D044,33.7,0
2026-06-05-D045,2026-06-05,D045,38.9,0
2026-06-05-D046,2026-06-05,D046,35.4,0
2026-06-05-D047,2026-06-05,D047,55.5,0
2026-06-05-D048,2026-06-05,D048,28.0,0
2026-06-05-D049,2026-06-05,D049,68.2,0
2026-06-05-D050,2026-06-05,D050,31.4,0
2026-06-05-D051,2026-06-05,D051,36.2,0
2026-06-05-D052,2026-06-05,D052,81.3,1
2026-06-05-D053,2026-06-05,D053,27.8,0
2026-06-05-D054,2026-06-05,D054,54.9,0
2026-06-05-D055,2026-06-05,D055,50.6,0
2026-06-05-D056,2026-06-05,D056,30.9,0
2026-06-05-D057,2026-06-05,D057,63.3,0
2026-06-05-D058,2026-06-05,D058,48.4,0
2026-06-05-D059,2026-06-05,D059,42.7,0
2026-06-05-D060,2026-06-05,D060,20.6,0
2026-06-05-D061,2026-06-05,D061,35.2,0
2026-06-05-D062,2026-06-05,D062,44.6,0
2026-06-05-D063,2026-06-05,D063,38.3,0
2026-06-05-D064,2026-06-05,D064,31.6,0
2026-06-05-D065,2026-06-05,D065,42.8,0
2026-06-05-D066,2026-06-05,D066,13.1,0
2026-06-05-D067,2026-06-05,D067,64.1,0
2026-06-05-D068,2026-06-05,D068,13.5,0
2026-06-05-D069,2026-06-05,D069,3.9,0
2026-06-05-D070,2026-06-05,D070,39.1,0
2026-06-05-D071,2026-06-05,D071,18.6,0
2026-06-05-D072,2026-06-05,D072,31.4,0
2026-06-05-D073,2026-06-05,D073,43.0,0
2026-06-05-D074,2026-06-05,D074,22.9,0
2026-06-05-D075,2026-06-05,D075,8.6,0
2026-06-05-D076,2026-06-05,D076,78.0,0
2026-06-05-D077,2026-06-05,D077,49.6,0
2026-06-05-D078,2026-06-05,D078,14.1,0
2026-06-05-D079,2026-06-05,D079,18.8,0
2026-06-05-D080,2026-06-05,D080,9.3,0
2026-06-05-D081,2026-06-05,D081,33.1,0
2026-06-05-D082,2026-06-05,D082,43.0,0
2026-06-05-D083,2026-06-05,D083,20.9,0
2026-06-05-D084,2026-06-05,D084,46.5,0
2026-06-05-D085,2026-06-05,D085,75.1,0
2026-06-05-D086,2026-06-05,D086,28.0,0
2026-06-05-D087,2026-06-05,D087,15.2,0
2026-06-05-D088,2026-06-05,D088,80.1,0
2026-06-05-D089,2026-06-05,D089,9.9,0
2026-06-05-D090,2026-06-05,D090,33.4,0
2026-06-06-D001,2026-06-06,D001,35.5,0
2026-06-06-D002,2026-06-06,D002,24.0,0
2026-06-06-D003,2026-06-06,D003,32.4,0
2026-06-06-D004,2026-06-06,D004,22.6,0
2026-06-06-D005,2026-06-06,D005,33.2,0
2026-06-06-D006,2026-06-06,D006,19.1,0
2026-06-06-D007,2026-06-06,D007,71.9,0
2026-06-06-D008,2026-06-06,D008,62.0,0
2026-06-06-D009,2026-06-06,D009,19.9,0
2026-06-06-D010,2026-06-06,D010,79.4,0
2026-06-06-D011,2026-06-06,D011,39.6,0
2026-06-06-D012,2026-06-06,D012,14.2,0
2026-06-06-D013,2026-06-06,D013,67.4,0
2026-06-06-D014,2026-06-06,D014,30.9,0
2026-06-06-D015,2026-06-06,D015,62.0,0
2026-06-06-D016,2026-06-06,D016,43.9,0
2026-06-06-D017,2026-06-06,D017,18.8,0
2026-06-06-D018,2026-06-06,D018,66.8,0
2026-06-06-D019,2026-06-06,D019,33.6,0
2026-06-06-D020,2026-06-06,D020,81.3,0
2026-06-06-D021,2026-06-06,D021,25.8,0
2026-06-06-D022,2026-06-06,D022,51.5,0
2026-06-06-D023,2026-06-06,D023,47.5,0
2026-06-06-D024,2026-06-06,D024,42.9,0
2026-06-06-D025,2026-06-06,D025,34.5,0
2026-06-06-D026,2026-06-06,D026,48.8,0
2026-06-06-D027,2026-06-06,D027,26.8,0
2026-06-06-D028,2026-06-06,D028,39.8,0
2026-06-06-D029,2026-06-06,D029,60.2,0
2026-06-06-D030,2026-06-06,D030,13.6,0
2026-06-06-D031,2026-06-06,D031,45.9,0
2026-06-06-D032,2026-06-06,D032,30.9,0
2026-06-06-D033,2026-06-06,D033,14.3,0
2026-06-06-D034,2026-06-06,D034,33.1,0
2026-06-06-D035,2026-06-06,D035,46.9,0
2026-06-06-D036,2026-06-06,D036,3.1,0
2026-06-06-D037,2026-06-06,D037,40.4,0
2026-06-06-D038,2026-06-06,D038,19.3,0
2026-06-06-D039,2026-06-06,D039,80.3,0
2026-06-06-D040,2026-06-06,D040,28.4,0
2026-06-06-D041,2026-06-06,D041,41.3,0
2026-06-06-D042,2026-06-06,D042,20.3,0
2026-06-06-D043,2026-06-06,D043,24.7,0
2026-06-06-D044,2026-06-06,D044,16.4,0
2026-06-06-D045,2026-06-06,D045,47.8,0
2026-06-06-D046,2026-06-06,D046,36.1,0
2026-06-06-D047,2026-06-06,D047,86.3,0
2026-06-06-D048,2026-06-06,D048,28.3,0
2026-06-06-D049,2026-06-06,D049,78.7,0
2026-06-06-D050,2026-06-06,D050,11.4,0
2026-06-06-D051,2026-06-06,D051,35.6,0
2026-06-06-D052,2026-06-06,D052,57.7,0
2026-06-06-D053,2026-06-06,D053,23.4,0
2026-06-06-D054,2026-06-06,D054,45.0,0
2026-06-06-D055,2026-06-06,D055,23.1,0
2026-06-06-D056,2026-06-06,D056,31.4,1
2026-06-06-D057,2026-06-06,D057,25.2,0
2026-06-06-D058,2026-06-06,D058,43.8,0
2026-06-06-D059,2026-06-06,D059,27.5,0
2026-06-06-D060,2026-06-06,D060,23.6,0
2026-06-06-D061,2026-06-06,D061,51.1,0
2026-06-06-D062,2026-06-06,D062,18.3,0
2026-06-06-D063,2026-06-06,D063,2.2,0
2026-06-06-D064,2026-06-06,D064,50.2,0
2026-06-06-D065,2026-06-06,D065,40.1,0
2026-06-06-D066,2026-06-06,D066,11.7,0
2026-06-06-D067,2026-06-06,D067,45.6,0
2026-06-06-D068,2026-06-06,D068,48.9,0
2026-06-06-D069,2026-06-06,D069,14.2,0
2026-06-06-D070,2026-06-06,D070,37.5,0
2026-06-06-D071,2026-06-06,D071,19.4,0
2026-06-06-D072,2026-06-06,D072,23.6,0
2026-06-06-D073,2026-06-06,D073,88.1,1
2026-06-06-D074,2026-06-06,D074,70.1,0
2026-06-06-D075,2026-06-06,D075,44.1,0
2026-06-06-D076,2026-06-06,D076,81.5,0
2026-06-06-D077,2026-06-06,D077,25.5,0
2026-06-06-D078,2026-06-06,D078,34.8,0
2026-06-06-D079,2026-06-06,D079,58.8,0
2026-06-06-D080,2026-06-06,D080,62.8,0
2026-06-06-D081,2026-06-06,D081,0,0
2026-06-06-D082,2026-06-06,D082,25.1,0
2026-06-06-D083,2026-06-06,D083,85.4,0
2026-06-06-D084,2026-06-06,D084,28.8,0
2026-06-06-D085,2026-06-06,D085,50.6,0
2026-06-06-D086,2026-06-06,D086,15.7,0
2026-06-06-D087,2026-06-06,D087,47.1,0
2026-06-06-D088,2026-06-06,D088,28.9,0
2026-06-06-D089,2026-06-06,D089,17.3,0
2026-06-06-D090,2026-06-06,D090,58.1,0
2026-06-07-D001,2026-06-07,D001,45.0,0
2026-06-07-D002,2026-06-07,D002,32.4,0
2026-06-07-D003,2026-06-07,D003,0.7,0
2026-06-07-D004,2026-06-07,D004,73.2,1
2026-06-07-D005,2026-06-07,D005,29.3,0
2026-06-07-D006,2026-06-07,D006,7.4,0
2026-06-07-D007,2026-06-07,D007,44.7,0
2026-06-07-D008,2026-06-07,D008,26.9,0
2026-06-07-D009,2026-06-07,D009,25.7,1
2026-06-07-D010,2026-06-07,D010,35.8,0
2026-06-07-D011,2026-06-07,D011,44.4,0
2026-06-07-D012,2026-06-07,D012,51.0,0
2026-06-07-D013,2026-06-07,D013,41.8,0
2026-06-07-D014,2026-06-07,D014,29.8,0
2026-06-07-D015,2026-06-07,D015,16.9,0
2026-06-07-D016,2026-06-07,D016,13.3,0
2026-06-07-D017,2026-06-07,D017,33.2,0
2026-06-07-D018,2026-06-07,D018,71.6,0
2026-06-07-D019,2026-06-07,D019,69.9,1
2026-06-07-D020,2026-06-07,D020,42.1,0
2026-06-07-D021,2026-06-07,D021,4.9,0
2026-06-07-D022,2026-06-07,D022,24.6,0
2026-06-07-D023,2026-06-07,D023,56.4,0
2026-06-07-D024,2026-06-07,D024,61.0,0
2026-06-07-D025,2026-06-07,D025,33.8,0
2026-06-07-D026,2026-06-07,D026,48.9,1
2026-06-07-D027,2026-06-07,D027,62.5,0
2026-06-07-D028,2026-06-07,D028,20.9,0
2026-06-07-D029,2026-06-07,D029,47.6,0
2026-06-07-D030,2026-06-07,D030,72.7,0
2026-06-07-D031,2026-06-07,D031,41.9,0
2026-06-07-D032,2026-06-07,D032,22.4,0
2026-06-07-D033,2026-06-07,D033,56.3,0
2026-06-07-D034,2026-06-07,D034,47.5,0
2026-06-07-D035,2026-06-07,D035,21.2,0
2026-06-07-D036,2026-06-07,D036,5.9,0
2026-06-07-D037,2026-06-07,D037,25.8,0
2026-06-07-D038,2026-06-07,D038,63.1,0
2026-06-07-D039,2026-06-07,D039,30.1,0
2026-06-07-D040,2026-06-07,D040,19.1,0
2026-06-07-D041,2026-06-07,D041,20.3,0
2026-06-07-D042,2026-06-07,D042,56.1,0
2026-06-07-D043,2026-06-07,D043,13.4,0
2026-06-07-D044,2026-06-07,D044,27.5,0
2026-06-07-D045,2026-06-07,D045,58.1,0
2026-06-07-D046,2026-06-07,D046,51.6,0
2026-06-07-D047,2026-06-07,D047,42.7,0
2026-06-07-D048,2026-06-07,D048,34.7,0
2026-06-07-D049,2026-06-07,D049,23.9,0
2026-06-07-D050,2026-06-07,D050,51.4,0
2026-06-07-D051,2026-06-07,D051,54.2,0
2026-06-07-D052,2026-06-07,D052,36.6,0
2026-06-07-D053,2026-06-07,D053,23.4,0
2026-06-07-D054,2026-06-07,D054,68.5,1
2026-06-07-D055,2026-06-07,D055,83.6,0
2026-06-07-D056,2026-06-07,D056,77.8,0
2026-06-07-D057,2026-06-07,D057,8.4,0
2026-06-07-D058,2026-06-07,D058,32.1,0
2026-06-07-D059,2026-06-07,D059,49.4,0
2026-06-07-D060,2026-06-07,D060,59.9,0
2026-06-07-D061,2026-06-07,D061,56.9,0
2026-06-07-D062,2026-06-07,D062,66.1,0
2026-06-07-D063,2026-06-07,D063,27.5,0
2026-06-07-D064,2026-06-07,D064,10.5,0
2026-06-07-D065,2026-06-07,D065,81.3,1
2026-06-07-D066,2026-06-07,D066,65.6,0
2026-06-07-D067,2026-06-07,D067,49.9,0
2026-06-07-D068,2026-06-07,D068,68.4,0
2026-06-07-D069,2026-06-07,D069,31.0,0
2026-06-07-D070,2026-06-07,D070,60.3,0
2026-06-07-D071,2026-06-07,D071,10.7,0
2026-06-07-D072,2026-06-07,D072,13.8,0
2026-06-07-D073,2026-06-07,D073,15.4,0
2026-06-07-D074,2026-06-07,D074,22.6,0
2026-06-07-D075,2026-06-07,D075,86.1,1
2026-06-07-D076,2026-06-07,D076,74.8,0
2026-06-07-D077,2026-06-07,D077,87.4,0
2026-06-07-D078,2026-06-07,D078,0,0
2026-06-07-D079,2026-06-07,D079,82.0,0
2026-06-07-D080,2026-06-07,D080,54.4,1
2026-06-07-D081,2026-06-07,D081,31.4,0
2026-06-07-D082,2026-06-07,D082,36.4,0
2026-06-07-D083,2026-06-07,D083,0.8,0
2026-06-07-D084,2026-06-07,D084,7.7,0
2026-06-07-D085,2026-06-07,D085,24.1,0
2026-06-07-D086,2026-06-07,D086,35.4,0
2026-06-07-D087,2026-06-07,D087,54.0,0
2026-06-07-D088,2026-06-07,D088,33.9,0
2026-06-07-D089,2026-06-07,D089,72.4,1
2026-06-07-D090,2026-06-07,D090,16.2,0
2026-06-08-D001,2026-06-08,D001,79.7,0
2026-06-08-D002,2026-06-08,D002,14.0,0
2026-06-08-D003,2026-06-08,D003,71.7,0
2026-06-08-D004,2026-06-08,D004,39.1,0
2026-06-08-D005,2026-06-08,D005,56.2,0
2026-06-08-D006,2026-06-08,D006,59.6,0
2026-06-08-D007,2026-06-08,D007,93.3,1
2026-06-08-D008,2026-06-08,D008,67.3,1
2026-06-08-D009,2026-06-08,D009,14.5,0
2026-06-08-D010,2026-06-08,D010,41.9,0
2026-06-08-D011,2026-06-08,D011,63.9,0
2026-06-08-D012,2026-06-08,D012,13.9,0
2026-06-08-D013,2026-06-08,D013,30.9,0
2026-06-08-D014,2026-06-08,D014,29.1,1
2026-06-08-D015,2026-06-08,D015,1.2,0
2026-06-08-D016,2026-06-08,D016,20.2,0
2026-06-08-D017,2026-06-08,D017,17.7,0
2026-06-08-D018,2026-06-08,D018,56.2,0
2026-06-08-D019,2026-06-08,D019,48.4,0
2026-06-08-D020,2026-06-08,D020,20.6,0
2026-06-08-D021,2026-06-08,D021,47.3,1
2026-06-08-D022,2026-06-08,D022,20.7,0
2026-06-08-D023,2026-06-08,D023,39.8,0
2026-06-08-D024,2026-06-08,D024,31.4,0
2026-06-08-D025,2026-06-08,D025,58.5,1
2026-06-08-D026,2026-06-08,D026,43.6,0
2026-06-08-D027,2026-06-08,D027,9.7,0
2026-06-08-D028,2026-06-08,D028,51.6,0
2026-06-08-D029,2026-06-08,D029,55.5,1
2026-06-08-D030,2026-06-08,D030,26.9,0
2026-06-08-D031,2026-06-08,D031,26.2,0
2026-06-08-D032,2026-06-08,D032,65.6,0
2026-06-08-D033,2026-06-08,D033,74.9,1
2026-06-08-D034,2026-06-08,D034,61.4,1
2026-06-08-D035,2026-06-08,D035,61.5,0
2026-06-08-D036,2026-06-08,D036,25.1,0
2026-06-08-D037,2026-06-08,D037,40.9,0
2026-06-08-D038,2026-06-08,D038,78.0,1
2026-06-08-D039,2026-06-08,D039,39.9,0
2026-06-08-D040,2026-06-08,D040,28.9,0
2026-06-08-D041,2026-06-08,D041,12.9,0
2026-06-08-D042,2026-06-08,D042,81.9,0
2026-06-08-D043,2026-06-08,D043,20.0,0
2026-06-08-D044,2026-06-08,D044,44.8,0
2026-06-08-D045,2026-06-08,D045,56.3,1
2026-06-08-D046,2026-06-08,D046,22.8,0
2026-06-08-D047,2026-06-08,D047,42.4,0
2026-06-08-D048,2026-06-08,D048,49.8,0
2026-06-08-D049,2026-06-08,D049,8.4,0
2026-06-08-D050,2026-06-08,D050,7.4,0
2026-06-08-D051,2026-06-08,D051,22.2,0
2026-06-08-D052,2026-06-08,D052,78.6,1
2026-06-08-D053,2026-06-08,D053,17.1,0
2026-06-08-D054,2026-06-08,D054,21.1,0
2026-06-08-D055,2026-06-08,D055,13.2,0
2026-06-08-D056,2026-06-08,D056,47.5,0
2026-06-08-D057,2026-06-08,D057,56.5,1
2026-06-08-D058,2026-06-08,D058,64.2,0
2026-06-08-D059,2026-06-08,D059,24.8,0
2026-06-08-D060,2026-06-08,D060,44.1,0
2026-06-08-D061,2026-06-08,D061,22.4,0
2026-06-08-D062,2026-06-08,D062,31.2,0
2026-06-08-D063,2026-06-08,D063,53.3,0
2026-06-08-D064,2026-06-08,D064,74.1,0
2026-06-08-D065,2026-06-08,D065,44.3,0
2026-06-08-D066,2026-06-08,D066,34.4,0
2026-06-08-D067,2026-06-08,D067,76.0,1
2026-06-08-D068,2026-06-08,D068,47.8,0
2026-06-08-D069,2026-06-08,D069,15.6,0
2026-06-08-D070,2026-06-08,D070,20.3,0
2026-06-08-D071,2026-06-08,D071,23.7,0
2026-06-08-D072,2026-06-08,D072,56.6,0
2026-06-08-D073,2026-06-08,D073,58.7,0
2026-06-08-D074,2026-06-08,D074,6.8,0
2026-06-08-D075,2026-06-08,D075,10.5,0
2026-06-08-D076,2026-06-08,D076,63.2,0
2026-06-08-D077,2026-06-08,D077,58.0,1
2026-06-08-D078,2026-06-08,D078,5.4,0
2026-06-08-D079,2026-06-08,D079,29.4,0
2026-06-08-D080,2026-06-08,D080,22.7,0
2026-06-08-D081,2026-06-08,D081,40.0,0
2026-06-08-D082,2026-06-08,D082,46.5,0
2026-06-08-D083,2026-06-08,D083,58.5,0
2026-06-08-D084,2026-06-08,D084,51.5,1
2026-06-08-D085,2026-06-08,D085,20.4,0
2026-06-08-D086,2026-06-08,D086,53.7,0
2026-06-08-D087,2026-06-08,D087,16.7,0
2026-06-08-D088,2026-06-08,D088,43.5,0
2026-06-08-D089,2026-06-08,D089,71.4,0
2026-06-08-D090,2026-06-08,D090,55.5,0
2026-06-09-D001,2026-06-09,D001,48.8,1
2026-06-09-D002,2026-06-09,D002,22.1,0
2026-06-09-D003,2026-06-09,D003,11.4,0
2026-06-09-D004,2026-06-09,D004,25.6,0
2026-06-09-D005,2026-06-09,D005,21.1,0
2026-06-09-D006,2026-06-09,D006,59.1,1
2026-06-09-D007,2026-06-09,D007,22.4,0
2026-06-09-D008,2026-06-09,D008,53.6,1
2026-06-09-D009,2026-06-09,D009,16.4,0
2026-06-09-D010,2026-06-09,D010,40.5,0
2026-06-09-D011,2026-06-09,D011,37.6,0
2026-06-09-D012,2026-06-09,D012,34.7,0
2026-06-09-D013,2026-06-09,D013,30.2,0
2026-06-09-D014,2026-06-09,D014,73.3,0
2026-06-09-D015,2026-06-09,D015,32.8,0
2026-06-09-D016,2026-06-09,D016,74.9,1
2026-06-09-D017,2026-06-09,D017,27.7,0
2026-06-09-D018,2026-06-09,D018,48.8,0
2026-06-09-D019,2026-06-09,D019,81.5,0
2026-06-09-D020,2026-06-09,D020,59.2,0
2026-06-09-D021,2026-06-09,D021,17.8,0
2026-06-09-D022,2026-06-09,D022,27.4,0
2026-06-09-D023,2026-06-09,D023,10.0,0
2026-06-09-D024,2026-06-09,D024,26.8,0
2026-06-09-D025,2026-06-09,D025,58.9,0
2026-06-09-D026,2026-06-09,D026,84.5,0
2026-06-09-D027,2026-06-09,D027,17.5,0
2026-06-09-D028,2026-06-09,D028,26.9,0
2026-06-09-D029,2026-06-09,D029,6.0,0
2026-06-09-D030,2026-06-09,D030,13.8,0
2026-06-09-D031,2026-06-09,D031,35.9,0
2026-06-09-D032,2026-06-09,D032,32.9,0
2026-06-09-D033,2026-06-09,D033,55.3,0
2026-06-09-D034,2026-06-09,D034,22.7,0
2026-06-09-D035,2026-06-09,D035,19.3,0
2026-06-09-D036,2026-06-09,D036,65.2,0
2026-06-09-D037,2026-06-09,D037,74.5,0
2026-06-09-D038,2026-06-09,D038,58.2,0
2026-06-09-D039,2026-06-09,D039,35.9,0
2026-06-09-D040,2026-06-09,D040,59.0,0
2026-06-09-D041,2026-06-09,D041,58.9,0
2026-06-09-D042,2026-06-09,D042,51.8,1
2026-06-09-D043,2026-06-09,D043,51.5,0
2026-06-09-D044,2026-06-09,D044,66.4,0
2026-06-09-D045,2026-06-09,D045,31.5,0
2026-06-09-D046,2026-06-09,D046,76.6,0
2026-06-09-D047,2026-06-09,D047,64.1,0
2026-06-09-D048,2026-06-09,D048,38.2,0
2026-06-09-D049,2026-06-09,D049,91.8,0
2026-06-09-D050,2026-06-09,D050,28.0,0
2026-06-09-D051,2026-06-09,D051,76.9,0
2026-06-09-D052,2026-06-09,D052,25.7,0
2026-06-09-D053,2026-06-09,D053,21.5,0
2026-06-09-D054,2026-06-09,D054,13.5,0
2026-06-09-D055,2026-06-09,D055,31.6,0
2026-06-09-D056,2026-06-09,D056,51.8,0
2026-06-09-D057,2026-06-09,D057,24.3,0
2026-06-09-D058,2026-06-09,D058,49.2,0
2026-06-09-D059,2026-06-09,D059,49.6,0
2026-06-09-D060,2026-06-09,D060,69.9,0
2026-06-09-D061,2026-06-09,D061,27.5,0
2026-06-09-D062,2026-06-09,D062,36.5,0
2026-06-09-D063,2026-06-09,D063,31.0,1
2026-06-09-D064,2026-06-09,D064,50.0,0
2026-06-09-D065,2026-06-09,D065,55.6,0
2026-06-09-D066,2026-06-09,D066,44.7,0
2026-06-09-D067,2026-06-09,D067,64.2,0
2026-06-09-D068,2026-06-09,D068,76.3,1
2026-06-09-D069,2026-06-09,D069,42.4,0
2026-06-09-D070,2026-06-09,D070,48.6,0
2026-06-09-D071,2026-06-09,D071,62.7,1
2026-06-09-D072,2026-06-09,D072,40.0,0
2026-06-09-D073,2026-06-09,D073,14.1,0
2026-06-09-D074,2026-06-09,D074,48.7,1
2026-06-09-D075,2026-06-09,D075,55.9,0
2026-06-09-D076,2026-06-09,D076,29.9,0
2026-06-09-D077,2026-06-09,D077,10.6,0
2026-06-09-D078,2026-06-09,D078,31.5,0
2026-06-09-D079,2026-06-09,D079,41.3,0
2026-06-09-D080,2026-06-09,D080,28.7,0
2026-06-09-D081,2026-06-09,D081,22.6,0
2026-06-09-D082,2026-06-09,D082,56.3,0
2026-06-09-D083,2026-06-09,D083,44.3,0
2026-06-09-D084,2026-06-09,D084,64.7,0
2026-06-09-D085,2026-06-09,D085,54.6,0
2026-06-09-D086,2026-06-09,D086,42.8,0
2026-06-09-D087,2026-06-09,D087,14.3,0
2026-06-09-D088,2026-06-09,D088,52.8,0
2026-06-09-D089,2026-06-09,D089,25.9,0
2026-06-09-D090,2026-06-09,D090,19.6,0
2026-06-10-D001,2026-06-10,D001,72.7,1
2026-06-10-D002,2026-06-10,D002,21.7,0
2026-06-10-D003,2026-06-10,D003,5.7,0
2026-06-10-D004,2026-06-10,D004,58.6,0
2026-06-10-D005,2026-06-10,D005,28.6,0
2026-06-10-D006,2026-06-10,D006,58.8,0
2026-06-10-D007,2026-06-10,D007,40.3,0
2026-06-10-D008,2026-06-10,D008,27.2,0
2026-06-10-D009,2026-06-10,D009,19.9,0
2026-06-10-D010,2026-06-10,D010,79.1,0
2026-06-10-D011,2026-06-10,D011,40.6,0
2026-06-10-D012,2026-06-10,D012,28.4,0
2026-06-10-D013,2026-06-10,D013,31.6,0
2026-06-10-D014,2026-06-10,D014,32.5,0
2026-06-10-D015,2026-06-10,D015,6.3,0
2026-06-10-D016,2026-06-10,D016,39.7,0
2026-06-10-D017,2026-06-10,D017,54.9,0
2026-06-10-D018,2026-06-10,D018,57.5,0
2026-06-10-D019,2026-06-10,D019,60.9,0
2026-06-10-D020,2026-06-10,D020,20.6,0
2026-06-10-D021,2026-06-10,D021,63.5,0
2026-06-10-D022,2026-06-10,D022,17.9,0
2026-06-10-D023,2026-06-10,D023,69.2,0
2026-06-10-D024,2026-06-10,D024,29.9,0
2026-06-10-D025,2026-06-10,D025,30.5,0
2026-06-10-D026,2026-06-10,D026,44.4,0
2026-06-10-D027,2026-06-10,D027,11.0,0
2026-06-10-D028,2026-06-10,D028,23.0,0
2026-06-10-D029,2026-06-10,D029,10.8,0
2026-06-10-D030,2026-06-10,D030,39.5,0
2026-06-10-D031,2026-06-10,D031,85.5,0
2026-06-10-D032,2026-06-10,D032,32.8,0
2026-06-10-D033,2026-06-10,D033,2.2,0
2026-06-10-D034,2026-06-10,D034,9.6,0
2026-06-10-D035,2026-06-10,D035,67.8,0
2026-06-10-D036,2026-06-10,D036,37.9,0
2026-06-10-D037,2026-06-10,D037,42.1,0
2026-06-10-D038,2026-06-10,D038,73.3,1
2026-06-10-D039,2026-06-10,D039,8.9,0
2026-06-10-D040,2026-06-10,D040,51.4,0
2026-06-10-D041,2026-06-10,D041,25.4,1
2026-06-10-D042,2026-06-10,D042,65.6,0
2026-06-10-D043,2026-06-10,D043,27.4,0
2026-06-10-D044,2026-06-10,D044,48.9,0
2026-06-10-D045,2026-06-10,D045,44.5,0
2026-06-10-D046,2026-06-10,D046,36.9,0
2026-06-10-D047,2026-06-10,D047,3.5,0
2026-06-10-D048,2026-06-10,D048,60.5,0
2026-06-10-D049,2026-06-10,D049,21.0,0
2026-06-10-D050,2026-06-10,D050,80.7,0
2026-06-10-D051,2026-06-10,D051,7.3,0
2026-06-10-D052,2026-06-10,D052,73.6,1
2026-06-10-D053,2026-06-10,D053,31.6,0
2026-06-10-D054,2026-06-10,D054,33.0,0
2026-06-10-D055,2026-06-10,D055,52.9,0
2026-06-10-D056,2026-06-10,D056,54.2,0
2026-06-10-D057,2026-06-10,D057,2.3,0
2026-06-10-D058,2026-06-10,D058,77.5,0
2026-06-10-D059,2026-06-10,D059,55.2,0
2026-06-10-D060,2026-06-10,D060,70.2,1
2026-06-10-D061,2026-06-10,D061,48.2,0
2026-06-10-D062,2026-06-10,D062,52.0,0
2026-06-10-D063,2026-06-10,D063,13.0,0
2026-06-10-D064,2026-06-10,D064,54.2,0
2026-06-10-D065,2026-06-10,D065,27.6,0
2026-06-10-D066,2026-06-10,D066,20.1,0
2026-06-10-D067,2026-06-10,D067,33.3,0
2026-06-10-D068,2026-06-10,D068,32.4,0
2026-06-10-D069,2026-06-10,D069,14.5,0
2026-06-10-D070,2026-06-10,D070,81.4,0
2026-06-10-D071,2026-06-10,D071,51.8,0
2026-06-10-D072,2026-06-10,D072,13.3,0
2026-06-10-D073,2026-06-10,D073,84.7,1
2026-06-10-D074,2026-06-10,D074,16.6,0
2026-06-10-D075,2026-06-10,D075,53.6,1
2026-06-10-D076,2026-06-10,D076,39.2,0
2026-06-10-D077,2026-06-10,D077,13.1,0
2026-06-10-D078,2026-06-10,D078,35.2,0
2026-06-10-D079,2026-06-10,D079,33.3,0
2026-06-10-D080,2026-06-10,D080,13.9,0
2026-06-10-D081,2026-06-10,D081,43.9,0
2026-06-10-D082,2026-06-10,D082,77.2,0
2026-06-10-D083,2026-06-10,D083,37.1,0
2026-06-10-D084,2026-06-10,D084,11.6,0
2026-06-10-D085,2026-06-10,D085,58.9,0
2026-06-10-D086,2026-06-10,D086,21.2,0
2026-06-10-D087,2026-06-10,D087,34.1,0
2026-06-10-D088,2026-06-10,D088,14.7,0
2026-06-10-D089,2026-06-10,D089,39.0,0
2026-06-10-D090,2026-06-10,D090,54.0,0
2026-06-11-D001,2026-06-11,D001,33.8,0
2026-06-11-D002,2026-06-11,D002,19.4,0
2026-06-11-D003,2026-06-11,D003,49.7,0
2026-06-11-D004,2026-06-11,D004,22.5,0
2026-06-11-D005,2026-06-11,D005,61.3,0
2026-06-11-D006,2026-06-11,D006,45.5,0
2026-06-11-D007,2026-06-11,D007,14.8,0
2026-06-11-D008,2026-06-11,D008,69.3,0
2026-06-11-D009,2026-06-11,D009,75.5,1
2026-06-11-D010,2026-06-11,D010,26.8,0
2026-06-11-D011,2026-06-11,D011,92.9,1
2026-06-11-D012,2026-06-11,D012,64.5,1
2026-06-11-D013,2026-06-11,D013,73.9,0
2026-06-11-D014,2026-06-11,D014,61.7,0
2026-06-11-D015,2026-06-11,D015,7.8,0
2026-06-11-D016,2026-06-11,D016,22.9,0
2026-06-11-D017,2026-06-11,D017,18.1,0
2026-06-11-D018,2026-06-11,D018,73.2,0
2026-06-11-D019,2026-06-11,D019,23.8,0
2026-06-11-D020,2026-06-11,D020,58.3,0
2026-06-11-D021,2026-06-11,D021,8.7,0
2026-06-11-D022,2026-06-11,D022,18.1,0
2026-06-11-D023,2026-06-11,D023,59.5,0
2026-06-11-D024,2026-06-11,D024,15.7,0
2026-06-11-D025,2026-06-11,D025,56.3,0
2026-06-11-D026,2026-06-11,D026,7.4,0
2026-06-11-D027,2026-06-11,D027,14.4,0
2026-06-11-D028,2026-06-11,D028,37.7,0
2026-06-11-D029,2026-06-11,D029,32.7,0
2026-06-11-D030,2026-06-11,D030,38.5,1
2026-06-11-D031,2026-06-11,D031,58.8,0
2026-06-11-D032,2026-06-11,D032,11.2,0
2026-06-11-D033,2026-06-11,D033,49.6,1
2026-06-11-D034,2026-06-11,D034,10.0,0
2026-06-11-D035,2026-06-11,D035,55.6,1
2026-06-11-D036,2026-06-11,D036,56.2,0
2026-06-11-D037,2026-06-11,D037,64.3,0
2026-06-11-D038,2026-06-11,D038,47.2,0
2026-06-11-D039,2026-06-11,D039,13.6,0
2026-06-11-D040,2026-06-11,D040,18.6,0
2026-06-11-D041,2026-06-11,D041,20.5,0
2026-06-11-D042,2026-06-11,D042,21.3,0
2026-06-11-D043,2026-06-11,D043,94.9,1
2026-06-11-D044,2026-06-11,D044,94.4,1
2026-06-11-D045,2026-06-11,D045,59.6,0
2026-06-11-D046,2026-06-11,D046,77.4,0
2026-06-11-D047,2026-06-11,D047,72.7,0
2026-06-11-D048,2026-06-11,D048,35.1,0
2026-06-11-D049,2026-06-11,D049,59.8,0
2026-06-11-D050,2026-06-11,D050,27.9,0
2026-06-11-D051,2026-06-11,D051,40.2,0
2026-06-11-D052,2026-06-11,D052,36.3,0
2026-06-11-D053,2026-06-11,D053,54.8,0
2026-06-11-D054,2026-06-11,D054,27.1,0
2026-06-11-D055,2026-06-11,D055,85.3,0
2026-06-11-D056,2026-06-11,D056,14.4,0
2026-06-11-D057,2026-06-11,D057,37.1,1
2026-06-11-D058,2026-06-11,D058,87.0,1
2026-06-11-D059,2026-06-11,D059,12.1,0
2026-06-11-D060,2026-06-11,D060,22.2,0
2026-06-11-D061,2026-06-11,D061,52.5,0
2026-06-11-D062,2026-06-11,D062,48.9,0
2026-06-11-D063,2026-06-11,D063,24.5,0
2026-06-11-D064,2026-06-11,D064,25.4,0
2026-06-11-D065,2026-06-11,D065,42.6,0
2026-06-11-D066,2026-06-11,D066,16.8,0
2026-06-11-D067,2026-06-11,D067,63.2,0
2026-06-11-D068,2026-06-11,D068,15.8,0
2026-06-11-D069,2026-06-11,D069,39.8,0
2026-06-11-D070,2026-06-11,D070,30.3,0
2026-06-11-D071,2026-06-11,D071,16.4,0
2026-06-11-D072,2026-06-11,D072,54.1,0
2026-06-11-D073,2026-06-11,D073,74.7,0
2026-06-11-D074,2026-06-11,D074,38.6,0
2026-06-11-D075,2026-06-11,D075,23.7,0
2026-06-11-D076,2026-06-11,D076,32.4,0
2026-06-11-D077,2026-06-11,D077,22.7,0
2026-06-11-D078,2026-06-11,D078,6.8,0
2026-06-11-D079,2026-06-11,D079,61.7,0
2026-06-11-D080,2026-06-11,D080,12.5,0
2026-06-11-D081,2026-06-11,D081,13.7,0
2026-06-11-D082,2026-06-11,D082,15.1,0
2026-06-11-D083,2026-06-11,D083,42.0,1
2026-06-11-D084,2026-06-11,D084,73.0,0
2026-06-11-D085,2026-06-11,D085,29.2,0
2026-06-11-D086,2026-06-11,D086,69.0,1
2026-06-11-D087,2026-06-11,D087,61.1,0
2026-06-11-D088,2026-06-11,D088,81.6,1
2026-06-11-D089,2026-06-11,D089,33.8,0
2026-06-11-D090,2026-06-11,D090,25.0,0
2026-06-12-D001,2026-06-12,D001,36.0,0
2026-06-12-D002,2026-06-12,D002,21.6,0
2026-06-12-D003,2026-06-12,D003,11.9,0
2026-06-12-D004,2026-06-12,D004,73.2,1
2026-06-12-D005,2026-06-12,D005,78.1,1
2026-06-12-D006,2026-06-12,D006,45.2,0
2026-06-12-D007,2026-06-12,D007,83.1,1
2026-06-12-D008,2026-06-12,D008,53.5,0
2026-06-12-D009,2026-06-12,D009,54.6,0
2026-06-12-D010,2026-06-12,D010,41.0,0
2026-06-12-D011,2026-06-12,D011,40.7,0
2026-06-12-D012,2026-06-12,D012,12.0,0
2026-06-12-D013,2026-06-12,D013,41.3,0
2026-06-12-D014,2026-06-12,D014,25.9,0
2026-06-12-D015,2026-06-12,D015,18.1,0
2026-06-12-D016,2026-06-12,D016,14.1,0
2026-06-12-D017,2026-06-12,D017,10.6,0
2026-06-12-D018,2026-06-12,D018,32.9,0
2026-06-12-D019,2026-06-12,D019,28.6,0
2026-06-12-D020,2026-06-12,D020,22.1,0
2026-06-12-D021,2026-06-12,D021,37.4,0
2026-06-12-D022,2026-06-12,D022,73.5,0
2026-06-12-D023,2026-06-12,D023,25.5,0
2026-06-12-D024,2026-06-12,D024,51.5,1
2026-06-12-D025,2026-06-12,D025,51.1,0
2026-06-12-D026,2026-06-12,D026,10.4,0
2026-06-12-D027,2026-06-12,D027,52.8,1
2026-06-12-D028,2026-06-12,D028,64.2,0
2026-06-12-D029,2026-06-12,D029,35.5,0
2026-06-12-D030,2026-06-12,D030,5.3,0
2026-06-12-D031,2026-06-12,D031,25.2,0
2026-06-12-D032,2026-06-12,D032,37.7,0
2026-06-12-D033,2026-06-12,D033,53.5,1
2026-06-12-D034,2026-06-12,D034,48.8,0
2026-06-12-D035,2026-06-12,D035,42.9,0
2026-06-12-D036,2026-06-12,D036,16.3,0
2026-06-12-D037,2026-06-12,D037,42.0,0
2026-06-12-D038,2026-06-12,D038,40.2,1
2026-06-12-D039,2026-06-12,D039,45.8,0
2026-06-12-D040,2026-06-12,D040,49.1,0
2026-06-12-D041,2026-06-12,D041,42.2,0
2026-06-12-D042,2026-06-12,D042,9.0,0
2026-06-12-D043,2026-06-12,D043,28.9,0
2026-06-12-D044,2026-06-12,D044,80.4,1
2026-06-12-D045,2026-06-12,D045,44.3,0
2026-06-12-D046,2026-06-12,D046,52.3,0
2026-06-12-D047,2026-06-12,D047,74.3,1
2026-06-12-D048,2026-06-12,D048,3.6,0
2026-06-12-D049,2026-06-12,D049,16.1,0
2026-06-12-D050,2026-06-12,D050,55.0,0
2026-06-12-D051,2026-06-12,D051,44.9,1
2026-06-12-D052,2026-06-12,D052,58.1,0
2026-06-12-D053,2026-06-12,D053,44.5,0
2026-06-12-D054,2026-06-12,D054,17.2,0
2026-06-12-D055,2026-06-12,D055,40.5,0
2026-06-12-D056,2026-06-12,D056,36.0,0
2026-06-12-D057,2026-06-12,D057,24.0,0
2026-06-12-D058,2026-06-12,D058,76.6,1
2026-06-12-D059,2026-06-12,D059,54.8,0
2026-06-12-D060,2026-06-12,D060,13.5,0
2026-06-12-D061,2026-06-12,D061,72.0,0
2026-06-12-D062,2026-06-12,D062,42.4,0
2026-06-12-D063,2026-06-12,D063,47.5,1
2026-06-12-D064,2026-06-12,D064,21.6,0
2026-06-12-D065,2026-06-12,D065,34.3,0
2026-06-12-D066,2026-06-12,D066,36.7,0
2026-06-12-D067,2026-06-12,D067,49.8,0
2026-06-12-D068,2026-06-12,D068,33.1,0
2026-06-12-D069,2026-06-12,D069,57.1,0
2026-06-12-D070,2026-06-12,D070,43.5,0
2026-06-12-D071,2026-06-12,D071,17.7,0
2026-06-12-D072,2026-06-12,D072,11.6,0
2026-06-12-D073,2026-06-12,D073,25.1,0
2026-06-12-D074,2026-06-12,D074,73.2,1
2026-06-12-D075,2026-06-12,D075,65.5,1
2026-06-12-D076,2026-06-12,D076,24.2,0
2026-06-12-D077,2026-06-12,D077,52.5,0
2026-06-12-D078,2026-06-12,D078,26.7,0
2026-06-12-D079,2026-06-12,D079,85.9,0
2026-06-12-D080,2026-06-12,D080,22.9,0
2026-06-12-D081,2026-06-12,D081,30.7,1
2026-06-12-D082,2026-06-12,D082,22.1,0
2026-06-12-D083,2026-06-12,D083,47.3,0
2026-06-12-D084,2026-06-12,D084,48.6,1
2026-06-12-D085,2026-06-12,D085,61.3,0
2026-06-12-D086,2026-06-12,D086,23.8,0
2026-06-12-D087,2026-06-12,D087,53.6,1
2026-06-12-D088,2026-06-12,D088,59.7,0
2026-06-12-D089,2026-06-12,D089,37.9,1
2026-06-12-D090,2026-06-12,D090,77.2,1
2026-06-13-D001,2026-06-13,D001,31.4,0
2026-06-13-D002,2026-06-13,D002,49.8,0
2026-06-13-D003,2026-06-13,D003,45.6,0
2026-06-13-D004,2026-06-13,D004,56.5,0
2026-06-13-D005,2026-06-13,D005,26.8,0
2026-06-13-D006,2026-06-13,D006,22.5,0
2026-06-13-D007,2026-06-13,D007,77.7,0
2026-06-13-D008,2026-06-13,D008,39.5,0
2026-06-13-D009,2026-06-13,D009,19.8,0
2026-06-13-D010,2026-06-13,D010,20.5,0
2026-06-13-D011,2026-06-13,D011,47.7,0
2026-06-13-D012,2026-06-13,D012,77.7,0
2026-06-13-D013,2026-06-13,D013,12.1,0
2026-06-13-D014,2026-06-13,D014,39.9,0
2026-06-13-D015,2026-06-13,D015,65.8,0
2026-06-13-D016,2026-06-13,D016,27.6,0
2026-06-13-D017,2026-06-13,D017,82.0,1
2026-06-13-D018,2026-06-13,D018,70.4,1
2026-06-13-D019,2026-06-13,D019,68.5,0
2026-06-13-D020,2026-06-13,D020,66.4,0
2026-06-13-D021,2026-06-13,D021,62.6,0
2026-06-13-D022,2026-06-13,D022,37.2,0
2026-06-13-D023,2026-06-13,D023,48.2,0
2026-06-13-D024,2026-06-13,D024,51.6,0
2026-06-13-D025,2026-06-13,D025,26.0,0
2026-06-13-D026,2026-06-13,D026,5.3,0
2026-06-13-D027,2026-06-13,D027,25.2,0
2026-06-13-D028,2026-06-13,D028,57.5,0
2026-06-13-D029,2026-06-13,D029,70.0,0
2026-06-13-D030,2026-06-13,D030,27.2,0
2026-06-13-D031,2026-06-13,D031,68.5,0
2026-06-13-D032,2026-06-13,D032,17.3,0
2026-06-13-D033,2026-06-13,D033,92.1,1
2026-06-13-D034,2026-06-13,D034,61.1,0
2026-06-13-D035,2026-06-13,D035,30.4,0
2026-06-13-D036,2026-06-13,D036,20.7,0
2026-06-13-D037,2026-06-13,D037,30.4,0
2026-06-13-D038,2026-06-13,D038,57.2,0
2026-06-13-D039,2026-06-13,D039,38.2,0
2026-06-13-D040,2026-06-13,D040,64.7,0
2026-06-13-D041,2026-06-13,D041,38.6,0
2026-06-13-D042,2026-06-13,D042,40.6,0
2026-06-13-D043,2026-06-13,D043,17.8,0
2026-06-13-D044,2026-06-13,D044,41.0,0
2026-06-13-D045,2026-06-13,D045,75.5,1
2026-06-13-D046,2026-06-13,D046,59.3,0
2026-06-13-D047,2026-06-13,D047,54.2,0
2026-06-13-D048,2026-06-13,D048,31.0,0
2026-06-13-D049,2026-06-13,D049,21.0,0
2026-06-13-D050,2026-06-13,D050,15.0,0
2026-06-13-D051,2026-06-13,D051,2.4,0
2026-06-13-D052,2026-06-13,D052,54.5,0
2026-06-13-D053,2026-06-13,D053,38.1,0
2026-06-13-D054,2026-06-13,D054,20.2,0
2026-06-13-D055,2026-06-13,D055,74.2,0
2026-06-13-D056,2026-06-13,D056,36.3,0
2026-06-13-D057,2026-06-13,D057,10.0,0
2026-06-13-D058,2026-06-13,D058,48.6,0
2026-06-13-D059,2026-06-13,D059,34.8,0
2026-06-13-D060,2026-06-13,D060,70.1,0
2026-06-13-D061,2026-06-13,D061,47.3,0
2026-06-13-D062,2026-06-13,D062,27.9,0
2026-06-13-D063,2026-06-13,D063,27.4,0
2026-06-13-D064,2026-06-13,D064,22.2,0
2026-06-13-D065,2026-06-13,D065,19.3,0
2026-06-13-D066,2026-06-13,D066,4.1,0
2026-06-13-D067,2026-06-13,D067,24.7,0
2026-06-13-D068,2026-06-13,D068,39.8,0
2026-06-13-D069,2026-06-13,D069,46.8,0
2026-06-13-D070,2026-06-13,D070,39.7,0
2026-06-13-D071,2026-06-13,D071,22.0,0
2026-06-13-D072,2026-06-13,D072,16.8,0
2026-06-13-D073,2026-06-13,D073,44.1,0
2026-06-13-D074,2026-06-13,D074,43.4,0
2026-06-13-D075,2026-06-13,D075,59.6,1
2026-06-13-D076,2026-06-13,D076,47.1,0
2026-06-13-D077,2026-06-13,D077,19.0,0
2026-06-13-D078,2026-06-13,D078,16.3,0
2026-06-13-D079,2026-06-13,D079,84.3,0
2026-06-13-D080,2026-06-13,D080,28.7,0
2026-06-13-D081,2026-06-13,D081,48.3,0
2026-06-13-D082,2026-06-13,D082,32.3,0
2026-06-13-D083,2026-06-13,D083,15.8,0
2026-06-13-D084,2026-06-13,D084,31.3,0
2026-06-13-D085,2026-06-13,D085,11.0,0
2026-06-13-D086,2026-06-13,D086,40.3,0
2026-06-13-D087,2026-06-13,D087,0,0
2026-06-13-D088,2026-06-13,D088,20.0,0
2026-06-13-D089,2026-06-13,D089,26.9,0
2026-06-13-D090,2026-06-13,D090,16.2,0
2026-06-14-D001,2026-06-14,D001,15.3,0
2026-06-14-D002,2026-06-14,D002,21.6,0
2026-06-14-D003,2026-06-14,D003,36.8,1
2026-06-14-D004,2026-06-14,D004,51.3,1
2026-06-14-D005,2026-06-14,D005,31.6,0
2026-06-14-D006,2026-06-14,D006,43.9,0
2026-06-14-D007,2026-06-14,D007,18.7,0
2026-06-14-D008,2026-06-14,D008,35.8,0
2026-06-14-D009,2026-06-14,D009,14.4,0
2026-06-14-D010,2026-06-14,D010,15.3,0
2026-06-14-D011,2026-06-14,D011,49.5,0
2026-06-14-D012,2026-06-14,D012,20.3,0
2026-06-14-D013,2026-06-14,D013,56.5,0
2026-06-14-D014,2026-06-14,D014,62.3,1
2026-06-14-D015,2026-06-14,D015,35.6,0
2026-06-14-D016,2026-06-14,D016,17.8,0
2026-06-14-D017,2026-06-14,D017,64.2,0
2026-06-14-D018,2026-06-14,D018,13.0,0
2026-06-14-D019,2026-06-14,D019,30.3,0
2026-06-14-D020,2026-06-14,D020,32.2,0
2026-06-14-D021,2026-06-14,D021,81.2,0
2026-06-14-D022,2026-06-14,D022,25.1,0
2026-06-14-D023,2026-06-14,D023,70.8,1
2026-06-14-D024,2026-06-14,D024,22.0,0
2026-06-14-D025,2026-06-14,D025,42.6,0
2026-06-14-D026,2026-06-14,D026,20.5,0
2026-06-14-D027,2026-06-14,D027,38.2,0
2026-06-14-D028,2026-06-14,D028,47.3,0
2026-06-14-D029,2026-06-14,D029,41.0,0
2026-06-14-D030,2026-06-14,D030,39.1,0
2026-06-14-D031,2026-06-14,D031,53.4,0
2026-06-14-D032,2026-06-14,D032,73.3,1
2026-06-14-D033,2026-06-14,D033,58.7,1
2026-06-14-D034,2026-06-14,D034,25.9,0
2026-06-14-D035,2026-06-14,D035,2.1,0
2026-06-14-D036,2026-06-14,D036,14.6,0
2026-06-14-D037,2026-06-14,D037,57.2,0
2026-06-14-D038,2026-06-14,D038,31.4,0
2026-06-14-D039,2026-06-14,D039,55.6,1
2026-06-14-D040,2026-06-14,D040,81.5,0
2026-06-14-D041,2026-06-14,D041,60.6,1
2026-06-14-D042,2026-06-14,D042,31.9,0
2026-06-14-D043,2026-06-14,D043,21.3,0
2026-06-14-D044,2026-06-14,D044,59.2,0
2026-06-14-D045,2026-06-14,D045,19.1,0
2026-06-14-D046,2026-06-14,D046,85.7,0
2026-06-14-D047,2026-06-14,D047,81.3,1
2026-06-14-D048,2026-06-14,D048,22.8,0
2026-06-14-D049,2026-06-14,D049,29.6,0
2026-06-14-D050,2026-06-14,D050,64.2,0
2026-06-14-D051,2026-06-14,D051,65.8,0
2026-06-14-D052,2026-06-14,D052,72.0,0
2026-06-14-D053,2026-06-14,D053,68.4,1
2026-06-14-D054,2026-06-14,D054,74.0,1
2026-06-14-D055,2026-06-14,D055,42.7,0
2026-06-14-D056,2026-06-14,D056,14.2,0
2026-06-14-D057,2026-06-14,D057,67.0,0
2026-06-14-D058,2026-06-14,D058,48.5,0
2026-06-14-D059,2026-06-14,D059,39.6,0
2026-06-14-D060,2026-06-14,D060,86.5,1
2026-06-14-D061,2026-06-14,D061,76.0,0
2026-06-14-D062,2026-06-14,D062,40.8,0
2026-06-14-D063,2026-06-14,D063,37.0,0
2026-06-14-D064,2026-06-14,D064,41.2,0
2026-06-14-D065,2026-06-14,D065,65.7,1
2026-06-14-D066,2026-06-14,D066,58.4,1
2026-06-14-D067,2026-06-14,D067,28.3,0
2026-06-14-D068,2026-06-14,D068,71.7,0
2026-06-14-D069,2026-06-14,D069,67.2,0
2026-06-14-D070,2026-06-14,D070,42.2,0
2026-06-14-D071,2026-06-14,D071,29.3,0
2026-06-14-D072,2026-06-14,D072,68.9,0
2026-06-14-D073,2026-06-14,D073,15.9,0
2026-06-14-D074,2026-06-14,D074,21.3,0
2026-06-14-D075,2026-06-14,D075,30.0,0
2026-06-14-D076,2026-06-14,D076,91.0,0
2026-06-14-D077,2026-06-14,D077,32.8,0
2026-06-14-D078,2026-06-14,D078,16.9,0
2026-06-14-D079,2026-06-14,D079,23.1,0
2026-06-14-D080,2026-06-14,D080,81.0,1
2026-06-14-D081,2026-06-14,D081,46.5,0
2026-06-14-D082,2026-06-14,D082,88.6,1
2026-06-14-D083,2026-06-14,D083,32.7,0
2026-06-14-D084,2026-06-14,D084,31.3,0
2026-06-14-D085,2026-06-14,D085,23.8,0
2026-06-14-D086,2026-06-14,D086,69.5,0
2026-06-14-D087,2026-06-14,D087,8.1,0
2026-06-14-D088,2026-06-14,D088,65.7,0
2026-06-14-D089,2026-06-14,D089,48.1,1
2026-06-14-D090,2026-06-14,D090,41.0,0
