record_id,entity_id,month,region,backlog,workload,complexity,prior_failures,age_years,staffing_index,sensor_quality,resolution_minutes,escalated,after_close_minutes,satisfaction_after
R000-00,E000,0,east,15.37,12.15,standard,2,11.57,10.57,0.525,37.64,0,38.04,4
R000-01,E000,1,east,18.22,12.19,standard,0,11.57,9.99,0.687,57.51,0,57.85,4
R000-02,E000,2,east,10.9,10.84,complex,0,11.57,9.82,0.678,51.31,0,51.63,5
R000-03,E000,3,east,15.17,11.84,complex,1,11.57,10.63,0.999,51.95,1,51.68,2
R000-04,E000,4,east,15.66,13.4,complex,0,11.57,11.21,0.951,50.1,1,50.3,4
R000-05,E000,5,east,13.45,10.09,standard,1,11.57,8.74,0.391,46.3,1,46.45,3
R000-06,E000,6,east,14.43,14.37,complex,0,11.57,11.23,0.811,50.31,0,50.65,5
R000-07,E000,7,east,18.5,13.1,standard,0,11.57,11.03,0.311,53.7,0,53.64,3
R000-08,E000,8,east,13.73,12.5,complex,1,11.57,11.82,0.671,56.45,0,56.61,4
R000-09,E000,9,east,15.89,13.46,standard,0,11.57,11.72,0.338,56.72,1,57.42,2
R000-10,E000,10,east,22.8,8.63,standard,2,11.57,7.66,0.652,50.96,0,51.64,3
R000-11,E000,11,east,25.73,14.4,standard,0,11.57,12.07,0.94,73.25,0,72.82,3
R000-12,E000,12,east,14.25,12.25,complex,3,11.57,9.83,0.368,54.04,0,53.44,3
R000-13,E000,13,east,13.72,14.15,standard,2,11.57,12.11,0.312,45.99,0,45.82,4
R000-14,E000,14,east,13.44,9.17,standard,6,11.57,8.92,0.605,43.54,1,43.56,2
R000-15,E000,15,east,15.74,12.08,complex,1,11.57,10.78,0.504,64.42,0,64.23,5
R000-16,E000,16,east,18.09,11.13,complex,1,11.57,9.34,0.348,62.08,0,61.76,5
R000-17,E000,17,east,17.69,14.15,complex,0,11.57,11.42,0.343,70.08,0,70.43,4
R000-18,E000,18,east,23.52,15.47,complex,0,11.57,12.75,0.453,70.06,0,70.5,5
R000-19,E000,19,east,30.73,18.3,standard,0,11.57,14.72,0.996,84.54,0,84.59,3
R000-20,E000,20,east,22.43,12.71,standard,0,11.57,10.25,0.497,51.27,0,51.4,4
R000-21,E000,21,east,23.24,13.19,standard,0,11.57,11.04,0.36,60.95,0,60.53,5
R000-22,E000,22,east,23.03,12.88,complex,0,11.57,10.84,,70.38,0,70.98,4
R000-23,E000,23,east,23.16,11.82,complex,1,11.57,11.82,0.64,66.97,0,67.49,3
R001-00,E001,0,west,24.11,14.82,standard,0,13.04,13.29,0.691,64.63,1,64.37,2
R001-01,E001,1,west,18.8,13.39,standard,0,13.04,10.71,0.35,63.4,0,63.29,3
R001-02,E001,2,west,16.78,11.56,standard,0,13.04,9.4,0.589,52.24,1,52.26,3
R001-03,E001,3,west,11.16,11.31,complex,1,13.04,9.22,0.764,58.08,1,58.63,3
R001-04,E001,4,west,17.99,11.71,standard,0,13.04,9.85,0.4,45.9,0,45.48,5
R001-05,E001,5,west,14.51,9.51,standard,3,13.04,8.67,0.392,47.14,0,47.27,3
R001-06,E001,6,west,16.31,12.13,standard,0,13.04,10.85,0.929,44.03,0,43.61,5
R001-07,E001,7,west,26.52,17.19,complex,0,13.04,14.03,0.421,101.51,1,101.49,4
R001-08,E001,8,west,23.1,14.23,complex,0,13.04,12.55,0.839,69.94,0,70.49,3
R001-09,E001,9,west,15.11,12.16,standard,0,13.04,10.23,0.589,50.38,0,50.33,5
R001-10,E001,10,west,15.62,11.32,standard,1,13.04,9.07,0.993,48.25,0,48.54,3
R001-11,E001,11,west,21.43,11.17,standard,0,13.04,9.09,0.361,50.08,0,50.8,5
R001-12,E001,12,west,23.03,16.12,complex,0,13.04,13.47,0.514,83.94,1,83.85,2
R001-13,E001,13,west,25.75,17.65,standard,1,13.04,14.7,0.476,71.58,0,70.68,4
R001-14,E001,14,west,21.98,17.18,standard,0,13.04,14.5,0.604,65.87,1,66.83,2
R001-15,E001,15,west,20.35,15.14,complex,0,13.04,12.94,0.312,63.56,0,63.12,5
R001-16,E001,16,west,18.41,12.83,complex,1,13.04,11.32,0.926,71.54,0,70.79,5
R001-17,E001,17,west,26.01,10.76,complex,0,13.04,9.1,0.823,65.84,0,65.84,3
R001-18,E001,18,west,19.99,11.9,standard,0,13.04,10.79,0.863,61.48,0,61.72,4
R001-19,E001,19,west,19.59,10.01,standard,1,13.04,6.57,0.456,57.97,0,58.48,4
R001-20,E001,20,west,21.43,15.05,standard,2,13.04,13.24,0.423,63.14,0,63.7,5
R001-21,E001,21,west,22.9,10.5,complex,0,13.04,9.14,0.542,79.44,1,79.51,2
R001-22,E001,22,west,23.17,16.03,standard,0,13.04,14.41,0.566,66.74,1,66.68,3
R001-23,E001,23,west,26.24,15.32,standard,1,13.04,12.75,0.961,84.25,1,83.89,3
R002-00,E002,0,north,17.18,13.52,standard,0,1.64,10.37,0.916,61.02,0,61.25,4
R002-01,E002,1,north,7.27,10.01,complex,1,1.64,9.15,0.332,52.01,0,51.66,3
R002-02,E002,2,north,6.47,8.15,complex,0,1.64,6.71,0.356,45.3,0,45.49,4
R002-03,E002,3,north,18.91,10.09,standard,0,1.64,7.97,0.685,53.96,0,53.35,5
R002-04,E002,4,north,2.6,9.81,complex,1,1.64,8.28,0.912,47.08,0,47.18,4
R002-05,E002,5,north,16.39,12.5,standard,0,1.64,9.65,0.742,53.96,0,54.01,5
R002-06,E002,6,north,13.17,13.73,standard,0,1.64,11.24,0.965,51.01,0,50.78,5
R002-07,E002,7,north,21.21,8.18,complex,2,1.64,7.79,0.811,63.37,1,63.5,2
R002-08,E002,8,north,12.55,10.46,complex,2,1.64,8.06,0.613,49.96,0,49.19,4
R002-09,E002,9,north,16.54,9.7,complex,1,1.64,8.4,0.524,46.73,0,46.58,3
R002-10,E002,10,north,25.69,14.77,standard,0,1.64,12.81,0.916,64.57,0,64.61,5
R002-11,E002,11,north,14.69,11.53,complex,1,1.64,9.15,0.698,60.04,0,60.89,3
R002-12,E002,12,north,24.58,14.75,complex,1,1.64,11.87,0.943,89.88,0,88.48,5
R002-13,E002,13,north,25.56,13.59,standard,0,1.64,12.61,0.458,66.56,1,67.62,3
R002-14,E002,14,north,15.33,13.42,standard,0,1.64,11.3,0.375,45.61,0,46.47,3
R002-15,E002,15,north,7.82,11.52,standard,0,1.64,8.48,0.3,42.83,0,43.14,5
R002-16,E002,16,north,16.86,10.61,standard,1,1.64,9.84,0.921,57.58,0,56.98,3
R002-17,E002,17,north,12.21,8.46,complex,4,1.64,7.75,0.428,44.68,1,44.74,2
R002-18,E002,18,north,17.61,11.92,standard,0,1.64,10.18,0.455,42.17,0,42.33,5
R002-19,E002,19,north,25.8,15.79,standard,0,1.64,14.23,0.674,66.68,0,67.35,3
R002-20,E002,20,north,21.21,14.84,complex,0,1.64,13.44,0.662,78.79,1,78.93,4
R002-21,E002,21,north,13.7,13.21,complex,1,1.64,11.62,0.612,47.73,1,48.01,4
R002-22,E002,22,north,27.93,15.67,standard,0,1.64,13.6,0.754,84.8,0,84.83,5
R002-23,E002,23,north,18.03,13.58,complex,0,1.64,11.94,,61.88,0,62.45,3
R003-00,E003,0,east,14.68,13.12,complex,2,11.47,11.08,0.872,49.5,0,50.51,3
R003-01,E003,1,east,14.51,9.73,complex,0,11.47,9.1,0.698,37.41,0,37.78,5
R003-02,E003,2,east,18.59,15.51,complex,1,11.47,13.17,0.41,62.3,0,62.23,4
R003-03,E003,3,east,24.89,12.93,standard,1,11.47,11.56,0.813,59.92,0,59.89,3
R003-04,E003,4,east,23.85,12.79,standard,1,11.47,9.85,0.403,54.94,1,55.33,2
R003-05,E003,5,east,17.57,12.27,standard,1,11.47,10.05,0.534,41.45,0,41.37,5
R003-06,E003,6,east,15.77,8.27,complex,0,11.47,7.41,0.548,52.5,0,53.15,3
R003-07,E003,7,east,15.13,10.65,complex,0,11.47,8.41,0.317,64.97,0,64.82,4
R003-08,E003,8,east,16.83,9.54,complex,0,11.47,8.07,0.581,62.67,0,62.93,4
R003-09,E003,9,east,12.98,13.09,complex,0,11.47,11.31,0.43,42.62,0,41.88,3
R003-10,E003,10,east,21.5,14.67,complex,0,11.47,13.22,0.789,75.57,0,75.44,5
R003-11,E003,11,east,16.82,11.32,complex,0,11.47,9.89,0.933,59.69,0,60.69,3
R003-12,E003,12,east,18.1,13.83,standard,2,11.47,12.13,0.891,54.78,0,54.8,3
R003-13,E003,13,east,19.53,12.81,standard,0,11.47,11.03,0.87,51.79,1,51.79,3
R003-14,E003,14,east,19.35,13.75,complex,0,11.47,11.85,0.526,61.4,0,61.07,5
R003-15,E003,15,east,11.72,9.65,standard,0,11.47,8.54,0.969,32.04,0,31.99,5
R003-16,E003,16,east,16.91,14.97,standard,0,11.47,12.84,0.782,51.88,1,51.13,4
R003-17,E003,17,east,14.7,11.81,complex,1,11.47,10.73,0.911,58.36,0,58.32,5
R003-18,E003,18,east,27.27,12.89,complex,0,11.47,10.96,0.939,83.2,0,82.56,3
R003-19,E003,19,east,14.41,14.41,standard,1,11.47,12.04,0.461,42.74,0,42.81,4
R003-20,E003,20,east,16.72,10.13,complex,0,11.47,8.65,0.385,51.9,0,51.58,4
R003-21,E003,21,east,20.99,11.91,complex,1,11.47,9.37,0.577,65.57,0,65.06,5
R003-22,E003,22,east,27.66,9.71,standard,0,11.47,8.16,,60.66,0,60.56,3
R003-23,E003,23,east,8.98,11.39,complex,0,11.47,9.73,0.747,50.49,0,50.59,4
R004-00,E004,0,west,18.7,8.77,complex,0,9.87,7.06,0.971,61.04,0,61.87,3
R004-01,E004,1,west,17.06,13.47,standard,2,9.87,11.41,0.41,59.55,0,59.08,3
R004-02,E004,2,west,15.72,10.31,standard,0,9.87,9.3,0.644,38.92,0,39.23,3
R004-03,E004,3,west,13.9,13.81,standard,0,9.87,12.05,0.734,41.81,0,41.31,4
R004-04,E004,4,west,24.32,18.01,complex,0,9.87,15.84,0.606,88.24,0,88.77,3
R004-05,E004,5,west,15.98,10.7,standard,0,9.87,10.41,0.335,44.61,0,44.32,3
R004-06,E004,6,west,23.42,18.71,complex,0,9.87,16.11,0.664,92.89,1,93.17,4
R004-07,E004,7,west,17.38,9.32,complex,0,9.87,7.6,0.69,52.62,0,52.71,3
R004-08,E004,8,west,23.84,14.48,complex,0,9.87,12.6,0.531,73.73,0,73.34,4
R004-09,E004,9,west,12.53,9.76,complex,0,9.87,8.97,0.948,41.54,0,41.74,4
R004-10,E004,10,west,15.12,10.07,standard,0,9.87,8.09,0.303,53.31,0,52.38,4
R004-11,E004,11,west,23.65,17.99,complex,0,9.87,16.86,0.829,93.49,1,94.3,3
R004-12,E004,12,west,19.69,14.2,complex,4,9.87,12.77,0.44,67.91,1,66.93,2
R004-13,E004,13,west,23.92,14.03,standard,0,9.87,11.92,0.395,61.96,0,63.53,5
R004-14,E004,14,west,27.55,11.74,standard,0,9.87,8.96,0.388,66.46,1,66.87,4
R004-15,E004,15,west,18.86,9.84,complex,0,9.87,9.12,0.738,62.24,0,62.37,3
R004-16,E004,16,west,23.63,13.75,complex,0,9.87,11.95,0.505,81.6,1,81.43,3
R004-17,E004,17,west,21.55,13.84,standard,1,9.87,11.86,0.881,62.27,0,63.13,3
R004-18,E004,18,west,20.91,13.92,standard,0,9.87,11.77,0.689,51.98,0,52.33,5
R004-19,E004,19,west,15.16,12.11,standard,2,9.87,9.84,0.303,40.18,1,40.41,3
R004-20,E004,20,west,21.85,12.42,standard,0,9.87,8.73,0.688,66.24,0,66.38,5
R004-21,E004,21,west,27.39,19.68,complex,0,9.87,16.62,,90.85,0,91.06,3
R004-22,E004,22,west,11.07,10.75,standard,2,9.87,9.43,0.792,38.55,1,38.94,4
R004-23,E004,23,west,22.9,13.02,complex,0,9.87,11.45,0.413,65.49,0,65.6,4
R005-00,E005,0,north,11.86,9.02,standard,0,7.86,7.62,0.689,42.91,0,42.26,4
R005-01,E005,1,north,20.03,15.29,standard,0,7.86,13.59,0.522,56.87,0,55.05,4
R005-02,E005,2,north,17.09,12.51,standard,0,7.86,10.08,0.771,46.62,0,46.56,3
R005-03,E005,3,north,13.77,6.6,standard,0,7.86,5.49,0.75,33.69,0,33.61,3
R005-04,E005,4,north,19.41,12.97,standard,3,7.86,11.19,0.74,54.87,0,54.83,5
R005-05,E005,5,north,14.69,8.67,standard,0,7.86,7.53,0.608,35.98,0,36.57,5
R005-06,E005,6,north,19.79,12.28,standard,1,7.86,10.93,0.41,63.69,1,62.82,3
R005-07,E005,7,north,19.25,12.14,complex,1,7.86,9.89,0.751,54.83,0,55.07,5
R005-08,E005,8,north,9.65,7.95,complex,0,7.86,7.17,0.398,45.81,1,45.76,2
R005-09,E005,9,north,13.22,13.46,complex,0,7.86,11.48,0.876,63.47,0,63.56,3
R005-10,E005,10,north,13.92,7.81,standard,0,7.86,4.72,0.427,35.57,0,36.15,3
R005-11,E005,11,north,18.25,8.9,standard,2,7.86,7.13,0.637,38.05,0,37.67,3
R005-12,E005,12,north,15.26,11.53,standard,0,7.86,9.62,0.848,48.55,0,48.75,4
R005-13,E005,13,north,17.58,14.68,standard,1,7.86,11.28,0.596,60.35,0,59.6,3
R005-14,E005,14,north,7.87,11.25,standard,1,7.86,9.42,0.785,38.63,0,38.93,3
R005-15,E005,15,north,15.75,13.76,complex,0,7.86,10.93,0.539,65.55,1,65.68,2
R005-16,E005,16,north,24.6,16.38,standard,1,7.86,13.17,0.647,75.38,0,75.51,4
R005-17,E005,17,north,18.85,13.38,complex,2,7.86,12.92,0.527,61.43,0,61.48,3
R005-18,E005,18,north,8.61,9.07,complex,0,7.86,6.89,0.352,51.38,0,51.44,5
R005-19,E005,19,north,18.47,8.6,standard,2,7.86,7.32,0.346,52.99,0,52.52,4
R005-20,E005,20,north,22.99,16.97,complex,1,7.86,13.76,0.808,75.12,1,75.64,3
R005-21,E005,21,north,25.44,13.0,complex,2,7.86,10.95,0.718,91.9,0,92.79,5
R005-22,E005,22,north,13.77,12.67,complex,0,7.86,8.86,0.876,58.38,0,58.83,4
R005-23,E005,23,north,20.49,11.56,complex,0,7.86,10.41,0.523,60.2,0,60.43,4
R006-00,E006,0,east,14.35,9.66,complex,0,14.64,8.39,0.68,56.58,0,56.69,3
R006-01,E006,1,east,11.68,14.54,standard,0,14.64,11.75,0.598,43.25,1,42.77,2
R006-02,E006,2,east,17.23,11.16,standard,1,14.64,9.41,0.55,54.39,0,53.82,5
R006-03,E006,3,east,14.66,8.04,complex,0,14.64,6.84,0.568,44.9,0,44.64,3
R006-04,E006,4,east,17.7,13.12,standard,1,14.64,11.5,0.581,42.8,0,42.99,5
R006-05,E006,5,east,22.32,13.43,complex,1,14.64,11.46,0.68,58.1,0,56.69,3
R006-06,E006,6,east,12.6,10.28,complex,0,14.64,9.33,0.952,52.83,1,52.91,4
R006-07,E006,7,east,19.46,13.11,complex,1,14.64,10.51,0.426,52.44,0,52.8,5
R006-08,E006,8,east,7.48,8.08,standard,1,14.64,6.77,0.37,35.93,0,35.55,5
R006-09,E006,9,east,17.49,11.44,complex,0,14.64,9.76,0.643,53.42,0,52.76,5
R006-10,E006,10,east,12.82,13.76,complex,0,14.64,10.75,0.505,50.08,1,50.23,3
R006-11,E006,11,east,4.74,6.46,standard,2,14.64,5.11,0.898,34.97,1,34.33,2
R006-12,E006,12,east,17.91,9.77,standard,1,14.64,8.01,0.802,52.41,0,51.74,3
R006-13,E006,13,east,25.71,18.23,standard,1,14.64,15.52,0.984,63.42,0,63.2,3
R006-14,E006,14,east,10.55,10.29,complex,0,14.64,8.36,0.547,49.94,0,49.87,5
R006-15,E006,15,east,16.68,13.89,standard,0,14.64,12.65,0.36,45.51,0,46.64,3
R006-16,E006,16,east,13.89,12.51,complex,0,14.64,9.91,0.626,48.42,0,49.08,5
R006-17,E006,17,east,12.23,10.79,standard,0,14.64,9.0,0.354,29.11,0,29.33,3
R006-18,E006,18,east,22.3,17.02,complex,0,14.64,14.78,0.867,74.61,0,74.0,4
R006-19,E006,19,east,13.69,10.44,standard,0,14.64,8.37,0.62,40.09,1,39.28,4
R006-20,E006,20,east,15.65,11.91,complex,0,14.64,10.29,,51.84,0,51.54,5
R006-21,E006,21,east,20.06,12.45,standard,0,14.64,10.29,,53.54,1,53.28,4
R006-22,E006,22,east,27.4,13.53,standard,0,14.64,12.82,0.378,72.09,1,72.01,4
R006-23,E006,23,east,16.77,13.96,standard,1,14.64,12.35,0.898,48.1,1,47.25,4
R007-00,E007,0,west,8.64,12.33,complex,0,2.64,9.27,0.957,48.13,1,48.48,3
R007-01,E007,1,west,13.97,15.18,standard,0,2.64,13.08,0.491,48.08,0,47.05,3
R007-02,E007,2,west,20.72,11.76,standard,2,2.64,9.73,0.602,51.04,0,52.03,5
R007-03,E007,3,west,19.53,12.29,complex,0,2.64,10.35,0.952,60.51,0,59.48,4
R007-04,E007,4,west,22.16,15.33,standard,3,2.64,14.65,0.692,65.16,0,65.53,4
R007-05,E007,5,west,24.91,18.0,standard,0,2.64,13.93,0.825,65.06,0,65.64,5
R007-06,E007,6,west,19.89,14.48,standard,3,2.64,11.58,0.396,57.99,1,58.18,3
R007-07,E007,7,west,17.09,11.77,standard,1,2.64,10.09,0.869,46.34,0,45.75,4
R007-08,E007,8,west,28.08,15.31,complex,0,2.64,13.95,0.79,94.48,0,95.12,5
R007-09,E007,9,west,16.37,12.81,standard,1,2.64,11.41,0.636,52.99,1,53.54,3
R007-10,E007,10,west,21.17,10.84,complex,0,2.64,8.99,0.379,59.26,0,59.69,4
R007-11,E007,11,west,23.57,11.88,complex,0,2.64,9.87,0.841,64.73,0,64.41,5
R007-12,E007,12,west,11.77,7.5,complex,0,2.64,6.07,0.64,41.81,0,41.97,5
R007-13,E007,13,west,14.58,14.52,standard,0,2.64,11.92,0.471,55.1,0,55.82,5
R007-14,E007,14,west,23.25,13.61,standard,1,2.64,11.01,0.953,64.54,0,63.64,3
R007-15,E007,15,west,23.56,10.12,standard,2,2.64,9.74,0.406,59.26,0,59.43,4
R007-16,E007,16,west,21.81,13.77,standard,2,2.64,11.76,0.65,52.07,1,52.44,2
R007-17,E007,17,west,21.74,15.2,standard,1,2.64,12.5,0.436,69.58,1,70.06,4
R007-18,E007,18,west,24.09,11.2,standard,3,2.64,10.24,0.844,69.93,0,70.26,3
R007-19,E007,19,west,18.39,11.81,complex,0,2.64,10.28,0.694,57.08,0,57.59,5
R007-20,E007,20,west,22.21,11.92,standard,1,2.64,10.42,0.518,48.62,0,48.36,5
R007-21,E007,21,west,14.77,12.45,standard,3,2.64,9.72,0.919,45.49,0,45.68,5
R007-22,E007,22,west,31.75,16.72,complex,1,2.64,15.21,0.523,108.09,1,107.94,4
R007-23,E007,23,west,20.28,15.71,complex,1,2.64,13.01,0.575,76.66,0,77.01,5
R008-00,E008,0,north,7.8,12.22,standard,2,1.77,10.88,0.557,46.55,1,46.38,4
R008-01,E008,1,north,12.0,11.04,complex,1,1.77,10.03,0.492,54.06,0,54.57,3
R008-02,E008,2,north,15.28,9.61,complex,0,1.77,7.15,0.985,50.02,0,49.62,4
R008-03,E008,3,north,13.8,13.47,standard,1,1.77,10.54,0.925,58.4,0,58.24,4
R008-04,E008,4,north,10.67,9.9,standard,0,1.77,8.54,0.803,39.98,1,39.76,4
R008-05,E008,5,north,15.3,11.97,complex,0,1.77,10.33,0.612,54.34,0,53.88,3
R008-06,E008,6,north,18.07,14.38,standard,0,1.77,11.45,0.801,56.01,0,56.07,3
R008-07,E008,7,north,13.18,9.48,standard,0,1.77,6.45,0.558,35.59,0,35.14,4
R008-08,E008,8,north,13.07,10.68,standard,0,1.77,10.1,0.981,52.34,0,52.17,5
R008-09,E008,9,north,16.74,12.9,standard,1,1.77,11.47,0.903,54.79,0,54.43,4
R008-10,E008,10,north,17.14,15.29,complex,0,1.77,13.21,0.934,63.68,0,63.01,4
R008-11,E008,11,north,19.46,11.72,standard,2,1.77,9.36,0.691,55.1,1,55.03,2
R008-12,E008,12,north,26.54,14.58,complex,1,1.77,12.35,0.965,76.27,0,76.91,5
R008-13,E008,13,north,23.55,15.75,standard,0,1.77,14.28,0.378,64.58,0,64.67,4
R008-14,E008,14,north,13.34,11.39,standard,0,1.77,9.44,0.927,41.41,0,41.29,4
R008-15,E008,15,north,12.43,13.22,standard,0,1.77,9.67,0.987,51.11,0,52.01,4
R008-16,E008,16,north,21.58,11.16,standard,1,1.77,8.06,0.742,46.24,0,46.28,3
R008-17,E008,17,north,13.06,13.69,standard,0,1.77,11.31,0.608,47.29,0,46.51,3
R008-18,E008,18,north,15.57,10.72,standard,1,1.77,8.82,0.38,51.61,0,51.97,3
R008-19,E008,19,north,13.23,15.44,standard,0,1.77,13.29,0.692,48.76,0,49.44,4
R008-20,E008,20,north,17.14,12.85,standard,0,1.77,11.08,0.429,53.0,0,52.81,5
R008-21,E008,21,north,20.23,12.08,standard,3,1.77,9.38,0.429,46.08,0,46.72,4
R008-22,E008,22,north,9.36,9.68,complex,2,1.77,9.04,0.872,50.02,0,48.82,3
R008-23,E008,23,north,17.39,11.96,complex,0,1.77,11.26,0.821,48.04,0,48.26,5
R009-00,E009,0,east,16.11,14.08,complex,0,3.08,12.53,0.563,65.95,0,66.61,4
R009-01,E009,1,east,16.57,10.03,standard,0,3.08,9.48,0.585,42.96,0,43.48,4
R009-02,E009,2,east,8.28,7.42,complex,5,3.08,6.64,0.451,42.63,1,42.24,2
R009-03,E009,3,east,13.73,11.31,standard,0,3.08,10.52,0.804,49.62,0,49.64,3
R009-04,E009,4,east,16.09,12.24,standard,0,3.08,10.68,0.551,50.93,1,50.99,2
R009-05,E009,5,east,19.73,13.55,complex,3,3.08,10.51,0.307,65.31,0,64.54,3
R009-06,E009,6,east,12.16,12.65,standard,0,3.08,9.15,0.863,43.85,0,43.88,4
R009-07,E009,7,east,20.77,15.37,standard,3,3.08,12.8,0.612,58.57,0,59.2,5
R009-08,E009,8,east,11.3,9.81,standard,0,3.08,8.45,0.84,37.08,0,37.41,5
R009-09,E009,9,east,18.22,13.71,standard,0,3.08,11.38,0.72,52.18,0,52.38,3
R009-10,E009,10,east,17.49,15.13,standard,0,3.08,12.56,0.356,55.65,0,56.19,4
R009-11,E009,11,east,17.11,12.6,complex,0,3.08,10.84,0.54,66.83,0,66.82,3
R009-12,E009,12,east,11.14,11.19,standard,1,3.08,8.59,0.759,51.46,0,51.63,5
R009-13,E009,13,east,16.41,13.47,standard,2,3.08,10.84,0.976,59.43,0,58.77,3
R009-14,E009,14,east,17.87,13.41,standard,0,3.08,11.31,0.72,53.0,0,52.46,4
R009-15,E009,15,east,17.82,14.07,standard,0,3.08,11.88,0.978,47.13,0,47.28,4
R009-16,E009,16,east,12.9,13.1,complex,2,3.08,10.82,0.345,62.83,0,62.26,3
R009-17,E009,17,east,22.34,12.48,standard,1,3.08,10.12,0.8,66.06,0,66.2,3
R009-18,E009,18,east,21.65,15.55,standard,1,3.08,12.69,0.646,66.91,0,66.28,5
R009-19,E009,19,east,11.71,13.31,standard,1,3.08,11.71,0.95,46.23,0,46.75,5
R009-20,E009,20,east,18.07,14.92,complex,1,3.08,12.32,0.5,66.08,0,66.77,5
R009-21,E009,21,east,21.38,11.1,complex,0,3.08,9.27,0.838,60.01,0,59.86,4
R009-22,E009,22,east,18.24,14.96,complex,0,3.08,13.38,,72.82,0,71.63,4
R009-23,E009,23,east,14.55,10.49,standard,0,3.08,9.35,0.728,42.69,0,43.2,3
R010-00,E010,0,west,18.3,11.44,complex,1,10.15,9.67,0.811,60.85,1,62.16,3
R010-01,E010,1,west,15.2,11.5,standard,0,10.15,9.21,0.337,45.6,1,46.22,3
R010-02,E010,2,west,19.5,14.43,complex,0,10.15,12.07,0.985,67.21,1,67.62,4
R010-03,E010,3,west,21.19,10.0,standard,0,10.15,8.46,0.82,53.63,0,53.57,4
R010-04,E010,4,west,23.74,14.65,standard,0,10.15,12.45,0.452,75.36,0,75.02,5
R010-05,E010,5,west,11.59,11.36,complex,1,10.15,9.39,0.712,50.1,0,50.68,3
R010-06,E010,6,west,26.49,13.86,standard,1,10.15,12.0,0.307,68.83,1,69.31,4
R010-07,E010,7,west,12.79,11.64,standard,3,10.15,10.41,0.714,49.4,0,49.81,5
R010-08,E010,8,west,17.1,10.03,standard,1,10.15,8.97,0.925,40.07,0,39.2,3
R010-09,E010,9,west,16.99,13.16,standard,3,10.15,10.72,0.476,62.48,0,62.89,5
R010-10,E010,10,west,21.22,15.74,complex,1,10.15,13.7,0.908,81.51,0,80.95,3
R010-11,E010,11,west,24.38,14.0,standard,1,10.15,11.44,0.862,62.64,0,62.5,3
R010-12,E010,12,west,19.41,9.01,standard,1,10.15,8.31,0.687,50.6,0,50.86,4
R010-13,E010,13,west,19.99,14.57,standard,1,10.15,12.07,0.424,62.19,0,61.55,4
R010-14,E010,14,west,16.12,12.08,standard,0,10.15,10.65,0.825,42.63,0,43.05,4
R010-15,E010,15,west,15.93,8.97,standard,1,10.15,8.38,0.86,36.35,0,36.86,3
R010-16,E010,16,west,18.81,10.31,standard,1,10.15,8.28,0.716,53.74,0,53.87,5
R010-17,E010,17,west,21.92,16.09,standard,0,10.15,13.09,0.625,59.57,0,60.66,4
R010-18,E010,18,west,23.11,11.11,complex,1,10.15,9.23,0.745,70.72,0,70.31,5
R010-19,E010,19,west,24.97,13.62,standard,0,10.15,12.16,0.946,61.43,0,60.85,3
R010-20,E010,20,west,24.42,13.01,standard,1,10.15,10.87,0.776,69.63,1,69.43,2
R010-21,E010,21,west,27.66,13.85,standard,2,10.15,12.31,0.917,72.79,1,72.98,3
R010-22,E010,22,west,16.09,11.25,complex,4,10.15,10.44,0.801,48.57,1,48.12,2
R010-23,E010,23,west,11.06,12.04,complex,1,10.15,10.54,0.523,57.62,0,57.72,3
R011-00,E011,0,north,19.07,13.19,complex,0,13.84,12.23,0.525,64.75,1,64.23,2
R011-01,E011,1,north,14.75,11.91,standard,2,13.84,10.09,0.848,47.93,1,48.39,4
R011-02,E011,2,north,17.99,13.67,standard,4,13.84,11.84,0.302,48.07,1,48.34,4
R011-03,E011,3,north,15.45,13.69,standard,2,13.84,11.47,0.494,54.05,1,54.2,4
R011-04,E011,4,north,14.05,11.31,standard,0,13.84,10.38,0.816,47.35,0,47.3,4
R011-05,E011,5,north,18.79,13.36,complex,1,13.84,11.66,0.978,64.54,0,64.71,5
R011-06,E011,6,north,10.0,10.02,standard,0,13.84,8.57,0.868,44.24,0,45.13,5
R011-07,E011,7,north,17.37,12.52,standard,2,13.84,11.54,0.674,50.09,0,51.14,5
R011-08,E011,8,north,12.74,10.21,standard,0,13.84,8.95,0.417,48.48,0,48.33,3
R011-09,E011,9,north,21.27,9.87,standard,0,13.84,7.57,0.402,46.8,0,46.72,5
R011-10,E011,10,north,11.31,7.65,standard,0,13.84,6.91,0.935,36.96,1,36.89,2
R011-11,E011,11,north,11.88,13.03,standard,2,13.84,10.75,0.475,47.48,1,47.22,2
R011-12,E011,12,north,21.48,17.71,standard,0,13.84,14.89,0.447,69.41,0,69.26,5
R011-13,E011,13,north,9.71,9.14,standard,3,13.84,7.36,0.402,44.39,0,44.22,4
R011-14,E011,14,north,25.53,13.96,complex,2,13.84,11.77,0.349,70.66,0,71.32,3
R011-15,E011,15,north,24.87,12.26,complex,0,13.84,9.09,0.651,68.01,0,69.07,4
R011-16,E011,16,north,20.89,10.63,standard,1,13.84,7.76,0.788,67.39,0,67.54,5
R011-17,E011,17,north,24.29,12.89,complex,0,13.84,11.32,0.784,74.61,0,74.88,4
R011-18,E011,18,north,11.48,6.96,complex,0,13.84,6.47,0.914,42.17,0,41.51,5
R011-19,E011,19,north,27.19,16.31,standard,0,13.84,14.09,0.662,79.62,0,79.41,3
R011-20,E011,20,north,22.06,13.68,complex,0,13.84,10.87,0.372,69.02,0,69.29,4
R011-21,E011,21,north,11.82,10.34,complex,0,13.84,8.83,0.316,48.75,0,48.29,5
R011-22,E011,22,north,11.77,10.62,complex,1,13.84,9.66,0.914,59.22,0,59.74,3
R011-23,E011,23,north,29.6,15.39,complex,0,13.84,13.45,,89.21,1,88.93,4
R012-00,E012,0,east,13.06,8.41,standard,0,10.17,5.48,0.928,44.77,0,43.88,4
R012-01,E012,1,east,13.14,8.3,standard,0,10.17,6.64,0.345,37.01,0,36.45,4
R012-02,E012,2,east,6.59,9.31,complex,2,10.17,8.23,0.623,50.91,0,51.11,5
R012-03,E012,3,east,14.77,12.53,standard,3,10.17,10.81,0.394,56.27,1,56.38,3
R012-04,E012,4,east,10.79,11.1,standard,0,10.17,9.5,0.506,37.4,0,37.16,5
R012-05,E012,5,east,16.39,16.58,standard,4,10.17,14.23,0.435,65.78,1,65.17,2
R012-06,E012,6,east,10.13,10.58,standard,2,10.17,9.4,0.649,47.68,0,46.45,5
R012-07,E012,7,east,14.66,12.12,standard,0,10.17,10.59,0.418,52.85,0,51.93,4
R012-08,E012,8,east,21.49,15.4,complex,1,10.17,12.82,0.322,73.69,0,74.04,4
R012-09,E012,9,east,15.04,13.06,standard,2,10.17,10.72,0.6,60.71,0,60.02,5
R012-10,E012,10,east,18.35,16.61,complex,1,10.17,13.93,0.368,57.62,0,57.47,4
R012-11,E012,11,east,3.47,7.1,complex,3,10.17,5.45,0.668,46.41,0,46.41,3
R012-12,E012,12,east,17.89,9.6,standard,0,10.17,7.82,0.46,53.05,0,53.38,4
R012-13,E012,13,east,23.83,14.21,standard,1,10.17,12.23,0.754,63.91,0,63.9,3
R012-14,E012,14,east,20.13,13.38,standard,2,10.17,12.03,0.35,51.01,0,51.13,5
R012-15,E012,15,east,20.26,13.61,complex,0,10.17,11.94,0.74,71.12,0,70.76,4
R012-16,E012,16,east,15.2,12.27,standard,2,10.17,9.9,0.397,46.28,0,46.46,4
R012-17,E012,17,east,16.5,11.28,complex,0,10.17,9.88,0.314,58.03,0,57.39,5
R012-18,E012,18,east,20.26,11.35,standard,0,10.17,9.67,0.638,47.64,0,48.38,5
R012-19,E012,19,east,21.62,14.54,standard,0,10.17,12.12,0.577,72.19,0,72.12,4
R012-20,E012,20,east,15.49,12.74,standard,2,10.17,9.85,,53.3,0,53.23,3
R012-21,E012,21,east,25.32,14.92,complex,0,10.17,11.61,0.761,92.18,0,91.83,3
R012-22,E012,22,east,15.18,8.39,standard,1,10.17,6.97,,45.48,0,45.04,3
R012-23,E012,23,east,12.96,10.5,complex,1,10.17,9.41,0.732,48.33,1,48.71,2
R013-00,E013,0,west,16.01,8.48,standard,0,13.32,5.99,0.946,35.14,1,35.8,3
R013-01,E013,1,west,10.17,10.16,complex,0,13.32,8.83,0.551,44.72,0,45.37,5
R013-02,E013,2,west,19.19,13.46,complex,0,13.32,11.64,0.377,61.78,0,61.37,5
R013-03,E013,3,west,12.72,10.05,standard,0,13.32,8.47,0.667,37.36,0,37.34,4
R013-04,E013,4,west,11.6,11.88,standard,0,13.32,10.53,0.996,49.5,0,49.17,3
R013-05,E013,5,west,24.06,13.01,standard,0,13.32,10.5,0.617,62.75,0,62.97,4
R013-06,E013,6,west,15.08,10.8,standard,2,13.32,9.54,0.831,43.47,0,43.95,4
R013-07,E013,7,west,12.01,14.27,standard,1,13.32,11.81,0.707,45.0,0,45.28,4
R013-08,E013,8,west,11.64,10.57,standard,0,13.32,8.09,0.508,43.2,0,43.9,4
R013-09,E013,9,west,6.96,10.27,standard,0,13.32,10.01,0.453,41.7,0,41.6,5
R013-10,E013,10,west,20.13,14.58,standard,0,13.32,12.62,0.516,53.82,0,53.72,5
R013-11,E013,11,west,22.34,12.43,standard,0,13.32,10.95,0.317,56.8,0,57.44,3
R013-12,E013,12,west,16.11,9.94,complex,0,13.32,8.53,0.425,58.25,0,58.51,5
R013-13,E013,13,west,21.07,12.46,complex,0,13.32,10.03,0.333,64.99,0,65.17,3
R013-14,E013,14,west,18.96,12.15,complex,0,13.32,11.02,0.992,66.05,0,66.55,5
R013-15,E013,15,west,23.7,12.96,standard,0,13.32,10.4,0.536,74.48,1,74.7,2
R013-16,E013,16,west,16.92,12.42,standard,0,13.32,11.46,0.837,42.73,0,42.76,5
R013-17,E013,17,west,25.73,14.74,complex,2,13.32,12.84,0.808,75.77,1,76.13,4
R013-18,E013,18,west,18.6,9.5,standard,0,13.32,9.03,0.306,44.49,0,43.82,4
R013-19,E013,19,west,14.76,15.15,complex,0,13.32,12.8,0.758,60.45,0,61.6,4
R013-20,E013,20,west,20.6,13.46,complex,2,13.32,11.03,0.52,63.84,1,63.69,2
R013-21,E013,21,west,28.04,10.69,standard,0,13.32,10.65,,58.12,0,58.24,3
R013-22,E013,22,west,31.62,17.84,complex,2,13.32,13.55,0.764,87.86,1,88.9,4
R013-23,E013,23,west,20.13,10.07,complex,0,13.32,8.97,0.695,60.43,0,60.71,3
R014-00,E014,0,north,16.23,11.06,standard,2,6.25,9.7,0.895,50.82,0,50.84,3
R014-01,E014,1,north,15.22,11.92,standard,1,6.25,9.99,0.463,40.99,0,41.04,5
R014-02,E014,2,north,13.89,10.81,standard,0,6.25,9.58,0.51,50.73,0,50.94,5
R014-03,E014,3,north,15.08,8.49,standard,0,6.25,6.96,0.507,38.76,1,37.85,3
R014-04,E014,4,north,16.6,11.2,standard,1,6.25,9.36,0.592,55.93,1,55.27,3
R014-05,E014,5,north,14.88,13.22,complex,0,6.25,11.43,0.353,63.21,1,63.41,4
R014-06,E014,6,north,14.23,10.21,standard,0,6.25,8.08,0.994,52.86,1,53.1,3
R014-07,E014,7,north,13.95,11.7,complex,0,6.25,9.44,0.824,50.76,0,50.52,3
R014-08,E014,8,north,17.26,9.35,standard,1,6.25,7.33,0.708,44.06,0,44.8,3
R014-09,E014,9,north,13.12,10.54,standard,0,6.25,8.44,0.664,48.18,0,48.14,4
R014-10,E014,10,north,18.42,11.37,standard,1,6.25,9.89,0.897,57.03,0,57.0,4
R014-11,E014,11,north,11.62,9.68,complex,0,6.25,7.29,0.497,49.65,0,49.53,5
R014-12,E014,12,north,12.95,9.49,complex,0,6.25,6.7,0.512,59.82,0,59.93,3
R014-13,E014,13,north,17.57,11.58,complex,1,6.25,9.68,0.551,49.86,1,49.98,3
R014-14,E014,14,north,16.13,12.29,standard,0,6.25,10.66,0.977,51.44,0,51.85,3
R014-15,E014,15,north,17.24,13.01,complex,0,6.25,11.45,0.529,64.45,1,64.46,3
R014-16,E014,16,north,21.45,14.74,standard,0,6.25,12.37,0.413,65.77,0,65.98,4
R014-17,E014,17,north,11.6,12.2,complex,2,6.25,10.26,0.637,63.98,0,64.49,5
R014-18,E014,18,north,23.46,13.13,standard,0,6.25,11.09,0.397,76.78,0,76.18,5
R014-19,E014,19,north,14.3,13.91,complex,1,6.25,11.59,0.779,66.23,0,65.42,5
R014-20,E014,20,north,22.4,17.26,standard,1,6.25,14.38,0.659,69.66,0,69.27,5
R014-21,E014,21,north,20.16,13.68,complex,0,6.25,12.04,0.866,66.79,0,67.51,5
R014-22,E014,22,north,24.18,12.48,complex,0,6.25,11.12,0.753,76.73,0,76.86,4
R014-23,E014,23,north,12.24,13.82,standard,0,6.25,10.63,0.764,54.09,0,53.84,3
R015-00,E015,0,east,4.43,9.17,standard,0,12.78,7.06,0.965,39.71,1,39.78,2
R015-01,E015,1,east,19.37,12.65,standard,0,12.78,11.87,0.682,48.37,0,49.28,5
R015-02,E015,2,east,8.29,11.05,standard,0,12.78,9.25,0.979,46.98,0,47.68,4
R015-03,E015,3,east,14.62,12.28,standard,0,12.78,10.2,0.471,54.32,0,54.73,3
R015-04,E015,4,east,21.65,15.35,standard,0,12.78,13.0,0.832,65.32,0,65.42,3
R015-05,E015,5,east,26.17,11.65,complex,0,12.78,9.07,0.625,70.54,0,70.8,5
R015-06,E015,6,east,18.7,11.83,complex,0,12.78,9.99,0.634,76.86,0,76.33,5
R015-07,E015,7,east,11.44,9.5,standard,3,12.78,6.5,0.941,51.51,0,51.14,4
R015-08,E015,8,east,15.4,9.11,standard,1,12.78,6.41,0.375,45.46,0,45.16,5
R015-09,E015,9,east,19.84,14.37,complex,0,12.78,12.78,0.808,76.46,0,76.26,5
R015-10,E015,10,east,13.35,12.53,complex,0,12.78,9.59,0.431,49.77,0,49.4,3
R015-11,E015,11,east,8.74,10.5,complex,2,12.78,9.04,0.795,57.82,0,57.41,3
R015-12,E015,12,east,19.64,11.35,standard,1,12.78,8.55,0.688,52.78,0,52.97,5
R015-13,E015,13,east,11.75,10.77,standard,0,12.78,9.15,0.678,47.82,0,47.63,4
R015-14,E015,14,east,10.97,9.14,standard,5,12.78,7.96,0.848,39.44,0,40.58,3
R015-15,E015,15,east,15.13,8.08,standard,0,12.78,7.46,0.704,48.72,0,48.61,4
R015-16,E015,16,east,19.34,11.31,standard,1,12.78,8.99,0.602,64.13,0,64.91,3
R015-17,E015,17,east,19.42,18.22,complex,1,12.78,15.03,0.572,67.04,1,66.23,4
R015-18,E015,18,east,14.69,14.48,complex,3,12.78,12.78,0.52,72.2,0,71.91,3
R015-19,E015,19,east,20.68,12.52,standard,1,12.78,10.13,0.482,49.32,1,48.96,3
R015-20,E015,20,east,7.37,9.22,complex,0,12.78,7.25,0.349,59.71,0,59.59,3
R015-21,E015,21,east,22.04,13.0,complex,0,12.78,11.15,0.52,61.74,0,62.13,4
R015-22,E015,22,east,15.03,13.18,complex,0,12.78,11.1,0.817,55.18,0,55.1,3
R015-23,E015,23,east,14.54,14.76,complex,0,12.78,11.43,,62.65,1,62.1,4
R016-00,E016,0,west,19.28,13.37,complex,1,2.3,11.52,0.55,64.58,0,64.29,4
R016-01,E016,1,west,23.08,14.15,complex,0,2.3,11.29,0.71,79.39,1,78.78,2
R016-02,E016,2,west,16.23,14.24,standard,0,2.3,11.96,0.728,51.68,0,51.14,5
R016-03,E016,3,west,10.28,10.69,complex,0,2.3,9.02,0.444,53.13,0,53.26,3
R016-04,E016,4,west,14.86,13.11,standard,0,2.3,11.49,0.363,47.41,1,47.7,4
R016-05,E016,5,west,18.92,12.54,standard,0,2.3,10.1,0.575,54.59,0,54.56,3
R016-06,E016,6,west,15.1,10.03,standard,1,2.3,8.15,0.558,43.76,0,43.96,4
R016-07,E016,7,west,17.55,9.42,complex,0,2.3,7.76,0.421,53.84,1,54.09,4
R016-08,E016,8,west,7.74,9.19,standard,4,2.3,7.91,0.322,37.19,0,36.44,5
R016-09,E016,9,west,17.04,12.34,standard,3,2.3,11.14,0.503,55.56,0,54.57,4
R016-10,E016,10,west,11.71,10.58,complex,0,2.3,8.06,0.694,41.11,0,41.2,5
R016-11,E016,11,west,15.03,14.25,standard,2,2.3,11.38,0.526,57.04,0,55.97,3
R016-12,E016,12,west,19.34,14.41,standard,0,2.3,12.98,0.585,55.07,0,55.7,3
R016-13,E016,13,west,27.52,18.36,standard,2,2.3,16.08,0.898,78.6,1,78.56,2
R016-14,E016,14,west,23.6,12.04,standard,4,2.3,10.35,0.829,68.11,1,67.84,2
R016-15,E016,15,west,19.87,10.61,standard,0,2.3,8.69,0.356,65.59,0,65.6,3
R016-16,E016,16,west,17.47,14.5,standard,1,2.3,11.94,0.913,63.64,0,63.76,4
R016-17,E016,17,west,21.72,16.0,complex,2,2.3,13.03,0.35,67.93,1,68.38,2
R016-18,E016,18,west,15.44,8.73,complex,0,2.3,7.85,0.711,55.47,1,55.2,3
R016-19,E016,19,west,25.84,13.69,complex,4,2.3,11.76,0.472,91.14,1,91.5,4
R016-20,E016,20,west,15.38,11.22,standard,0,2.3,9.77,,49.79,0,49.35,5
R016-21,E016,21,west,15.13,12.82,complex,0,2.3,10.8,,53.81,1,53.46,2
R016-22,E016,22,west,20.59,14.2,standard,0,2.3,12.73,0.328,55.14,0,55.15,3
R016-23,E016,23,west,17.43,12.07,complex,0,2.3,11.37,0.387,62.49,0,62.94,4
R017-00,E017,0,north,10.82,9.34,standard,1,11.53,8.57,0.608,38.46,0,38.23,5
R017-01,E017,1,north,27.24,15.19,standard,0,11.53,13.72,0.851,90.07,1,90.39,4
R017-02,E017,2,north,6.01,4.63,standard,0,11.53,2.64,0.43,24.76,0,25.54,3
R017-03,E017,3,north,6.57,8.27,standard,0,11.53,6.13,0.344,33.8,0,34.53,3
R017-04,E017,4,north,11.16,7.97,complex,0,11.53,6.25,0.882,50.49,1,50.55,2
R017-05,E017,5,north,19.38,12.8,complex,0,11.53,9.79,0.829,67.37,0,67.43,3
R017-06,E017,6,north,17.22,12.72,standard,3,11.53,9.89,0.951,53.98,1,53.28,2
R017-07,E017,7,north,25.13,16.36,standard,1,11.53,14.22,0.316,67.3,0,67.89,3
R017-08,E017,8,north,14.9,11.21,standard,2,11.53,10.59,0.919,45.63,0,45.72,3
R017-09,E017,9,north,15.26,9.11,complex,1,11.53,6.95,0.549,57.77,0,58.0,4
R017-10,E017,10,north,11.94,10.8,standard,0,11.53,10.34,0.456,39.54,0,39.7,3
R017-11,E017,11,north,24.84,15.08,standard,0,11.53,13.04,0.404,73.45,0,74.09,4
R017-12,E017,12,north,21.81,11.45,complex,0,11.53,8.75,0.622,62.15,0,63.16,4
R017-13,E017,13,north,19.11,14.86,standard,0,11.53,12.91,0.381,67.07,0,66.91,4
R017-14,E017,14,north,3.83,10.31,standard,2,11.53,9.45,0.574,37.24,0,36.77,3
R017-15,E017,15,north,22.57,13.39,standard,0,11.53,11.3,0.823,64.3,0,63.14,5
R017-16,E017,16,north,12.07,11.84,standard,1,11.53,9.37,0.792,42.98,0,42.65,4
R017-17,E017,17,north,18.42,15.77,complex,0,11.53,13.02,0.751,70.15,0,70.03,5
R017-18,E017,18,north,9.45,10.8,complex,4,11.53,10.16,0.478,50.82,1,49.88,4
R017-19,E017,19,north,12.54,10.08,complex,2,11.53,9.54,0.373,49.07,0,48.91,5
R017-20,E017,20,north,11.9,14.11,standard,0,11.53,11.59,0.65,49.19,0,48.9,3
R017-21,E017,21,north,18.88,12.44,complex,0,11.53,11.19,0.46,60.58,0,60.78,4
R017-22,E017,22,north,14.19,14.54,complex,2,11.53,10.85,0.449,62.56,0,62.97,3
R017-23,E017,23,north,17.69,10.18,complex,0,11.53,8.85,,57.07,0,57.86,4
R018-00,E018,0,east,23.07,12.92,complex,2,2.0,12.01,0.769,66.65,1,66.75,3
R018-01,E018,1,east,15.48,11.5,complex,2,2.0,9.86,0.902,54.66,1,54.26,4
R018-02,E018,2,east,13.52,13.36,standard,2,2.0,11.83,0.931,49.29,0,50.23,5
R018-03,E018,3,east,19.61,11.68,standard,0,2.0,10.37,0.361,53.7,0,53.96,5
R018-04,E018,4,east,23.21,16.29,complex,0,2.0,15.17,0.949,62.73,0,62.77,5
R018-05,E018,5,east,9.77,9.61,complex,0,2.0,8.29,0.424,43.0,0,43.17,4
R018-06,E018,6,east,16.72,10.61,standard,5,2.0,8.72,0.411,40.28,1,39.77,2
R018-07,E018,7,east,21.02,14.17,standard,2,2.0,12.48,0.633,58.22,1,57.43,3
R018-08,E018,8,east,14.63,13.77,standard,0,2.0,11.5,0.41,47.44,0,47.02,3
R018-09,E018,9,east,11.83,14.61,standard,2,2.0,11.93,0.845,41.3,0,41.67,5
R018-10,E018,10,east,18.87,11.92,complex,0,2.0,11.35,0.359,57.86,0,57.64,5
R018-11,E018,11,east,19.36,14.62,standard,0,2.0,12.28,0.413,52.12,1,51.0,3
R018-12,E018,12,east,16.29,9.47,standard,0,2.0,7.23,0.552,34.86,0,34.75,4
R018-13,E018,13,east,19.56,16.82,standard,2,2.0,14.7,0.505,57.59,0,58.12,5
R018-14,E018,14,east,15.37,8.83,standard,0,2.0,8.87,0.473,38.74,0,38.2,5
R018-15,E018,15,east,13.57,12.06,standard,2,2.0,11.4,0.373,51.09,1,50.85,2
R018-16,E018,16,east,9.0,11.3,standard,0,2.0,9.5,0.337,30.57,0,30.25,3
R018-17,E018,17,east,8.08,11.52,complex,1,2.0,10.43,0.843,51.57,0,51.9,5
R018-18,E018,18,east,25.54,13.85,complex,0,2.0,11.5,0.653,74.91,1,73.76,2
R018-19,E018,19,east,23.81,12.79,standard,0,2.0,10.23,0.64,51.82,0,52.4,4
R018-20,E018,20,east,22.22,12.25,complex,0,2.0,10.35,0.592,65.42,0,65.71,4
R018-21,E018,21,east,19.58,11.09,complex,0,2.0,10.46,0.768,52.13,0,52.0,3
R018-22,E018,22,east,25.82,14.37,standard,1,2.0,12.25,0.387,67.51,0,67.86,3
R018-23,E018,23,east,32.68,16.45,complex,0,2.0,13.75,0.731,104.18,1,105.26,2
R019-00,E019,0,west,20.55,14.64,standard,0,3.18,13.86,0.472,65.44,0,65.91,3
R019-01,E019,1,west,14.31,12.18,standard,1,3.18,10.6,0.538,36.33,1,36.51,2
R019-02,E019,2,west,20.46,15.26,standard,1,3.18,12.48,0.644,65.5,0,65.61,3
R019-03,E019,3,west,15.01,13.56,standard,0,3.18,11.23,0.873,48.07,0,47.79,5
R019-04,E019,4,west,17.92,12.57,standard,2,3.18,10.02,0.973,58.79,0,59.24,3
R019-05,E019,5,west,16.69,13.39,standard,0,3.18,10.61,0.339,61.89,0,62.13,4
R019-06,E019,6,west,15.66,11.96,standard,0,3.18,10.19,0.814,38.36,0,38.3,4
R019-07,E019,7,west,13.35,11.24,complex,0,3.18,9.97,0.673,65.86,0,66.12,3
R019-08,E019,8,west,16.21,9.94,standard,0,3.18,7.13,0.408,46.12,0,45.66,5
R019-09,E019,9,west,13.57,9.55,complex,4,3.18,7.64,0.454,51.93,0,51.7,5
R019-10,E019,10,west,33.23,16.93,standard,0,3.18,15.18,0.668,97.4,1,96.85,3
R019-11,E019,11,west,18.07,10.76,standard,2,3.18,9.69,0.535,49.48,0,49.1,5
R019-12,E019,12,west,10.53,11.62,complex,1,3.18,10.21,0.693,48.15,0,47.76,5
R019-13,E019,13,west,18.94,13.38,standard,0,3.18,11.68,0.535,55.21,1,55.11,4
R019-14,E019,14,west,21.11,16.34,standard,0,3.18,13.25,0.828,61.52,0,60.57,3
R019-15,E019,15,west,23.6,12.1,complex,0,3.18,10.53,0.636,55.4,0,55.71,3
R019-16,E019,16,west,21.59,13.41,standard,0,3.18,10.45,0.452,58.28,0,58.16,3
R019-17,E019,17,west,19.28,14.84,complex,0,3.18,13.59,0.482,54.37,0,55.38,3
R019-18,E019,18,west,23.47,14.29,standard,0,3.18,11.54,0.455,65.78,0,65.46,4
R019-19,E019,19,west,20.26,11.54,standard,1,3.18,9.98,0.487,49.0,0,48.62,3
R019-20,E019,20,west,15.87,11.55,standard,0,3.18,9.68,0.401,56.58,1,56.38,3
R019-21,E019,21,west,24.37,14.62,standard,3,3.18,12.78,,62.75,1,63.44,3
R019-22,E019,22,west,22.66,15.14,standard,3,3.18,12.41,,69.74,1,69.38,4
R019-23,E019,23,west,19.53,13.44,complex,2,3.18,10.08,0.647,62.67,0,62.85,3
R020-00,E020,0,north,8.95,12.69,complex,2,12.48,11.76,0.963,52.15,0,52.75,4
R020-01,E020,1,north,21.03,12.59,complex,0,12.48,11.18,0.56,64.02,0,64.68,3
R020-02,E020,2,north,0.66,8.91,standard,0,12.48,7.17,0.81,43.26,0,42.53,4
R020-03,E020,3,north,10.96,10.25,complex,0,12.48,8.8,0.361,58.15,0,58.61,5
R020-04,E020,4,north,18.66,13.33,complex,3,12.48,11.59,0.922,72.01,0,71.17,3
R020-05,E020,5,north,18.44,10.25,standard,0,12.48,9.91,0.485,54.98,0,54.55,3
R020-06,E020,6,north,16.4,12.02,standard,0,12.48,9.67,0.993,59.42,0,59.53,3
R020-07,E020,7,north,12.15,6.69,standard,0,12.48,5.81,0.554,42.04,0,41.9,5
R020-08,E020,8,north,12.85,11.04,standard,1,12.48,9.54,0.579,46.24,0,46.48,4
R020-09,E020,9,north,16.97,13.26,standard,1,12.48,11.22,0.404,56.01,0,56.19,5
R020-10,E020,10,north,8.95,9.86,complex,0,12.48,9.13,0.95,56.37,1,55.62,3
R020-11,E020,11,north,21.25,14.65,standard,0,12.48,13.67,0.649,64.13,0,64.95,4
R020-12,E020,12,north,18.42,10.36,complex,0,12.48,9.01,0.556,56.2,0,56.49,3
R020-13,E020,13,north,14.79,13.23,standard,0,12.48,11.19,0.518,51.23,0,51.59,4
R020-14,E020,14,north,17.69,10.89,complex,0,12.48,7.58,0.457,49.21,0,49.86,3
R020-15,E020,15,north,25.06,11.73,standard,0,12.48,10.06,0.959,60.29,0,60.94,3
R020-16,E020,16,north,21.15,12.79,standard,0,12.48,9.9,0.671,63.07,0,63.49,5
R020-17,E020,17,north,15.07,10.98,complex,0,12.48,9.65,0.846,63.41,0,63.68,4
R020-18,E020,18,north,16.83,12.78,standard,0,12.48,10.68,0.927,49.0,0,49.03,3
R020-19,E020,19,north,9.88,6.21,standard,0,12.48,4.78,0.457,39.12,0,39.38,4
R020-20,E020,20,north,13.03,11.85,standard,0,12.48,11.03,,53.74,0,53.52,3
R020-21,E020,21,north,21.79,17.88,standard,0,12.48,15.93,0.353,71.64,0,72.29,5
R020-22,E020,22,north,19.48,13.58,standard,0,12.48,11.19,0.446,76.09,0,76.05,5
R020-23,E020,23,north,9.21,11.01,complex,0,12.48,9.93,0.712,55.59,1,54.92,4
R021-00,E021,0,east,14.76,14.02,standard,0,2.78,13.04,0.414,51.53,0,50.98,4
R021-01,E021,1,east,13.37,12.97,standard,0,2.78,11.08,0.705,49.18,0,49.25,3
R021-02,E021,2,east,16.36,11.99,standard,1,2.78,11.27,0.428,50.22,0,50.99,5
R021-03,E021,3,east,16.4,15.12,standard,0,2.78,14.41,0.506,54.23,0,53.53,4
R021-04,E021,4,east,12.34,11.62,standard,0,2.78,10.11,0.984,46.86,0,46.8,4
R021-05,E021,5,east,16.34,9.76,standard,0,2.78,8.66,0.322,51.43,0,52.25,3
R021-06,E021,6,east,15.98,11.57,standard,2,2.78,9.99,0.853,45.97,1,45.35,4
R021-07,E021,7,east,24.5,16.95,standard,0,2.78,13.97,0.833,73.43,0,73.12,4
R021-08,E021,8,east,22.27,11.12,complex,0,2.78,8.74,0.773,64.36,0,64.89,4
R021-09,E021,9,east,17.84,14.86,complex,1,2.78,12.64,0.579,57.93,0,58.17,4
R021-10,E021,10,east,11.69,9.26,complex,0,2.78,7.98,0.556,54.74,0,55.45,4
R021-11,E021,11,east,18.74,11.85,standard,0,2.78,9.4,0.495,49.03,0,48.72,4
R021-12,E021,12,east,12.74,11.48,standard,0,2.78,9.87,0.673,47.83,0,48.07,3
R021-13,E021,13,east,14.79,10.28,standard,0,2.78,8.67,0.448,56.97,0,57.74,5
R021-14,E021,14,east,21.05,12.98,complex,0,2.78,11.02,0.406,79.22,0,78.89,3
R021-15,E021,15,east,23.82,12.67,standard,0,2.78,11.5,0.775,54.48,1,54.69,3
R021-16,E021,16,east,10.95,11.3,standard,0,2.78,10.3,0.337,37.69,0,37.84,5
R021-17,E021,17,east,13.13,13.62,standard,0,2.78,11.66,0.934,48.41,0,49.24,4
R021-18,E021,18,east,17.82,11.68,complex,0,2.78,8.79,0.408,62.47,0,62.9,4
R021-19,E021,19,east,21.18,11.89,standard,1,2.78,9.5,0.827,73.36,1,73.54,4
R021-20,E021,20,east,18.15,9.85,standard,0,2.78,9.54,0.51,45.16,0,45.48,3
R021-21,E021,21,east,11.02,9.77,standard,2,2.78,8.91,0.972,47.19,0,46.48,4
R021-22,E021,22,east,16.65,12.42,standard,0,2.78,9.67,0.368,47.54,1,47.67,2
R021-23,E021,23,east,17.82,10.52,standard,0,2.78,8.0,0.384,44.03,0,43.82,3
R022-00,E022,0,west,15.54,16.77,complex,0,8.97,12.19,0.57,59.81,0,59.56,5
R022-01,E022,1,west,8.7,11.92,standard,0,8.97,11.18,0.897,45.33,0,45.23,5
R022-02,E022,2,west,17.38,13.6,standard,3,8.97,12.99,0.768,52.9,1,53.2,3
R022-03,E022,3,west,15.59,12.19,standard,0,8.97,10.04,0.49,59.09,0,59.7,5
R022-04,E022,4,west,12.84,10.68,standard,0,8.97,9.77,0.334,34.41,0,34.28,5
R022-05,E022,5,west,14.65,16.61,standard,0,8.97,14.93,0.482,55.24,0,55.22,3
R022-06,E022,6,west,21.11,14.46,standard,0,8.97,11.9,0.522,58.17,1,57.88,2
R022-07,E022,7,west,14.26,11.02,standard,0,8.97,8.96,0.385,46.39,0,47.0,4
R022-08,E022,8,west,20.93,13.09,standard,0,8.97,10.52,0.775,61.2,0,60.89,5
R022-09,E022,9,west,16.25,14.48,standard,1,8.97,11.81,0.492,55.24,0,55.78,4
R022-10,E022,10,west,20.75,13.52,complex,0,8.97,11.38,0.399,76.92,0,75.71,4
R022-11,E022,11,west,18.04,12.96,standard,1,8.97,11.2,0.537,47.72,0,47.84,4
R022-12,E022,12,west,21.33,14.36,standard,1,8.97,11.37,0.485,52.57,0,52.14,4
R022-13,E022,13,west,27.43,14.56,complex,1,8.97,12.69,0.711,80.8,1,79.88,4
R022-14,E022,14,west,19.83,12.53,complex,4,8.97,9.87,0.669,66.64,1,66.82,3
R022-15,E022,15,west,25.24,11.43,complex,0,8.97,8.78,0.444,73.07,0,73.51,3
R022-16,E022,16,west,20.88,13.02,standard,0,8.97,10.36,0.99,60.59,0,59.52,5
R022-17,E022,17,west,21.71,18.33,standard,0,8.97,15.82,0.424,72.3,0,71.88,5
R022-18,E022,18,west,17.57,14.04,standard,0,8.97,12.23,0.586,61.27,0,60.72,5
R022-19,E022,19,west,16.55,13.5,complex,0,8.97,10.61,0.932,68.61,1,68.01,4
R022-20,E022,20,west,25.58,14.9,standard,0,8.97,12.45,0.362,76.86,1,77.09,3
R022-21,E022,21,west,17.95,12.72,standard,0,8.97,11.56,0.336,49.74,0,50.2,4
R022-22,E022,22,west,11.18,11.12,standard,1,8.97,8.63,,48.58,0,48.41,3
R022-23,E022,23,west,24.17,15.79,complex,0,8.97,13.36,0.556,74.67,1,74.77,4
R023-00,E023,0,north,14.67,14.58,standard,0,6.72,12.42,0.609,45.56,0,44.85,3
R023-01,E023,1,north,19.04,11.98,standard,0,6.72,10.86,0.557,65.17,0,65.37,3
R023-02,E023,2,north,30.89,19.01,complex,1,6.72,15.4,0.841,100.83,0,100.09,4
R023-03,E023,3,north,8.64,12.03,standard,1,6.72,10.3,0.52,43.95,0,44.33,4
R023-04,E023,4,north,7.13,8.25,standard,0,6.72,7.04,0.716,33.07,0,32.62,5
R023-05,E023,5,north,18.38,11.81,complex,1,6.72,10.54,0.944,66.29,0,66.53,3
R023-06,E023,6,north,15.85,10.38,standard,0,6.72,8.07,0.966,37.12,0,37.27,4
R023-07,E023,7,north,5.7,9.15,standard,0,6.72,6.8,0.532,27.05,0,27.47,5
R023-08,E023,8,north,13.87,10.95,complex,0,6.72,8.51,0.625,59.78,0,59.28,3
R023-09,E023,9,north,21.57,12.35,complex,0,6.72,11.15,0.946,58.63,0,58.56,4
R023-10,E023,10,north,14.89,12.83,standard,6,6.72,9.95,0.909,45.73,0,45.15,3
R023-11,E023,11,north,14.97,10.92,standard,1,6.72,9.6,0.942,45.24,0,45.79,4
R023-12,E023,12,north,18.07,13.38,complex,2,6.72,11.27,0.628,64.67,0,65.26,3
R023-13,E023,13,north,20.24,13.12,complex,0,6.72,10.38,0.539,63.53,0,63.3,4
R023-14,E023,14,north,18.52,11.52,standard,1,6.72,9.69,0.755,62.26,0,61.92,5
R023-15,E023,15,north,16.37,10.02,complex,1,6.72,8.01,0.606,57.76,0,58.45,3
R023-16,E023,16,north,22.49,19.61,standard,0,6.72,16.85,0.999,74.29,1,74.58,3
R023-17,E023,17,north,29.22,15.0,standard,2,6.72,11.44,0.309,79.84,0,79.62,5
R023-18,E023,18,north,20.99,13.71,standard,0,6.72,11.09,0.491,53.28,0,52.78,3
R023-19,E023,19,north,18.29,14.21,complex,1,6.72,11.12,0.612,58.72,0,58.84,3
R023-20,E023,20,north,20.15,12.33,complex,0,6.72,9.58,0.999,63.3,0,64.01,5
R023-21,E023,21,north,15.98,13.42,complex,4,6.72,11.61,,59.0,1,60.19,3
R023-22,E023,22,north,33.0,15.63,complex,0,6.72,13.77,0.75,97.0,0,97.57,5
R023-23,E023,23,north,17.78,14.32,complex,3,6.72,12.6,0.367,60.33,1,59.86,2
R024-00,E024,0,east,15.73,14.65,standard,0,10.15,11.63,0.592,53.08,1,52.48,2
R024-01,E024,1,east,13.21,7.92,standard,2,10.15,6.09,0.574,35.12,0,33.94,3
R024-02,E024,2,east,5.53,11.41,complex,0,10.15,10.42,0.538,49.0,0,49.97,4
R024-03,E024,3,east,17.11,13.56,complex,0,10.15,11.09,0.374,56.79,0,57.31,5
R024-04,E024,4,east,7.55,11.87,standard,1,10.15,9.36,0.644,41.68,0,41.05,3
R024-05,E024,5,east,21.04,12.35,complex,3,10.15,10.27,0.805,77.7,1,78.33,2
R024-06,E024,6,east,11.85,12.06,standard,0,10.15,9.26,0.604,52.25,0,51.39,5
R024-07,E024,7,east,17.97,12.23,standard,0,10.15,10.3,0.725,62.26,0,61.61,4
R024-08,E024,8,east,19.9,17.61,complex,0,10.15,15.17,0.974,79.54,0,79.76,4
R024-09,E024,9,east,20.15,15.26,standard,0,10.15,13.61,0.589,58.49,0,57.82,5
R024-10,E024,10,east,8.99,9.17,standard,0,10.15,7.81,0.667,35.16,0,35.22,5
R024-11,E024,11,east,14.54,8.88,standard,0,10.15,8.21,0.963,43.91,0,43.95,4
R024-12,E024,12,east,10.78,8.51,complex,0,10.15,7.02,0.725,39.48,1,39.23,4
R024-13,E024,13,east,12.59,9.31,standard,1,10.15,8.29,0.432,47.1,0,47.5,3
R024-14,E024,14,east,12.88,9.21,standard,0,10.15,7.61,0.828,38.66,0,40.03,3
R024-15,E024,15,east,12.92,9.33,standard,0,10.15,7.94,0.915,34.54,0,35.29,3
R024-16,E024,16,east,17.07,11.8,standard,0,10.15,11.01,0.853,43.63,0,44.12,5
R024-17,E024,17,east,21.35,14.1,complex,0,10.15,12.04,0.33,72.68,0,72.69,5
R024-18,E024,18,east,25.68,16.82,complex,0,10.15,14.02,0.496,80.64,0,80.29,4
R024-19,E024,19,east,18.03,13.32,standard,1,10.15,10.56,0.558,53.27,0,52.43,4
R024-20,E024,20,east,20.1,13.02,complex,0,10.15,11.93,0.374,56.63,0,56.9,5
R024-21,E024,21,east,20.78,11.25,complex,1,10.15,9.41,0.571,67.42,1,67.03,4
R024-22,E024,22,east,19.25,11.07,complex,0,10.15,8.44,0.385,64.23,0,64.7,5
R024-23,E024,23,east,20.12,9.19,complex,0,10.15,7.43,0.904,70.63,0,70.78,3
R025-00,E025,0,west,16.31,11.2,standard,0,13.48,8.91,0.485,44.46,0,43.57,4
R025-01,E025,1,west,19.99,14.03,standard,0,13.48,11.17,0.555,64.0,0,63.98,3
R025-02,E025,2,west,11.13,12.8,standard,5,13.48,10.81,0.457,37.1,1,37.24,4
R025-03,E025,3,west,11.39,13.09,standard,1,13.48,11.57,0.601,43.58,0,44.42,5
R025-04,E025,4,west,27.1,13.5,complex,0,13.48,12.34,0.327,73.73,1,74.45,4
R025-05,E025,5,west,20.57,18.26,complex,0,13.48,14.96,0.695,76.55,0,77.26,3
R025-06,E025,6,west,24.83,13.25,standard,1,13.48,11.86,0.979,61.09,1,60.95,4
R025-07,E025,7,west,17.35,9.9,complex,0,13.48,7.28,0.728,50.35,0,50.31,3
R025-08,E025,8,west,16.21,10.22,complex,0,13.48,8.47,0.888,47.81,0,46.74,4
R025-09,E025,9,west,26.05,12.22,standard,4,13.48,10.63,0.528,60.11,1,59.94,2
R025-10,E025,10,west,21.14,12.3,standard,1,13.48,10.96,0.438,52.24,0,52.49,4
R025-11,E025,11,west,11.72,10.71,standard,0,13.48,8.26,0.986,39.76,0,39.13,3
R025-12,E025,12,west,13.27,13.36,complex,2,13.48,12.04,0.614,46.41,0,45.61,3
R025-13,E025,13,west,21.52,9.86,standard,0,13.48,7.5,0.926,39.53,0,39.63,5
R025-14,E025,14,west,18.03,9.85,complex,0,13.48,8.42,0.727,58.29,0,57.95,3
R025-15,E025,15,west,12.91,8.1,standard,0,13.48,6.72,0.392,37.87,0,38.3,3
R025-16,E025,16,west,12.03,11.91,complex,0,13.48,10.56,0.645,48.31,1,47.85,2
R025-17,E025,17,west,28.68,14.27,complex,1,13.48,12.86,0.705,86.32,1,86.51,3
R025-18,E025,18,west,28.51,13.53,complex,2,13.48,10.53,0.343,89.89,0,89.69,4
R025-19,E025,19,west,21.16,14.79,standard,3,13.48,12.14,0.703,63.92,0,64.09,3
R025-20,E025,20,west,23.7,13.27,complex,1,13.48,11.64,0.749,69.84,1,70.78,4
R025-21,E025,21,west,23.47,14.73,complex,3,13.48,12.64,,78.42,0,78.47,3
R025-22,E025,22,west,15.32,12.04,standard,2,13.48,9.82,0.641,43.17,0,43.22,3
R025-23,E025,23,west,13.29,13.38,complex,0,13.48,10.66,0.819,52.02,0,52.12,4
R026-00,E026,0,north,10.11,10.59,complex,1,11.35,9.33,0.345,59.15,0,58.55,4
R026-01,E026,1,north,16.77,16.24,standard,0,11.35,13.79,0.968,61.42,0,60.97,5
R026-02,E026,2,north,16.2,12.4,standard,0,11.35,10.69,0.903,44.1,0,44.23,3
R026-03,E026,3,north,7.89,8.64,standard,2,11.35,6.86,0.521,41.1,0,40.64,3
R026-04,E026,4,north,19.42,9.88,complex,0,11.35,7.88,0.595,52.71,0,52.19,5
R026-05,E026,5,north,23.33,10.25,complex,0,11.35,8.24,0.949,70.51,0,70.12,3
R026-06,E026,6,north,8.25,10.1,standard,2,11.35,7.62,0.63,36.6,0,36.98,3
R026-07,E026,7,north,22.79,14.17,standard,2,11.35,12.64,0.477,70.04,1,70.62,2
R026-08,E026,8,north,18.92,14.05,standard,3,11.35,12.49,0.967,57.01,0,56.81,3
R026-09,E026,9,north,8.84,6.67,standard,0,11.35,6.0,0.408,33.02,0,32.83,5
R026-10,E026,10,north,22.11,12.93,standard,0,11.35,11.91,0.968,58.27,0,58.74,4
R026-11,E026,11,north,14.98,13.98,complex,0,11.35,11.48,0.635,54.51,0,54.09,5
R026-12,E026,12,north,23.45,17.14,complex,1,11.35,13.64,0.602,81.33,1,81.87,4
R026-13,E026,13,north,9.4,10.67,standard,0,11.35,9.2,0.416,42.4,0,41.24,3
R026-14,E026,14,north,15.3,14.67,standard,0,11.35,12.55,0.373,52.59,0,53.49,4
R026-15,E026,15,north,12.28,11.81,complex,0,11.35,9.75,0.77,54.27,0,53.69,5
R026-16,E026,16,north,18.47,10.75,standard,0,11.35,9.88,0.586,52.84,0,52.98,3
R026-17,E026,17,north,12.11,12.99,standard,0,11.35,11.08,0.966,41.45,0,40.75,3
R026-18,E026,18,north,16.06,10.96,standard,0,11.35,8.4,0.688,43.39,0,43.31,5
R026-19,E026,19,north,21.16,14.62,standard,0,11.35,13.12,0.318,54.91,0,55.42,3
R026-20,E026,20,north,22.92,13.31,standard,0,11.35,12.09,,63.92,0,64.08,4
R026-21,E026,21,north,20.51,15.4,complex,0,11.35,13.43,0.308,75.07,0,75.33,4
R026-22,E026,22,north,19.56,11.16,complex,0,11.35,9.38,,66.75,0,67.41,5
R026-23,E026,23,north,15.58,11.0,complex,0,11.35,8.99,0.533,60.52,0,60.22,5
R027-00,E027,0,east,10.61,9.12,standard,0,2.7,7.6,0.579,35.73,0,37.09,5
R027-01,E027,1,east,11.35,11.13,complex,2,2.7,9.93,0.485,56.78,1,56.53,2
R027-02,E027,2,east,11.13,10.79,complex,0,2.7,9.21,0.782,50.16,0,50.63,3
R027-03,E027,3,east,11.77,11.11,standard,0,2.7,9.47,0.745,45.68,0,46.08,3
R027-04,E027,4,east,11.74,7.45,complex,2,2.7,5.69,0.857,46.04,0,46.67,5
R027-05,E027,5,east,12.5,11.04,complex,1,2.7,9.11,0.617,52.37,0,52.37,4
R027-06,E027,6,east,12.15,10.11,standard,0,2.7,9.4,0.534,40.05,1,40.31,3
R027-07,E027,7,east,15.02,11.5,standard,1,2.7,10.23,0.803,58.04,0,58.62,4
R027-08,E027,8,east,16.4,13.69,standard,2,2.7,11.8,0.421,47.19,0,46.81,5
R027-09,E027,9,east,22.05,15.53,standard,0,2.7,13.95,0.895,55.68,0,55.37,3
R027-10,E027,10,east,17.29,11.26,standard,0,2.7,9.64,0.347,49.38,0,49.78,3
R027-11,E027,11,east,15.54,12.23,standard,0,2.7,10.88,0.813,41.61,0,41.38,5
R027-12,E027,12,east,21.31,14.9,standard,0,2.7,13.05,0.874,64.28,0,64.23,4
R027-13,E027,13,east,9.97,8.19,standard,0,2.7,8.31,0.717,38.53,0,38.83,3
R027-14,E027,14,east,19.7,11.55,standard,3,2.7,9.34,0.766,51.19,0,50.93,5
R027-15,E027,15,east,15.15,14.13,standard,2,2.7,11.34,0.835,46.89,0,47.86,5
R027-16,E027,16,east,20.98,12.64,standard,2,2.7,10.79,0.551,53.68,0,53.66,5
R027-17,E027,17,east,22.38,11.65,standard,0,2.7,10.47,0.787,72.97,0,71.7,5
R027-18,E027,18,east,15.72,13.34,complex,0,2.7,11.05,0.975,58.44,0,59.01,4
R027-19,E027,19,east,21.54,12.12,standard,1,2.7,9.62,0.968,65.74,1,65.54,2
R027-20,E027,20,east,18.91,9.47,complex,0,2.7,7.78,0.857,60.69,0,60.44,5
R027-21,E027,21,east,21.95,13.35,complex,0,2.7,11.41,0.834,59.23,1,59.59,4
R027-22,E027,22,east,17.74,12.05,standard,0,2.7,9.67,0.381,54.58,1,53.8,2
R027-23,E027,23,east,14.8,13.16,complex,1,2.7,10.95,0.869,58.56,0,58.1,3
R028-00,E028,0,west,8.6,10.09,complex,0,9.1,7.6,0.387,53.2,0,52.75,3
R028-01,E028,1,west,19.63,12.37,complex,0,9.1,10.07,0.676,59.07,0,59.41,4
R028-02,E028,2,west,21.0,10.76,standard,0,9.1,9.5,0.448,51.58,0,51.34,5
R028-03,E028,3,west,18.95,14.33,complex,0,9.1,11.3,0.56,49.62,0,50.33,3
R028-04,E028,4,west,19.57,12.73,standard,1,9.1,10.1,0.687,61.59,1,61.28,4
R028-05,E028,5,west,17.88,9.88,complex,1,9.1,7.43,0.554,46.72,0,45.75,3
R028-06,E028,6,west,18.14,14.23,standard,1,9.1,10.95,0.838,52.99,0,53.78,3
R028-07,E028,7,west,16.35,13.69,complex,1,9.1,10.31,0.345,72.5,0,72.4,4
R028-08,E028,8,west,16.49,7.1,complex,1,9.1,6.34,0.458,50.22,0,50.38,3
R028-09,E028,9,west,19.76,9.77,standard,0,9.1,8.7,0.932,49.89,0,49.94,5
R028-10,E028,10,west,23.51,13.26,complex,2,9.1,10.98,0.355,65.09,1,64.7,3
R028-11,E028,11,west,14.62,12.45,complex,0,9.1,10.55,0.475,50.62,0,50.94,3
R028-12,E028,12,west,19.21,13.75,standard,0,9.1,12.19,0.631,54.08,0,53.55,3
R028-13,E028,13,west,17.79,9.83,standard,0,9.1,9.41,0.931,48.61,1,48.53,2
R028-14,E028,14,west,18.27,10.03,standard,1,9.1,7.36,0.336,42.87,1,42.92,2
R028-15,E028,15,west,29.35,15.52,standard,1,9.1,14.27,0.623,76.86,0,77.73,5
R028-16,E028,16,west,8.94,12.02,complex,0,9.1,11.07,0.499,57.37,0,57.34,5
R028-17,E028,17,west,21.63,14.59,complex,2,9.1,11.45,0.342,74.88,0,76.11,3
R028-18,E028,18,west,6.49,6.04,standard,0,9.1,5.28,0.565,37.13,0,36.75,4
R028-19,E028,19,west,20.83,12.52,standard,0,9.1,10.86,0.697,49.68,0,49.6,3
R028-20,E028,20,west,15.35,12.17,complex,0,9.1,9.63,0.996,52.62,1,52.68,2
R028-21,E028,21,west,27.76,15.6,complex,0,9.1,12.51,0.325,77.56,1,76.86,2
R028-22,E028,22,west,20.03,12.26,complex,4,9.1,10.1,0.553,65.04,1,65.91,3
R028-23,E028,23,west,23.76,15.4,standard,0,9.1,13.42,0.41,68.75,1,69.09,3
R029-00,E029,0,north,16.55,12.91,complex,1,1.06,11.12,0.834,69.44,0,69.02,5
R029-01,E029,1,north,15.84,12.75,complex,0,1.06,11.67,0.9,51.44,0,51.93,4
R029-02,E029,2,north,14.3,11.92,standard,0,1.06,11.26,0.928,44.24,0,44.61,4
R029-03,E029,3,north,9.8,11.53,standard,0,1.06,9.7,0.847,37.47,0,38.59,5
R029-04,E029,4,north,15.11,8.99,complex,0,1.06,8.31,0.933,48.37,0,49.03,4
R029-05,E029,5,north,5.9,9.53,complex,0,1.06,7.84,0.687,48.91,0,48.38,3
R029-06,E029,6,north,19.59,11.53,complex,0,1.06,9.03,0.405,63.11,0,63.72,5
R029-07,E029,7,north,17.66,12.94,standard,1,1.06,11.57,0.884,64.44,0,64.91,3
R029-08,E029,8,north,22.22,16.03,complex,0,1.06,14.04,0.626,86.58,0,86.26,3
R029-09,E029,9,north,20.32,10.58,standard,1,1.06,8.8,0.561,61.65,0,61.04,5
R029-10,E029,10,north,13.82,14.54,standard,1,1.06,11.87,0.517,49.64,0,48.74,4
R029-11,E029,11,north,24.19,16.76,standard,0,1.06,12.96,0.536,79.81,0,79.83,3
R029-12,E029,12,north,13.31,14.19,standard,0,1.06,12.34,0.546,52.8,0,52.43,5
R029-13,E029,13,north,14.56,12.38,standard,0,1.06,10.4,0.72,36.73,0,37.77,4
R029-14,E029,14,north,20.52,12.25,complex,0,1.06,11.1,0.639,68.72,0,69.39,3
R029-15,E029,15,north,16.02,10.32,standard,0,1.06,7.62,0.819,57.2,0,57.75,3
R029-16,E029,16,north,26.84,16.2,complex,0,1.06,14.23,0.532,79.17,1,78.94,2
R029-17,E029,17,north,15.7,10.61,standard,1,1.06,9.25,0.312,52.67,0,52.94,5
R029-18,E029,18,north,10.81,12.67,complex,1,1.06,11.05,0.882,57.98,0,58.64,5
R029-19,E029,19,north,19.55,12.66,standard,3,1.06,10.18,0.972,54.95,0,55.11,3
R029-20,E029,20,north,14.21,12.79,standard,4,1.06,11.57,0.884,45.72,0,46.03,5
R029-21,E029,21,north,17.76,12.44,complex,3,1.06,11.76,,53.09,0,53.35,4
R029-22,E029,22,north,19.72,13.32,standard,0,1.06,11.46,0.519,56.76,0,56.78,3
R029-23,E029,23,north,15.75,12.13,standard,0,1.06,11.56,0.773,53.27,0,52.58,3
R030-00,E030,0,east,14.25,11.82,complex,1,13.46,9.4,0.975,56.45,0,56.96,3
R030-01,E030,1,east,10.41,12.62,standard,2,13.46,10.41,0.73,50.66,1,50.65,4
R030-02,E030,2,east,18.53,13.64,standard,1,13.46,11.35,0.54,53.97,0,54.56,3
R030-03,E030,3,east,18.57,11.27,standard,0,13.46,9.54,0.511,61.62,0,61.25,4
R030-04,E030,4,east,0.71,12.34,standard,0,13.46,11.45,0.468,51.19,0,51.51,5
R030-05,E030,5,east,15.33,9.76,complex,0,13.46,7.53,0.644,57.69,0,57.42,4
R030-06,E030,6,east,13.18,10.81,standard,0,13.46,8.61,0.926,54.9,0,53.66,3
R030-07,E030,7,east,19.48,10.83,standard,0,13.46,8.67,0.855,53.93,0,52.98,3
R030-08,E030,8,east,13.2,10.9,standard,1,13.46,8.55,0.935,52.14,0,51.86,3
R030-09,E030,9,east,12.7,11.35,standard,0,13.46,10.26,0.662,50.1,0,50.97,3
R030-10,E030,10,east,17.54,9.57,complex,1,13.46,8.65,0.638,70.11,0,69.74,4
R030-11,E030,11,east,7.92,10.7,complex,2,13.46,9.64,0.783,49.09,0,49.85,3
R030-12,E030,12,east,9.47,11.44,standard,0,13.46,9.48,0.394,44.24,0,44.35,3
R030-13,E030,13,east,17.1,13.37,complex,0,13.46,11.48,0.371,60.35,0,60.32,4
R030-14,E030,14,east,19.47,15.32,standard,0,13.46,13.54,0.843,57.07,0,56.89,5
R030-15,E030,15,east,11.56,8.27,standard,1,13.46,7.01,0.755,41.46,0,41.63,3
R030-16,E030,16,east,11.52,12.88,complex,3,13.46,11.79,0.5,59.73,0,59.07,5
R030-17,E030,17,east,16.57,11.79,complex,2,13.46,9.79,0.905,62.12,0,62.49,3
R030-18,E030,18,east,16.66,12.27,standard,1,13.46,11.69,0.618,55.23,0,54.23,3
R030-19,E030,19,east,18.48,14.04,standard,0,13.46,12.37,0.516,69.02,0,69.47,5
R030-20,E030,20,east,16.42,12.2,complex,0,13.46,10.27,,60.37,1,60.33,2
R030-21,E030,21,east,17.3,11.91,complex,3,13.46,10.48,0.733,67.19,1,66.25,2
R030-22,E030,22,east,21.54,13.87,standard,0,13.46,12.09,0.927,71.38,1,71.29,3
R030-23,E030,23,east,16.5,10.33,standard,0,13.46,9.25,0.715,50.48,0,50.9,5
R031-00,E031,0,west,10.28,8.75,complex,1,9.15,7.0,0.701,52.43,0,53.19,5
R031-01,E031,1,west,11.19,11.59,complex,0,9.15,9.49,0.911,55.74,0,54.57,5
R031-02,E031,2,west,20.12,13.3,complex,1,9.15,11.24,0.332,71.88,1,71.49,2
R031-03,E031,3,west,9.43,15.57,standard,0,9.15,13.5,0.507,52.65,0,51.93,5
R031-04,E031,4,west,28.69,12.98,standard,1,9.15,11.21,0.405,83.17,0,83.45,4
R031-05,E031,5,west,20.3,13.0,standard,0,9.15,10.72,0.629,59.47,0,58.69,4
R031-06,E031,6,west,22.53,14.45,standard,1,9.15,12.52,0.396,71.56,0,71.37,5
R031-07,E031,7,west,28.55,13.55,standard,0,9.15,11.87,0.545,74.78,0,75.38,4
R031-08,E031,8,west,10.85,9.58,standard,0,9.15,7.53,0.845,49.89,0,49.01,5
R031-09,E031,9,west,20.77,13.36,standard,0,9.15,11.98,0.624,63.33,0,62.92,3
R031-10,E031,10,west,15.67,11.67,complex,0,9.15,9.7,0.984,53.39,0,53.36,3
R031-11,E031,11,west,22.18,15.77,standard,1,9.15,13.68,0.529,67.32,0,67.72,3
R031-12,E031,12,west,10.05,9.81,standard,1,9.15,8.92,0.492,40.56,0,40.48,4
R031-13,E031,13,west,12.58,9.93,complex,0,9.15,9.6,0.733,51.44,0,51.66,5
R031-14,E031,14,west,24.36,13.94,complex,0,9.15,12.19,0.932,69.94,0,69.68,5
R031-15,E031,15,west,18.28,10.9,complex,0,9.15,8.46,0.564,56.5,0,57.16,4
R031-16,E031,16,west,18.13,13.67,standard,4,9.15,10.68,0.353,55.73,0,55.18,3
R031-17,E031,17,west,27.88,16.11,standard,1,9.15,13.91,0.758,83.43,0,83.02,3
R031-18,E031,18,west,21.7,16.52,complex,0,9.15,12.9,0.61,73.09,1,73.82,4
R031-19,E031,19,west,24.72,13.62,complex,0,9.15,11.08,0.684,77.13,0,77.2,4
R031-20,E031,20,west,18.19,17.54,complex,3,9.15,16.02,0.633,78.63,1,78.61,2
R031-21,E031,21,west,26.2,10.26,complex,0,9.15,10.53,,70.56,1,70.27,2
R031-22,E031,22,west,27.62,16.01,complex,0,9.15,13.33,0.962,95.59,0,95.72,5
R031-23,E031,23,west,28.59,17.11,complex,0,9.15,14.83,0.493,87.85,1,88.24,4
R032-00,E032,0,north,23.59,12.45,standard,1,5.62,10.4,0.364,57.22,0,57.48,3
R032-01,E032,1,north,15.64,14.66,standard,1,5.62,13.77,0.607,47.22,0,46.66,4
R032-02,E032,2,north,20.5,11.74,standard,1,5.62,9.94,0.42,54.51,0,53.68,5
R032-03,E032,3,north,19.79,15.56,standard,0,5.62,13.74,0.767,55.46,0,56.25,5
R032-04,E032,4,north,9.89,10.36,standard,0,5.62,8.41,0.574,43.42,0,43.67,3
R032-05,E032,5,north,23.89,16.35,standard,0,5.62,14.13,0.808,66.93,1,66.52,2
R032-06,E032,6,north,15.62,9.32,standard,1,5.62,8.25,0.582,38.27,0,37.69,3
R032-07,E032,7,north,9.95,9.77,standard,3,5.62,7.98,0.729,42.97,0,42.83,5
R032-08,E032,8,north,16.11,8.86,standard,1,5.62,7.5,0.675,46.3,0,46.24,4
R032-09,E032,9,north,16.58,14.63,standard,4,5.62,13.02,0.545,44.82,1,44.83,4
R032-10,E032,10,north,10.44,14.41,standard,1,5.62,13.05,0.518,45.67,0,46.17,5
R032-11,E032,11,north,21.72,12.12,standard,0,5.62,10.43,0.955,57.1,0,56.67,5
R032-12,E032,12,north,21.5,15.92,standard,0,5.62,13.36,0.713,54.33,0,54.1,3
R032-13,E032,13,north,17.8,9.54,standard,2,5.62,6.93,0.487,53.76,1,51.9,2
R032-14,E032,14,north,9.44,7.02,complex,0,5.62,5.52,0.733,45.43,0,45.39,4
R032-15,E032,15,north,19.31,9.81,complex,0,5.62,9.07,0.432,52.9,0,53.09,4
R032-16,E032,16,north,14.76,12.78,standard,0,5.62,12.1,0.995,46.71,1,45.82,2
R032-17,E032,17,north,23.62,14.72,complex,0,5.62,11.87,0.587,72.44,1,72.11,3
R032-18,E032,18,north,16.33,13.59,standard,0,5.62,12.06,0.422,49.04,0,49.39,3
R032-19,E032,19,north,18.67,17.4,complex,2,5.62,15.34,0.306,60.15,0,59.6,3
R032-20,E032,20,north,30.43,18.44,complex,1,5.62,14.66,0.42,91.77,0,91.07,3
R032-21,E032,21,north,15.59,14.78,complex,0,5.62,12.01,0.391,54.92,1,54.47,3
R032-22,E032,22,north,22.04,18.09,complex,0,5.62,14.86,0.901,78.81,1,79.48,4
R032-23,E032,23,north,15.82,12.45,standard,0,5.62,10.23,0.631,53.98,0,54.37,5
R033-00,E033,0,east,17.53,11.09,standard,0,7.89,9.14,0.56,43.52,0,42.75,4
R033-01,E033,1,east,17.48,11.09,complex,0,7.89,9.21,0.579,55.64,0,55.02,4
R033-02,E033,2,east,18.9,12.79,complex,0,7.89,11.11,0.727,73.48,0,73.04,5
R033-03,E033,3,east,11.45,9.61,complex,0,7.89,7.99,0.721,47.7,0,47.81,4
R033-04,E033,4,east,9.55,11.56,standard,0,7.89,8.78,0.546,38.43,0,38.27,4
R033-05,E033,5,east,8.38,12.93,complex,1,7.89,11.13,0.622,48.93,0,49.17,5
R033-06,E033,6,east,11.34,15.64,standard,0,7.89,12.36,0.763,57.71,0,56.82,5
R033-07,E033,7,east,9.19,7.44,standard,1,7.89,4.5,0.538,31.66,0,31.15,3
R033-08,E033,8,east,4.29,10.75,standard,1,7.89,9.29,0.873,37.95,0,37.61,4
R033-09,E033,9,east,15.82,12.95,complex,2,7.89,12.09,0.657,48.14,0,48.57,5
R033-10,E033,10,east,15.34,11.9,complex,2,7.89,8.89,0.327,53.08,0,52.86,5
R033-11,E033,11,east,14.85,11.12,complex,1,7.89,9.25,0.904,43.51,1,43.08,4
R033-12,E033,12,east,12.61,12.67,complex,2,7.89,9.88,0.995,49.55,0,49.0,4
R033-13,E033,13,east,17.43,13.58,complex,0,7.89,10.49,0.386,64.39,0,63.91,5
R033-14,E033,14,east,14.72,13.28,complex,0,7.89,10.95,0.56,50.82,0,51.03,3
R033-15,E033,15,east,17.64,13.91,standard,0,7.89,12.85,0.334,57.77,0,57.63,5
R033-16,E033,16,east,23.44,11.44,complex,0,7.89,9.02,0.463,69.28,0,69.79,3
R033-17,E033,17,east,23.3,14.72,complex,3,7.89,11.81,0.311,69.59,0,70.01,4
R033-18,E033,18,east,28.13,14.12,standard,1,7.89,12.84,0.65,74.03,0,74.47,4
R033-19,E033,19,east,26.06,17.69,complex,0,7.89,15.5,0.872,90.11,1,90.11,2
R033-20,E033,20,east,22.37,13.05,complex,0,7.89,10.42,0.905,69.38,0,70.41,4
R033-21,E033,21,east,20.27,11.54,complex,2,7.89,10.5,0.481,70.93,0,70.99,4
R033-22,E033,22,east,21.08,13.04,complex,0,7.89,10.42,0.306,69.22,0,68.71,3
R033-23,E033,23,east,15.8,10.11,complex,1,7.89,8.78,0.7,54.86,0,54.07,4
R034-00,E034,0,west,22.11,12.64,standard,0,7.66,10.77,0.687,54.89,0,54.39,4
R034-01,E034,1,west,13.14,13.71,complex,0,7.66,11.52,0.363,55.87,1,54.75,2
R034-02,E034,2,west,15.36,14.61,standard,0,7.66,12.39,0.434,44.52,1,45.23,2
R034-03,E034,3,west,25.0,17.36,standard,0,7.66,14.56,0.611,66.47,0,66.01,3
R034-04,E034,4,west,20.05,12.28,standard,1,7.66,10.1,0.534,43.91,0,43.6,3
R034-05,E034,5,west,19.88,14.3,standard,0,7.66,12.03,0.422,55.7,0,56.13,5
R034-06,E034,6,west,22.4,14.67,complex,1,7.66,12.67,0.689,79.3,0,79.02,4
R034-07,E034,7,west,20.32,12.73,standard,1,7.66,10.84,0.515,52.27,0,51.31,4
R034-08,E034,8,west,15.44,12.34,complex,0,7.66,10.85,0.378,58.74,1,58.47,2
R034-09,E034,9,west,24.06,15.12,standard,0,7.66,13.75,0.946,75.5,0,76.06,5
R034-10,E034,10,west,20.31,10.24,complex,0,7.66,9.27,0.732,60.69,0,59.97,5
R034-11,E034,11,west,20.61,13.21,complex,0,7.66,11.09,0.835,66.73,0,66.76,3
R034-12,E034,12,west,14.0,12.07,standard,0,7.66,10.94,0.451,38.93,0,38.2,4
R034-13,E034,13,west,20.4,9.92,complex,0,7.66,7.49,0.597,68.25,0,68.73,5
R034-14,E034,14,west,19.74,15.09,standard,0,7.66,13.08,0.932,58.63,0,58.04,3
R034-15,E034,15,west,20.84,13.64,complex,4,7.66,12.8,0.495,67.29,0,67.35,3
R034-16,E034,16,west,24.21,14.54,standard,0,7.66,11.48,0.647,59.43,0,59.49,5
R034-17,E034,17,west,22.74,15.6,complex,0,7.66,12.58,0.319,69.84,0,70.15,4
R034-18,E034,18,west,27.19,14.54,complex,0,7.66,11.67,0.331,83.85,1,83.89,2
R034-19,E034,19,west,17.99,12.31,standard,2,7.66,9.8,0.597,45.25,0,45.12,4
R034-20,E034,20,west,21.59,11.84,standard,2,7.66,10.99,0.576,49.63,0,49.97,3
R034-21,E034,21,west,23.9,14.83,standard,0,7.66,12.13,0.437,67.51,0,67.27,5
R034-22,E034,22,west,27.51,14.94,standard,0,7.66,12.3,0.997,79.17,0,78.95,3
R034-23,E034,23,west,18.83,16.18,standard,3,7.66,14.49,0.679,64.07,1,63.53,3
R035-00,E035,0,north,9.97,10.53,standard,2,2.17,8.59,0.417,45.22,0,45.34,5
R035-01,E035,1,north,20.36,12.94,standard,0,2.17,10.97,0.707,59.06,0,59.4,5
R035-02,E035,2,north,13.68,12.75,standard,0,2.17,10.95,0.649,55.65,0,56.04,4
R035-03,E035,3,north,18.93,13.44,standard,1,2.17,10.89,0.529,52.59,0,52.99,3
R035-04,E035,4,north,10.65,8.94,complex,1,2.17,7.03,0.985,49.97,0,50.22,4
R035-05,E035,5,north,11.29,10.53,standard,0,2.17,9.22,0.568,42.16,0,42.04,3
R035-06,E035,6,north,13.15,13.94,standard,1,2.17,11.78,0.519,51.17,0,50.38,4
R035-07,E035,7,north,22.72,13.25,standard,1,2.17,10.76,0.418,67.86,0,68.33,5
R035-08,E035,8,north,20.14,9.22,complex,0,2.17,7.64,0.474,59.69,1,59.03,2
R035-09,E035,9,north,15.45,13.0,standard,0,2.17,11.7,0.503,57.15,0,57.3,5
R035-10,E035,10,north,12.98,11.32,standard,0,2.17,10.18,0.343,33.17,0,33.63,3
R035-11,E035,11,north,15.59,15.42,complex,1,2.17,13.25,0.445,70.12,0,69.3,4
R035-12,E035,12,north,19.78,10.89,standard,0,2.17,8.66,0.978,56.61,0,56.56,3
R035-13,E035,13,north,12.29,10.85,standard,2,2.17,8.96,0.976,36.79,0,35.98,3
R035-14,E035,14,north,23.34,10.38,standard,1,2.17,8.75,0.501,69.44,0,69.49,3
R035-15,E035,15,north,11.63,11.3,standard,1,2.17,9.83,1.0,42.42,0,40.98,5
R035-16,E035,16,north,7.46,11.54,standard,3,2.17,10.5,0.733,41.07,0,41.72,3
R035-17,E035,17,north,17.78,13.6,complex,2,2.17,13.25,0.957,64.84,0,64.83,3
R035-18,E035,18,north,15.93,12.71,complex,5,2.17,10.79,0.492,54.84,0,54.11,3
R035-19,E035,19,north,17.87,12.52,standard,0,2.17,10.91,0.947,52.15,1,52.22,4
R035-20,E035,20,north,17.91,10.89,complex,0,2.17,9.63,0.389,61.25,0,61.41,4
R035-21,E035,21,north,20.25,13.26,complex,0,2.17,11.67,0.362,72.04,0,72.22,3
R035-22,E035,22,north,19.4,10.83,standard,0,2.17,9.16,0.501,48.25,1,47.94,2
R035-23,E035,23,north,22.72,16.78,standard,1,2.17,13.68,0.533,71.01,1,70.29,2
R036-00,E036,0,east,7.42,12.38,complex,0,8.85,10.14,0.363,45.08,0,44.91,5
R036-01,E036,1,east,24.06,14.53,standard,0,8.85,11.39,0.494,67.82,0,68.45,4
R036-02,E036,2,east,14.02,12.51,standard,1,8.85,10.26,0.521,49.97,0,50.23,3
R036-03,E036,3,east,15.19,7.72,standard,1,8.85,6.05,0.581,31.94,0,32.41,5
R036-04,E036,4,east,9.04,17.84,standard,0,8.85,15.31,0.667,59.95,0,59.83,5
R036-05,E036,5,east,14.86,11.61,standard,0,8.85,9.53,0.597,44.87,0,45.13,3
R036-06,E036,6,east,9.31,13.77,complex,0,8.85,10.82,0.597,57.5,0,57.68,4
R036-07,E036,7,east,8.99,12.35,complex,0,8.85,11.66,0.87,51.72,0,52.08,5
R036-08,E036,8,east,20.87,11.79,standard,2,8.85,10.06,0.357,73.02,0,73.06,5
R036-09,E036,9,east,20.44,11.9,standard,0,8.85,10.11,0.546,56.33,0,56.63,4
R036-10,E036,10,east,10.95,11.75,standard,0,8.85,9.63,0.723,43.28,0,43.23,3
R036-11,E036,11,east,22.64,14.53,complex,1,8.85,12.28,0.971,69.77,0,69.68,3
R036-12,E036,12,east,10.97,10.37,complex,1,8.85,8.07,0.852,49.81,0,49.8,4
R036-13,E036,13,east,15.17,11.01,standard,0,8.85,8.85,0.399,44.52,0,44.25,4
R036-14,E036,14,east,16.49,11.83,complex,0,8.85,10.0,0.855,65.15,1,65.1,2
R036-15,E036,15,east,14.12,12.71,standard,1,8.85,9.55,0.491,40.68,0,40.02,3
R036-16,E036,16,east,18.44,14.36,standard,0,8.85,12.58,0.605,41.74,0,41.91,3
R036-17,E036,17,east,22.01,12.75,standard,0,8.85,11.27,0.408,57.23,0,58.37,3
R036-18,E036,18,east,14.27,13.87,complex,0,8.85,11.46,0.726,57.29,0,56.33,3
R036-19,E036,19,east,13.54,12.37,standard,0,8.85,9.95,0.982,45.08,0,45.11,5
R036-20,E036,20,east,18.73,12.03,standard,1,8.85,10.17,0.435,55.15,0,55.34,4
R036-21,E036,21,east,22.13,16.83,complex,1,8.85,14.32,0.486,74.16,1,74.44,2
R036-22,E036,22,east,26.18,13.04,complex,0,8.85,12.15,,73.49,1,73.06,4
R036-23,E036,23,east,13.47,11.69,complex,4,8.85,9.72,0.491,48.45,1,47.92,3
R037-00,E037,0,west,20.21,10.01,standard,0,13.07,9.28,0.741,45.38,0,45.78,5
R037-01,E037,1,west,17.27,13.78,complex,0,13.07,11.66,0.762,61.39,1,61.4,4
R037-02,E037,2,west,27.5,16.75,standard,1,13.07,14.29,0.954,74.76,0,74.52,4
R037-03,E037,3,west,22.73,13.4,standard,0,13.07,12.44,0.595,51.07,0,51.2,4
R037-04,E037,4,west,24.48,19.24,standard,0,13.07,16.17,0.881,66.09,1,66.12,4
R037-05,E037,5,west,16.01,12.48,complex,0,13.07,10.77,0.445,44.93,0,44.76,3
R037-06,E037,6,west,18.88,10.84,standard,0,13.07,10.31,0.358,46.5,0,46.56,5
R037-07,E037,7,west,13.67,13.41,complex,0,13.07,11.89,0.539,58.17,0,57.98,3
R037-08,E037,8,west,19.71,14.16,standard,0,13.07,12.05,0.846,45.26,0,45.7,3
R037-09,E037,9,west,23.51,12.68,standard,0,13.07,10.55,0.483,56.4,0,56.27,3
R037-10,E037,10,west,17.01,15.16,complex,0,13.07,12.73,0.988,60.28,1,60.31,3
R037-11,E037,11,west,22.58,11.56,standard,0,13.07,10.14,0.351,44.97,0,44.78,3
R037-12,E037,12,west,27.61,12.36,complex,0,13.07,10.17,0.389,73.75,1,73.39,4
R037-13,E037,13,west,14.13,10.09,complex,2,13.07,8.95,0.303,54.47,1,55.93,2
R037-14,E037,14,west,24.24,13.74,standard,2,13.07,11.76,0.6,63.85,1,64.16,2
R037-15,E037,15,west,21.86,9.5,standard,0,13.07,8.42,0.96,48.3,0,47.77,4
R037-16,E037,16,west,15.54,10.11,complex,0,13.07,8.43,0.328,48.49,0,48.8,4
R037-17,E037,17,west,16.02,11.67,complex,0,13.07,9.28,0.313,54.44,0,54.65,3
R037-18,E037,18,west,26.74,12.93,complex,1,13.07,10.84,0.831,72.8,0,72.65,4
R037-19,E037,19,west,2.86,9.25,standard,1,13.07,7.85,0.538,36.23,0,35.86,5
R037-20,E037,20,west,24.49,14.41,standard,0,13.07,12.11,0.825,68.82,1,68.52,4
R037-21,E037,21,west,23.78,15.43,complex,3,13.07,13.53,0.725,66.71,1,66.96,4
R037-22,E037,22,west,22.79,10.7,complex,0,13.07,8.31,,60.16,0,59.54,4
R037-23,E037,23,west,11.95,10.52,standard,1,13.07,7.85,0.712,46.63,0,46.4,4
R038-00,E038,0,north,15.5,15.61,complex,2,2.89,13.8,0.501,59.06,0,58.89,4
R038-01,E038,1,north,13.94,13.22,standard,0,2.89,9.87,0.646,49.67,0,50.62,3
R038-02,E038,2,north,11.97,12.92,standard,0,2.89,11.16,0.397,40.91,0,40.42,3
R038-03,E038,3,north,9.69,11.72,complex,0,2.89,10.76,0.948,47.52,0,46.71,3
R038-04,E038,4,north,11.15,8.2,standard,0,2.89,5.85,0.606,37.85,0,37.7,5
R038-05,E038,5,north,21.3,11.15,standard,0,2.89,10.12,0.721,59.95,0,59.39,4
R038-06,E038,6,north,9.57,8.15,standard,4,2.89,7.3,0.62,41.07,1,41.8,2
R038-07,E038,7,north,11.95,13.43,standard,4,2.89,11.22,0.986,50.39,1,50.83,4
R038-08,E038,8,north,24.62,14.39,standard,1,2.89,11.25,0.507,68.14,0,68.25,3
R038-09,E038,9,north,16.14,11.2,complex,0,2.89,9.61,0.815,70.74,0,71.16,5
R038-10,E038,10,north,26.92,13.28,complex,4,2.89,11.96,0.608,63.76,1,64.86,2
R038-11,E038,11,north,22.75,12.47,standard,1,2.89,10.92,0.727,59.81,0,60.43,4
R038-12,E038,12,north,21.35,11.39,standard,1,2.89,7.99,0.364,55.89,0,56.65,5
R038-13,E038,13,north,25.31,14.23,standard,1,2.89,11.94,0.585,62.96,0,63.86,4
R038-14,E038,14,north,24.85,13.03,complex,0,2.89,10.7,0.71,78.54,0,78.53,4
R038-15,E038,15,north,22.4,14.88,standard,0,2.89,13.42,0.829,67.35,0,68.21,3
R038-16,E038,16,north,25.36,13.86,standard,0,2.89,11.74,0.778,76.06,0,75.91,4
R038-17,E038,17,north,20.97,13.64,standard,1,2.89,11.83,0.663,68.92,1,69.08,3
R038-18,E038,18,north,17.86,14.31,complex,0,2.89,12.39,0.445,66.61,0,66.17,5
R038-19,E038,19,north,19.03,15.14,complex,0,2.89,11.45,0.975,67.57,0,66.71,4
R038-20,E038,20,north,28.68,15.25,standard,0,2.89,13.22,0.985,77.13,0,76.52,3
R038-21,E038,21,north,22.88,12.61,complex,0,2.89,10.45,0.325,76.73,0,76.69,5
R038-22,E038,22,north,15.66,11.93,complex,0,2.89,10.33,0.348,57.19,0,56.94,3
R038-23,E038,23,north,25.04,11.16,complex,1,2.89,9.31,0.574,76.54,0,76.42,5
R039-00,E039,0,east,13.98,9.41,standard,0,3.39,8.68,0.335,43.32,0,43.4,4
R039-01,E039,1,east,13.4,11.21,standard,1,3.39,9.37,0.544,43.14,0,42.69,5
R039-02,E039,2,east,17.43,11.79,complex,0,3.39,10.16,0.647,54.3,0,55.08,4
R039-03,E039,3,east,2.77,7.6,standard,0,3.39,5.7,0.348,29.54,0,30.18,3
R039-04,E039,4,east,17.04,10.66,complex,0,3.39,8.94,0.504,47.45,0,47.65,3
R039-05,E039,5,east,11.92,10.77,complex,1,3.39,9.86,0.565,56.21,0,56.87,4
R039-06,E039,6,east,12.48,9.59,complex,0,3.39,8.25,0.67,46.74,0,46.52,4
R039-07,E039,7,east,15.92,12.37,complex,0,3.39,10.86,0.953,58.47,0,59.63,4
R039-08,E039,8,east,16.41,11.8,complex,2,3.39,9.27,0.408,68.04,0,67.68,4
R039-09,E039,9,east,15.86,13.19,standard,0,3.39,11.48,0.659,44.48,0,44.18,3
R039-10,E039,10,east,10.61,10.54,complex,1,3.39,9.2,0.617,50.88,0,50.78,4
R039-11,E039,11,east,12.34,9.02,standard,0,3.39,8.22,0.524,41.71,0,41.54,4
R039-12,E039,12,east,18.55,14.63,complex,2,3.39,12.25,0.312,61.93,0,61.04,3
R039-13,E039,13,east,10.83,8.18,standard,1,3.39,8.23,0.892,43.53,0,43.53,4
R039-14,E039,14,east,13.94,7.69,standard,0,3.39,6.9,0.553,43.7,0,43.91,5
R039-15,E039,15,east,14.55,10.2,standard,0,3.39,8.78,0.68,35.74,0,34.81,3
R039-16,E039,16,east,13.92,11.56,standard,3,3.39,9.41,0.987,51.77,0,51.55,3
R039-17,E039,17,east,17.33,11.8,standard,0,3.39,10.27,0.442,45.37,0,45.44,4
R039-18,E039,18,east,16.84,12.8,standard,0,3.39,12.39,0.32,43.32,0,44.01,3
R039-19,E039,19,east,17.29,9.91,standard,0,3.39,7.76,0.446,51.95,0,51.42,3
R039-20,E039,20,east,5.95,11.3,standard,0,3.39,10.39,,40.58,0,41.44,3
R039-21,E039,21,east,6.6,9.52,complex,2,3.39,8.21,0.992,43.78,0,43.62,5
R039-22,E039,22,east,11.59,10.96,standard,1,3.39,8.66,0.883,35.25,0,36.13,5
R039-23,E039,23,east,21.71,15.45,complex,0,3.39,13.54,0.919,71.23,0,71.3,5
R040-00,E040,0,west,22.15,13.47,standard,0,7.63,10.99,0.736,57.81,0,57.4,3
R040-01,E040,1,west,17.48,13.33,standard,0,7.63,10.58,0.989,55.22,0,55.11,3
R040-02,E040,2,west,21.82,13.89,standard,0,7.63,10.66,0.606,53.08,0,53.19,5
R040-03,E040,3,west,25.41,14.94,complex,0,7.63,13.82,0.43,76.05,0,76.12,4
R040-04,E040,4,west,17.82,13.39,standard,0,7.63,10.83,0.47,51.87,1,50.98,3
R040-05,E040,5,west,22.3,10.16,complex,0,7.63,8.31,0.865,68.72,0,69.14,5
R040-06,E040,6,west,19.85,16.52,standard,0,7.63,13.95,0.97,64.39,0,64.56,4
R040-07,E040,7,west,12.61,9.09,standard,0,7.63,8.43,0.937,38.65,1,38.87,2
R040-08,E040,8,west,17.47,15.96,standard,0,7.63,13.82,0.878,59.08,0,58.37,5
R040-09,E040,9,west,14.98,12.44,complex,0,7.63,10.57,0.523,54.54,0,55.06,5
R040-10,E040,10,west,14.72,13.8,complex,0,7.63,11.07,0.759,60.86,0,60.53,3
R040-11,E040,11,west,20.03,11.08,complex,0,7.63,9.87,0.711,69.18,0,69.35,3
R040-12,E040,12,west,13.13,11.26,complex,0,7.63,9.02,0.98,45.86,0,46.42,3
R040-13,E040,13,west,20.7,11.2,standard,0,7.63,9.83,0.484,59.16,1,59.96,2
R040-14,E040,14,west,19.48,11.3,complex,5,7.63,9.0,0.633,65.63,0,65.79,4
R040-15,E040,15,west,19.55,13.74,standard,0,7.63,11.4,0.969,56.92,0,57.76,5
R040-16,E040,16,west,13.76,7.88,complex,0,7.63,6.39,0.555,45.06,0,44.66,4
R040-17,E040,17,west,27.44,13.28,standard,0,7.63,12.14,0.952,65.05,0,64.79,3
R040-18,E040,18,west,20.66,11.52,standard,1,7.63,10.41,0.596,56.75,0,57.31,4
R040-19,E040,19,west,24.12,13.39,standard,0,7.63,11.55,0.636,63.98,0,63.52,3
R040-20,E040,20,west,10.0,8.73,complex,0,7.63,9.08,,41.82,0,41.7,3
R040-21,E040,21,west,23.35,12.34,complex,0,7.63,10.96,0.531,70.17,0,69.98,5
R040-22,E040,22,west,18.96,15.63,complex,0,7.63,13.17,0.648,67.76,0,66.79,3
R040-23,E040,23,west,13.85,15.17,complex,1,7.63,12.06,0.996,57.85,1,57.46,4
R041-00,E041,0,north,8.35,10.69,complex,0,5.72,9.49,0.39,48.8,0,48.89,5
R041-01,E041,1,north,16.55,10.26,complex,0,5.72,8.72,0.463,57.51,0,56.9,5
R041-02,E041,2,north,10.08,9.04,standard,3,5.72,7.25,0.761,38.24,0,38.79,5
R041-03,E041,3,north,9.17,9.24,complex,0,5.72,8.16,0.352,45.57,0,45.8,5
R041-04,E041,4,north,19.35,9.12,standard,2,5.72,7.73,0.799,49.59,0,50.27,3
R041-05,E041,5,north,13.53,11.0,complex,0,5.72,9.69,0.407,68.17,0,68.14,4
R041-06,E041,6,north,15.05,13.18,standard,0,5.72,10.94,0.598,53.86,0,55.18,3
R041-07,E041,7,north,17.84,14.25,complex,0,5.72,11.71,0.461,65.26,0,65.37,3
R041-08,E041,8,north,12.75,16.89,standard,2,5.72,15.55,0.562,54.46,0,54.54,3
R041-09,E041,9,north,19.21,10.56,standard,0,5.72,8.83,0.783,57.19,0,56.32,5
R041-10,E041,10,north,12.26,13.75,complex,1,5.72,11.21,0.815,62.94,0,63.32,4
R041-11,E041,11,north,21.73,14.85,standard,1,5.72,12.29,0.948,61.72,0,61.98,5
R041-12,E041,12,north,20.66,11.77,complex,0,5.72,8.74,0.834,62.67,0,63.81,4
R041-13,E041,13,north,11.96,14.33,standard,2,5.72,11.59,0.528,51.56,0,52.51,3
R041-14,E041,14,north,11.66,13.07,standard,0,5.72,10.98,0.61,46.48,0,46.57,3
R041-15,E041,15,north,17.43,13.75,standard,3,5.72,10.69,0.564,53.75,1,53.83,3
R041-16,E041,16,north,17.64,10.74,standard,3,5.72,9.73,0.906,42.8,0,42.38,4
R041-17,E041,17,north,25.89,14.75,complex,1,5.72,11.91,0.525,72.83,0,73.39,3
R041-18,E041,18,north,15.07,11.68,standard,0,5.72,10.43,0.522,41.02,0,40.86,4
R041-19,E041,19,north,22.11,14.05,complex,0,5.72,12.73,0.988,71.42,0,71.23,4
R041-20,E041,20,north,30.44,17.55,standard,0,5.72,15.65,0.623,84.13,1,84.52,4
R041-21,E041,21,north,11.24,9.9,standard,5,5.72,7.35,0.733,41.51,1,41.65,2
R041-22,E041,22,north,15.88,11.39,standard,0,5.72,9.56,0.743,50.6,0,51.51,4
R041-23,E041,23,north,19.78,10.59,complex,1,5.72,10.35,0.635,61.95,0,61.8,5
R042-00,E042,0,east,15.23,12.68,standard,0,14.66,10.36,0.541,55.36,0,55.92,5
R042-01,E042,1,east,25.35,15.31,standard,5,14.66,13.22,0.799,67.39,1,68.04,4
R042-02,E042,2,east,19.73,11.2,standard,1,14.66,10.2,0.908,65.57,0,66.58,5
R042-03,E042,3,east,8.02,9.44,standard,0,14.66,7.86,0.972,47.18,0,46.85,5
R042-04,E042,4,east,22.18,13.94,standard,4,14.66,11.1,0.442,74.31,1,74.71,3
R042-05,E042,5,east,8.29,11.2,standard,0,14.66,9.92,0.9,54.9,0,54.65,5
R042-06,E042,6,east,19.05,11.03,standard,1,14.66,9.03,0.818,54.93,0,53.84,4
R042-07,E042,7,east,15.5,12.06,standard,0,14.66,10.56,0.413,53.77,0,53.83,4
R042-08,E042,8,east,21.11,11.73,standard,0,14.66,10.61,0.768,61.51,0,61.74,5
R042-09,E042,9,east,9.72,8.97,complex,0,14.66,7.26,0.88,59.02,1,58.55,3
R042-10,E042,10,east,11.55,12.91,standard,1,14.66,9.79,0.863,46.84,0,46.66,3
R042-11,E042,11,east,14.42,11.96,standard,3,14.66,10.88,0.354,54.97,0,54.78,5
R042-12,E042,12,east,10.48,12.8,standard,2,14.66,10.22,0.709,48.06,0,47.93,3
R042-13,E042,13,east,24.12,15.77,complex,0,14.66,12.77,0.468,73.4,0,72.88,3
R042-14,E042,14,east,19.2,15.1,complex,2,14.66,11.89,0.584,80.41,0,80.14,5
R042-15,E042,15,east,15.68,12.19,complex,0,14.66,11.4,0.333,53.23,0,52.55,4
R042-16,E042,16,east,22.18,12.48,standard,0,14.66,10.58,0.938,67.1,0,66.93,5
R042-17,E042,17,east,16.27,10.17,standard,0,14.66,9.26,0.888,43.51,0,43.59,5
R042-18,E042,18,east,20.52,13.99,standard,0,14.66,11.81,0.838,69.29,0,69.6,5
R042-19,E042,19,east,17.53,14.06,standard,0,14.66,11.93,0.42,61.58,0,61.16,3
R042-20,E042,20,east,20.47,9.76,standard,1,14.66,7.7,0.531,49.97,0,49.7,5
R042-21,E042,21,east,15.55,18.77,complex,1,14.66,15.44,0.664,64.54,0,65.24,4
R042-22,E042,22,east,20.63,14.47,standard,1,14.66,12.11,0.793,58.73,1,58.66,4
R042-23,E042,23,east,19.43,10.49,standard,0,14.66,8.46,0.452,61.78,1,61.47,3
R043-00,E043,0,west,26.32,16.26,standard,1,4.27,13.78,0.585,72.81,0,72.84,4
R043-01,E043,1,west,19.47,15.2,standard,0,4.27,11.72,0.934,48.34,0,49.07,4
R043-02,E043,2,west,22.4,14.52,complex,0,4.27,11.35,0.508,71.95,1,72.44,3
R043-03,E043,3,west,16.35,16.06,standard,0,4.27,13.92,0.901,49.91,0,49.94,5
R043-04,E043,4,west,22.6,11.67,standard,0,4.27,10.57,0.431,55.94,1,55.79,2
R043-05,E043,5,west,15.51,9.98,complex,0,4.27,7.88,0.552,50.53,0,50.14,3
R043-06,E043,6,west,13.13,10.74,standard,0,4.27,9.84,0.39,44.33,0,44.8,4
R043-07,E043,7,west,18.23,14.55,standard,1,4.27,13.03,0.367,55.18,0,54.6,4
R043-08,E043,8,west,14.26,15.77,standard,0,4.27,13.0,0.806,55.8,0,55.44,3
R043-09,E043,9,west,14.73,12.18,complex,0,4.27,10.97,0.655,68.31,0,67.77,4
R043-10,E043,10,west,16.0,11.82,complex,1,4.27,9.7,0.411,58.86,0,59.24,5
R043-11,E043,11,west,13.06,12.67,standard,0,4.27,9.46,0.364,45.65,0,45.77,5
R043-12,E043,12,west,22.7,16.82,standard,0,4.27,13.37,0.498,63.71,1,64.11,4
R043-13,E043,13,west,21.37,16.85,standard,3,4.27,15.63,0.714,63.2,1,62.43,4
R043-14,E043,14,west,22.37,16.59,standard,0,4.27,14.63,0.963,68.99,0,68.35,4
R043-15,E043,15,west,14.33,7.51,standard,0,4.27,6.41,0.692,39.41,0,38.74,3
R043-16,E043,16,west,20.48,12.59,standard,0,4.27,11.71,0.985,56.52,0,56.37,4
R043-17,E043,17,west,23.94,13.7,standard,1,4.27,10.92,0.714,63.77,0,62.91,3
R043-18,E043,18,west,20.9,10.95,complex,0,4.27,8.83,0.768,57.95,0,58.0,5
R043-19,E043,19,west,19.2,14.68,standard,0,4.27,12.64,0.654,70.92,0,71.18,3
R043-20,E043,20,west,13.03,11.41,standard,0,4.27,9.17,0.342,46.64,1,46.99,3
R043-21,E043,21,west,25.06,17.0,standard,0,4.27,14.2,0.499,70.33,1,70.15,4
R043-22,E043,22,west,17.88,14.8,standard,1,4.27,12.13,0.379,50.01,1,49.62,3
R043-23,E043,23,west,22.64,14.82,complex,0,4.27,12.8,0.303,74.77,1,75.71,2
R044-00,E044,0,north,9.8,9.91,complex,4,13.55,8.19,0.399,46.8,0,46.7,4
R044-01,E044,1,north,12.07,11.18,complex,0,13.55,10.18,0.673,55.95,0,56.54,5
R044-02,E044,2,north,9.09,9.59,standard,1,13.55,7.99,0.379,39.55,0,39.56,4
R044-03,E044,3,north,17.55,13.31,complex,0,13.55,11.87,0.796,60.92,0,61.26,4
R044-04,E044,4,north,12.66,11.76,standard,0,13.55,9.41,0.528,49.34,0,49.19,4
R044-05,E044,5,north,18.25,12.26,standard,0,13.55,10.8,0.311,57.4,0,57.45,4
R044-06,E044,6,north,15.54,13.55,standard,0,13.55,11.36,0.524,53.53,0,52.49,4
R044-07,E044,7,north,16.83,9.88,standard,5,13.55,8.06,0.676,52.11,0,52.35,4
R044-08,E044,8,north,10.82,10.3,standard,0,13.55,9.31,0.612,43.68,0,43.32,4
R044-09,E044,9,north,15.73,11.72,standard,0,13.55,11.08,0.379,50.58,0,51.53,3
R044-10,E044,10,north,12.92,11.58,standard,1,13.55,9.45,0.556,47.23,0,47.5,3
R044-11,E044,11,north,18.48,14.13,complex,2,13.55,11.92,0.683,61.58,0,62.57,5
R044-12,E044,12,north,14.08,11.27,complex,0,13.55,8.88,0.488,57.12,0,57.31,4
R044-13,E044,13,north,17.78,14.62,standard,0,13.55,12.38,0.361,41.65,0,41.95,5
R044-14,E044,14,north,15.1,10.0,standard,0,13.55,7.91,0.977,56.15,0,56.29,3
R044-15,E044,15,north,18.23,12.13,complex,0,13.55,9.81,0.691,59.26,0,58.73,4
R044-16,E044,16,north,14.94,12.43,standard,0,13.55,11.18,0.742,46.33,0,47.09,3
R044-17,E044,17,north,8.96,10.55,standard,0,13.55,8.34,0.302,46.43,0,45.38,3
R044-18,E044,18,north,11.4,10.57,standard,0,13.55,7.93,0.798,38.39,0,38.84,4
R044-19,E044,19,north,14.25,11.35,standard,0,13.55,9.57,0.33,36.49,1,35.95,4
R044-20,E044,20,north,8.81,9.46,standard,0,13.55,8.02,,34.72,0,34.01,5
R044-21,E044,21,north,23.2,14.12,complex,0,13.55,11.86,0.88,81.79,0,81.98,3
R044-22,E044,22,north,38.54,19.72,complex,1,13.55,17.12,,120.16,1,119.99,3
R044-23,E044,23,north,19.71,13.65,standard,0,13.55,11.21,,49.64,0,49.76,5
R045-00,E045,0,east,17.44,10.96,standard,2,2.37,9.16,0.646,43.95,0,44.67,5
R045-01,E045,1,east,11.27,6.55,complex,0,2.37,5.28,0.94,45.28,0,45.86,3
R045-02,E045,2,east,17.45,9.49,complex,4,2.37,8.24,0.621,53.93,0,53.38,3
R045-03,E045,3,east,6.63,9.18,standard,0,2.37,9.1,0.793,41.24,0,41.66,5
R045-04,E045,4,east,20.22,11.72,complex,3,2.37,10.89,0.475,65.95,0,66.04,3
R045-05,E045,5,east,16.05,13.9,standard,0,2.37,12.8,0.435,43.34,0,42.89,5
R045-06,E045,6,east,14.99,8.79,standard,0,2.37,7.96,0.807,30.44,0,30.68,4
R045-07,E045,7,east,17.09,15.25,standard,1,2.37,13.39,0.443,65.83,0,65.35,4
R045-08,E045,8,east,18.02,15.22,complex,1,2.37,12.8,0.377,63.75,0,64.29,3
R045-09,E045,9,east,12.43,7.71,standard,1,2.37,5.6,0.584,38.21,0,38.29,4
R045-10,E045,10,east,23.55,12.3,standard,0,2.37,10.02,0.878,55.36,0,55.4,5
R045-11,E045,11,east,17.54,12.48,complex,3,2.37,9.39,0.934,51.42,0,51.52,5
R045-12,E045,12,east,25.73,13.47,complex,0,2.37,11.81,0.789,73.25,0,73.49,5
R045-13,E045,13,east,20.53,12.7,complex,2,2.37,11.1,0.838,55.54,0,56.08,4
R045-14,E045,14,east,11.44,11.35,standard,0,2.37,8.92,0.757,38.46,0,38.88,4
R045-15,E045,15,east,11.73,12.03,standard,0,2.37,10.9,0.46,35.98,0,35.67,5
R045-16,E045,16,east,15.24,14.54,standard,0,2.37,13.11,0.714,39.49,0,38.98,5
R045-17,E045,17,east,14.15,12.41,standard,1,2.37,10.0,0.715,39.15,0,39.09,4
R045-18,E045,18,east,12.43,9.29,standard,0,2.37,8.62,0.829,34.5,0,34.68,3
R045-19,E045,19,east,16.91,8.56,standard,0,2.37,6.97,0.923,44.29,0,44.42,4
R045-20,E045,20,east,19.3,14.96,standard,0,2.37,13.54,0.72,55.83,0,55.59,5
R045-21,E045,21,east,22.19,13.64,complex,0,2.37,11.02,0.627,70.83,0,70.87,3
R045-22,E045,22,east,24.18,13.97,standard,0,2.37,12.13,0.505,49.99,0,49.77,4
R045-23,E045,23,east,17.55,13.25,standard,1,2.37,10.98,,45.46,0,45.71,4
R046-00,E046,0,west,14.42,10.94,complex,4,13.21,9.8,0.969,59.17,0,58.5,5
R046-01,E046,1,west,17.56,14.37,complex,0,13.21,11.09,0.538,59.1,0,59.29,4
R046-02,E046,2,west,7.29,12.8,complex,0,13.21,10.26,0.752,48.38,0,48.46,5
R046-03,E046,3,west,15.99,12.7,complex,0,13.21,10.43,0.755,58.13,0,58.63,4
R046-04,E046,4,west,14.64,14.36,standard,0,13.21,12.77,0.978,52.71,0,52.17,3
R046-05,E046,5,west,16.3,16.03,standard,2,13.21,12.9,0.399,64.83,0,64.32,5
R046-06,E046,6,west,18.47,11.29,standard,0,13.21,10.3,0.876,54.11,0,54.25,4
R046-07,E046,7,west,25.81,16.15,standard,2,13.21,13.77,0.663,69.52,1,68.86,2
R046-08,E046,8,west,18.8,12.44,standard,1,13.21,11.43,0.686,60.39,0,61.21,5
R046-09,E046,9,west,10.11,14.59,complex,2,13.21,12.76,0.767,62.75,0,62.08,5
R046-10,E046,10,west,24.03,16.24,standard,0,13.21,13.53,0.545,78.75,1,80.14,2
R046-11,E046,11,west,16.35,8.85,complex,0,13.21,7.53,0.5,59.2,1,58.93,2
R046-12,E046,12,west,25.35,10.99,standard,1,13.21,8.82,0.766,76.66,1,77.11,3
R046-13,E046,13,west,15.81,14.52,standard,1,13.21,13.44,0.405,54.02,0,54.24,4
R046-14,E046,14,west,21.72,12.6,standard,0,13.21,11.7,0.79,55.36,0,55.3,5
R046-15,E046,15,west,19.71,11.65,complex,0,13.21,9.6,0.697,55.44,0,55.56,3
R046-16,E046,16,west,29.98,18.56,standard,0,13.21,16.75,0.66,87.35,1,87.69,3
R046-17,E046,17,west,26.51,13.32,standard,0,13.21,11.5,0.532,65.69,1,66.29,2
R046-18,E046,18,west,13.94,11.1,complex,1,13.21,9.43,0.489,46.02,0,45.21,3
R046-19,E046,19,west,25.17,15.81,standard,0,13.21,14.45,0.533,73.99,1,74.1,2
R046-20,E046,20,west,29.25,16.73,complex,0,13.21,14.76,,75.12,1,75.0,2
R046-21,E046,21,west,21.84,15.41,complex,0,13.21,12.42,0.84,79.47,1,79.0,4
R046-22,E046,22,west,19.77,14.82,standard,0,13.21,12.08,0.577,57.23,1,56.88,4
R046-23,E046,23,west,20.93,14.11,complex,0,13.21,12.19,0.839,57.59,1,58.2,3
R047-00,E047,0,north,15.6,15.89,standard,1,2.35,14.55,0.784,53.68,0,52.97,5
R047-01,E047,1,north,18.75,13.78,standard,1,2.35,13.1,0.716,54.06,0,52.96,4
R047-02,E047,2,north,10.93,13.38,complex,0,2.35,11.11,0.334,66.03,0,65.99,5
R047-03,E047,3,north,12.76,9.03,standard,0,2.35,8.26,0.457,37.44,0,37.86,3
R047-04,E047,4,north,15.06,13.22,standard,1,2.35,11.1,0.398,52.44,0,52.44,4
R047-05,E047,5,north,4.95,10.95,standard,0,2.35,9.36,0.329,42.83,0,42.62,4
R047-06,E047,6,north,18.57,13.74,complex,2,2.35,12.13,0.946,61.07,0,61.11,3
R047-07,E047,7,north,25.05,14.43,standard,0,2.35,12.56,0.873,64.78,0,64.93,3
R047-08,E047,8,north,21.2,13.03,standard,0,2.35,11.82,0.674,56.75,0,57.03,4
R047-09,E047,9,north,20.33,11.03,standard,3,2.35,9.71,0.313,50.73,0,50.95,5
R047-10,E047,10,north,13.03,9.59,standard,5,2.35,7.32,0.564,43.69,0,43.87,3
R047-11,E047,11,north,17.63,10.17,standard,1,2.35,9.59,0.558,50.97,0,51.43,5
R047-12,E047,12,north,11.97,10.31,complex,2,2.35,9.68,0.367,54.44,1,55.13,3
R047-13,E047,13,north,17.11,10.35,complex,0,2.35,8.73,0.606,56.79,1,57.12,4
R047-14,E047,14,north,14.38,12.79,standard,0,2.35,10.52,0.363,41.56,0,41.53,3
R047-15,E047,15,north,19.12,13.59,complex,0,2.35,12.41,0.668,60.02,0,59.79,3
R047-16,E047,16,north,14.88,12.4,standard,0,2.35,9.64,0.384,47.98,0,49.06,4
R047-17,E047,17,north,13.44,12.14,standard,0,2.35,11.3,0.67,53.65,0,53.11,5
R047-18,E047,18,north,15.12,7.8,complex,0,2.35,6.4,0.413,57.26,0,56.25,4
R047-19,E047,19,north,16.24,8.02,complex,3,2.35,7.85,0.78,53.79,0,54.51,5
R047-20,E047,20,north,16.45,10.69,complex,0,2.35,8.79,0.364,63.13,0,63.17,4
R047-21,E047,21,north,18.82,16.35,complex,1,2.35,15.18,0.318,66.55,0,67.5,5
R047-22,E047,22,north,16.99,12.21,standard,0,2.35,10.22,0.897,62.02,0,61.39,4
R047-23,E047,23,north,12.42,5.83,complex,3,2.35,5.11,,45.75,0,45.95,5
R048-00,E048,0,east,12.85,10.81,complex,0,2.11,9.45,0.393,54.07,0,53.71,4
R048-01,E048,1,east,12.79,11.77,complex,0,2.11,9.91,0.369,56.25,0,55.95,5
R048-02,E048,2,east,7.96,11.13,standard,0,2.11,9.66,0.381,43.06,0,43.52,5
R048-03,E048,3,east,21.09,12.06,standard,1,2.11,10.52,0.952,57.51,0,57.53,4
R048-04,E048,4,east,11.2,7.55,standard,0,2.11,7.17,0.72,39.27,0,38.47,3
R048-05,E048,5,east,6.64,8.1,standard,0,2.11,6.86,0.464,39.32,0,39.73,3
R048-06,E048,6,east,11.98,8.92,standard,0,2.11,7.19,0.93,38.72,0,39.11,4
R048-07,E048,7,east,20.35,8.05,standard,1,2.11,6.31,0.373,50.79,0,50.45,3
R048-08,E048,8,east,13.74,10.7,standard,1,2.11,8.62,0.78,44.47,0,44.2,3
R048-09,E048,9,east,8.22,8.56,complex,3,2.11,6.8,0.619,43.64,0,43.07,4
R048-10,E048,10,east,13.76,7.42,standard,1,2.11,4.51,0.713,50.41,0,51.31,5
R048-11,E048,11,east,15.54,12.03,standard,1,2.11,10.32,0.764,43.15,0,43.62,5
R048-12,E048,12,east,17.97,10.33,complex,0,2.11,8.42,0.364,49.3,0,48.53,3
R048-13,E048,13,east,12.9,8.83,standard,0,2.11,7.59,0.416,38.14,0,39.59,4
R048-14,E048,14,east,22.75,14.44,complex,0,2.11,12.73,0.386,68.85,1,68.78,3
R048-15,E048,15,east,18.63,10.51,complex,0,2.11,8.6,0.369,57.73,0,57.91,3
R048-16,E048,16,east,28.17,15.09,complex,0,2.11,12.77,0.332,83.57,1,82.48,4
R048-17,E048,17,east,13.89,11.97,standard,2,2.11,10.03,0.578,44.25,1,43.73,3
R048-18,E048,18,east,24.29,14.53,standard,0,2.11,12.48,0.676,62.17,0,61.97,4
R048-19,E048,19,east,20.6,15.33,standard,0,2.11,13.08,0.745,71.28,0,71.4,4
R048-20,E048,20,east,13.62,11.95,complex,0,2.11,11.18,,57.03,0,56.78,4
R048-21,E048,21,east,20.56,13.36,complex,0,2.11,10.56,,61.56,1,61.53,3
R048-22,E048,22,east,15.45,12.99,complex,0,2.11,11.87,,56.47,1,55.78,2
R048-23,E048,23,east,26.31,13.44,complex,0,2.11,11.53,0.483,82.21,0,82.08,3
R049-00,E049,0,west,14.55,7.16,standard,3,14.14,5.58,0.727,45.07,1,45.2,2
R049-01,E049,1,west,17.28,14.47,complex,0,14.14,12.04,0.484,72.31,0,71.83,5
R049-02,E049,2,west,15.48,12.48,standard,0,14.14,11.39,0.548,48.82,1,48.11,4
R049-03,E049,3,west,14.79,13.27,complex,0,14.14,11.78,0.728,50.01,0,49.37,4
R049-04,E049,4,west,17.61,18.18,standard,0,14.14,16.44,0.391,65.52,1,65.07,4
R049-05,E049,5,west,24.52,13.05,complex,0,14.14,10.56,0.508,79.47,0,79.18,4
R049-06,E049,6,west,5.22,8.01,standard,0,14.14,7.23,0.309,36.96,0,36.96,3
R049-07,E049,7,west,23.31,13.82,complex,1,14.14,12.57,0.454,74.75,0,74.21,3
R049-08,E049,8,west,26.85,13.56,standard,0,14.14,12.46,0.52,72.15,0,71.93,3
R049-09,E049,9,west,18.36,10.72,standard,0,14.14,8.48,0.637,49.94,1,49.99,3
R049-10,E049,10,west,21.43,11.95,standard,0,14.14,10.0,0.851,53.27,0,53.44,4
R049-11,E049,11,west,19.76,11.4,standard,0,14.14,10.92,0.434,59.15,0,59.47,5
R049-12,E049,12,west,15.18,14.49,standard,0,14.14,12.62,0.339,49.64,0,49.61,3
R049-13,E049,13,west,20.96,13.35,complex,1,14.14,9.92,0.654,61.09,0,61.45,4
R049-14,E049,14,west,18.43,12.22,complex,2,14.14,10.69,0.458,61.12,1,61.03,2
R049-15,E049,15,west,17.83,8.97,standard,2,14.14,8.85,0.403,46.11,1,45.41,2
R049-16,E049,16,west,28.1,15.57,standard,2,14.14,13.78,0.936,91.02,1,90.34,2
R049-17,E049,17,west,14.12,10.76,standard,0,14.14,9.06,0.587,39.61,0,39.67,3
R049-18,E049,18,west,26.43,17.18,standard,0,14.14,15.5,0.903,78.04,0,78.24,3
R049-19,E049,19,west,24.2,12.92,complex,0,14.14,11.4,0.6,72.52,1,73.12,2
R049-20,E049,20,west,13.11,12.24,complex,0,14.14,10.8,0.773,63.18,0,63.83,5
R049-21,E049,21,west,25.07,11.81,complex,0,14.14,10.87,0.841,78.46,1,79.63,3
R049-22,E049,22,west,21.86,15.41,complex,0,14.14,12.95,0.737,83.32,1,82.82,2
R049-23,E049,23,west,22.1,11.5,standard,1,14.14,9.92,0.961,65.52,0,65.77,3
R050-00,E050,0,north,17.82,8.14,standard,1,13.93,6.91,0.786,45.2,0,44.48,5
R050-01,E050,1,north,16.38,16.23,complex,0,13.93,14.04,0.582,66.13,0,66.59,5
R050-02,E050,2,north,17.05,11.64,complex,1,13.93,9.41,0.482,56.6,1,56.5,4
R050-03,E050,3,north,17.55,9.13,standard,1,13.93,7.82,0.827,42.7,0,43.4,4
R050-04,E050,4,north,16.47,9.52,standard,0,13.93,8.58,0.812,42.75,0,42.2,5
R050-05,E050,5,north,16.53,8.68,standard,0,13.93,7.24,0.472,44.96,0,44.54,3
R050-06,E050,6,north,25.34,12.75,complex,0,13.93,10.94,0.66,77.22,0,76.36,5
R050-07,E050,7,north,5.37,9.57,standard,0,13.93,7.83,0.568,32.81,0,33.26,3
R050-08,E050,8,north,10.49,14.59,standard,0,13.93,12.24,0.555,37.77,0,37.68,4
R050-09,E050,9,north,20.43,11.83,complex,0,13.93,10.08,0.653,56.9,0,56.62,4
R050-10,E050,10,north,17.3,13.69,standard,0,13.93,12.13,0.717,45.46,0,45.43,5
R050-11,E050,11,north,20.98,13.37,standard,2,13.93,11.04,0.308,48.75,0,49.47,5
R050-12,E050,12,north,18.68,11.36,standard,0,13.93,10.01,0.779,44.3,0,44.8,4
R050-13,E050,13,north,17.37,9.1,standard,0,13.93,8.06,0.38,42.44,0,42.42,3
R050-14,E050,14,north,19.38,15.39,standard,0,13.93,11.72,0.667,55.03,0,55.15,3
R050-15,E050,15,north,12.76,11.67,standard,1,13.93,10.09,0.599,44.48,1,44.86,3
R050-16,E050,16,north,17.01,12.69,standard,0,13.93,11.3,0.528,53.59,0,52.88,3
R050-17,E050,17,north,20.72,12.99,standard,0,13.93,11.27,0.862,60.69,0,59.97,3
R050-18,E050,18,north,7.82,14.0,standard,0,13.93,12.46,0.53,47.08,0,47.32,4
R050-19,E050,19,north,16.48,16.01,complex,0,13.93,14.34,0.926,60.82,1,60.57,4
R050-20,E050,20,north,13.12,14.48,standard,0,13.93,11.76,0.945,44.68,0,45.08,4
R050-21,E050,21,north,23.93,13.22,standard,0,13.93,11.95,0.693,58.93,0,58.96,4
R050-22,E050,22,north,24.54,14.04,standard,1,13.93,11.7,0.786,62.54,1,63.15,3
R050-23,E050,23,north,18.45,9.78,complex,1,13.93,8.36,,63.17,0,62.59,5
R051-00,E051,0,east,14.8,13.14,standard,0,7.55,11.54,0.435,52.26,0,52.2,5
R051-01,E051,1,east,14.32,13.71,complex,0,7.55,10.74,0.335,65.59,0,64.55,4
R051-02,E051,2,east,18.76,12.86,standard,0,7.55,11.15,0.518,62.84,0,63.0,4
R051-03,E051,3,east,12.2,9.64,standard,0,7.55,8.86,0.37,39.07,0,39.64,5
R051-04,E051,4,east,10.06,10.76,complex,2,7.55,8.68,0.917,53.31,1,52.67,4
R051-05,E051,5,east,17.71,14.55,complex,0,7.55,13.43,0.819,58.32,1,58.27,2
R051-06,E051,6,east,14.15,11.57,standard,0,7.55,8.2,0.965,50.65,0,51.02,3
R051-07,E051,7,east,11.38,14.39,complex,0,7.55,13.08,0.462,64.98,0,64.4,5
R051-08,E051,8,east,14.52,14.18,standard,0,7.55,12.52,0.374,42.79,0,43.46,5
R051-09,E051,9,east,15.51,12.87,standard,1,7.55,10.42,0.603,51.49,0,52.1,5
R051-10,E051,10,east,9.01,9.47,standard,3,7.55,8.74,0.514,38.96,0,39.03,4
R051-11,E051,11,east,15.17,14.73,standard,1,7.55,11.84,0.735,54.22,0,53.37,4
R051-12,E051,12,east,21.14,13.77,standard,3,7.55,12.54,0.925,53.62,1,54.55,3
R051-13,E051,13,east,12.96,12.81,standard,0,7.55,11.52,0.826,42.33,0,41.9,5
R051-14,E051,14,east,17.82,10.55,complex,0,7.55,9.0,0.529,50.2,1,50.67,2
R051-15,E051,15,east,18.9,10.6,complex,0,7.55,9.45,0.346,60.98,1,60.51,2
R051-16,E051,16,east,14.89,13.82,standard,0,7.55,11.31,0.452,51.19,0,50.96,3
R051-17,E051,17,east,10.95,7.94,complex,1,7.55,6.76,0.458,41.09,0,41.63,4
R051-18,E051,18,east,21.32,16.82,standard,0,7.55,14.48,0.739,61.95,1,62.4,3
R051-19,E051,19,east,21.13,12.08,standard,0,7.55,8.81,0.632,40.12,0,39.53,3
R051-20,E051,20,east,12.81,13.98,complex,0,7.55,12.91,,55.84,1,55.37,4
R051-21,E051,21,east,12.6,13.91,complex,0,7.55,11.68,,56.96,0,56.56,5
R051-22,E051,22,east,18.38,10.85,standard,0,7.55,9.45,0.898,52.47,0,51.94,4
R051-23,E051,23,east,19.89,14.58,standard,3,7.55,12.09,0.352,50.81,0,51.62,5
R052-00,E052,0,west,15.62,8.9,standard,5,13.34,7.86,0.603,34.22,1,34.56,3
R052-01,E052,1,west,13.96,13.65,standard,1,13.34,12.62,0.361,58.97,0,58.19,4
R052-02,E052,2,west,17.0,12.86,standard,0,13.34,10.69,0.424,47.29,0,47.26,4
R052-03,E052,3,west,18.5,16.03,standard,0,13.34,14.77,0.344,50.73,1,51.1,3
R052-04,E052,4,west,9.96,8.93,standard,0,13.34,7.23,0.678,39.73,0,40.83,5
R052-05,E052,5,west,20.71,11.45,complex,0,13.34,9.7,0.837,51.08,1,50.22,3
R052-06,E052,6,west,20.92,10.86,standard,0,13.34,8.59,0.673,53.86,0,54.56,3
R052-07,E052,7,west,16.44,12.72,complex,5,13.34,10.0,0.815,57.7,0,58.33,5
R052-08,E052,8,west,17.7,14.44,complex,2,13.34,12.26,0.345,61.62,0,61.19,4
R052-09,E052,9,west,18.55,8.7,complex,0,13.34,7.84,0.588,50.54,0,51.3,3
R052-10,E052,10,west,33.83,15.86,standard,1,13.34,14.39,0.626,97.37,0,97.71,3
R052-11,E052,11,west,19.48,13.03,standard,1,13.34,12.08,0.546,52.26,0,51.74,5
R052-12,E052,12,west,20.41,17.45,standard,0,13.34,14.44,0.756,49.94,1,49.55,4
R052-13,E052,13,west,15.67,10.38,complex,0,13.34,8.77,0.322,57.65,0,57.02,3
R052-14,E052,14,west,19.17,14.75,complex,2,13.34,12.98,0.453,54.55,1,55.01,3
R052-15,E052,15,west,16.76,10.55,standard,0,13.34,9.27,0.914,47.98,0,47.99,3
R052-16,E052,16,west,15.38,11.42,standard,1,13.34,10.02,0.873,52.29,0,52.6,5
R052-17,E052,17,west,24.24,15.22,standard,0,13.34,13.5,0.705,59.84,0,60.07,5
R052-18,E052,18,west,17.05,12.65,complex,0,13.34,10.58,0.963,51.24,0,51.21,3
R052-19,E052,19,west,15.49,12.67,standard,0,13.34,10.77,0.685,38.43,0,38.24,3
R052-20,E052,20,west,16.1,12.76,complex,0,13.34,11.39,0.611,51.33,0,52.48,3
R052-21,E052,21,west,22.5,15.37,standard,0,13.34,13.8,0.475,76.95,1,76.1,3
R052-22,E052,22,west,15.62,12.05,standard,0,13.34,11.26,,52.08,0,51.6,5
R052-23,E052,23,west,23.64,15.71,standard,1,13.34,13.43,0.833,53.63,0,53.29,5
R053-00,E053,0,north,18.35,11.57,standard,1,2.09,9.23,0.515,46.19,1,46.37,4
R053-01,E053,1,north,24.07,11.0,complex,4,2.09,8.73,0.834,79.33,1,80.09,3
R053-02,E053,2,north,25.41,12.54,standard,0,2.09,10.04,0.683,78.4,1,78.24,4
R053-03,E053,3,north,16.31,12.02,complex,0,2.09,8.99,0.842,51.32,0,51.93,4
R053-04,E053,4,north,16.7,13.45,standard,1,2.09,12.09,0.731,51.89,0,51.4,3
R053-05,E053,5,north,20.69,14.42,standard,1,2.09,11.65,0.829,61.44,0,61.78,5
R053-06,E053,6,north,16.98,14.21,standard,0,2.09,13.37,0.646,53.64,0,54.13,5
R053-07,E053,7,north,18.72,10.91,standard,0,2.09,8.29,0.6,49.81,0,50.16,4
R053-08,E053,8,north,12.94,9.7,complex,0,2.09,8.69,0.325,54.68,0,55.17,3
R053-09,E053,9,north,11.65,9.57,complex,0,2.09,8.53,0.576,49.78,0,49.9,5
R053-10,E053,10,north,18.4,12.28,complex,1,2.09,10.42,0.81,62.05,0,61.83,3
R053-11,E053,11,north,28.92,16.3,standard,1,2.09,14.53,0.672,72.76,1,73.4,4
R053-12,E053,12,north,14.58,12.76,standard,0,2.09,10.4,0.469,48.24,0,47.82,5
R053-13,E053,13,north,16.97,13.29,complex,0,2.09,10.94,0.78,64.15,0,63.3,4
R053-14,E053,14,north,18.96,12.08,standard,0,2.09,9.62,0.332,48.54,0,48.52,5
R053-15,E053,15,north,18.51,14.31,standard,0,2.09,12.47,0.758,57.42,0,57.37,4
R053-16,E053,16,north,24.13,15.42,complex,0,2.09,12.14,0.529,78.26,0,78.32,3
R053-17,E053,17,north,21.92,12.99,standard,0,2.09,10.62,0.509,52.55,0,51.7,3
R053-18,E053,18,north,13.04,16.05,standard,2,2.09,12.95,0.906,57.03,1,57.34,2
R053-19,E053,19,north,19.13,15.56,standard,0,2.09,13.32,0.649,53.93,0,54.05,4
R053-20,E053,20,north,16.91,12.95,standard,0,2.09,10.67,,56.4,0,56.6,4
R053-21,E053,21,north,15.9,15.1,standard,0,2.09,12.36,0.388,55.07,0,55.24,3
R053-22,E053,22,north,20.68,12.86,standard,2,2.09,12.02,0.812,57.83,0,58.2,4
R053-23,E053,23,north,24.67,13.58,complex,0,2.09,10.52,0.961,69.44,1,69.46,2
R054-00,E054,0,east,20.37,12.48,standard,1,11.17,10.68,0.364,45.09,0,45.43,3
R054-01,E054,1,east,11.22,12.85,complex,0,11.17,10.15,0.891,54.04,0,54.05,3
R054-02,E054,2,east,8.22,8.71,standard,1,11.17,8.1,0.439,35.29,0,35.49,5
R054-03,E054,3,east,20.02,13.6,standard,1,11.17,10.12,0.555,55.27,0,55.74,3
R054-04,E054,4,east,23.49,14.12,standard,2,11.17,13.24,0.823,67.11,0,67.51,5
R054-05,E054,5,east,17.53,15.4,complex,0,11.17,12.9,0.946,62.33,0,62.6,5
R054-06,E054,6,east,20.48,11.84,standard,0,11.17,10.38,0.826,46.59,0,46.48,5
R054-07,E054,7,east,10.8,11.61,standard,0,11.17,9.39,0.552,45.29,0,44.79,4
R054-08,E054,8,east,14.61,12.93,standard,3,11.17,11.94,0.466,51.15,0,51.26,5
R054-09,E054,9,east,20.18,12.14,standard,0,11.17,9.93,0.952,46.03,0,46.32,4
R054-10,E054,10,east,18.43,10.28,standard,0,11.17,9.37,0.671,48.37,0,48.75,5
R054-11,E054,11,east,18.69,12.44,complex,0,11.17,10.44,0.974,67.68,1,67.7,4
R054-12,E054,12,east,14.01,11.45,standard,0,11.17,10.54,0.546,48.3,0,49.27,5
R054-13,E054,13,east,17.25,12.02,standard,1,11.17,10.27,0.931,42.97,0,42.68,5
R054-14,E054,14,east,18.23,13.1,standard,2,11.17,11.0,0.724,47.66,0,47.72,3
R054-15,E054,15,east,21.86,14.7,complex,3,11.17,12.85,0.397,69.99,0,70.09,3
R054-16,E054,16,east,18.04,12.23,standard,0,11.17,10.45,0.432,41.46,0,41.34,4
R054-17,E054,17,east,14.35,13.14,complex,1,11.17,11.26,0.866,65.38,0,64.89,4
R054-18,E054,18,east,17.06,10.88,complex,0,11.17,8.23,0.504,62.39,0,62.25,4
R054-19,E054,19,east,12.35,9.36,standard,0,11.17,8.94,0.765,29.14,0,29.53,5
R054-20,E054,20,east,19.11,13.53,standard,1,11.17,11.91,0.978,50.47,0,50.43,5
R054-21,E054,21,east,15.52,9.84,standard,0,11.17,7.44,0.733,38.98,0,38.73,5
R054-22,E054,22,east,21.71,11.55,complex,1,11.17,10.44,0.342,65.24,0,65.22,5
R054-23,E054,23,east,20.64,15.21,complex,0,11.17,11.6,,70.35,0,70.74,5
R055-00,E055,0,west,9.19,11.09,standard,0,8.58,8.44,0.432,52.87,0,53.01,3
R055-01,E055,1,west,12.87,12.07,standard,2,8.58,10.55,0.485,47.68,0,47.43,3
R055-02,E055,2,west,14.11,8.88,standard,0,8.58,7.97,0.441,41.43,0,41.42,5
R055-03,E055,3,west,12.9,10.02,complex,0,8.58,8.12,0.445,44.55,0,45.47,4
R055-04,E055,4,west,16.29,14.18,standard,0,8.58,11.27,0.422,54.92,0,55.2,4
R055-05,E055,5,west,20.78,9.81,standard,1,8.58,8.77,0.71,50.6,0,49.93,4
R055-06,E055,6,west,22.68,15.25,standard,0,8.58,13.48,0.787,63.76,0,64.19,5
R055-07,E055,7,west,15.44,16.69,complex,0,8.58,14.46,0.843,63.38,1,63.51,2
R055-08,E055,8,west,18.06,11.58,standard,0,8.58,11.23,0.76,42.43,0,42.09,3
R055-09,E055,9,west,15.46,15.25,standard,0,8.58,14.68,0.874,63.27,0,63.34,4
R055-10,E055,10,west,18.82,11.94,complex,1,8.58,10.22,0.444,62.43,1,62.6,4
R055-11,E055,11,west,11.71,9.67,complex,0,8.58,8.26,0.697,50.11,0,49.51,5
R055-12,E055,12,west,19.38,11.6,complex,0,8.58,8.3,0.378,63.33,0,62.84,4
R055-13,E055,13,west,24.0,12.84,standard,0,8.58,11.42,0.861,69.57,0,70.38,3
R055-14,E055,14,west,16.82,8.99,standard,0,8.58,7.69,0.332,46.71,0,46.35,4
R055-15,E055,15,west,20.54,14.62,standard,0,8.58,12.24,0.537,55.54,0,55.38,4
R055-16,E055,16,west,24.05,17.67,complex,0,8.58,14.39,0.923,77.97,1,77.34,2
R055-17,E055,17,west,20.37,14.29,standard,0,8.58,12.79,0.715,64.71,0,65.53,4
R055-18,E055,18,west,26.27,16.79,standard,1,8.58,13.72,0.733,81.13,0,81.26,3
R055-19,E055,19,west,18.42,13.86,complex,0,8.58,12.43,0.939,83.82,0,84.26,4
R055-20,E055,20,west,21.37,13.27,complex,6,8.58,11.9,0.303,71.49,0,71.85,3
R055-21,E055,21,west,15.21,12.05,complex,3,8.58,10.32,,69.0,1,70.02,3
R055-22,E055,22,west,23.52,13.23,standard,1,8.58,11.73,0.684,70.06,1,70.56,2
R055-23,E055,23,west,20.6,8.62,standard,0,8.58,7.06,0.926,56.26,0,56.86,3
R056-00,E056,0,north,12.93,9.7,standard,3,9.69,8.81,0.389,31.46,0,31.56,3
R056-01,E056,1,north,12.92,11.06,complex,2,9.69,9.27,0.711,53.85,0,53.96,4
R056-02,E056,2,north,11.73,8.24,complex,1,9.69,6.74,0.602,51.0,0,51.67,3
R056-03,E056,3,north,6.22,6.96,standard,3,9.69,4.31,0.368,31.82,0,30.48,5
R056-04,E056,4,north,15.06,12.42,complex,1,9.69,9.76,0.53,50.43,0,49.81,5
R056-05,E056,5,north,15.35,7.55,standard,0,9.69,7.09,0.626,34.65,0,35.08,4
R056-06,E056,6,north,15.69,11.96,standard,0,9.69,9.38,0.705,44.91,0,44.69,3
R056-07,E056,7,north,22.56,14.6,standard,2,9.69,11.5,0.68,68.44,1,68.3,3
R056-08,E056,8,north,22.51,15.81,complex,1,9.69,13.07,0.917,85.81,1,85.32,2
R056-09,E056,9,north,20.71,14.97,standard,1,9.69,12.81,0.953,55.02,0,54.3,4
R056-10,E056,10,north,10.26,12.56,complex,0,9.69,10.43,0.457,55.08,0,54.99,4
R056-11,E056,11,north,24.52,9.65,standard,0,9.69,7.0,0.997,54.42,0,54.6,4
R056-12,E056,12,north,7.88,10.73,standard,1,9.69,9.26,0.901,42.46,0,42.92,5
R056-13,E056,13,north,16.79,11.46,standard,2,9.69,9.86,0.732,57.64,0,57.04,3
R056-14,E056,14,north,18.91,11.64,standard,0,9.69,10.9,0.781,46.82,0,47.25,3
R056-15,E056,15,north,23.54,14.37,complex,0,9.69,11.19,0.913,67.2,0,66.62,4
R056-16,E056,16,north,13.4,9.59,complex,1,9.69,7.98,0.455,53.29,0,53.5,5
R056-17,E056,17,north,14.04,12.29,standard,1,9.69,9.51,0.797,51.67,0,51.19,3
R056-18,E056,18,north,24.7,14.71,complex,5,9.69,11.22,0.889,74.07,0,74.22,3
R056-19,E056,19,north,21.94,10.09,complex,0,9.69,8.52,0.761,65.75,0,65.81,5
R056-20,E056,20,north,16.01,10.99,standard,0,9.69,8.51,0.66,48.54,0,48.57,4
R056-21,E056,21,north,15.74,10.82,standard,0,9.69,8.68,0.828,36.28,0,36.61,5
R056-22,E056,22,north,25.23,14.11,complex,0,9.69,11.77,,71.24,1,72.4,3
R056-23,E056,23,north,16.96,13.11,standard,1,9.69,10.71,0.754,53.01,0,53.38,4
R057-00,E057,0,east,16.79,12.44,standard,3,3.11,10.92,0.594,41.92,0,41.86,5
R057-01,E057,1,east,11.19,13.54,complex,0,3.11,10.78,0.474,55.83,0,55.99,3
R057-02,E057,2,east,13.98,11.33,complex,1,3.11,10.02,0.41,59.27,1,58.65,3
R057-03,E057,3,east,18.63,11.25,complex,0,3.11,9.4,0.987,63.87,0,64.68,3
R057-04,E057,4,east,13.48,11.96,standard,2,3.11,9.63,0.522,49.5,0,48.57,5
R057-05,E057,5,east,10.2,10.66,complex,1,3.11,9.28,0.68,57.01,0,57.26,5
R057-06,E057,6,east,26.59,12.33,complex,0,3.11,10.59,0.899,75.54,0,75.59,5
R057-07,E057,7,east,18.21,12.81,standard,0,3.11,11.87,0.511,50.17,0,50.48,5
R057-08,E057,8,east,12.11,12.81,standard,1,3.11,11.33,0.354,44.04,0,43.75,3
R057-09,E057,9,east,18.63,12.78,complex,0,3.11,10.01,0.759,73.4,0,73.2,5
R057-10,E057,10,east,11.0,11.24,standard,1,3.11,9.23,0.46,46.86,0,46.94,5
R057-11,E057,11,east,23.35,14.12,standard,0,3.11,12.28,0.792,66.22,0,66.13,4
R057-12,E057,12,east,11.01,10.13,complex,4,3.11,8.7,0.653,50.73,0,50.9,3
R057-13,E057,13,east,13.02,11.09,standard,0,3.11,8.82,0.706,47.56,0,47.02,3
R057-14,E057,14,east,18.17,13.6,standard,0,3.11,10.84,0.767,54.4,0,54.88,3
R057-15,E057,15,east,9.7,11.57,standard,1,3.11,9.52,0.806,43.39,0,43.5,3
R057-16,E057,16,east,23.49,11.98,complex,0,3.11,10.04,0.709,82.28,1,82.75,4
R057-17,E057,17,east,9.71,10.55,standard,1,3.11,8.33,0.959,49.06,0,48.75,4
R057-18,E057,18,east,23.8,13.22,complex,4,3.11,11.61,0.987,77.53,0,76.6,4
R057-19,E057,19,east,27.66,15.33,standard,0,3.11,13.75,0.374,88.9,1,89.05,3
R057-20,E057,20,east,26.83,10.07,standard,0,3.11,9.4,0.673,77.67,0,77.6,3
R057-21,E057,21,east,25.56,14.89,standard,0,3.11,12.16,,81.95,1,81.66,2
R057-22,E057,22,east,21.25,14.52,complex,0,3.11,12.55,0.545,70.63,0,70.32,4
R057-23,E057,23,east,17.68,11.76,complex,0,3.11,10.0,,56.79,0,57.08,4
R058-00,E058,0,west,13.1,12.06,standard,0,11.93,10.39,0.823,52.51,0,52.41,3
R058-01,E058,1,west,20.35,14.58,standard,0,11.93,13.13,0.398,50.95,0,50.92,3
R058-02,E058,2,west,16.08,8.85,standard,1,11.93,7.21,0.462,39.01,0,38.95,5
R058-03,E058,3,west,26.18,13.95,standard,1,11.93,11.73,0.446,73.11,0,72.53,3
R058-04,E058,4,west,24.01,13.96,standard,2,11.93,11.64,0.802,61.19,0,61.81,5
R058-05,E058,5,west,13.61,14.38,standard,3,11.93,12.47,0.411,44.89,0,44.48,4
R058-06,E058,6,west,19.63,12.45,standard,1,11.93,11.19,0.929,56.36,0,56.27,5
R058-07,E058,7,west,17.09,12.98,complex,1,11.93,10.74,0.527,69.71,1,69.34,3
R058-08,E058,8,west,22.33,15.3,complex,1,11.93,13.16,0.528,78.98,1,79.59,2
R058-09,E058,9,west,26.73,15.17,complex,1,11.93,13.88,0.777,90.84,1,90.02,4
R058-10,E058,10,west,12.88,11.8,standard,1,11.93,9.25,0.437,47.44,0,46.96,3
R058-11,E058,11,west,19.53,11.01,standard,0,11.93,9.05,0.756,59.3,1,59.1,2
R058-12,E058,12,west,14.03,10.92,standard,0,11.93,9.3,0.385,55.42,0,55.09,5
R058-13,E058,13,west,20.51,13.21,standard,1,11.93,11.21,0.937,64.13,0,64.47,4
R058-14,E058,14,west,15.46,12.7,complex,1,11.93,10.87,0.733,67.31,0,66.94,4
R058-15,E058,15,west,25.12,12.19,standard,1,11.93,9.43,0.754,68.73,0,68.56,5
R058-16,E058,16,west,18.72,13.55,standard,0,11.93,11.83,0.518,68.95,0,68.54,4
R058-17,E058,17,west,20.6,11.67,standard,1,11.93,11.36,0.679,50.17,1,49.65,2
R058-18,E058,18,west,16.38,10.95,standard,0,11.93,9.2,0.359,46.21,0,46.85,5
R058-19,E058,19,west,12.08,10.67,standard,2,11.93,9.52,0.802,50.02,1,49.56,4
R058-20,E058,20,west,24.18,11.78,standard,1,11.93,9.76,0.582,56.91,0,56.58,3
R058-21,E058,21,west,31.63,15.96,complex,5,11.93,12.97,0.409,101.16,1,101.69,4
R058-22,E058,22,west,23.45,14.34,complex,2,11.93,12.15,0.364,70.26,1,70.35,4
R058-23,E058,23,west,26.9,18.36,standard,1,11.93,16.53,0.38,79.51,0,79.65,3
R059-00,E059,0,north,9.48,8.86,standard,0,5.56,6.64,0.84,39.77,0,39.22,4
R059-01,E059,1,north,12.02,11.62,complex,0,5.56,10.0,0.657,58.49,0,58.24,4
R059-02,E059,2,north,13.59,11.78,complex,0,5.56,9.69,0.801,55.21,0,55.64,3
R059-03,E059,3,north,15.32,12.76,standard,2,5.56,11.39,0.439,49.74,1,49.04,3
R059-04,E059,4,north,12.21,13.11,complex,0,5.56,11.31,0.37,60.66,0,60.52,4
R059-05,E059,5,north,12.8,15.87,standard,0,5.56,14.4,0.659,55.23,0,54.44,4
R059-06,E059,6,north,19.09,13.74,complex,1,5.56,11.34,0.606,65.81,0,66.22,3
R059-07,E059,7,north,10.38,9.22,complex,3,5.56,8.21,0.688,44.95,0,44.99,3
R059-08,E059,8,north,22.89,13.89,standard,0,5.56,11.26,0.369,67.64,0,68.39,3
R059-09,E059,9,north,10.42,9.85,standard,1,5.56,7.92,0.332,40.16,0,39.76,5
R059-10,E059,10,north,20.04,12.08,standard,1,5.56,9.3,0.934,61.49,0,61.9,4
R059-11,E059,11,north,25.9,15.61,standard,3,5.56,13.0,0.371,61.18,0,61.05,4
R059-12,E059,12,north,17.41,14.28,complex,0,5.56,12.73,0.784,69.71,0,68.94,4
R059-13,E059,13,north,8.16,9.35,standard,0,5.56,8.72,0.764,44.2,0,44.4,5
R059-14,E059,14,north,21.12,11.6,complex,0,5.56,9.12,0.384,71.78,0,72.27,5
R059-15,E059,15,north,13.22,12.48,standard,4,5.56,11.29,0.468,59.11,0,59.04,5
R059-16,E059,16,north,15.89,14.13,complex,1,5.56,11.28,0.999,71.98,0,72.36,4
R059-17,E059,17,north,13.61,11.16,standard,0,5.56,9.32,0.617,49.22,0,49.68,3
R059-18,E059,18,north,9.76,10.8,complex,0,5.56,7.86,0.79,54.59,0,54.87,4
R059-19,E059,19,north,10.14,8.24,complex,0,5.56,5.88,0.763,51.36,0,51.13,4
R059-20,E059,20,north,6.93,11.52,standard,2,5.56,10.2,0.484,46.72,0,45.92,5
R059-21,E059,21,north,16.01,14.78,standard,0,5.56,12.57,,41.66,0,40.93,5
R059-22,E059,22,north,32.44,16.24,standard,0,5.56,14.2,0.998,100.12,0,100.12,5
R059-23,E059,23,north,15.52,13.84,standard,0,5.56,11.87,0.536,52.85,0,52.31,3
R060-00,E060,0,east,20.26,14.08,standard,3,13.44,10.66,0.515,44.61,1,45.1,2
R060-01,E060,1,east,18.34,14.33,standard,2,13.44,10.93,0.361,53.53,0,53.63,3
R060-02,E060,2,east,11.05,12.11,standard,0,13.44,10.43,0.803,53.55,0,53.47,3
R060-03,E060,3,east,7.27,7.68,standard,2,13.44,5.79,0.574,36.63,0,36.53,3
R060-04,E060,4,east,10.86,12.27,standard,0,13.44,9.48,0.307,47.58,0,47.83,3
R060-05,E060,5,east,15.05,14.09,complex,0,13.44,11.73,0.718,66.95,0,68.04,3
R060-06,E060,6,east,14.86,13.15,standard,2,13.44,12.33,0.375,51.48,0,51.74,4
R060-07,E060,7,east,4.75,12.79,standard,2,13.44,11.64,0.704,50.32,0,50.0,4
R060-08,E060,8,east,20.18,11.66,standard,0,13.44,9.21,0.962,71.22,0,71.41,5
R060-09,E060,9,east,8.49,8.63,standard,0,13.44,7.68,0.71,48.98,0,48.69,4
R060-10,E060,10,east,10.42,6.76,complex,0,13.44,6.64,0.916,48.96,0,49.5,4
R060-11,E060,11,east,20.7,12.78,standard,0,13.44,10.27,0.555,70.1,0,70.11,4
R060-12,E060,12,east,10.61,10.33,standard,0,13.44,7.79,0.729,48.99,0,48.92,4
R060-13,E060,13,east,9.76,12.13,complex,1,13.44,9.82,0.54,50.82,0,51.86,4
R060-14,E060,14,east,11.95,14.06,standard,1,13.44,11.07,0.382,49.31,0,49.11,3
R060-15,E060,15,east,18.4,13.62,standard,0,13.44,13.04,0.399,59.59,0,60.3,3
R060-16,E060,16,east,14.15,12.49,standard,0,13.44,10.09,0.475,61.03,0,60.74,4
R060-17,E060,17,east,18.21,15.41,complex,1,13.44,12.88,0.722,67.93,0,68.44,3
R060-18,E060,18,east,17.8,12.67,complex,1,13.44,11.52,0.819,65.13,0,65.35,3
R060-19,E060,19,east,22.95,13.64,standard,0,13.44,11.71,0.954,62.05,0,62.17,4
R060-20,E060,20,east,25.99,17.37,complex,1,13.44,14.9,0.522,93.29,0,93.37,5
R060-21,E060,21,east,18.25,10.67,standard,0,13.44,9.54,0.534,50.9,0,51.07,5
R060-22,E060,22,east,27.83,10.56,complex,1,13.44,9.25,0.555,69.64,0,68.4,4
R060-23,E060,23,east,20.78,14.09,standard,3,13.44,11.96,,65.47,0,65.89,4
R061-00,E061,0,west,14.27,9.71,complex,3,6.5,8.72,0.626,49.93,0,51.45,5
R061-01,E061,1,west,18.02,13.25,standard,2,6.5,11.76,0.938,44.51,1,44.69,3
R061-02,E061,2,west,11.58,10.35,complex,0,6.5,8.54,0.654,54.88,1,55.54,2
R061-03,E061,3,west,16.26,10.62,standard,2,6.5,9.21,0.993,42.2,0,41.86,4
R061-04,E061,4,west,16.51,12.03,standard,0,6.5,10.4,0.588,41.59,0,41.34,5
R061-05,E061,5,west,16.63,12.87,complex,1,6.5,12.01,0.633,65.29,0,65.43,3
R061-06,E061,6,west,20.07,12.04,complex,0,6.5,10.47,0.429,60.16,0,60.66,5
R061-07,E061,7,west,20.55,10.94,standard,0,6.5,9.75,0.463,57.12,0,57.51,4
R061-08,E061,8,west,12.0,10.88,standard,0,6.5,10.1,0.681,41.54,0,41.52,4
R061-09,E061,9,west,20.88,13.5,standard,0,6.5,10.51,0.427,65.66,0,65.63,4
R061-10,E061,10,west,21.39,14.26,complex,0,6.5,11.63,0.75,69.8,0,70.78,3
R061-11,E061,11,west,21.9,11.73,complex,0,6.5,11.08,0.543,65.56,0,65.86,5
R061-12,E061,12,west,23.21,18.04,standard,2,6.5,16.18,0.45,72.81,0,72.72,4
R061-13,E061,13,west,20.5,12.78,standard,0,6.5,10.69,0.809,58.82,1,58.45,3
R061-14,E061,14,west,23.92,12.24,standard,2,6.5,10.73,0.799,59.97,0,60.92,5
R061-15,E061,15,west,26.12,12.83,complex,0,6.5,9.81,0.583,79.32,0,79.65,5
R061-16,E061,16,west,12.79,8.21,complex,2,6.5,7.54,0.504,43.72,0,43.84,5
R061-17,E061,17,west,25.94,17.16,complex,0,6.5,15.47,0.992,88.99,1,89.54,4
R061-18,E061,18,west,20.44,15.67,standard,0,6.5,12.33,0.63,65.25,0,65.24,3
R061-19,E061,19,west,24.01,17.06,standard,1,6.5,15.72,0.31,68.02,1,67.71,4
R061-20,E061,20,west,19.79,12.55,complex,0,6.5,12.01,0.684,60.36,1,60.63,3
R061-21,E061,21,west,13.09,11.6,complex,0,6.5,8.65,,43.26,1,43.74,3
R061-22,E061,22,west,20.25,15.25,complex,0,6.5,13.38,0.389,73.06,0,72.19,5
R061-23,E061,23,west,26.78,13.05,standard,0,6.5,11.39,0.478,73.41,0,73.14,5
R062-00,E062,0,north,15.87,11.89,standard,0,4.49,9.74,0.977,51.02,0,50.94,5
R062-01,E062,1,north,15.28,12.19,complex,0,4.49,10.58,0.739,56.4,0,56.85,4
R062-02,E062,2,north,19.94,11.22,complex,0,4.49,9.16,0.697,61.68,1,61.9,4
R062-03,E062,3,north,8.22,11.21,complex,2,4.49,9.45,0.919,50.01,0,49.77,4
R062-04,E062,4,north,10.63,10.57,standard,0,4.49,8.99,0.844,43.42,0,43.4,4
R062-05,E062,5,north,10.19,11.46,standard,0,4.49,9.57,0.985,41.19,0,41.26,5
R062-06,E062,6,north,21.62,16.49,complex,0,4.49,14.04,0.901,70.66,0,70.29,5
R062-07,E062,7,north,7.46,10.89,standard,1,4.49,9.88,0.688,43.88,0,44.32,5
R062-08,E062,8,north,10.19,8.25,standard,1,4.49,6.16,0.453,38.41,0,38.68,5
R062-09,E062,9,north,6.51,10.63,complex,0,4.49,8.57,0.936,45.14,0,45.22,5
R062-10,E062,10,north,22.46,14.41,standard,1,4.49,12.86,0.56,60.84,1,61.03,4
R062-11,E062,11,north,9.44,7.04,standard,0,4.49,6.22,0.974,38.21,0,39.3,4
R062-12,E062,12,north,14.1,11.23,standard,2,4.49,9.21,0.568,38.94,0,39.08,3
R062-13,E062,13,north,24.03,12.89,complex,0,4.49,11.64,0.39,67.89,0,67.9,4
R062-14,E062,14,north,17.49,10.78,standard,1,4.49,10.21,0.692,48.14,0,48.33,5
R062-15,E062,15,north,10.76,10.88,standard,0,4.49,8.75,0.685,43.71,0,43.93,3
R062-16,E062,16,north,22.15,11.26,standard,2,4.49,9.48,0.409,52.13,0,52.23,5
R062-17,E062,17,north,15.19,10.91,complex,1,4.49,9.23,0.396,56.36,0,56.51,5
R062-18,E062,18,north,23.04,8.8,complex,0,4.49,7.57,0.697,78.72,0,79.26,4
R062-19,E062,19,north,13.47,11.23,complex,8,4.49,8.97,0.579,51.52,0,50.77,3
R062-20,E062,20,north,23.69,14.5,standard,3,4.49,12.38,0.868,64.56,0,64.7,4
R062-21,E062,21,north,16.99,13.6,standard,0,4.49,10.1,,54.85,1,55.03,3
R062-22,E062,22,north,22.05,13.61,complex,2,4.49,12.12,,64.45,0,62.9,5
R062-23,E062,23,north,14.06,10.98,standard,0,4.49,9.59,,49.58,0,49.8,3
R063-00,E063,0,east,17.33,9.58,standard,0,1.18,6.27,0.798,50.45,0,51.03,3
R063-01,E063,1,east,15.46,12.83,standard,0,1.18,9.53,0.436,44.93,0,44.89,3
R063-02,E063,2,east,18.76,10.75,complex,0,1.18,9.67,0.372,55.93,0,55.42,3
R063-03,E063,3,east,21.49,14.89,complex,1,1.18,13.15,0.552,64.75,0,64.43,3
R063-04,E063,4,east,9.63,13.08,complex,0,1.18,10.27,0.981,54.46,0,55.32,4
R063-05,E063,5,east,23.82,11.55,standard,2,1.18,8.7,0.52,56.43,0,55.29,5
R063-06,E063,6,east,23.84,12.63,standard,0,1.18,10.91,0.402,45.94,1,46.61,4
R063-07,E063,7,east,10.81,14.42,complex,2,1.18,11.74,0.738,57.77,0,57.92,4
R063-08,E063,8,east,11.27,8.64,standard,2,1.18,8.29,0.318,42.25,0,41.68,3
R063-09,E063,9,east,16.85,16.63,standard,0,1.18,13.58,0.74,47.27,0,47.83,5
R063-10,E063,10,east,19.5,12.48,standard,0,1.18,10.68,0.511,55.81,0,55.82,3
R063-11,E063,11,east,16.14,13.55,complex,1,1.18,11.21,0.667,62.52,0,63.05,3
R063-12,E063,12,east,21.4,10.89,complex,0,1.18,9.8,0.93,71.2,0,71.46,5
R063-13,E063,13,east,21.36,15.67,standard,1,1.18,13.28,0.749,63.58,0,64.21,3
R063-14,E063,14,east,10.2,8.89,standard,0,1.18,8.03,0.882,39.13,0,39.27,3
R063-15,E063,15,east,22.89,15.51,standard,1,1.18,13.09,0.81,65.59,0,64.53,5
R063-16,E063,16,east,23.22,14.56,standard,0,1.18,11.72,0.669,71.34,0,70.87,5
R063-17,E063,17,east,11.56,9.3,complex,0,1.18,8.05,0.368,47.65,0,47.42,5
R063-18,E063,18,east,18.58,11.53,complex,1,1.18,10.86,0.632,59.99,1,60.0,2
R063-19,E063,19,east,25.2,13.96,standard,0,1.18,12.23,0.725,70.84,0,70.66,4
R063-20,E063,20,east,22.39,12.48,standard,0,1.18,10.2,,64.09,0,64.39,3
R063-21,E063,21,east,17.14,13.71,complex,1,1.18,12.03,0.858,42.05,0,42.21,5
R063-22,E063,22,east,14.12,15.66,standard,1,1.18,12.46,0.742,58.73,0,58.24,5
R063-23,E063,23,east,19.0,14.12,standard,1,1.18,11.11,,55.02,0,54.99,3
R064-00,E064,0,west,22.73,14.02,standard,1,13.39,12.15,0.586,73.05,1,72.55,2
R064-01,E064,1,west,21.84,11.69,standard,2,13.39,10.43,0.777,54.94,0,55.27,4
R064-02,E064,2,west,16.64,10.22,standard,1,13.39,8.86,0.989,40.58,0,41.51,4
R064-03,E064,3,west,18.97,13.99,complex,0,13.39,11.7,0.829,68.41,1,68.78,2
R064-04,E064,4,west,28.9,13.89,standard,0,13.39,13.01,0.617,81.77,0,82.32,5
R064-05,E064,5,west,22.57,13.44,standard,0,13.39,10.89,0.331,58.33,1,58.21,4
R064-06,E064,6,west,21.31,12.22,complex,1,13.39,10.48,0.312,56.77,1,56.47,2
R064-07,E064,7,west,20.15,13.07,standard,3,13.39,11.2,0.547,54.56,0,54.93,5
R064-08,E064,8,west,23.83,10.58,standard,0,13.39,9.35,0.527,55.72,0,55.28,4
R064-09,E064,9,west,19.34,12.06,standard,1,13.39,10.45,0.691,49.36,1,48.98,4
R064-10,E064,10,west,31.6,14.96,complex,0,13.39,11.99,0.919,88.56,1,88.07,4
R064-11,E064,11,west,18.87,11.56,standard,0,13.39,10.05,0.568,46.77,0,46.59,3
R064-12,E064,12,west,18.31,10.62,standard,0,13.39,7.91,0.409,45.86,0,46.28,3
R064-13,E064,13,west,16.96,11.71,standard,0,13.39,9.21,0.95,59.44,0,59.22,5
R064-14,E064,14,west,20.36,11.15,complex,1,13.39,9.62,0.849,62.83,1,62.23,3
R064-15,E064,15,west,26.05,11.44,complex,0,13.39,9.14,0.342,82.49,0,83.17,4
R064-16,E064,16,west,18.68,14.21,standard,0,13.39,12.08,0.404,61.56,0,61.35,4
R064-17,E064,17,west,17.44,10.31,standard,1,13.39,9.23,0.732,44.18,0,44.67,3
R064-18,E064,18,west,19.47,9.82,complex,1,13.39,8.76,0.607,62.36,0,62.27,4
R064-19,E064,19,west,21.9,15.14,standard,0,13.39,12.57,0.825,62.83,0,62.94,4
R064-20,E064,20,west,20.99,13.79,standard,0,13.39,12.2,0.945,52.6,0,52.85,3
R064-21,E064,21,west,18.52,13.66,complex,0,13.39,10.91,,52.67,1,52.35,3
R064-22,E064,22,west,23.76,10.86,complex,4,13.39,9.8,0.807,61.16,1,62.05,2
R064-23,E064,23,west,30.21,11.79,complex,1,13.39,10.61,0.35,88.75,1,88.88,4
R065-00,E065,0,north,20.44,11.88,standard,0,2.74,8.84,0.703,55.39,0,55.62,3
R065-01,E065,1,north,12.1,13.52,standard,0,2.74,11.26,0.76,55.74,0,56.86,3
R065-02,E065,2,north,20.63,17.5,complex,1,2.74,14.85,0.898,82.33,1,81.94,4
R065-03,E065,3,north,11.72,11.82,standard,2,2.74,9.94,0.305,41.99,0,41.92,5
R065-04,E065,4,north,18.55,12.39,standard,2,2.74,10.38,0.531,51.71,0,51.65,4
R065-05,E065,5,north,26.43,9.03,standard,0,2.74,7.84,0.933,66.2,0,65.93,5
R065-06,E065,6,north,12.36,10.44,complex,0,2.74,9.4,0.357,54.22,1,54.3,4
R065-07,E065,7,north,16.62,9.64,standard,2,2.74,8.0,0.989,54.53,0,54.74,3
R065-08,E065,8,north,18.65,13.57,standard,3,2.74,11.98,0.344,61.21,0,61.69,5
R065-09,E065,9,north,17.66,13.51,complex,1,2.74,12.26,0.359,68.36,0,69.05,3
R065-10,E065,10,north,0.57,13.33,standard,0,2.74,10.62,0.65,48.21,0,49.09,4
R065-11,E065,11,north,17.71,13.8,standard,0,2.74,11.92,0.558,59.5,0,59.14,3
R065-12,E065,12,north,9.69,10.18,standard,0,2.74,8.53,0.554,45.47,0,45.96,3
R065-13,E065,13,north,16.81,11.54,standard,0,2.74,9.58,0.603,53.55,0,52.79,4
R065-14,E065,14,north,17.07,11.84,complex,0,2.74,9.62,0.435,66.41,1,66.39,4
R065-15,E065,15,north,8.06,6.79,complex,2,2.74,5.84,0.826,47.91,1,47.17,3
R065-16,E065,16,north,18.38,12.57,complex,1,2.74,11.37,0.536,63.04,0,63.18,3
R065-17,E065,17,north,21.32,14.38,complex,1,2.74,12.37,0.611,67.69,1,67.23,2
R065-18,E065,18,north,15.05,14.29,standard,2,2.74,12.87,0.965,62.95,1,62.91,4
R065-19,E065,19,north,15.79,10.32,complex,0,2.74,8.36,0.426,60.95,0,61.86,4
R065-20,E065,20,north,21.69,14.56,standard,1,2.74,11.22,0.462,64.24,1,64.4,2
R065-21,E065,21,north,18.54,13.55,standard,2,2.74,10.61,,55.52,0,56.08,3
R065-22,E065,22,north,19.58,13.59,complex,0,2.74,12.75,0.623,64.62,1,65.41,3
R065-23,E065,23,north,18.42,12.92,complex,0,2.74,12.0,0.455,65.72,1,66.69,2
R066-00,E066,0,east,13.79,12.08,standard,3,11.4,9.49,0.311,51.11,0,51.89,3
R066-01,E066,1,east,14.19,15.25,standard,1,11.4,12.25,0.373,49.19,0,49.72,4
R066-02,E066,2,east,11.98,13.67,standard,0,11.4,11.39,0.97,58.76,0,58.68,5
R066-03,E066,3,east,8.74,11.41,complex,0,11.4,8.18,0.442,57.1,0,57.14,3
R066-04,E066,4,east,22.32,8.87,standard,0,11.4,7.72,0.797,48.48,0,48.02,5
R066-05,E066,5,east,10.04,10.78,complex,0,11.4,10.04,0.466,45.9,1,45.52,2
R066-06,E066,6,east,16.08,16.42,standard,0,11.4,14.26,0.711,51.73,0,51.53,3
R066-07,E066,7,east,23.44,13.35,standard,3,11.4,11.0,0.654,61.92,0,61.91,3
R066-08,E066,8,east,18.11,11.3,standard,0,11.4,9.3,0.347,54.31,0,53.12,3
R066-09,E066,9,east,7.81,10.15,standard,1,11.4,8.26,0.783,37.67,1,38.32,2
R066-10,E066,10,east,18.66,16.29,standard,0,11.4,14.2,0.702,61.87,1,61.75,2
R066-11,E066,11,east,4.13,7.76,standard,1,11.4,6.99,0.688,44.15,0,44.03,5
R066-12,E066,12,east,26.16,16.0,standard,0,11.4,14.0,0.631,78.51,0,77.74,5
R066-13,E066,13,east,14.07,10.46,standard,0,11.4,8.61,0.323,46.71,0,46.33,3
R066-14,E066,14,east,19.5,10.14,standard,1,11.4,8.08,0.86,36.9,0,36.78,5
R066-15,E066,15,east,18.3,13.33,complex,2,11.4,10.66,0.57,72.01,1,72.59,3
R066-16,E066,16,east,17.64,11.35,complex,2,11.4,9.78,0.346,54.84,1,54.5,3
R066-17,E066,17,east,20.99,9.46,complex,0,11.4,9.23,0.744,55.9,0,56.43,3
R066-18,E066,18,east,31.37,14.28,standard,0,11.4,12.15,0.892,87.64,0,88.36,4
R066-19,E066,19,east,19.51,13.64,standard,0,11.4,12.25,0.897,64.05,0,63.76,5
R066-20,E066,20,east,19.03,14.3,complex,0,11.4,13.01,,60.72,0,59.85,5
R066-21,E066,21,east,18.65,15.28,complex,1,11.4,13.74,0.466,70.48,0,71.03,3
R066-22,E066,22,east,18.11,17.1,complex,0,11.4,13.28,,72.49,0,72.32,3
R066-23,E066,23,east,21.25,13.51,standard,0,11.4,12.6,0.439,62.91,1,63.66,2
R067-00,E067,0,west,14.73,11.25,standard,0,3.84,9.46,0.704,53.93,0,54.11,4
R067-01,E067,1,west,12.8,13.13,complex,3,3.84,10.58,0.972,54.29,1,53.87,3
R067-02,E067,2,west,24.93,14.17,standard,1,3.84,11.61,0.904,77.44,0,76.96,5
R067-03,E067,3,west,25.58,14.03,standard,2,3.84,12.2,0.938,75.91,1,75.87,4
R067-04,E067,4,west,18.58,14.87,complex,0,3.84,12.55,0.585,69.8,1,70.14,4
R067-05,E067,5,west,27.38,16.46,standard,0,3.84,12.83,0.908,74.81,1,74.6,2
R067-06,E067,6,west,23.22,15.11,standard,2,3.84,13.04,0.905,70.42,1,70.33,3
R067-07,E067,7,west,14.12,10.46,complex,1,3.84,8.48,0.481,52.6,0,53.05,3
R067-08,E067,8,west,21.13,15.92,standard,0,3.84,14.13,0.738,65.04,0,63.82,3
R067-09,E067,9,west,17.13,13.02,standard,2,3.84,10.38,0.595,43.61,1,43.25,2
R067-10,E067,10,west,14.31,13.89,standard,0,3.84,11.62,0.596,49.07,0,49.49,3
R067-11,E067,11,west,22.16,10.39,standard,0,3.84,7.55,0.797,60.3,0,60.21,3
R067-12,E067,12,west,25.25,14.2,standard,0,3.84,11.73,0.324,74.72,0,75.54,3
R067-13,E067,13,west,21.79,11.82,standard,0,3.84,9.76,0.795,51.5,0,52.4,3
R067-14,E067,14,west,26.26,11.76,complex,1,3.84,9.92,0.754,63.2,0,62.58,5
R067-15,E067,15,west,29.83,14.39,standard,0,3.84,11.62,0.694,75.87,1,76.1,3
R067-16,E067,16,west,24.25,13.91,complex,1,3.84,12.15,0.603,64.9,0,64.46,3
R067-17,E067,17,west,24.39,13.15,complex,2,3.84,10.76,0.964,77.86,0,77.36,4
R067-18,E067,18,west,22.79,10.06,complex,3,3.84,8.83,0.658,67.16,1,67.18,3
R067-19,E067,19,west,12.8,13.39,standard,1,3.84,9.89,0.352,52.4,0,51.72,3
R067-20,E067,20,west,14.73,10.53,standard,0,3.84,7.94,,37.14,0,37.06,4
R067-21,E067,21,west,22.34,14.17,complex,1,3.84,11.6,0.841,62.97,0,62.8,4
R067-22,E067,22,west,25.1,17.28,standard,0,3.84,15.34,,78.12,1,77.99,2
R067-23,E067,23,west,20.62,18.94,complex,0,3.84,17.03,0.467,63.15,1,62.42,3
R068-00,E068,0,north,23.79,15.52,standard,0,11.79,12.64,0.834,68.81,0,68.75,5
R068-01,E068,1,north,10.54,11.1,complex,1,11.79,9.31,0.395,55.32,0,55.4,5
R068-02,E068,2,north,20.97,10.99,complex,0,11.79,9.15,0.787,55.35,0,54.96,3
R068-03,E068,3,north,9.57,6.55,standard,0,11.79,4.77,0.382,27.88,0,27.29,3
R068-04,E068,4,north,14.03,10.81,complex,2,11.79,8.86,0.813,46.97,1,46.88,4
R068-05,E068,5,north,7.35,7.38,standard,0,11.79,6.8,0.552,38.62,0,38.69,4
R068-06,E068,6,north,3.65,9.89,standard,0,11.79,8.19,0.308,32.26,0,31.75,3
R068-07,E068,7,north,10.62,13.07,standard,0,11.79,11.63,0.753,46.03,0,46.21,5
R068-08,E068,8,north,8.41,11.01,standard,1,11.79,8.89,0.393,43.63,1,44.33,3
R068-09,E068,9,north,16.63,13.73,standard,1,11.79,11.99,0.36,40.17,0,39.75,3
R068-10,E068,10,north,16.58,8.61,standard,0,11.79,7.0,0.525,32.91,0,33.61,3
R068-11,E068,11,north,20.47,10.81,standard,0,11.79,9.27,0.926,46.01,0,46.34,5
R068-12,E068,12,north,16.43,11.24,complex,0,11.79,9.37,0.516,57.08,0,57.77,3
R068-13,E068,13,north,18.27,12.62,standard,0,11.79,9.81,0.56,51.71,0,51.12,4
R068-14,E068,14,north,19.88,13.36,standard,1,11.79,10.53,0.837,49.45,1,49.36,3
R068-15,E068,15,north,23.49,11.24,standard,1,11.79,10.4,0.676,59.89,0,59.54,5
R068-16,E068,16,north,21.23,12.52,standard,0,11.79,10.02,0.489,64.66,0,65.33,5
R068-17,E068,17,north,22.46,14.08,complex,0,11.79,12.12,0.859,77.62,1,76.71,2
R068-18,E068,18,north,17.51,9.92,complex,0,11.79,8.26,0.678,54.52,0,54.63,4
R068-19,E068,19,north,13.16,8.1,standard,0,11.79,6.88,0.339,36.19,0,36.11,3
R068-20,E068,20,north,19.8,16.87,standard,3,11.79,13.76,0.351,69.74,0,68.46,4
R068-21,E068,21,north,12.61,11.61,complex,0,11.79,9.45,,57.09,0,57.34,3
R068-22,E068,22,north,19.54,11.19,standard,2,11.79,9.25,0.944,59.56,0,59.7,5
R068-23,E068,23,north,18.46,14.56,complex,0,11.79,12.15,,61.64,0,61.3,4
R069-00,E069,0,east,5.39,12.69,complex,3,8.69,9.58,0.513,54.99,0,55.12,3
R069-01,E069,1,east,15.3,10.69,standard,0,8.69,8.47,0.677,46.08,0,46.82,3
R069-02,E069,2,east,12.24,10.02,standard,0,8.69,7.4,0.526,44.07,0,44.25,3
R069-03,E069,3,east,12.99,9.33,complex,1,8.69,8.21,0.945,52.38,0,51.59,4
R069-04,E069,4,east,17.68,11.98,standard,1,8.69,10.28,0.889,53.11,0,53.05,5
R069-05,E069,5,east,12.35,7.9,standard,0,8.69,7.14,0.896,48.79,0,49.18,4
R069-06,E069,6,east,11.61,12.5,complex,1,8.69,9.73,0.804,58.25,1,57.7,2
R069-07,E069,7,east,21.48,13.92,complex,0,8.69,11.69,0.59,64.63,0,64.84,5
R069-08,E069,8,east,23.98,15.73,standard,0,8.69,12.73,0.744,75.66,0,76.17,4
R069-09,E069,9,east,7.73,7.22,complex,2,8.69,6.06,0.478,50.55,0,51.04,5
R069-10,E069,10,east,10.14,7.24,standard,0,8.69,6.54,0.406,34.12,0,34.34,3
R069-11,E069,11,east,23.14,11.67,complex,0,8.69,10.8,0.521,59.33,0,58.26,3
R069-12,E069,12,east,15.62,11.74,standard,1,8.69,10.07,0.843,51.48,1,51.76,3
R069-13,E069,13,east,18.86,15.75,standard,1,8.69,14.04,0.641,59.12,0,59.0,3
R069-14,E069,14,east,12.75,8.3,complex,2,8.69,7.5,0.435,46.24,0,46.07,4
R069-15,E069,15,east,19.52,12.68,standard,0,8.69,11.5,0.697,53.91,0,54.44,3
R069-16,E069,16,east,15.54,10.53,standard,0,8.69,9.32,0.579,67.1,0,66.98,5
R069-17,E069,17,east,27.38,15.9,complex,4,8.69,13.1,0.721,93.98,1,94.59,2
R069-18,E069,18,east,11.07,8.77,complex,0,8.69,6.67,0.749,39.87,0,39.54,5
R069-19,E069,19,east,26.35,15.61,complex,0,8.69,13.5,0.658,93.74,0,93.76,3
R069-20,E069,20,east,25.32,13.86,complex,2,8.69,10.4,0.85,74.28,0,74.63,3
R069-21,E069,21,east,24.0,16.09,complex,2,8.69,13.88,0.811,84.05,1,84.26,3
R069-22,E069,22,east,28.64,15.86,complex,3,8.69,13.27,,89.28,0,89.62,4
R069-23,E069,23,east,23.99,16.41,standard,0,8.69,13.36,,81.21,0,81.45,5
R070-00,E070,0,west,17.03,13.03,standard,0,5.95,10.25,0.305,41.48,1,41.77,4
R070-01,E070,1,west,14.1,11.64,standard,4,5.95,9.92,0.716,46.54,0,46.99,5
R070-02,E070,2,west,12.44,9.46,complex,0,5.95,7.78,0.541,55.3,0,55.05,4
R070-03,E070,3,west,22.67,13.27,complex,2,5.95,10.97,0.942,76.76,0,76.39,4
R070-04,E070,4,west,12.37,11.75,standard,0,5.95,10.4,0.589,42.95,0,43.49,4
R070-05,E070,5,west,29.23,14.0,standard,1,5.95,11.79,0.894,75.0,1,74.87,4
R070-06,E070,6,west,17.89,13.28,standard,0,5.95,11.72,0.344,54.56,0,54.71,4
R070-07,E070,7,west,7.39,9.91,standard,0,5.95,8.99,0.588,40.03,0,39.9,4
R070-08,E070,8,west,25.03,12.58,standard,0,5.95,10.58,0.858,73.55,0,73.92,5
R070-09,E070,9,west,18.86,10.73,complex,1,5.95,9.13,0.748,62.31,0,62.29,3
R070-10,E070,10,west,15.15,12.23,standard,1,5.95,11.13,0.831,50.87,0,51.31,4
R070-11,E070,11,west,16.08,10.22,complex,0,5.95,8.65,0.751,62.45,1,62.94,2
R070-12,E070,12,west,9.1,11.0,standard,1,5.95,8.98,0.777,45.18,0,45.19,5
R070-13,E070,13,west,24.52,15.06,standard,0,5.95,12.97,0.648,67.3,0,66.67,5
R070-14,E070,14,west,23.6,14.37,complex,3,5.95,11.23,0.869,74.92,1,74.87,2
R070-15,E070,15,west,35.93,20.07,standard,0,5.95,17.43,0.508,107.77,1,107.8,3
R070-16,E070,16,west,14.38,13.31,standard,1,5.95,11.54,0.903,58.82,1,58.86,2
R070-17,E070,17,west,14.65,9.09,complex,5,5.95,8.31,0.315,50.67,0,50.5,4
R070-18,E070,18,west,18.51,7.67,complex,3,5.95,6.18,0.982,66.84,1,66.21,4
R070-19,E070,19,west,11.11,12.8,standard,4,5.95,11.23,0.837,47.5,0,48.08,5
R070-20,E070,20,west,16.13,13.47,standard,1,5.95,11.79,0.331,53.62,1,54.14,4
R070-21,E070,21,west,17.04,11.76,complex,0,5.95,10.56,,59.08,0,58.52,4
R070-22,E070,22,west,15.35,11.58,standard,0,5.95,11.16,,56.15,0,55.68,3
R070-23,E070,23,west,22.89,14.47,complex,0,5.95,11.14,,66.29,1,66.16,2
R071-00,E071,0,north,10.5,10.62,complex,2,5.75,8.57,0.581,52.3,0,52.41,5
R071-01,E071,1,north,3.63,7.92,complex,0,5.75,6.7,0.583,45.71,0,45.12,5
R071-02,E071,2,north,15.69,11.99,standard,0,5.75,9.8,0.392,33.75,0,33.49,3
R071-03,E071,3,north,13.97,13.61,standard,0,5.75,10.23,0.387,47.28,0,46.81,5
R071-04,E071,4,north,13.3,9.05,standard,0,5.75,9.07,0.374,38.96,0,38.58,4
R071-05,E071,5,north,16.03,11.39,standard,1,5.75,10.56,0.484,45.49,1,45.34,4
R071-06,E071,6,north,20.56,10.92,standard,1,5.75,9.19,0.631,46.23,0,46.92,3
R071-07,E071,7,north,17.61,10.3,standard,0,5.75,7.87,0.598,47.88,0,47.85,4
R071-08,E071,8,north,16.06,15.09,standard,1,5.75,11.55,0.774,55.89,0,55.24,3
R071-09,E071,9,north,17.69,11.56,complex,1,5.75,9.05,0.878,59.51,0,58.61,3
R071-10,E071,10,north,14.65,7.19,standard,1,5.75,6.09,0.378,36.53,0,36.36,5
R071-11,E071,11,north,17.1,13.31,standard,0,5.75,9.92,0.985,54.0,0,54.15,4
R071-12,E071,12,north,22.71,13.77,standard,1,5.75,11.39,0.58,56.76,0,56.62,5
R071-13,E071,13,north,12.56,10.03,standard,0,5.75,7.99,0.411,34.84,0,34.48,3
R071-14,E071,14,north,14.27,11.8,standard,1,5.75,9.62,0.333,49.58,0,49.51,4
R071-15,E071,15,north,25.12,12.34,standard,1,5.75,10.75,0.68,62.03,0,62.13,5
R071-16,E071,16,north,18.69,12.15,complex,0,5.75,10.21,0.827,60.13,0,59.79,4
R071-17,E071,17,north,14.86,13.5,complex,1,5.75,10.42,0.398,51.78,0,51.45,3
R071-18,E071,18,north,13.02,8.27,complex,0,5.75,7.91,0.624,49.71,0,50.34,5
R071-19,E071,19,north,19.78,10.2,standard,0,5.75,8.82,0.673,48.33,0,48.85,4
R071-20,E071,20,north,11.56,10.24,complex,0,5.75,8.87,0.643,49.12,0,48.37,4
R071-21,E071,21,north,14.01,10.17,complex,0,5.75,9.63,0.476,42.14,0,41.48,4
R071-22,E071,22,north,20.51,11.83,standard,1,5.75,9.63,0.973,56.67,1,57.3,2
R071-23,E071,23,north,18.94,13.16,standard,0,5.75,11.14,0.875,50.35,0,50.1,4
R072-00,E072,0,east,15.75,11.5,complex,1,4.95,9.98,0.347,59.6,0,60.7,5
R072-01,E072,1,east,10.23,10.23,standard,2,4.95,9.06,0.985,36.73,0,36.05,4
R072-02,E072,2,east,12.94,10.93,standard,1,4.95,8.37,0.375,39.74,0,40.34,5
R072-03,E072,3,east,19.78,9.28,complex,1,4.95,6.98,0.366,59.98,1,60.2,3
R072-04,E072,4,east,17.16,11.56,standard,0,4.95,10.32,0.561,43.37,0,42.03,3
R072-05,E072,5,east,14.16,13.07,standard,2,4.95,11.31,0.771,48.18,1,48.66,2
R072-06,E072,6,east,16.27,14.5,standard,1,4.95,13.34,0.563,51.77,0,51.77,4
R072-07,E072,7,east,10.27,10.9,complex,0,4.95,7.85,0.327,50.07,0,49.36,4
R072-08,E072,8,east,19.08,10.3,standard,0,4.95,9.27,0.644,44.09,1,44.78,2
R072-09,E072,9,east,11.09,11.37,complex,0,4.95,8.97,0.347,52.61,0,52.71,3
R072-10,E072,10,east,18.67,11.42,standard,0,4.95,10.02,0.763,43.76,0,43.57,3
R072-11,E072,11,east,15.81,11.08,standard,2,4.95,10.1,0.662,42.48,0,42.98,5
R072-12,E072,12,east,12.24,8.94,standard,2,4.95,8.45,0.896,39.84,0,39.3,5
R072-13,E072,13,east,24.89,14.16,complex,0,4.95,12.11,0.501,70.57,0,70.72,3
R072-14,E072,14,east,12.07,14.14,standard,0,4.95,11.45,0.392,44.42,0,44.16,3
R072-15,E072,15,east,22.58,12.28,standard,2,4.95,11.12,0.779,58.89,1,58.6,2
R072-16,E072,16,east,11.79,11.49,standard,2,4.95,8.68,0.426,41.63,0,41.51,5
R072-17,E072,17,east,20.23,13.48,standard,0,4.95,11.24,0.514,50.81,0,51.54,5
R072-18,E072,18,east,25.07,12.1,standard,0,4.95,10.4,0.469,63.27,0,64.35,3
R072-19,E072,19,east,18.8,14.85,standard,0,4.95,12.95,0.873,55.65,0,55.6,4
R072-20,E072,20,east,21.7,15.4,complex,0,4.95,13.69,,65.24,1,65.56,4
R072-21,E072,21,east,15.92,12.65,complex,0,4.95,10.88,0.773,54.31,0,54.05,5
R072-22,E072,22,east,24.37,17.29,standard,1,4.95,13.72,0.353,62.25,0,62.15,5
R072-23,E072,23,east,18.48,13.69,standard,2,4.95,12.19,,56.6,1,56.13,4
R073-00,E073,0,west,17.05,12.0,standard,0,8.06,9.68,0.331,61.63,0,61.32,4
R073-01,E073,1,west,22.07,11.63,standard,1,8.06,11.47,0.715,60.25,0,60.09,4
R073-02,E073,2,west,26.58,14.45,standard,0,8.06,12.09,0.897,59.2,0,60.4,3
R073-03,E073,3,west,21.47,12.29,complex,3,8.06,9.94,0.76,64.97,1,64.91,2
R073-04,E073,4,west,11.46,7.49,standard,0,8.06,5.64,0.837,45.92,0,46.19,3
R073-05,E073,5,west,13.12,12.29,complex,1,8.06,10.51,0.734,65.47,1,65.74,4
R073-06,E073,6,west,13.76,10.58,standard,0,8.06,8.55,0.627,45.07,0,45.14,3
R073-07,E073,7,west,21.1,11.6,standard,3,8.06,9.68,0.933,56.93,0,57.15,3
R073-08,E073,8,west,14.95,13.15,complex,0,8.06,9.81,0.492,66.03,0,67.12,5
R073-09,E073,9,west,17.72,10.05,standard,3,8.06,8.23,0.313,49.13,1,49.81,2
R073-10,E073,10,west,12.14,12.07,standard,1,8.06,11.07,0.618,49.58,0,49.56,4
R073-11,E073,11,west,20.48,10.78,standard,0,8.06,9.06,0.566,56.22,0,56.22,3
R073-12,E073,12,west,21.02,11.52,complex,0,8.06,11.53,0.746,67.45,1,67.38,4
R073-13,E073,13,west,14.28,13.67,standard,0,8.06,11.01,0.633,57.96,0,57.84,5
R073-14,E073,14,west,22.36,15.22,standard,1,8.06,13.14,0.939,72.1,0,71.16,3
R073-15,E073,15,west,12.75,11.77,standard,3,8.06,10.8,0.543,41.96,0,41.08,5
R073-16,E073,16,west,16.21,12.32,standard,2,8.06,10.19,0.359,46.04,1,45.99,4
R073-17,E073,17,west,25.61,14.44,complex,0,8.06,11.36,0.835,78.98,1,79.18,2
R073-18,E073,18,west,15.44,15.33,complex,4,8.06,13.98,0.688,63.31,0,62.43,5
R073-19,E073,19,west,32.72,13.03,complex,1,8.06,11.44,0.489,97.58,1,97.29,4
R073-20,E073,20,west,21.8,14.05,standard,1,8.06,10.82,0.405,55.2,0,54.67,4
R073-21,E073,21,west,28.96,14.77,complex,0,8.06,12.51,0.693,91.15,1,91.91,4
R073-22,E073,22,west,25.98,16.01,standard,3,8.06,13.61,0.515,73.48,0,72.89,5
R073-23,E073,23,west,23.67,12.4,complex,0,8.06,11.2,0.946,80.54,1,79.99,2
R074-00,E074,0,north,15.27,10.3,standard,0,6.77,8.83,0.314,34.23,0,34.4,4
R074-01,E074,1,north,2.96,9.38,standard,0,6.77,8.12,0.876,28.68,0,28.71,5
R074-02,E074,2,north,18.61,10.08,standard,0,6.77,7.28,0.854,51.36,0,51.55,3
R074-03,E074,3,north,7.44,12.05,standard,1,6.77,10.11,0.877,42.74,0,42.63,4
R074-04,E074,4,north,8.99,10.59,standard,0,6.77,8.35,0.47,35.24,0,35.32,5
R074-05,E074,5,north,20.17,14.59,complex,1,6.77,12.91,0.967,63.31,0,63.47,4
R074-06,E074,6,north,11.94,12.18,standard,2,6.77,9.33,0.377,51.74,1,51.62,2
R074-07,E074,7,north,9.34,7.68,complex,1,6.77,5.89,0.632,46.62,0,46.46,3
R074-08,E074,8,north,24.02,16.06,complex,0,6.77,13.26,0.884,65.85,0,66.47,3
R074-09,E074,9,north,17.61,12.92,complex,0,6.77,10.2,0.908,58.0,0,57.59,3
R074-10,E074,10,north,17.67,10.6,complex,0,6.77,7.53,0.387,54.56,0,54.59,3
R074-11,E074,11,north,13.59,8.07,standard,1,6.77,6.44,0.391,41.28,0,40.86,5
R074-12,E074,12,north,20.51,11.86,standard,0,6.77,10.09,0.338,52.63,0,52.95,5
R074-13,E074,13,north,12.59,9.82,standard,2,6.77,7.13,0.805,38.52,0,39.41,3
R074-14,E074,14,north,17.94,9.99,complex,0,6.77,8.22,0.43,58.67,0,58.41,3
R074-15,E074,15,north,19.51,13.0,standard,0,6.77,10.61,0.636,52.71,0,52.74,3
R074-16,E074,16,north,15.09,13.22,standard,0,6.77,10.63,0.463,48.39,0,47.98,3
R074-17,E074,17,north,18.1,14.33,standard,0,6.77,12.6,0.51,58.29,0,57.93,3
R074-18,E074,18,north,17.21,11.67,standard,0,6.77,10.31,0.927,51.83,0,52.08,3
R074-19,E074,19,north,15.82,12.26,standard,0,6.77,10.89,0.546,44.26,0,44.42,3
R074-20,E074,20,north,9.71,11.24,complex,0,6.77,8.59,0.591,56.21,0,56.29,3
R074-21,E074,21,north,13.6,10.53,complex,1,6.77,8.29,0.431,49.49,0,49.13,5
R074-22,E074,22,north,13.59,11.32,standard,0,6.77,8.65,0.495,49.32,0,49.08,4
R074-23,E074,23,north,7.46,9.23,complex,0,6.77,7.76,0.808,52.03,0,51.78,4
R075-00,E075,0,east,25.66,12.01,complex,1,14.97,9.72,0.544,78.61,0,78.58,3
R075-01,E075,1,east,14.08,12.25,complex,0,14.97,10.74,0.532,57.53,0,57.91,4
R075-02,E075,2,east,11.64,12.07,complex,1,14.97,11.46,0.563,59.05,0,59.83,4
R075-03,E075,3,east,19.84,12.19,standard,0,14.97,11.53,0.334,58.33,0,58.64,3
R075-04,E075,4,east,14.72,8.32,standard,2,14.97,7.78,0.543,42.28,1,41.73,4
R075-05,E075,5,east,9.87,9.54,standard,1,14.97,8.68,0.685,35.19,0,35.27,4
R075-06,E075,6,east,8.02,11.57,complex,2,14.97,8.92,0.472,50.48,0,50.48,3
R075-07,E075,7,east,8.23,10.48,complex,0,14.97,8.41,0.338,42.72,0,42.11,4
R075-08,E075,8,east,9.43,8.1,complex,0,14.97,6.57,0.745,47.8,1,48.22,4
R075-09,E075,9,east,14.09,14.23,standard,10,14.97,12.12,0.954,48.16,1,47.65,4
R075-10,E075,10,east,14.62,10.83,complex,6,14.97,9.48,0.631,56.35,1,57.13,3
R075-11,E075,11,east,28.76,13.16,standard,1,14.97,11.43,0.647,88.36,1,88.18,3
R075-12,E075,12,east,19.05,14.56,standard,0,14.97,13.09,0.696,40.78,1,41.14,2
R075-13,E075,13,east,21.97,14.21,standard,0,14.97,12.21,0.636,50.91,0,50.59,5
R075-14,E075,14,east,22.51,16.53,complex,0,14.97,14.23,0.968,70.28,0,70.58,4
R075-15,E075,15,east,15.68,12.45,standard,0,14.97,10.5,0.788,41.88,0,41.35,5
R075-16,E075,16,east,24.42,13.73,complex,1,14.97,11.17,0.405,73.19,0,73.48,5
R075-17,E075,17,east,17.07,13.16,complex,1,14.97,11.24,0.874,65.91,1,66.02,4
R075-18,E075,18,east,19.66,13.73,complex,0,14.97,11.85,0.916,68.41,0,67.31,4
R075-19,E075,19,east,24.06,12.53,complex,1,14.97,11.32,0.615,82.42,0,82.53,4
R075-20,E075,20,east,21.88,11.14,complex,0,14.97,10.42,0.649,74.45,0,73.74,5
R075-21,E075,21,east,20.26,14.22,complex,1,14.97,12.62,0.96,68.66,0,69.61,5
R075-22,E075,22,east,19.19,11.65,standard,1,14.97,9.96,,55.79,0,55.83,4
R075-23,E075,23,east,18.48,14.46,standard,0,14.97,12.74,,60.92,0,61.15,5
R076-00,E076,0,west,22.39,8.7,standard,1,4.28,7.2,0.445,46.85,0,46.64,5
R076-01,E076,1,west,15.9,12.79,complex,0,4.28,9.79,0.353,60.44,0,60.49,3
R076-02,E076,2,west,18.22,14.33,complex,0,4.28,13.05,0.46,54.12,0,54.79,4
R076-03,E076,3,west,11.97,11.94,standard,1,4.28,10.5,0.935,39.28,0,39.2,5
R076-04,E076,4,west,17.46,15.2,standard,0,4.28,11.85,0.685,64.28,0,64.34,3
R076-05,E076,5,west,18.23,16.02,standard,3,4.28,14.29,0.57,62.98,0,63.23,4
R076-06,E076,6,west,18.83,11.2,complex,0,4.28,9.58,0.533,65.43,0,65.7,3
R076-07,E076,7,west,20.51,11.61,standard,0,4.28,9.55,0.305,53.54,0,53.71,3
R076-08,E076,8,west,20.97,16.87,standard,0,4.28,14.6,0.974,62.22,1,62.43,2
R076-09,E076,9,west,21.84,15.83,standard,0,4.28,13.4,0.327,62.57,0,63.39,4
R076-10,E076,10,west,26.05,11.83,complex,2,4.28,9.8,0.475,71.25,0,70.32,3
R076-11,E076,11,west,12.69,12.61,complex,0,4.28,10.58,0.445,56.25,0,56.01,5
R076-12,E076,12,west,14.15,10.39,standard,0,4.28,9.93,0.925,47.34,0,47.55,3
R076-13,E076,13,west,16.2,14.08,standard,0,4.28,11.63,0.392,51.98,0,52.49,4
R076-14,E076,14,west,20.14,12.95,standard,2,4.28,9.63,0.848,59.01,1,60.25,2
R076-15,E076,15,west,13.65,15.08,complex,0,4.28,12.8,0.935,57.46,0,57.89,3
R076-16,E076,16,west,28.33,17.74,standard,0,4.28,14.97,0.927,74.63,1,73.34,2
R076-17,E076,17,west,19.15,8.07,standard,0,4.28,6.5,0.549,48.49,0,48.57,4
R076-18,E076,18,west,25.43,13.67,complex,0,4.28,11.76,0.698,86.07,0,86.24,3
R076-19,E076,19,west,19.75,10.12,standard,0,4.28,8.42,0.771,51.75,0,51.58,5
R076-20,E076,20,west,19.82,10.48,standard,0,4.28,7.77,0.332,49.12,1,49.66,2
R076-21,E076,21,west,24.48,13.09,complex,0,4.28,11.93,,86.01,0,85.76,3
R076-22,E076,22,west,20.96,13.28,complex,0,4.28,11.54,0.367,64.61,0,65.11,4
R076-23,E076,23,west,26.05,13.79,complex,0,4.28,10.86,0.571,74.46,1,73.69,2
R077-00,E077,0,north,14.24,12.74,complex,0,4.6,12.41,0.934,51.36,0,51.46,4
R077-01,E077,1,north,15.16,7.46,standard,1,4.6,6.4,0.741,36.72,0,36.41,3
R077-02,E077,2,north,12.08,9.23,complex,1,4.6,7.41,0.987,48.59,0,48.63,3
R077-03,E077,3,north,15.74,13.44,standard,1,4.6,11.25,0.85,42.94,0,44.14,5
R077-04,E077,4,north,13.72,13.82,complex,0,4.6,10.51,0.467,57.15,0,57.77,5
R077-05,E077,5,north,21.95,14.59,complex,2,4.6,12.96,0.788,80.76,0,80.97,3
R077-06,E077,6,north,17.06,8.39,standard,0,4.6,5.77,0.392,41.83,0,42.47,4
R077-07,E077,7,north,11.93,13.08,standard,0,4.6,10.59,0.982,44.65,0,45.62,3
R077-08,E077,8,north,19.39,9.8,standard,0,4.6,8.47,0.842,38.2,0,37.91,4
R077-09,E077,9,north,17.47,13.08,standard,1,4.6,10.01,0.817,49.24,0,48.77,5
R077-10,E077,10,north,20.52,16.33,standard,1,4.6,13.81,0.588,63.33,0,63.38,4
R077-11,E077,11,north,14.51,10.83,standard,1,4.6,8.41,0.564,50.84,0,50.85,4
R077-12,E077,12,north,14.21,12.1,complex,2,4.6,10.27,0.561,49.54,1,49.98,3
R077-13,E077,13,north,22.49,9.66,standard,0,4.6,8.0,0.548,59.53,0,59.86,3
R077-14,E077,14,north,19.61,12.47,standard,1,4.6,10.83,0.921,59.15,0,58.96,5
R077-15,E077,15,north,4.85,8.85,complex,4,4.6,7.81,0.901,39.49,0,39.55,3
R077-16,E077,16,north,16.23,13.11,standard,0,4.6,12.04,0.832,44.35,0,44.55,5
R077-17,E077,17,north,14.6,8.55,complex,0,4.6,7.75,0.753,51.43,0,51.09,5
R077-18,E077,18,north,11.83,9.93,standard,0,4.6,7.79,0.915,40.95,1,40.53,3
R077-19,E077,19,north,14.99,12.71,standard,3,4.6,10.81,0.607,51.56,0,51.36,3
R077-20,E077,20,north,25.57,13.89,complex,0,4.6,10.85,0.938,81.8,0,82.24,4
R077-21,E077,21,north,17.97,8.41,complex,3,4.6,6.52,0.479,57.94,1,57.33,3
R077-22,E077,22,north,27.61,15.84,complex,0,4.6,13.05,0.962,78.68,1,78.07,4
R077-23,E077,23,north,16.99,11.69,standard,1,4.6,8.99,0.518,52.66,0,52.22,5
R078-00,E078,0,east,7.28,7.62,standard,0,2.35,7.08,0.665,34.01,0,34.04,3
R078-01,E078,1,east,11.41,14.59,standard,0,2.35,11.73,0.489,44.29,0,44.1,5
R078-02,E078,2,east,13.9,14.9,complex,0,2.35,13.95,0.426,66.93,0,66.9,4
R078-03,E078,3,east,18.3,12.64,standard,1,2.35,10.56,0.852,55.82,1,56.58,2
R078-04,E078,4,east,13.63,11.3,standard,0,2.35,9.9,0.371,38.44,0,38.91,5
R078-05,E078,5,east,17.42,13.34,complex,0,2.35,12.7,0.424,58.52,0,59.14,5
R078-06,E078,6,east,20.32,13.05,standard,0,2.35,10.15,0.981,52.72,0,51.87,3
R078-07,E078,7,east,20.97,14.78,complex,3,2.35,12.17,0.895,81.92,0,82.79,3
R078-08,E078,8,east,25.13,11.21,standard,0,2.35,10.85,0.631,58.03,0,58.38,3
R078-09,E078,9,east,17.89,9.88,complex,0,2.35,8.67,0.473,61.19,0,61.71,5
R078-10,E078,10,east,15.81,15.49,standard,2,2.35,13.2,0.395,62.72,0,63.08,4
R078-11,E078,11,east,22.85,13.18,complex,0,2.35,11.25,0.5,73.34,0,73.44,5
R078-12,E078,12,east,12.81,10.54,complex,2,2.35,9.03,0.736,53.95,1,54.8,4
R078-13,E078,13,east,15.03,10.56,standard,0,2.35,8.19,0.302,51.03,0,50.32,3
R078-14,E078,14,east,7.61,9.83,standard,0,2.35,6.43,0.46,32.16,0,31.97,5
R078-15,E078,15,east,16.42,6.84,standard,0,2.35,5.4,0.836,41.08,0,40.92,3
R078-16,E078,16,east,20.08,12.5,standard,1,2.35,10.04,0.344,63.24,0,63.63,3
R078-17,E078,17,east,22.88,13.84,standard,0,2.35,11.7,0.73,56.41,1,55.55,4
R078-18,E078,18,east,22.71,13.88,standard,1,2.35,11.39,0.808,58.94,0,59.04,5
R078-19,E078,19,east,16.48,10.68,standard,0,2.35,9.36,0.852,46.28,0,46.6,4
R078-20,E078,20,east,22.97,13.72,complex,0,2.35,11.74,0.38,73.93,0,73.26,4
R078-21,E078,21,east,19.36,14.26,standard,1,2.35,10.76,,55.66,0,54.81,5
R078-22,E078,22,east,27.83,13.23,complex,0,2.35,11.01,0.322,71.46,1,71.46,3
R078-23,E078,23,east,11.51,10.66,complex,0,2.35,8.66,0.617,55.61,0,55.49,3
R079-00,E079,0,west,10.13,8.22,standard,0,14.61,7.2,0.611,37.79,0,37.89,4
R079-01,E079,1,west,23.8,10.74,standard,0,14.61,10.44,0.728,66.73,0,65.39,5
R079-02,E079,2,west,20.71,15.23,standard,0,14.61,12.98,0.735,54.27,0,54.22,3
R079-03,E079,3,west,16.56,10.89,standard,1,14.61,8.79,0.939,44.11,0,44.23,5
R079-04,E079,4,west,16.52,10.04,complex,0,14.61,8.83,0.376,51.49,0,51.9,5
R079-05,E079,5,west,18.56,10.93,standard,0,14.61,9.75,0.317,47.94,0,47.79,3
R079-06,E079,6,west,19.39,12.62,complex,0,14.61,10.64,0.563,72.0,0,72.87,4
R079-07,E079,7,west,24.48,13.78,complex,0,14.61,11.51,0.475,75.12,1,74.57,4
R079-08,E079,8,west,22.21,15.75,standard,1,14.61,13.49,0.994,63.07,0,63.17,5
R079-09,E079,9,west,24.2,14.68,complex,0,14.61,11.91,0.917,74.48,1,74.32,2
R079-10,E079,10,west,15.83,12.99,standard,0,14.61,10.71,0.944,35.1,0,35.3,5
R079-11,E079,11,west,17.49,12.38,standard,0,14.61,9.76,0.548,51.52,0,51.68,3
R079-12,E079,12,west,17.7,9.92,standard,0,14.61,8.64,0.477,40.15,1,39.84,2
R079-13,E079,13,west,19.54,9.54,complex,2,14.61,7.53,0.625,63.62,0,64.48,4
R079-14,E079,14,west,18.49,13.74,complex,0,14.61,10.74,0.35,67.27,0,67.41,5
R079-15,E079,15,west,23.62,18.91,standard,0,14.61,16.28,0.75,65.57,1,65.88,3
R079-16,E079,16,west,27.82,14.33,standard,2,14.61,13.14,0.934,68.15,1,68.29,2
R079-17,E079,17,west,20.32,16.53,standard,1,14.61,13.81,0.337,67.42,0,68.61,5
R079-18,E079,18,west,29.91,14.81,standard,1,14.61,12.45,0.99,78.24,0,78.57,5
R079-19,E079,19,west,18.46,16.03,complex,0,14.61,13.88,0.394,67.46,0,67.51,5
R079-20,E079,20,west,26.9,12.51,standard,0,14.61,10.82,0.769,74.19,1,73.92,3
R079-21,E079,21,west,23.3,15.09,complex,0,14.61,13.64,0.362,71.41,1,70.81,2
R079-22,E079,22,west,29.67,14.18,complex,1,14.61,11.5,0.985,87.31,1,86.79,2
R079-23,E079,23,west,17.44,8.67,complex,0,14.61,8.47,0.876,51.04,0,50.06,3
R080-00,E080,0,north,12.83,16.42,standard,0,13.74,13.58,0.78,51.44,0,51.64,4
R080-01,E080,1,north,9.35,12.92,complex,1,13.74,10.92,0.739,44.85,0,45.12,5
R080-02,E080,2,north,22.59,16.07,standard,1,13.74,14.07,0.938,61.08,0,62.16,5
R080-03,E080,3,north,15.64,12.26,complex,0,13.74,10.62,0.637,59.13,0,59.94,3
R080-04,E080,4,north,21.39,13.61,standard,0,13.74,12.66,0.735,63.15,0,63.92,4
R080-05,E080,5,north,10.16,13.26,complex,1,13.74,9.88,0.439,53.04,0,52.16,5
R080-06,E080,6,north,13.04,7.64,complex,2,13.74,6.02,0.477,38.9,0,39.09,4
R080-07,E080,7,north,13.35,13.15,standard,0,13.74,10.83,0.772,47.82,1,48.18,4
R080-08,E080,8,north,22.53,12.11,complex,0,13.74,10.35,0.546,71.74,1,71.64,3
R080-09,E080,9,north,12.18,8.85,standard,0,13.74,8.06,0.958,30.91,0,31.89,3
R080-10,E080,10,north,15.01,9.12,complex,1,13.74,7.26,0.868,59.65,0,59.47,3
R080-11,E080,11,north,17.09,14.59,complex,2,13.74,12.52,0.335,55.48,0,54.58,3
R080-12,E080,12,north,18.77,15.33,complex,1,13.74,12.94,0.792,67.9,0,68.45,5
R080-13,E080,13,north,16.65,12.55,complex,0,13.74,10.87,0.93,49.07,0,49.9,3
R080-14,E080,14,north,18.33,10.11,complex,1,13.74,8.17,0.91,52.49,1,52.5,4
R080-15,E080,15,north,11.15,9.08,standard,0,13.74,7.62,0.543,39.65,0,39.32,5
R080-16,E080,16,north,15.01,11.45,standard,0,13.74,10.0,0.489,41.91,0,42.27,3
R080-17,E080,17,north,20.69,12.07,standard,3,13.74,11.51,0.321,52.18,1,52.51,2
R080-18,E080,18,north,21.4,13.34,complex,0,13.74,10.28,0.519,63.73,0,63.71,3
R080-19,E080,19,north,21.79,15.48,standard,0,13.74,12.6,0.536,64.37,0,65.03,3
R080-20,E080,20,north,26.28,16.79,standard,1,13.74,14.69,,74.49,1,75.54,4
R080-21,E080,21,north,10.99,13.51,complex,0,13.74,11.83,0.475,53.23,0,53.09,4
R080-22,E080,22,north,24.99,13.09,complex,0,13.74,11.44,0.646,69.43,1,68.41,3
R080-23,E080,23,north,22.56,13.08,complex,1,13.74,11.4,0.631,71.41,0,71.39,4
R081-00,E081,0,east,14.17,11.59,complex,0,14.32,10.49,0.562,53.32,0,53.69,4
R081-01,E081,1,east,16.64,14.56,complex,2,14.32,11.64,0.514,66.05,1,66.66,3
R081-02,E081,2,east,12.55,13.2,complex,3,14.32,9.59,0.805,63.06,0,64.1,4
R081-03,E081,3,east,10.52,10.5,complex,0,14.32,7.94,0.41,50.66,0,50.25,5
R081-04,E081,4,east,18.2,9.74,complex,2,14.32,8.23,0.646,62.13,1,61.69,3
R081-05,E081,5,east,14.8,9.54,complex,1,14.32,8.22,0.667,60.37,0,60.18,5
R081-06,E081,6,east,24.02,11.01,standard,1,14.32,9.42,0.886,63.88,0,63.31,3
R081-07,E081,7,east,22.22,6.6,standard,0,14.32,5.33,0.617,48.0,0,47.55,4
R081-08,E081,8,east,19.87,14.39,standard,1,14.32,12.56,0.328,60.6,0,61.14,3
R081-09,E081,9,east,4.2,10.32,complex,0,14.32,8.69,0.632,51.91,0,52.07,3
R081-10,E081,10,east,18.02,12.93,standard,0,14.32,10.83,0.454,56.19,0,55.91,3
R081-11,E081,11,east,11.86,10.52,complex,0,14.32,9.27,0.519,49.22,0,49.88,4
R081-12,E081,12,east,20.93,13.67,standard,0,14.32,12.45,0.492,55.16,0,55.33,5
R081-13,E081,13,east,27.08,10.43,standard,1,14.32,9.26,0.771,67.52,0,68.44,5
R081-14,E081,14,east,33.23,16.85,complex,1,14.32,14.09,0.504,113.3,1,114.87,3
R081-15,E081,15,east,11.95,10.08,standard,1,14.32,9.42,0.809,46.02,0,45.98,5
R081-16,E081,16,east,20.19,11.86,standard,5,14.32,9.99,0.512,59.1,1,58.72,4
R081-17,E081,17,east,13.46,12.98,complex,0,14.32,10.71,0.875,55.81,0,55.72,3
R081-18,E081,18,east,18.02,12.12,complex,0,14.32,11.42,0.685,59.57,0,59.74,3
R081-19,E081,19,east,25.92,16.01,standard,0,14.32,13.31,0.9,75.45,0,75.02,3
R081-20,E081,20,east,16.71,10.13,standard,1,14.32,9.11,0.717,53.62,0,53.31,5
R081-21,E081,21,east,17.87,13.99,standard,2,14.32,11.11,,50.57,0,50.5,4
R081-22,E081,22,east,16.81,13.43,standard,1,14.32,12.21,0.876,51.23,1,52.03,3
R081-23,E081,23,east,23.72,14.31,complex,3,14.32,11.44,0.72,75.39,1,75.16,4
R082-00,E082,0,west,20.78,9.42,complex,1,3.63,7.87,0.635,58.18,0,58.2,4
R082-01,E082,1,west,10.17,13.42,complex,0,3.63,10.73,0.389,64.15,0,64.81,3
R082-02,E082,2,west,17.36,17.82,complex,4,3.63,14.92,0.581,68.99,1,68.02,2
R082-03,E082,3,west,24.71,15.26,standard,0,3.63,13.03,0.303,82.04,0,82.44,3
R082-04,E082,4,west,24.82,12.35,complex,0,3.63,10.34,0.358,74.91,1,75.39,3
R082-05,E082,5,west,28.03,16.1,standard,1,3.63,13.03,0.728,90.34,0,90.47,5
R082-06,E082,6,west,19.51,12.68,standard,0,3.63,10.76,0.349,51.56,0,51.24,4
R082-07,E082,7,west,24.63,13.07,complex,0,3.63,10.82,0.734,76.39,0,76.87,3
R082-08,E082,8,west,19.33,9.1,complex,1,3.63,7.73,0.627,54.06,0,53.6,3
R082-09,E082,9,west,19.37,12.69,standard,0,3.63,9.53,0.546,55.73,0,55.82,4
R082-10,E082,10,west,20.72,16.5,complex,0,3.63,14.06,0.593,75.68,0,75.38,4
R082-11,E082,11,west,22.77,14.95,standard,0,3.63,12.72,0.769,67.6,0,67.54,4
R082-12,E082,12,west,15.46,10.66,standard,0,3.63,8.62,0.479,40.09,0,40.15,3
R082-13,E082,13,west,17.74,14.34,standard,0,3.63,13.02,0.737,53.6,0,53.11,3
R082-14,E082,14,west,19.3,9.94,standard,0,3.63,9.08,0.739,56.71,0,56.74,5
R082-15,E082,15,west,29.52,15.7,standard,0,3.63,13.63,0.655,86.43,1,86.18,4
R082-16,E082,16,west,22.49,16.19,complex,0,3.63,14.04,0.344,75.3,0,74.99,4
R082-17,E082,17,west,16.89,6.87,standard,2,3.63,6.13,0.499,48.82,0,49.07,3
R082-18,E082,18,west,23.66,14.74,standard,2,3.63,11.43,0.329,79.08,0,78.66,4
R082-19,E082,19,west,14.39,11.85,standard,0,3.63,10.21,0.952,47.8,0,48.52,3
R082-20,E082,20,west,15.03,9.85,complex,0,3.63,8.74,0.52,52.65,0,53.34,3
R082-21,E082,21,west,23.61,12.48,standard,1,3.63,9.4,0.799,66.34,1,66.15,3
R082-22,E082,22,west,22.77,13.35,standard,0,3.63,12.07,0.393,61.81,0,61.73,4
R082-23,E082,23,west,16.21,12.14,complex,1,3.63,10.8,,68.65,0,69.06,4
R083-00,E083,0,north,20.47,15.09,complex,0,7.9,12.14,0.746,63.3,0,62.94,5
R083-01,E083,1,north,21.96,10.56,complex,0,7.9,8.57,0.693,62.18,0,62.44,4
R083-02,E083,2,north,15.29,11.37,complex,1,7.9,9.77,0.737,58.2,0,57.94,4
R083-03,E083,3,north,16.05,13.3,standard,0,7.9,10.97,0.825,44.48,1,43.68,3
R083-04,E083,4,north,22.03,13.27,complex,0,7.9,11.95,0.423,71.62,0,71.94,3
R083-05,E083,5,north,14.09,9.66,standard,1,7.9,8.5,0.788,40.38,0,41.24,3
R083-06,E083,6,north,8.96,10.48,standard,1,7.9,9.13,0.718,36.71,0,36.2,4
R083-07,E083,7,north,7.73,8.78,standard,2,7.9,7.91,0.698,29.02,0,29.57,5
R083-08,E083,8,north,18.34,12.32,standard,3,7.9,9.79,0.611,47.64,0,47.72,4
R083-09,E083,9,north,19.04,13.52,complex,1,7.9,11.01,0.412,53.54,0,53.25,3
R083-10,E083,10,north,15.33,10.41,complex,1,7.9,8.63,0.645,43.55,0,43.96,5
R083-11,E083,11,north,18.71,9.93,standard,0,7.9,8.85,0.787,57.93,0,57.77,5
R083-12,E083,12,north,11.23,12.44,standard,0,7.9,10.17,0.88,37.12,0,36.24,3
R083-13,E083,13,north,22.31,9.62,complex,2,7.9,7.61,0.829,59.85,0,60.4,5
R083-14,E083,14,north,22.55,15.1,standard,1,7.9,12.72,0.595,58.52,0,58.47,5
R083-15,E083,15,north,18.54,15.95,standard,0,7.9,12.92,0.704,62.83,0,62.47,5
R083-16,E083,16,north,23.29,12.83,standard,3,7.9,10.58,0.592,44.92,0,45.31,4
R083-17,E083,17,north,4.49,7.84,complex,0,7.9,6.68,0.766,45.54,0,45.79,4
R083-18,E083,18,north,22.16,15.29,complex,0,7.9,12.68,0.333,65.29,0,65.34,4
R083-19,E083,19,north,16.05,10.35,standard,2,7.9,9.23,0.446,39.33,0,39.69,4
R083-20,E083,20,north,13.4,8.83,complex,0,7.9,7.29,0.345,43.26,0,43.0,4
R083-21,E083,21,north,17.87,10.86,complex,1,7.9,9.12,0.913,61.72,0,61.43,3
R083-22,E083,22,north,18.61,12.99,complex,0,7.9,12.74,,63.09,0,62.83,3
R083-23,E083,23,north,12.09,11.71,complex,1,7.9,10.06,0.538,47.01,0,46.62,3
R084-00,E084,0,east,23.87,14.48,complex,0,1.59,12.25,0.977,68.95,0,68.62,4
R084-01,E084,1,east,21.42,13.84,standard,0,1.59,12.61,0.471,61.11,0,60.78,5
R084-02,E084,2,east,19.37,12.13,standard,1,1.59,10.88,0.652,55.18,0,55.46,5
R084-03,E084,3,east,14.03,12.54,standard,0,1.59,10.99,0.942,48.36,0,48.65,5
R084-04,E084,4,east,20.69,15.37,standard,0,1.59,13.11,0.865,71.92,0,71.99,4
R084-05,E084,5,east,18.92,15.46,standard,5,1.59,13.19,0.76,55.58,0,55.79,3
R084-06,E084,6,east,19.0,13.19,complex,2,1.59,11.21,0.916,69.93,0,69.34,5
R084-07,E084,7,east,13.45,10.92,complex,0,1.59,8.48,0.876,50.55,1,50.38,3
R084-08,E084,8,east,17.98,9.04,standard,0,1.59,7.91,0.888,43.72,0,43.67,3
R084-09,E084,9,east,13.64,10.67,complex,2,1.59,8.74,0.995,55.08,1,55.31,3
R084-10,E084,10,east,8.88,6.56,standard,0,1.59,5.4,0.413,40.16,0,40.53,3
R084-11,E084,11,east,15.7,11.25,standard,0,1.59,9.98,0.477,49.92,0,49.33,4
R084-12,E084,12,east,11.34,7.79,complex,0,1.59,6.73,0.335,42.35,0,41.41,4
R084-13,E084,13,east,25.35,12.2,complex,2,1.59,10.28,0.372,85.43,0,84.14,4
R084-14,E084,14,east,11.44,9.62,standard,0,1.59,8.6,0.63,46.04,0,46.34,3
R084-15,E084,15,east,17.6,10.33,standard,0,1.59,8.95,0.506,46.31,1,45.52,3
R084-16,E084,16,east,9.62,11.03,complex,1,1.59,9.83,0.734,47.84,0,47.86,3
R084-17,E084,17,east,18.57,12.22,standard,1,1.59,10.09,0.904,51.0,0,51.04,5
R084-18,E084,18,east,22.39,14.7,complex,0,1.59,13.02,0.97,77.28,1,76.99,4
R084-19,E084,19,east,16.21,12.28,complex,0,1.59,10.29,0.719,53.31,0,53.58,4
R084-20,E084,20,east,17.34,13.41,standard,0,1.59,10.62,0.677,41.08,0,41.3,4
R084-21,E084,21,east,18.31,9.59,standard,1,1.59,7.71,0.528,50.35,0,51.18,5
R084-22,E084,22,east,15.5,13.37,complex,0,1.59,11.62,0.918,58.37,0,59.19,4
R084-23,E084,23,east,20.49,13.4,standard,0,1.59,11.23,,62.75,1,63.42,4
R085-00,E085,0,west,23.78,10.7,standard,1,3.68,8.88,0.683,58.77,0,58.98,4
R085-01,E085,1,west,6.22,7.04,standard,0,3.68,5.55,0.499,32.09,0,32.62,5
R085-02,E085,2,west,20.93,15.89,standard,1,3.68,13.6,0.346,55.14,0,55.59,5
R085-03,E085,3,west,22.57,13.69,standard,4,3.68,11.45,0.728,71.15,0,71.7,3
R085-04,E085,4,west,26.0,17.38,standard,2,3.68,15.13,0.421,62.9,0,63.0,5
R085-05,E085,5,west,19.89,15.48,complex,2,3.68,13.41,0.966,73.11,1,73.64,4
R085-06,E085,6,west,20.63,11.09,standard,2,3.68,9.8,0.486,52.26,1,52.98,3
R085-07,E085,7,west,13.87,9.99,standard,1,3.68,9.38,0.381,47.77,0,48.27,3
R085-08,E085,8,west,28.54,14.64,standard,0,3.68,12.88,0.562,83.64,1,83.63,3
R085-09,E085,9,west,19.67,13.11,standard,1,3.68,10.05,0.533,55.16,0,55.29,4
R085-10,E085,10,west,22.61,12.96,standard,2,3.68,11.99,0.91,56.96,0,56.6,4
R085-11,E085,11,west,23.52,16.7,standard,0,3.68,15.0,0.835,77.74,0,77.09,3
R085-12,E085,12,west,22.8,13.49,standard,0,3.68,11.81,0.313,70.48,1,69.93,2
R085-13,E085,13,west,27.59,15.63,standard,0,3.68,13.41,0.457,79.88,0,79.52,4
R085-14,E085,14,west,21.48,16.83,complex,0,3.68,13.98,0.396,77.99,0,77.64,3
R085-15,E085,15,west,21.52,15.7,complex,1,3.68,13.73,0.945,71.15,1,70.62,4
R085-16,E085,16,west,15.94,11.22,standard,0,3.68,10.27,0.868,55.04,0,55.01,5
R085-17,E085,17,west,20.96,13.04,complex,4,3.68,11.23,0.707,63.5,1,64.54,3
R085-18,E085,18,west,13.53,12.87,standard,0,3.68,11.02,0.969,45.8,0,45.14,4
R085-19,E085,19,west,20.58,10.82,standard,0,3.68,10.03,0.318,53.92,0,54.15,5
R085-20,E085,20,west,17.21,13.01,standard,1,3.68,10.86,0.809,51.67,0,51.03,5
R085-21,E085,21,west,18.12,10.54,complex,1,3.68,9.56,0.916,59.56,0,59.04,3
R085-22,E085,22,west,14.03,12.38,complex,0,3.68,9.14,0.471,52.27,0,51.35,3
R085-23,E085,23,west,16.81,13.29,complex,0,3.68,11.21,0.352,64.76,0,63.99,4
R086-00,E086,0,north,14.89,14.12,complex,1,4.67,13.15,0.902,62.61,0,62.49,3
R086-01,E086,1,north,23.66,12.98,standard,2,4.67,11.58,0.564,64.53,0,64.73,3
R086-02,E086,2,north,6.18,9.03,standard,0,4.67,6.91,0.706,30.9,0,31.81,4
R086-03,E086,3,north,18.45,11.72,standard,0,4.67,10.93,0.597,43.37,0,42.7,5
R086-04,E086,4,north,4.24,9.83,complex,0,4.67,8.56,0.578,43.04,0,42.58,3
R086-05,E086,5,north,10.27,8.99,standard,2,4.67,7.38,0.922,33.05,0,32.96,4
R086-06,E086,6,north,12.98,11.75,standard,0,4.67,10.46,0.629,44.4,0,43.54,3
R086-07,E086,7,north,24.78,16.22,complex,0,4.67,12.82,0.9,91.6,0,91.3,3
R086-08,E086,8,north,17.64,14.47,complex,0,4.67,12.97,0.559,69.69,0,69.61,5
R086-09,E086,9,north,10.57,11.31,complex,1,4.67,10.46,0.814,49.02,1,48.54,2
R086-10,E086,10,north,20.51,12.62,standard,0,4.67,10.19,0.864,51.95,0,51.94,5
R086-11,E086,11,north,17.79,11.41,standard,1,4.67,10.65,0.921,58.22,0,58.8,4
R086-12,E086,12,north,8.8,8.44,standard,2,4.67,8.12,0.384,37.45,0,37.06,4
R086-13,E086,13,north,23.5,14.69,standard,1,4.67,12.43,0.604,63.05,0,63.42,3
R086-14,E086,14,north,25.74,15.35,standard,0,4.67,14.03,0.943,59.9,0,59.86,3
R086-15,E086,15,north,25.6,18.71,standard,3,4.67,15.39,0.631,74.67,0,74.93,5
R086-16,E086,16,north,13.91,11.12,standard,0,4.67,9.54,0.476,40.74,0,40.85,4
R086-17,E086,17,north,28.29,15.54,complex,1,4.67,11.86,0.867,91.88,0,92.14,3
R086-18,E086,18,north,15.13,11.2,standard,0,4.67,8.38,0.977,45.59,0,45.4,5
R086-19,E086,19,north,24.63,16.44,standard,5,4.67,13.95,0.605,70.4,1,70.99,4
R086-20,E086,20,north,18.49,11.99,standard,0,4.67,9.77,0.907,47.99,0,47.64,3
R086-21,E086,21,north,22.31,15.52,complex,0,4.67,13.41,,62.47,1,61.58,2
R086-22,E086,22,north,23.43,16.96,complex,0,4.67,14.68,0.637,66.78,0,68.21,3
R086-23,E086,23,north,14.01,7.67,standard,2,4.67,6.51,0.412,44.77,1,44.87,3
R087-00,E087,0,east,14.21,12.41,complex,0,12.72,10.37,0.568,52.32,0,52.55,3
R087-01,E087,1,east,6.42,6.7,standard,0,12.72,4.67,0.893,29.03,0,29.06,5
R087-02,E087,2,east,12.86,7.75,standard,2,12.72,6.07,0.461,33.92,0,33.71,5
R087-03,E087,3,east,9.49,10.35,complex,0,12.72,8.17,0.687,48.11,0,47.82,5
R087-04,E087,4,east,9.65,10.04,standard,1,12.72,7.81,0.748,37.23,0,37.33,4
R087-05,E087,5,east,20.29,13.35,complex,0,12.72,10.21,0.912,64.36,0,65.37,3
R087-06,E087,6,east,20.02,13.55,standard,0,12.72,11.01,0.451,63.22,1,64.16,2
R087-07,E087,7,east,10.35,12.52,complex,0,12.72,9.9,0.561,59.46,0,59.64,5
R087-08,E087,8,east,12.55,10.41,standard,2,12.72,9.65,0.457,41.86,1,40.92,3
R087-09,E087,9,east,20.27,13.29,complex,0,12.72,11.31,0.739,56.69,0,56.08,5
R087-10,E087,10,east,15.95,14.19,standard,0,12.72,11.71,0.436,56.54,0,56.5,3
R087-11,E087,11,east,14.23,11.27,complex,1,12.72,10.2,0.798,57.42,0,57.68,4
R087-12,E087,12,east,23.49,14.45,standard,0,12.72,12.34,0.323,56.79,0,57.26,4
R087-13,E087,13,east,16.62,10.13,complex,1,12.72,7.6,0.354,61.07,0,60.65,5
R087-14,E087,14,east,4.85,7.72,standard,0,12.72,5.9,0.944,32.5,0,31.03,5
R087-15,E087,15,east,22.06,15.68,complex,0,12.72,13.76,0.369,71.7,0,71.55,4
R087-16,E087,16,east,12.38,13.91,standard,0,12.72,11.31,0.388,53.43,0,53.02,5
R087-17,E087,17,east,16.92,11.06,standard,1,12.72,9.41,0.783,45.42,0,44.98,4
R087-18,E087,18,east,18.17,13.39,standard,0,12.72,10.89,0.625,53.42,0,53.48,4
R087-19,E087,19,east,13.36,12.62,standard,1,12.72,11.49,0.621,55.37,0,54.87,4
R087-20,E087,20,east,19.83,14.82,standard,0,12.72,11.8,0.823,45.21,1,44.56,3
R087-21,E087,21,east,21.93,12.79,standard,0,12.72,10.4,,65.24,0,64.68,3
R087-22,E087,22,east,25.74,12.78,complex,1,12.72,10.57,0.987,84.36,1,84.01,2
R087-23,E087,23,east,24.24,12.46,standard,1,12.72,9.69,0.759,60.51,0,59.81,5
R088-00,E088,0,west,18.5,12.42,standard,1,9.99,11.12,0.808,49.22,0,48.52,3
R088-01,E088,1,west,11.99,12.74,complex,0,9.99,10.46,0.536,48.03,1,48.73,4
R088-02,E088,2,west,21.98,14.81,complex,1,9.99,12.61,0.608,60.24,0,60.59,4
R088-03,E088,3,west,21.09,10.65,complex,0,9.99,8.68,0.792,61.87,0,62.35,4
R088-04,E088,4,west,20.31,10.53,complex,1,9.99,9.38,0.467,49.66,1,50.36,4
R088-05,E088,5,west,25.99,13.75,complex,1,9.99,12.71,0.632,72.34,0,72.39,3
R088-06,E088,6,west,21.95,13.22,standard,1,9.99,11.71,0.91,64.94,0,64.19,5
R088-07,E088,7,west,30.85,15.28,standard,1,9.99,13.36,0.36,80.11,1,80.15,2
R088-08,E088,8,west,8.06,8.08,standard,0,9.99,6.94,0.716,35.64,0,35.56,5
R088-09,E088,9,west,16.68,13.22,standard,1,9.99,12.33,0.912,51.43,1,51.91,3
R088-10,E088,10,west,19.32,12.62,standard,0,9.99,10.5,0.59,47.72,0,47.88,3
R088-11,E088,11,west,19.42,11.73,standard,0,9.99,9.88,0.695,55.24,0,55.15,5
R088-12,E088,12,west,26.71,15.34,standard,2,9.99,14.46,0.595,52.13,1,52.76,3
R088-13,E088,13,west,19.54,16.32,complex,0,9.99,15.93,0.946,55.52,0,55.68,3
R088-14,E088,14,west,22.7,13.22,standard,1,9.99,11.69,0.407,60.18,0,59.33,5
R088-15,E088,15,west,21.71,15.43,standard,0,9.99,12.63,0.678,55.42,0,55.53,3
R088-16,E088,16,west,16.88,14.75,standard,0,9.99,11.96,0.366,50.32,0,50.47,5
R088-17,E088,17,west,16.47,12.59,standard,0,9.99,11.03,0.573,52.2,0,52.34,3
R088-18,E088,18,west,27.49,14.93,complex,0,9.99,12.45,0.766,70.92,1,70.88,3
R088-19,E088,19,west,23.78,13.6,standard,0,9.99,12.48,0.717,64.09,0,63.96,3
R088-20,E088,20,west,25.35,15.42,complex,0,9.99,12.06,0.585,84.61,1,83.88,4
R088-21,E088,21,west,15.22,15.85,complex,0,9.99,13.2,0.86,54.84,0,55.62,4
R088-22,E088,22,west,18.91,9.89,standard,0,9.99,8.22,0.469,53.25,0,52.91,3
R088-23,E088,23,west,27.95,12.79,standard,0,9.99,10.43,,55.62,0,55.36,3
R089-00,E089,0,north,8.97,10.61,standard,0,4.03,9.49,0.311,43.75,0,44.52,4
R089-01,E089,1,north,23.3,16.95,complex,2,4.03,15.23,0.642,82.33,0,83.07,3
R089-02,E089,2,north,15.8,12.13,standard,0,4.03,9.97,0.348,49.67,0,49.95,4
R089-03,E089,3,north,14.69,13.44,complex,0,4.03,11.05,0.302,62.12,0,62.18,3
R089-04,E089,4,north,31.22,15.9,standard,0,4.03,12.7,0.691,78.38,0,77.8,5
R089-05,E089,5,north,13.15,6.4,complex,0,4.03,5.9,0.624,41.41,1,41.42,4
R089-06,E089,6,north,13.59,11.12,standard,2,4.03,8.15,0.525,38.67,0,37.3,5
R089-07,E089,7,north,4.79,6.53,complex,0,4.03,3.75,0.945,39.73,0,39.18,3
R089-08,E089,8,north,11.78,12.09,standard,2,4.03,10.14,0.381,42.33,0,42.69,5
R089-09,E089,9,north,16.13,13.0,complex,1,4.03,11.2,0.792,60.76,1,60.34,3
R089-10,E089,10,north,11.21,10.65,complex,0,4.03,7.89,0.87,50.43,0,51.27,3
R089-11,E089,11,north,14.61,11.04,complex,0,4.03,8.59,0.561,45.54,1,44.75,4
R089-12,E089,12,north,21.73,15.23,complex,0,4.03,13.2,0.929,71.58,0,72.07,5
R089-13,E089,13,north,21.14,13.4,standard,0,4.03,12.47,0.884,58.81,0,58.52,3
R089-14,E089,14,north,16.19,9.47,standard,1,4.03,8.22,0.907,37.9,0,37.98,3
R089-15,E089,15,north,13.01,12.19,standard,0,4.03,9.7,0.41,53.17,0,53.0,3
R089-16,E089,16,north,19.92,10.93,standard,5,4.03,9.49,0.988,43.75,1,43.7,4
R089-17,E089,17,north,19.8,11.84,complex,1,4.03,10.03,0.412,51.82,0,51.51,4
R089-18,E089,18,north,20.96,14.37,standard,4,4.03,12.62,0.613,60.91,0,61.09,4
R089-19,E089,19,north,13.94,10.93,complex,0,4.03,9.54,0.857,54.57,0,54.04,3
R089-20,E089,20,north,25.89,16.7,complex,1,4.03,14.39,,89.14,1,90.22,3
R089-21,E089,21,north,17.94,14.65,complex,2,4.03,11.58,0.613,67.46,0,68.17,3
R089-22,E089,22,north,24.69,13.72,complex,0,4.03,10.86,,75.58,0,75.59,4
R089-23,E089,23,north,28.45,18.46,complex,1,4.03,16.18,0.964,100.97,0,100.5,4
R090-00,E090,0,east,11.76,8.76,complex,1,4.45,7.06,0.555,49.9,0,49.95,5
R090-01,E090,1,east,15.12,12.05,standard,1,4.45,10.43,0.334,53.31,0,53.43,5
R090-02,E090,2,east,15.5,14.26,complex,0,4.45,12.84,0.798,65.61,0,65.87,4
R090-03,E090,3,east,16.77,11.85,complex,0,4.45,9.65,0.704,70.88,0,71.17,4
R090-04,E090,4,east,15.37,10.03,standard,1,4.45,8.68,0.373,53.04,0,52.95,5
R090-05,E090,5,east,24.22,10.47,complex,0,4.45,9.43,0.458,81.46,0,80.93,3
R090-06,E090,6,east,10.36,11.78,standard,1,4.45,10.08,0.965,47.51,0,48.0,5
R090-07,E090,7,east,12.17,16.24,complex,2,4.45,13.68,0.379,68.53,0,67.52,5
R090-08,E090,8,east,22.29,11.44,standard,2,4.45,8.59,0.405,56.69,0,56.72,4
R090-09,E090,9,east,16.25,14.27,complex,0,4.45,12.68,0.347,62.25,0,62.74,4
R090-10,E090,10,east,11.53,9.83,complex,1,4.45,8.2,0.9,50.47,0,50.49,3
R090-11,E090,11,east,10.23,15.07,complex,1,4.45,12.9,0.354,69.61,0,69.57,4
R090-12,E090,12,east,19.2,11.06,standard,0,4.45,8.33,0.914,46.14,0,45.98,5
R090-13,E090,13,east,17.46,16.61,complex,0,4.45,13.87,0.356,69.35,0,68.42,4
R090-14,E090,14,east,16.11,12.62,standard,0,4.45,10.95,0.969,48.43,0,49.01,5
R090-15,E090,15,east,8.53,11.67,complex,0,4.45,9.48,0.456,58.74,0,58.3,4
R090-16,E090,16,east,12.62,9.3,standard,0,4.45,7.14,0.68,38.69,0,38.35,4
R090-17,E090,17,east,14.93,11.09,complex,0,4.45,8.22,0.503,52.21,0,52.2,4
R090-18,E090,18,east,18.03,15.05,complex,0,4.45,12.98,0.695,62.43,0,62.31,5
R090-19,E090,19,east,13.59,7.17,standard,0,4.45,5.84,0.662,46.7,0,46.79,4
R090-20,E090,20,east,13.49,15.2,standard,0,4.45,13.63,0.817,50.73,0,50.66,5
R090-21,E090,21,east,13.26,12.57,complex,1,4.45,10.91,0.364,62.43,0,62.98,3
R090-22,E090,22,east,21.35,16.04,standard,0,4.45,13.46,,67.59,0,68.0,5
R090-23,E090,23,east,22.19,11.9,standard,0,4.45,10.41,0.833,65.46,0,64.99,4
R091-00,E091,0,west,15.11,13.0,standard,0,11.47,11.85,0.943,53.01,0,53.27,4
R091-01,E091,1,west,16.89,14.15,complex,0,11.47,11.9,0.876,69.93,0,69.71,3
R091-02,E091,2,west,15.06,10.5,complex,1,11.47,8.68,0.687,63.25,0,63.39,3
R091-03,E091,3,west,22.18,13.81,complex,0,11.47,11.82,0.786,79.12,1,79.44,2
R091-04,E091,4,west,21.18,11.97,standard,1,11.47,10.57,0.785,60.41,1,60.56,3
R091-05,E091,5,west,21.69,14.54,standard,1,11.47,11.47,0.727,60.86,0,61.0,3
R091-06,E091,6,west,19.84,10.61,complex,1,11.47,9.24,0.657,58.74,0,58.55,3
R091-07,E091,7,west,22.76,16.17,complex,2,11.47,13.68,0.605,77.97,0,77.22,5
R091-08,E091,8,west,18.78,15.62,standard,0,11.47,13.02,0.646,57.62,0,57.53,4
R091-09,E091,9,west,24.27,17.03,standard,1,11.47,15.02,0.595,71.58,0,71.04,3
R091-10,E091,10,west,20.42,12.89,standard,1,11.47,11.31,0.604,65.04,0,65.31,5
R091-11,E091,11,west,20.08,15.1,complex,0,11.47,12.43,0.418,81.61,0,81.17,3
R091-12,E091,12,west,12.13,8.36,standard,0,11.47,8.06,0.88,44.7,0,44.86,4
R091-13,E091,13,west,17.74,8.8,standard,0,11.47,6.35,0.454,47.18,0,47.32,5
R091-14,E091,14,west,14.21,11.31,standard,0,11.47,9.82,0.578,48.51,0,49.66,3
R091-15,E091,15,west,27.07,11.84,complex,0,11.47,10.03,0.741,83.03,0,82.8,3
R091-16,E091,16,west,26.01,14.86,standard,0,11.47,11.83,0.985,75.56,0,76.57,5
R091-17,E091,17,west,21.7,12.62,standard,2,11.47,10.37,0.876,65.57,0,65.68,5
R091-18,E091,18,west,29.36,15.17,standard,1,11.47,13.31,0.445,93.79,1,93.57,2
R091-19,E091,19,west,21.94,10.24,standard,0,11.47,9.36,0.429,50.01,0,49.63,4
R091-20,E091,20,west,18.92,13.43,complex,2,11.47,11.91,0.922,72.97,1,72.95,3
R091-21,E091,21,west,23.58,14.9,complex,0,11.47,13.21,,86.78,0,86.5,4
R091-22,E091,22,west,22.03,11.96,standard,0,11.47,9.94,0.717,65.78,0,65.5,5
R091-23,E091,23,west,14.96,11.34,complex,0,11.47,9.17,0.931,75.32,1,75.6,3
R092-00,E092,0,north,15.62,11.98,standard,0,6.42,10.39,0.522,45.07,0,44.81,4
R092-01,E092,1,north,13.05,11.18,standard,0,6.42,8.9,0.425,45.78,0,45.24,5
R092-02,E092,2,north,14.45,8.95,complex,0,6.42,8.72,0.697,55.54,0,55.41,3
R092-03,E092,3,north,13.76,8.33,standard,1,6.42,7.11,0.5,29.23,1,28.83,4
R092-04,E092,4,north,13.25,12.78,complex,3,6.42,10.35,0.627,53.29,0,53.14,4
R092-05,E092,5,north,6.66,10.16,complex,0,6.42,9.13,0.852,42.38,0,43.23,3
R092-06,E092,6,north,11.33,8.51,standard,0,6.42,6.18,0.992,39.92,0,39.14,5
R092-07,E092,7,north,17.29,12.47,standard,2,6.42,9.91,0.958,43.06,0,43.13,4
R092-08,E092,8,north,10.04,7.94,standard,0,6.42,5.91,0.825,45.8,0,45.63,4
R092-09,E092,9,north,15.99,14.96,complex,1,6.42,13.2,0.449,63.83,1,63.78,4
R092-10,E092,10,north,19.34,15.9,standard,2,6.42,14.36,0.389,62.35,1,61.89,4
R092-11,E092,11,north,14.44,10.54,complex,2,6.42,9.35,0.456,52.32,0,52.2,5
R092-12,E092,12,north,16.75,11.13,standard,0,6.42,9.29,0.62,47.17,0,46.59,5
R092-13,E092,13,north,20.31,12.24,complex,1,6.42,10.62,0.623,69.6,0,69.26,3
R092-14,E092,14,north,11.39,10.06,standard,0,6.42,8.1,0.987,46.13,0,46.43,5
R092-15,E092,15,north,15.34,12.54,standard,0,6.42,10.1,0.416,49.59,0,49.67,5
R092-16,E092,16,north,24.11,15.4,complex,1,6.42,13.35,0.874,80.08,1,80.07,4
R092-17,E092,17,north,16.49,9.29,standard,3,6.42,7.53,0.562,40.91,0,41.38,3
R092-18,E092,18,north,13.54,14.35,standard,0,6.42,11.54,0.592,44.54,0,44.32,4
R092-19,E092,19,north,18.55,9.89,standard,1,6.42,8.4,0.847,55.63,1,55.71,3
R092-20,E092,20,north,18.28,13.27,complex,1,6.42,10.92,0.449,56.11,0,56.3,3
R092-21,E092,21,north,21.84,12.19,complex,0,6.42,9.98,0.621,66.83,1,66.73,4
R092-22,E092,22,north,17.92,12.84,standard,0,6.42,11.15,0.413,53.17,0,52.31,3
R092-23,E092,23,north,21.04,15.03,standard,2,6.42,13.52,0.307,62.98,1,63.16,4
R093-00,E093,0,east,11.17,8.38,complex,0,14.86,5.56,0.826,48.98,0,49.57,4
R093-01,E093,1,east,16.54,14.46,complex,0,14.86,11.8,0.335,64.99,0,64.72,5
R093-02,E093,2,east,15.32,11.25,standard,0,14.86,9.74,0.415,50.34,0,49.79,5
R093-03,E093,3,east,14.14,13.79,standard,1,14.86,12.18,0.559,48.2,0,48.01,5
R093-04,E093,4,east,17.88,12.62,complex,0,14.86,10.92,0.756,69.58,0,69.56,4
R093-05,E093,5,east,15.27,10.56,standard,0,14.86,7.9,0.836,48.44,0,48.56,4
R093-06,E093,6,east,13.63,10.03,standard,0,14.86,8.61,0.717,40.29,0,39.93,3
R093-07,E093,7,east,8.83,11.05,standard,0,14.86,10.14,0.485,42.45,0,42.81,5
R093-08,E093,8,east,10.57,9.06,standard,2,14.86,8.0,0.891,40.19,0,39.94,3
R093-09,E093,9,east,17.08,16.68,standard,0,14.86,14.7,0.908,65.93,0,64.51,4
R093-10,E093,10,east,16.93,13.53,standard,0,14.86,11.52,0.423,54.2,0,53.71,5
R093-11,E093,11,east,25.53,18.3,standard,0,14.86,16.32,0.47,82.3,0,82.76,4
R093-12,E093,12,east,20.73,16.45,standard,0,14.86,14.0,0.709,64.54,0,64.07,3
R093-13,E093,13,east,7.87,11.15,complex,0,14.86,8.56,0.685,57.76,1,57.59,3
R093-14,E093,14,east,13.83,11.32,standard,0,14.86,9.71,0.651,48.99,0,48.56,3
R093-15,E093,15,east,17.01,12.2,standard,1,14.86,10.05,0.963,54.36,0,54.69,4
R093-16,E093,16,east,19.41,11.65,standard,1,14.86,9.27,0.466,36.97,0,37.39,3
R093-17,E093,17,east,24.13,15.01,standard,0,14.86,12.31,0.719,65.22,0,64.7,5
R093-18,E093,18,east,18.47,14.59,standard,1,14.86,12.72,0.438,45.47,1,45.52,4
R093-19,E093,19,east,18.48,10.73,standard,1,14.86,9.69,0.85,49.31,0,49.17,4
R093-20,E093,20,east,24.75,13.72,complex,0,14.86,11.25,0.874,77.55,0,77.91,4
R093-21,E093,21,east,17.51,16.57,standard,0,14.86,13.78,,59.67,0,59.16,4
R093-22,E093,22,east,20.44,18.66,complex,1,14.86,16.75,,84.75,1,85.11,3
R093-23,E093,23,east,17.75,11.11,standard,1,14.86,9.15,0.755,58.62,0,58.6,5
R094-00,E094,0,west,21.02,13.26,standard,4,5.9,10.88,0.853,65.23,0,65.44,5
R094-01,E094,1,west,22.9,10.54,standard,0,5.9,9.2,0.782,58.51,0,58.08,3
R094-02,E094,2,west,6.85,9.73,complex,0,5.9,9.25,0.51,43.67,0,43.33,5
R094-03,E094,3,west,21.26,10.24,complex,0,5.9,8.13,0.937,59.42,0,59.56,5
R094-04,E094,4,west,13.47,12.51,standard,0,5.9,10.58,0.608,48.03,0,48.85,3
R094-05,E094,5,west,26.73,14.17,complex,1,5.9,11.59,0.729,80.22,0,79.66,5
R094-06,E094,6,west,15.66,8.71,complex,0,5.9,7.5,0.563,51.66,0,51.47,4
R094-07,E094,7,west,21.44,13.09,complex,0,5.9,11.39,0.913,64.97,0,64.79,4
R094-08,E094,8,west,19.57,8.2,standard,0,5.9,8.14,0.592,36.14,0,36.08,3
R094-09,E094,9,west,18.21,14.85,standard,2,5.9,12.21,0.325,54.28,0,54.1,3
R094-10,E094,10,west,15.25,8.46,standard,0,5.9,6.75,0.504,45.69,0,45.84,3
R094-11,E094,11,west,18.18,14.73,standard,0,5.9,12.91,0.537,49.32,0,48.8,5
R094-12,E094,12,west,20.33,14.18,standard,0,5.9,11.93,0.826,51.87,0,52.13,3
R094-13,E094,13,west,22.9,15.04,standard,0,5.9,13.31,0.754,66.37,1,66.5,2
R094-14,E094,14,west,15.89,12.28,complex,2,5.9,9.66,0.536,74.45,0,74.51,3
R094-15,E094,15,west,23.87,13.55,complex,0,5.9,12.19,0.335,75.16,0,75.7,3
R094-16,E094,16,west,19.08,10.24,standard,1,5.9,9.93,0.662,57.7,0,58.81,3
R094-17,E094,17,west,27.61,15.41,complex,2,5.9,12.83,0.554,78.76,1,79.38,2
R094-18,E094,18,west,15.87,12.01,complex,1,5.9,9.45,0.793,52.83,0,53.13,4
R094-19,E094,19,west,22.35,16.38,standard,0,5.9,14.73,0.419,61.6,0,60.72,5
R094-20,E094,20,west,34.56,17.52,complex,0,5.9,15.91,0.411,115.52,1,115.69,3
R094-21,E094,21,west,19.57,9.48,complex,0,5.9,8.08,,64.64,0,64.48,3
R094-22,E094,22,west,23.76,13.23,complex,0,5.9,10.57,0.903,72.5,0,72.44,5
R094-23,E094,23,west,25.68,16.39,complex,1,5.9,13.33,0.415,71.81,0,72.45,3
R095-00,E095,0,north,9.7,10.73,complex,1,14.92,8.31,0.486,46.94,0,46.44,5
R095-01,E095,1,north,14.9,10.9,standard,1,14.92,8.64,0.692,46.85,1,46.78,2
R095-02,E095,2,north,6.67,12.73,standard,0,14.92,10.26,0.405,50.46,0,50.89,4
R095-03,E095,3,north,13.77,13.89,standard,0,14.92,12.7,0.895,50.88,0,50.54,4
R095-04,E095,4,north,23.86,14.04,complex,0,14.92,12.2,0.574,75.86,1,75.7,2
R095-05,E095,5,north,3.36,9.77,standard,2,14.92,9.59,0.5,33.88,0,33.45,5
R095-06,E095,6,north,14.16,13.88,standard,2,14.92,11.73,0.49,55.41,0,55.3,5
R095-07,E095,7,north,14.19,10.43,complex,0,14.92,9.53,0.859,58.98,0,58.48,4
R095-08,E095,8,north,15.06,11.91,standard,0,14.92,10.77,0.427,44.48,0,43.9,3
R095-09,E095,9,north,17.29,14.23,standard,2,14.92,12.79,0.648,50.98,0,51.11,3
R095-10,E095,10,north,14.44,12.73,standard,0,14.92,10.5,0.337,51.26,0,51.16,3
R095-11,E095,11,north,12.61,13.63,standard,1,14.92,11.62,0.371,51.02,0,50.17,4
R095-12,E095,12,north,15.85,15.63,standard,0,14.92,13.23,0.544,55.21,0,54.61,5
R095-13,E095,13,north,19.58,11.97,standard,1,14.92,9.56,0.308,61.67,0,60.56,3
R095-14,E095,14,north,20.77,11.97,standard,1,14.92,10.48,0.573,63.64,0,62.81,3
R095-15,E095,15,north,16.66,8.2,complex,0,14.92,6.79,0.911,58.21,0,58.05,4
R095-16,E095,16,north,18.92,12.38,complex,0,14.92,10.78,0.864,66.06,0,66.18,4
R095-17,E095,17,north,17.53,10.16,standard,1,14.92,9.19,0.85,46.58,0,46.23,5
R095-18,E095,18,north,16.03,10.22,complex,0,14.92,8.82,0.637,66.56,0,66.48,4
R095-19,E095,19,north,13.43,10.75,standard,2,14.92,8.87,0.638,47.82,0,49.13,3
R095-20,E095,20,north,9.81,8.21,complex,0,14.92,7.61,0.324,55.08,0,55.3,4
R095-21,E095,21,north,8.67,12.13,standard,1,14.92,9.67,0.458,40.47,0,40.92,5
R095-22,E095,22,north,10.32,12.14,complex,1,14.92,11.38,0.825,55.88,1,55.65,2
R095-23,E095,23,north,19.37,14.82,complex,3,14.92,12.55,,74.54,1,73.94,4
R096-00,E096,0,east,15.09,10.88,standard,3,4.59,9.39,0.455,40.99,0,40.72,3
R096-01,E096,1,east,2.65,9.91,complex,0,4.59,8.49,0.47,45.85,1,46.19,4
R096-02,E096,2,east,15.06,10.84,complex,3,4.59,10.27,0.55,49.79,0,49.89,3
R096-03,E096,3,east,12.79,12.02,standard,3,4.59,10.67,0.604,42.61,0,42.68,5
R096-04,E096,4,east,17.41,14.45,standard,0,4.59,11.2,0.45,58.92,0,59.37,5
R096-05,E096,5,east,18.07,14.47,complex,0,4.59,13.01,0.802,65.01,1,64.46,2
R096-06,E096,6,east,16.83,10.81,complex,0,4.59,10.5,0.626,68.48,1,67.95,2
R096-07,E096,7,east,15.19,10.85,complex,0,4.59,8.93,0.782,43.51,0,42.74,5
R096-08,E096,8,east,13.37,10.49,standard,0,4.59,9.53,0.68,50.22,0,50.38,4
R096-09,E096,9,east,30.52,15.44,standard,0,4.59,12.39,0.504,92.66,0,92.37,3
R096-10,E096,10,east,13.42,12.95,standard,0,4.59,9.96,0.34,45.06,0,45.56,4
R096-11,E096,11,east,15.87,10.49,standard,1,4.59,9.54,0.958,39.2,0,39.05,5
R096-12,E096,12,east,20.35,14.09,standard,1,4.59,11.98,0.891,70.05,0,70.37,5
R096-13,E096,13,east,13.75,14.87,complex,0,4.59,12.61,0.919,55.03,0,55.19,3
R096-14,E096,14,east,19.34,13.75,standard,1,4.59,12.23,0.715,53.46,0,53.58,3
R096-15,E096,15,east,18.53,11.0,standard,3,4.59,9.69,0.603,44.89,0,44.8,3
R096-16,E096,16,east,18.13,13.77,complex,1,4.59,12.87,0.66,61.41,0,62.08,5
R096-17,E096,17,east,20.01,14.76,standard,9,4.59,12.87,0.705,62.08,1,62.12,4
R096-18,E096,18,east,15.5,18.05,standard,0,4.59,15.92,0.762,59.99,0,60.49,3
R096-19,E096,19,east,19.16,12.7,complex,0,4.59,10.61,0.314,62.85,1,63.44,4
R096-20,E096,20,east,17.08,12.87,complex,0,4.59,9.94,0.735,55.05,0,54.39,3
R096-21,E096,21,east,17.56,12.47,standard,0,4.59,9.96,0.69,55.84,0,56.21,3
R096-22,E096,22,east,13.26,11.64,complex,2,4.59,9.5,,60.82,0,61.37,3
R096-23,E096,23,east,18.31,9.99,complex,2,4.59,8.85,0.862,54.4,0,55.31,4
R097-00,E097,0,west,12.18,9.3,standard,0,3.12,7.19,0.807,41.21,0,42.17,3
R097-01,E097,1,west,11.34,11.69,standard,0,3.12,9.51,0.956,43.06,0,43.14,3
R097-02,E097,2,west,21.97,10.4,standard,1,3.12,8.86,0.887,54.99,0,54.04,5
R097-03,E097,3,west,12.74,18.18,standard,2,3.12,16.29,0.877,55.68,1,55.38,3
R097-04,E097,4,west,14.78,8.75,standard,2,3.12,8.37,0.481,46.74,0,46.71,5
R097-05,E097,5,west,26.86,18.78,standard,1,3.12,15.05,0.767,80.83,0,80.74,4
R097-06,E097,6,west,14.87,7.97,standard,1,3.12,7.01,0.384,36.4,0,35.79,3
R097-07,E097,7,west,21.6,13.2,complex,0,3.12,11.54,0.759,66.79,1,66.66,2
R097-08,E097,8,west,18.69,12.16,standard,0,3.12,10.4,0.653,54.39,0,53.81,3
R097-09,E097,9,west,9.48,9.58,standard,0,3.12,8.73,0.767,41.63,0,41.36,3
R097-10,E097,10,west,19.5,10.21,standard,0,3.12,8.32,0.508,64.34,0,64.65,4
R097-11,E097,11,west,23.05,13.6,standard,0,3.12,11.73,0.589,67.91,0,67.79,3
R097-12,E097,12,west,21.46,15.22,standard,0,3.12,12.89,0.911,63.04,0,62.71,3
R097-13,E097,13,west,10.69,10.79,complex,1,3.12,8.97,0.4,48.22,0,48.97,3
R097-14,E097,14,west,14.03,10.96,standard,0,3.12,9.11,0.514,48.54,0,48.3,3
R097-15,E097,15,west,10.95,9.45,standard,0,3.12,6.43,0.737,47.04,0,46.95,4
R097-16,E097,16,west,18.19,11.99,standard,0,3.12,9.48,0.933,60.04,0,59.85,4
R097-17,E097,17,west,19.89,13.85,standard,1,3.12,12.48,0.553,60.2,1,60.14,4
R097-18,E097,18,west,19.35,11.84,standard,1,3.12,10.14,0.79,52.26,0,52.9,5
R097-19,E097,19,west,23.9,11.84,complex,1,3.12,8.48,0.491,72.18,0,72.47,5
R097-20,E097,20,west,21.09,15.13,standard,0,3.12,12.76,0.591,64.59,0,65.13,5
R097-21,E097,21,west,24.38,14.94,complex,0,3.12,12.29,,76.02,0,75.29,4
R097-22,E097,22,west,21.24,14.74,complex,0,3.12,12.81,0.781,70.32,1,69.76,3
R097-23,E097,23,west,32.01,16.89,standard,0,3.12,15.12,0.449,85.08,0,86.6,3
R098-00,E098,0,north,13.48,10.24,standard,1,8.58,7.9,0.729,42.12,0,42.37,5
R098-01,E098,1,north,16.99,13.58,standard,1,8.58,10.22,0.56,56.4,0,56.82,3
R098-02,E098,2,north,16.58,11.85,standard,1,8.58,9.73,0.705,49.84,0,50.02,4
R098-03,E098,3,north,10.87,7.95,standard,0,8.58,7.07,0.302,38.79,0,39.43,5
R098-04,E098,4,north,12.86,11.29,standard,0,8.58,9.58,0.593,39.05,0,39.48,3
R098-05,E098,5,north,11.64,10.36,standard,2,8.58,9.8,0.49,44.13,0,43.37,3
R098-06,E098,6,north,20.31,11.52,standard,0,8.58,10.26,0.479,58.08,0,58.01,4
R098-07,E098,7,north,16.83,14.07,standard,0,8.58,11.98,0.771,47.34,0,46.92,3
R098-08,E098,8,north,22.35,11.57,standard,1,8.58,8.76,0.998,50.82,0,50.86,3
R098-09,E098,9,north,16.53,13.72,standard,0,8.58,12.51,0.507,55.91,0,55.55,3
R098-10,E098,10,north,14.01,14.0,standard,0,8.58,12.69,0.777,47.43,1,47.14,4
R098-11,E098,11,north,13.89,9.24,standard,0,8.58,6.79,0.835,40.1,0,40.04,5
R098-12,E098,12,north,15.42,14.48,standard,2,8.58,12.29,0.92,53.07,1,53.28,2
R098-13,E098,13,north,23.66,18.34,standard,0,8.58,14.97,0.345,79.29,0,78.99,3
R098-14,E098,14,north,19.07,9.02,standard,2,8.58,7.3,0.822,52.3,1,51.85,2
R098-15,E098,15,north,17.36,12.73,standard,0,8.58,11.41,0.581,50.8,0,50.75,4
R098-16,E098,16,north,15.11,15.97,standard,0,8.58,12.41,0.32,59.45,0,59.77,5
R098-17,E098,17,north,11.84,11.99,standard,4,8.58,9.29,0.577,48.04,0,48.8,3
R098-18,E098,18,north,26.75,15.15,standard,0,8.58,12.62,0.545,64.26,0,64.1,5
R098-19,E098,19,north,13.94,10.62,standard,0,8.58,10.85,0.354,38.48,0,38.78,3
R098-20,E098,20,north,23.64,12.67,complex,2,8.58,10.11,0.613,70.33,1,70.01,4
R098-21,E098,21,north,17.8,10.76,complex,2,8.58,8.9,0.533,60.48,1,59.79,2
R098-22,E098,22,north,22.89,14.07,complex,0,8.58,12.0,0.358,82.01,0,81.46,3
R098-23,E098,23,north,16.84,10.67,complex,0,8.58,10.81,0.575,59.6,0,59.45,4
R099-00,E099,0,east,19.01,14.12,complex,1,10.94,12.77,0.636,63.93,0,63.83,4
R099-01,E099,1,east,5.59,8.95,complex,1,10.94,7.72,0.641,43.04,0,42.13,4
R099-02,E099,2,east,17.06,12.09,complex,0,10.94,10.1,0.752,50.62,0,51.26,4
R099-03,E099,3,east,24.75,12.51,standard,1,10.94,11.18,0.684,51.58,0,51.8,4
R099-04,E099,4,east,19.18,10.5,standard,1,10.94,9.29,0.677,49.13,0,49.56,4
R099-05,E099,5,east,12.68,11.8,standard,2,10.94,10.39,0.526,41.14,0,40.96,3
R099-06,E099,6,east,14.12,12.96,standard,0,10.94,10.93,0.643,43.87,0,44.45,5
R099-07,E099,7,east,12.37,7.68,standard,2,10.94,6.36,0.439,30.93,0,31.22,5
R099-08,E099,8,east,10.38,9.22,standard,1,10.94,8.61,0.676,36.81,0,36.33,5
R099-09,E099,9,east,16.9,13.93,standard,0,10.94,12.99,0.932,60.06,0,61.12,5
R099-10,E099,10,east,14.24,10.19,complex,0,10.94,8.26,0.596,53.91,1,53.07,3
R099-11,E099,11,east,8.89,10.1,standard,1,10.94,8.4,0.72,43.01,0,42.82,5
R099-12,E099,12,east,15.22,12.76,standard,0,10.94,10.38,0.536,39.65,0,39.58,4
R099-13,E099,13,east,14.07,11.52,complex,1,10.94,9.4,0.917,54.28,0,53.83,5
R099-14,E099,14,east,29.44,11.0,standard,0,10.94,9.44,0.819,72.92,0,72.81,4
R099-15,E099,15,east,7.64,1.16,complex,0,10.94,1.34,0.882,38.1,0,37.26,4
R099-16,E099,16,east,22.08,14.53,standard,0,10.94,11.95,0.841,65.66,1,65.81,2
R099-17,E099,17,east,12.16,6.23,complex,1,10.94,5.75,0.548,46.02,0,46.12,3
R099-18,E099,18,east,16.95,9.99,complex,0,10.94,9.17,0.899,57.28,1,56.46,3
R099-19,E099,19,east,9.62,10.58,standard,0,10.94,8.42,0.372,43.09,0,42.9,5
R099-20,E099,20,east,23.16,13.98,complex,0,10.94,12.52,0.845,66.29,0,66.48,5
R099-21,E099,21,east,13.44,9.96,complex,0,10.94,7.07,0.668,51.67,0,51.24,4
R099-22,E099,22,east,19.42,13.17,complex,1,10.94,11.8,0.41,63.39,1,62.87,2
R099-23,E099,23,east,10.81,9.47,standard,0,10.94,8.69,,36.31,0,36.72,5
R100-00,E100,0,west,14.41,16.28,complex,1,14.58,13.28,0.409,64.0,0,64.56,3
R100-01,E100,1,west,8.38,11.18,standard,0,14.58,10.15,0.653,38.33,0,38.66,3
R100-02,E100,2,west,15.28,11.32,standard,0,14.58,9.15,0.82,40.08,0,40.63,5
R100-03,E100,3,west,13.08,12.92,standard,2,14.58,11.18,0.714,45.56,0,45.3,3
R100-04,E100,4,west,19.06,13.9,standard,0,14.58,11.65,0.395,57.67,0,57.62,5
R100-05,E100,5,west,12.69,9.92,complex,0,14.58,8.51,0.729,57.51,0,57.61,3
R100-06,E100,6,west,15.52,14.12,standard,0,14.58,11.9,0.332,44.97,0,45.22,3
R100-07,E100,7,west,15.92,18.21,standard,2,14.58,14.82,0.303,60.35,0,59.84,3
R100-08,E100,8,west,20.25,10.39,standard,0,14.58,7.77,0.885,53.35,0,52.83,4
R100-09,E100,9,west,22.09,16.78,standard,0,14.58,13.68,0.443,50.38,1,50.19,2
R100-10,E100,10,west,23.9,14.58,standard,1,14.58,11.43,0.398,66.04,1,65.51,3
R100-11,E100,11,west,26.27,11.8,standard,1,14.58,8.72,0.558,60.41,1,60.24,2
R100-12,E100,12,west,17.4,12.69,standard,0,14.58,11.37,0.509,53.58,0,53.59,4
R100-13,E100,13,west,14.47,12.87,standard,3,14.58,10.99,0.935,45.29,1,44.62,3
R100-14,E100,14,west,24.35,14.99,standard,0,14.58,13.21,0.508,72.96,0,73.1,5
R100-15,E100,15,west,10.0,11.66,standard,2,14.58,10.28,0.708,43.24,0,43.02,4
R100-16,E100,16,west,17.55,14.55,standard,1,14.58,11.08,0.526,59.02,0,59.76,4
R100-17,E100,17,west,23.12,17.47,standard,0,14.58,15.95,0.89,65.02,0,65.15,4
R100-18,E100,18,west,20.48,14.95,standard,2,14.58,11.65,0.871,62.56,0,62.83,5
R100-19,E100,19,west,25.45,13.45,complex,0,14.58,11.41,0.542,72.94,0,72.25,5
R100-20,E100,20,west,32.59,14.84,complex,0,14.58,12.46,0.556,107.81,1,107.88,2
R100-21,E100,21,west,21.78,9.31,standard,0,14.58,6.59,0.864,47.09,0,46.83,3
R100-22,E100,22,west,18.36,11.54,complex,1,14.58,9.45,0.806,64.68,1,65.11,2
R100-23,E100,23,west,18.0,13.22,complex,2,14.58,10.1,0.721,63.32,1,63.36,4
R101-00,E101,0,north,10.54,10.63,complex,0,14.19,9.51,0.729,54.11,0,54.68,3
R101-01,E101,1,north,17.08,11.61,standard,0,14.19,10.6,0.66,47.28,0,47.54,4
R101-02,E101,2,north,18.24,12.64,complex,0,14.19,11.01,0.877,55.47,0,55.95,3
R101-03,E101,3,north,25.06,14.48,standard,1,14.19,12.15,0.516,69.93,0,69.48,3
R101-04,E101,4,north,7.04,9.05,complex,0,14.19,9.04,0.695,48.46,0,48.97,5
R101-05,E101,5,north,15.78,13.34,standard,2,14.19,10.97,0.669,69.16,0,68.63,3
R101-06,E101,6,north,17.06,11.58,complex,0,14.19,9.46,0.514,62.74,0,62.06,5
R101-07,E101,7,north,15.92,8.86,standard,0,14.19,7.68,0.639,47.49,0,46.66,4
R101-08,E101,8,north,9.6,14.39,standard,1,14.19,11.98,0.611,43.89,0,42.87,4
R101-09,E101,9,north,14.58,9.34,standard,1,14.19,8.67,0.769,43.68,0,44.72,5
R101-10,E101,10,north,19.94,14.16,standard,0,14.19,11.29,0.786,62.43,0,62.36,4
R101-11,E101,11,north,10.27,7.38,complex,2,14.19,8.08,0.839,46.32,0,46.73,4
R101-12,E101,12,north,7.3,10.73,complex,1,14.19,9.13,0.647,50.53,0,50.86,4
R101-13,E101,13,north,20.43,13.18,complex,0,14.19,10.47,0.741,68.1,0,67.83,5
R101-14,E101,14,north,17.41,11.33,standard,1,14.19,8.57,0.621,49.99,0,50.29,3
R101-15,E101,15,north,17.16,12.49,standard,0,14.19,11.44,0.801,62.43,0,62.54,3
R101-16,E101,16,north,18.35,9.85,standard,0,14.19,7.21,0.8,46.65,0,47.12,5
R101-17,E101,17,north,15.51,13.24,standard,0,14.19,10.28,0.811,53.97,0,54.1,4
R101-18,E101,18,north,21.52,11.8,complex,0,14.19,10.9,0.82,59.68,0,60.19,5
R101-19,E101,19,north,20.51,16.66,standard,0,14.19,14.19,0.952,63.09,0,62.93,5
R101-20,E101,20,north,24.96,11.59,complex,2,14.19,9.65,0.434,77.57,0,77.21,4
R101-21,E101,21,north,19.05,15.81,complex,1,14.19,13.26,0.73,59.71,0,60.15,4
R101-22,E101,22,north,13.9,12.7,complex,0,14.19,9.98,0.311,54.66,1,53.53,4
R101-23,E101,23,north,18.54,11.23,standard,0,14.19,9.89,0.778,54.48,0,54.32,3
R102-00,E102,0,east,28.62,15.21,standard,1,5.62,13.27,0.478,80.26,0,79.76,4
R102-01,E102,1,east,12.49,12.43,standard,1,5.62,10.5,0.96,53.09,0,53.64,5
R102-02,E102,2,east,9.01,10.26,standard,0,5.62,9.92,0.75,44.86,0,45.72,5
R102-03,E102,3,east,12.71,12.71,complex,3,5.62,10.1,0.777,58.3,0,58.35,3
R102-04,E102,4,east,5.3,10.2,standard,0,5.62,8.96,0.893,45.44,0,45.3,4
R102-05,E102,5,east,6.11,6.24,standard,0,5.62,4.58,0.811,39.17,0,39.12,5
R102-06,E102,6,east,23.82,13.16,standard,0,5.62,11.66,0.489,75.24,0,76.51,4
R102-07,E102,7,east,13.44,11.29,standard,3,5.62,8.9,0.653,47.48,0,47.68,3
R102-08,E102,8,east,13.29,11.74,standard,0,5.62,9.69,0.382,42.31,0,42.36,4
R102-09,E102,9,east,17.83,13.71,standard,0,5.62,12.54,0.47,59.98,1,59.43,3
R102-10,E102,10,east,9.51,10.15,standard,5,5.62,9.52,0.732,41.13,1,41.97,4
R102-11,E102,11,east,10.34,9.72,complex,0,5.62,8.79,0.765,52.15,0,52.22,3
R102-12,E102,12,east,26.3,13.88,standard,0,5.62,11.06,0.343,70.32,0,70.58,4
R102-13,E102,13,east,16.22,12.28,standard,0,5.62,10.11,0.502,53.2,0,53.47,5
R102-14,E102,14,east,18.69,10.82,complex,1,5.62,9.33,0.685,63.09,0,62.96,5
R102-15,E102,15,east,18.15,10.26,complex,0,5.62,8.31,0.608,49.68,0,49.01,3
R102-16,E102,16,east,16.71,14.06,standard,0,5.62,11.94,0.855,51.02,0,51.29,5
R102-17,E102,17,east,17.89,11.93,complex,0,5.62,9.52,0.481,57.56,0,57.82,3
R102-18,E102,18,east,18.29,10.5,standard,0,5.62,9.06,0.864,45.72,0,45.27,5
R102-19,E102,19,east,18.46,12.96,standard,3,5.62,10.7,0.516,48.06,0,48.0,5
R102-20,E102,20,east,20.37,12.19,complex,2,5.62,10.16,0.471,72.87,0,73.25,3
R102-21,E102,21,east,22.2,11.94,standard,0,5.62,10.36,,62.98,0,63.1,5
R102-22,E102,22,east,7.9,12.99,standard,4,5.62,9.84,0.311,49.24,0,50.01,5
R102-23,E102,23,east,26.72,14.5,standard,1,5.62,11.65,,63.09,0,63.73,3
R103-00,E103,0,west,13.83,11.93,complex,0,2.47,10.34,0.888,55.49,1,55.53,3
R103-01,E103,1,west,19.65,13.94,standard,0,2.47,12.26,0.602,74.86,0,75.62,4
R103-02,E103,2,west,18.94,10.18,standard,0,2.47,9.28,0.485,47.77,0,48.22,4
R103-03,E103,3,west,17.58,12.9,complex,0,2.47,11.95,0.861,58.52,0,58.6,5
R103-04,E103,4,west,13.22,13.13,standard,2,2.47,10.66,0.436,59.72,0,60.08,4
R103-05,E103,5,west,15.6,12.5,complex,1,2.47,10.47,0.502,62.68,0,61.81,3
R103-06,E103,6,west,13.82,12.02,standard,0,2.47,10.51,0.999,49.38,0,48.85,4
R103-07,E103,7,west,16.86,9.62,standard,0,2.47,7.8,0.855,53.56,0,53.56,3
R103-08,E103,8,west,21.88,14.08,standard,0,2.47,11.57,0.689,75.68,0,76.02,5
R103-09,E103,9,west,14.32,12.51,standard,1,2.47,10.68,0.525,47.49,0,47.7,4
R103-10,E103,10,west,20.53,14.88,standard,0,2.47,12.61,0.704,64.85,0,65.2,5
R103-11,E103,11,west,19.69,12.22,standard,0,2.47,10.73,0.576,53.93,0,53.65,4
R103-12,E103,12,west,20.57,12.15,standard,1,2.47,9.5,0.354,63.23,0,61.67,3
R103-13,E103,13,west,22.7,12.75,complex,0,2.47,10.8,0.918,72.36,0,72.88,4
R103-14,E103,14,west,29.81,17.11,standard,1,2.47,14.9,0.974,78.47,0,78.99,5
R103-15,E103,15,west,21.31,14.77,complex,0,2.47,12.37,0.792,74.2,0,74.58,3
R103-16,E103,16,west,23.86,11.95,complex,3,2.47,10.69,0.919,75.97,0,76.18,3
R103-17,E103,17,west,23.01,16.08,standard,1,2.47,13.83,0.445,71.33,0,70.89,5
R103-18,E103,18,west,20.72,15.8,standard,0,2.47,13.87,0.653,60.22,0,59.7,5
R103-19,E103,19,west,23.18,17.6,standard,1,2.47,14.63,0.924,65.68,0,64.79,3
R103-20,E103,20,west,18.14,10.85,standard,0,2.47,10.17,0.362,47.45,0,46.54,4
R103-21,E103,21,west,16.64,14.33,complex,1,2.47,13.44,0.603,69.55,0,69.21,5
R103-22,E103,22,west,21.72,13.97,complex,2,2.47,12.02,,71.71,0,72.43,3
R103-23,E103,23,west,23.44,11.23,complex,0,2.47,9.19,,65.95,0,65.96,5
R104-00,E104,0,north,15.38,11.1,complex,3,3.57,10.49,0.426,62.19,0,62.39,5
R104-01,E104,1,north,10.81,11.72,standard,1,3.57,10.44,0.823,49.5,0,50.03,4
R104-02,E104,2,north,24.06,13.49,standard,0,3.57,11.27,0.97,62.25,0,62.2,3
R104-03,E104,3,north,12.61,12.93,standard,0,3.57,11.12,0.701,50.83,0,49.98,5
R104-04,E104,4,north,16.48,13.04,standard,0,3.57,10.79,0.95,45.15,0,46.01,3
R104-05,E104,5,north,19.63,14.79,standard,3,3.57,11.87,0.751,55.61,0,56.2,5
R104-06,E104,6,north,9.59,12.89,standard,0,3.57,10.9,0.767,46.66,0,46.27,3
R104-07,E104,7,north,16.3,11.35,standard,0,3.57,9.0,0.343,45.4,0,46.1,4
R104-08,E104,8,north,19.45,14.34,complex,1,3.57,12.61,0.339,62.61,0,61.62,4
R104-09,E104,9,north,24.24,13.95,complex,1,3.57,11.6,0.44,72.78,0,72.53,5
R104-10,E104,10,north,15.09,11.93,complex,0,3.57,9.01,0.775,48.77,0,48.88,5
R104-11,E104,11,north,14.77,13.19,standard,3,3.57,11.99,0.744,38.34,0,38.37,5
R104-12,E104,12,north,18.96,10.91,complex,0,3.57,8.97,0.883,49.93,0,50.25,3
R104-13,E104,13,north,18.22,11.42,complex,0,3.57,8.58,0.641,55.67,0,54.66,3
R104-14,E104,14,north,20.88,12.37,complex,0,3.57,10.68,0.489,57.36,0,57.36,3
R104-15,E104,15,north,20.39,12.84,standard,0,3.57,9.63,0.664,49.52,0,49.63,4
R104-16,E104,16,north,6.16,11.58,complex,2,3.57,9.55,0.811,52.88,0,53.96,4
R104-17,E104,17,north,24.47,16.68,standard,0,3.57,15.11,0.895,64.85,0,64.35,3
R104-18,E104,18,north,13.54,10.66,standard,0,3.57,9.65,0.816,40.98,0,40.95,4
R104-19,E104,19,north,20.37,14.85,complex,0,3.57,12.18,0.715,61.94,0,62.71,3
R104-20,E104,20,north,19.56,14.0,complex,0,3.57,12.45,0.761,76.4,0,76.76,5
R104-21,E104,21,north,20.5,14.66,standard,0,3.57,12.15,0.55,64.21,0,63.4,3
R104-22,E104,22,north,8.97,6.29,complex,0,3.57,5.7,,37.93,0,37.44,3
R104-23,E104,23,north,19.23,17.88,complex,0,3.57,15.74,0.796,70.87,0,70.32,5
R105-00,E105,0,east,8.09,8.7,complex,1,3.19,7.29,0.818,46.57,1,45.96,4
R105-01,E105,1,east,24.31,14.63,standard,0,3.19,12.47,0.836,63.68,0,64.65,5
R105-02,E105,2,east,17.04,12.04,complex,0,3.19,9.13,0.938,74.15,1,73.82,3
R105-03,E105,3,east,14.78,12.74,standard,0,3.19,10.45,0.837,51.12,0,51.31,3
R105-04,E105,4,east,13.51,12.11,standard,1,3.19,10.42,0.492,48.06,0,47.2,4
R105-05,E105,5,east,7.66,10.3,standard,0,3.19,9.51,0.587,42.99,0,42.98,5
R105-06,E105,6,east,13.65,12.53,complex,2,3.19,9.81,0.553,67.52,0,66.94,5
R105-07,E105,7,east,13.35,8.99,complex,0,3.19,6.71,0.521,55.98,0,55.93,5
R105-08,E105,8,east,17.59,12.14,standard,0,3.19,10.64,0.762,65.0,0,64.57,5
R105-09,E105,9,east,19.64,12.0,standard,0,3.19,10.26,0.796,64.38,0,64.4,3
R105-10,E105,10,east,14.81,9.54,standard,0,3.19,9.48,0.524,39.28,0,39.17,3
R105-11,E105,11,east,21.22,10.12,standard,0,3.19,7.32,0.704,63.98,0,63.49,3
R105-12,E105,12,east,15.73,12.69,complex,0,3.19,11.15,0.737,57.68,1,58.03,3
R105-13,E105,13,east,14.91,11.54,complex,1,3.19,9.34,0.407,55.0,0,55.4,4
R105-14,E105,14,east,15.01,9.24,complex,0,3.19,7.86,0.506,65.12,0,65.0,4
R105-15,E105,15,east,27.82,17.86,complex,0,3.19,14.66,0.568,101.74,0,102.15,4
R105-16,E105,16,east,16.45,12.63,complex,0,3.19,10.37,0.602,56.88,0,56.91,5
R105-17,E105,17,east,20.78,13.47,standard,0,3.19,11.32,0.882,71.73,0,71.5,5
R105-18,E105,18,east,12.35,11.79,standard,0,3.19,9.37,0.887,49.52,0,49.2,4
R105-19,E105,19,east,16.93,14.44,complex,0,3.19,11.75,0.752,66.01,0,65.18,5
R105-20,E105,20,east,26.66,15.32,complex,0,3.19,13.91,0.522,96.89,1,96.93,4
R105-21,E105,21,east,16.42,13.12,standard,0,3.19,10.84,0.978,60.41,0,60.76,5
R105-22,E105,22,east,14.95,9.96,complex,0,3.19,9.08,0.884,50.68,0,50.65,4
R105-23,E105,23,east,21.05,16.56,standard,0,3.19,13.62,0.931,74.23,0,74.39,3
R106-00,E106,0,west,16.45,13.18,standard,0,11.66,11.93,0.866,44.24,0,44.42,4
R106-01,E106,1,west,12.62,11.77,standard,1,11.66,10.33,0.784,44.2,0,44.25,5
R106-02,E106,2,west,19.88,14.55,complex,1,11.66,11.7,0.726,66.16,1,66.51,4
R106-03,E106,3,west,22.65,12.32,complex,1,11.66,11.29,0.77,66.47,1,66.82,3
R106-04,E106,4,west,24.66,14.06,complex,0,11.66,12.78,0.744,67.22,0,66.96,4
R106-05,E106,5,west,22.72,12.66,complex,0,11.66,11.37,0.746,72.91,0,72.31,3
R106-06,E106,6,west,13.88,14.91,standard,0,11.66,12.38,0.577,58.37,0,57.81,3
R106-07,E106,7,west,18.89,11.67,standard,0,11.66,10.47,0.983,52.96,1,52.15,2
R106-08,E106,8,west,15.45,10.82,standard,0,11.66,9.69,0.996,40.21,0,40.0,5
R106-09,E106,9,west,15.75,9.16,standard,0,11.66,7.95,0.571,49.09,1,49.15,2
R106-10,E106,10,west,16.19,10.22,complex,0,11.66,8.24,0.517,55.93,0,55.6,4
R106-11,E106,11,west,18.93,13.49,standard,0,11.66,10.29,0.516,51.34,1,51.06,2
R106-12,E106,12,west,20.5,12.62,complex,2,11.66,10.33,0.392,73.2,1,72.73,3
R106-13,E106,13,west,22.16,14.42,complex,0,11.66,11.75,0.441,65.19,0,64.54,4
R106-14,E106,14,west,21.82,10.73,standard,0,11.66,9.56,0.73,55.24,0,55.31,3
R106-15,E106,15,west,19.24,12.52,complex,0,11.66,10.33,0.371,63.6,1,63.68,2
R106-16,E106,16,west,20.2,14.12,standard,0,11.66,11.75,0.581,64.49,0,64.6,5
R106-17,E106,17,west,23.08,19.43,complex,1,11.66,16.0,0.827,89.34,1,89.1,2
R106-18,E106,18,west,20.83,12.78,standard,1,11.66,9.06,0.734,41.28,1,41.04,2
R106-19,E106,19,west,22.88,15.34,complex,0,11.66,13.68,0.879,74.46,0,74.64,3
R106-20,E106,20,west,26.26,16.16,standard,0,11.66,12.97,0.842,72.74,1,73.68,4
R106-21,E106,21,west,20.32,11.79,standard,0,11.66,11.45,0.799,45.03,1,43.98,2
R106-22,E106,22,west,24.08,13.72,complex,0,11.66,11.86,,80.11,0,80.01,3
R106-23,E106,23,west,20.65,15.25,complex,0,11.66,13.27,0.645,65.86,0,66.63,3
R107-00,E107,0,north,13.44,10.18,standard,0,8.8,9.01,0.343,46.02,0,46.83,5
R107-01,E107,1,north,31.4,15.08,standard,0,8.8,13.69,0.714,101.28,0,101.9,5
R107-02,E107,2,north,11.64,12.25,standard,0,8.8,10.25,0.978,49.75,0,50.85,4
R107-03,E107,3,north,18.13,13.0,standard,0,8.8,10.98,0.381,59.9,0,60.39,5
R107-04,E107,4,north,22.85,16.68,standard,0,8.8,12.89,0.441,69.46,0,69.54,4
R107-05,E107,5,north,16.33,17.37,complex,0,8.8,13.74,0.727,68.07,0,67.86,3
R107-06,E107,6,north,13.1,9.7,complex,0,8.8,7.24,0.721,52.35,0,52.36,4
R107-07,E107,7,north,8.6,8.29,standard,0,8.8,7.55,0.852,36.12,1,36.84,2
R107-08,E107,8,north,7.3,11.7,standard,1,8.8,9.84,0.321,49.99,0,49.7,4
R107-09,E107,9,north,14.18,11.51,standard,1,8.8,10.38,0.467,45.78,1,45.15,2
R107-10,E107,10,north,23.46,16.84,standard,2,8.8,14.75,0.956,71.27,1,70.38,2
R107-11,E107,11,north,19.19,13.89,standard,1,8.8,11.35,0.842,39.97,0,40.09,5
R107-12,E107,12,north,24.3,13.05,complex,1,8.8,10.93,0.81,71.86,0,73.16,3
R107-13,E107,13,north,16.41,11.22,standard,0,8.8,11.32,0.645,53.39,0,53.56,4
R107-14,E107,14,north,22.86,11.9,complex,0,8.8,10.25,0.799,67.28,0,66.99,4
R107-15,E107,15,north,18.19,11.5,standard,0,8.8,9.79,0.682,39.78,0,40.66,3
R107-16,E107,16,north,14.17,14.15,standard,0,8.8,12.67,0.523,50.86,0,50.91,5
R107-17,E107,17,north,14.74,10.99,complex,0,8.8,8.22,0.707,61.75,1,61.87,4
R107-18,E107,18,north,23.22,15.56,standard,0,8.8,13.7,0.7,67.57,0,67.31,5
R107-19,E107,19,north,26.86,17.28,complex,0,8.8,15.21,0.604,79.0,1,77.96,2
R107-20,E107,20,north,12.93,11.56,standard,0,8.8,9.48,0.763,51.71,0,52.22,3
R107-21,E107,21,north,23.79,14.35,standard,1,8.8,13.27,0.857,67.96,0,67.65,4
R107-22,E107,22,north,23.16,13.81,complex,0,8.8,10.8,,61.61,0,61.27,5
R107-23,E107,23,north,17.67,8.7,standard,0,8.8,6.99,0.961,46.79,1,46.93,2
R108-00,E108,0,east,17.79,12.27,standard,0,4.97,10.05,0.613,45.56,0,45.52,5
R108-01,E108,1,east,11.69,14.34,standard,0,4.97,11.99,0.894,48.68,0,47.75,3
R108-02,E108,2,east,14.79,14.57,standard,0,4.97,12.12,0.371,52.48,0,52.68,4
R108-03,E108,3,east,8.31,10.09,standard,0,4.97,8.39,0.561,32.15,0,31.28,4
R108-04,E108,4,east,14.97,12.5,standard,0,4.97,10.48,0.332,55.38,0,54.81,5
R108-05,E108,5,east,11.1,8.03,complex,2,4.97,7.69,0.434,40.05,0,40.9,5
R108-06,E108,6,east,15.3,15.3,standard,2,4.97,12.88,0.329,58.12,0,57.6,4
R108-07,E108,7,east,20.85,10.18,complex,0,4.97,8.77,0.922,58.89,0,58.77,3
R108-08,E108,8,east,17.25,15.12,standard,3,4.97,13.51,0.972,47.16,0,46.92,5
R108-09,E108,9,east,3.53,6.93,standard,0,4.97,4.89,0.882,34.72,0,34.51,4
R108-10,E108,10,east,24.58,15.17,standard,0,4.97,13.28,0.925,71.2,0,71.37,5
R108-11,E108,11,east,27.97,17.69,complex,0,4.97,15.21,0.578,84.65,0,83.67,5
R108-12,E108,12,east,19.24,11.99,standard,3,4.97,9.64,0.463,43.36,0,43.01,3
R108-13,E108,13,east,7.16,9.46,standard,2,4.97,8.52,0.727,33.66,0,33.64,5
R108-14,E108,14,east,17.53,12.32,complex,1,4.97,10.36,0.847,58.21,1,58.19,4
R108-15,E108,15,east,24.43,17.82,complex,0,4.97,13.77,0.58,76.12,1,76.03,4
R108-16,E108,16,east,15.51,10.48,standard,0,4.97,8.39,0.453,42.48,1,42.24,2
R108-17,E108,17,east,26.09,17.74,complex,1,4.97,14.65,0.394,83.01,1,82.69,3
R108-18,E108,18,east,18.54,9.51,standard,0,4.97,8.6,0.507,43.88,0,44.16,4
R108-19,E108,19,east,21.15,14.55,standard,2,4.97,13.33,0.778,59.79,1,59.43,3
R108-20,E108,20,east,22.82,9.97,complex,0,4.97,9.02,0.808,66.97,1,66.97,3
R108-21,E108,21,east,13.98,10.6,standard,0,4.97,8.24,0.932,48.7,0,48.5,5
R108-22,E108,22,east,21.27,7.9,complex,0,4.97,7.36,0.787,47.49,0,47.13,5
R108-23,E108,23,east,12.5,10.45,standard,0,4.97,8.99,0.389,45.88,0,46.22,3
R109-00,E109,0,west,22.75,14.46,complex,0,9.55,11.6,0.725,73.47,1,72.94,2
R109-01,E109,1,west,16.33,14.37,standard,0,9.55,12.32,0.47,57.44,1,57.1,2
R109-02,E109,2,west,20.65,15.41,complex,0,9.55,13.19,0.87,69.36,1,69.73,4
R109-03,E109,3,west,10.01,12.67,standard,0,9.55,10.4,0.492,52.23,0,52.13,5
R109-04,E109,4,west,13.03,9.97,standard,0,9.55,9.02,0.975,37.72,0,37.44,4
R109-05,E109,5,west,21.97,14.75,standard,0,9.55,12.75,0.337,54.94,1,53.72,4
R109-06,E109,6,west,19.97,11.41,standard,0,9.55,9.66,0.709,55.7,0,56.26,3
R109-07,E109,7,west,14.45,13.42,standard,0,9.55,11.28,0.857,52.99,0,52.64,5
R109-08,E109,8,west,14.32,9.97,standard,1,9.55,8.63,0.813,46.88,1,46.52,2
R109-09,E109,9,west,18.44,9.35,standard,1,9.55,8.0,0.433,62.87,0,62.9,4
R109-10,E109,10,west,19.96,14.59,complex,0,9.55,12.69,0.303,71.28,0,71.41,3
R109-11,E109,11,west,17.25,11.04,standard,0,9.55,8.38,0.733,56.07,1,56.48,3
R109-12,E109,12,west,11.41,14.56,standard,0,9.55,11.61,0.938,48.16,0,47.13,5
R109-13,E109,13,west,16.38,12.05,standard,3,9.55,10.4,0.726,54.97,0,54.42,5
R109-14,E109,14,west,22.19,12.85,standard,0,9.55,10.42,0.493,55.04,0,55.54,3
R109-15,E109,15,west,31.57,16.16,standard,3,9.55,13.74,0.924,89.29,1,90.02,4
R109-16,E109,16,west,15.79,11.8,standard,0,9.55,9.28,0.493,45.72,0,46.08,3
R109-17,E109,17,west,27.26,15.55,complex,1,9.55,13.01,0.954,77.53,1,78.14,3
R109-18,E109,18,west,18.31,10.87,standard,0,9.55,8.83,0.42,53.31,1,53.31,4
R109-19,E109,19,west,14.49,17.85,standard,0,9.55,14.82,0.308,63.74,1,63.64,3
R109-20,E109,20,west,27.21,17.17,standard,0,9.55,14.92,,75.63,0,75.73,4
R109-21,E109,21,west,25.93,10.58,complex,0,9.55,8.78,,72.92,0,72.5,4
R109-22,E109,22,west,19.52,7.5,standard,1,9.55,6.54,0.854,46.35,0,45.7,3
R109-23,E109,23,west,13.44,13.01,standard,0,9.55,11.64,0.884,53.34,1,53.55,4
R110-00,E110,0,north,17.4,13.38,complex,0,10.76,10.77,0.64,59.89,0,59.11,5
R110-01,E110,1,north,20.24,14.45,complex,1,10.76,13.23,0.359,75.27,0,75.33,4
R110-02,E110,2,north,5.26,13.93,complex,0,10.76,12.18,0.996,62.68,1,63.68,2
R110-03,E110,3,north,15.22,11.3,standard,3,10.76,9.36,0.63,50.33,1,50.27,3
R110-04,E110,4,north,16.3,9.22,standard,1,10.76,7.46,0.32,52.42,0,52.06,3
R110-05,E110,5,north,21.85,14.99,standard,0,10.76,13.44,0.501,62.71,0,61.91,3
R110-06,E110,6,north,12.36,11.9,complex,1,10.76,11.19,0.437,56.1,0,56.15,4
R110-07,E110,7,north,10.85,7.86,complex,0,10.76,6.96,0.727,49.32,0,49.89,3
R110-08,E110,8,north,16.57,10.55,standard,0,10.76,9.49,0.807,51.42,0,51.28,4
R110-09,E110,9,north,24.63,13.9,complex,0,10.76,11.85,0.733,77.52,0,77.04,3
R110-10,E110,10,north,16.94,14.12,standard,0,10.76,11.51,0.91,65.25,0,64.23,5
R110-11,E110,11,north,17.1,14.25,standard,0,10.76,11.75,0.371,55.13,0,54.63,5
R110-12,E110,12,north,18.66,15.11,complex,0,10.76,13.28,0.724,80.6,0,80.5,4
R110-13,E110,13,north,6.13,11.69,standard,1,10.76,8.92,0.32,45.12,0,46.21,3
R110-14,E110,14,north,21.0,13.88,standard,0,10.76,11.3,0.596,57.27,0,56.99,3
R110-15,E110,15,north,9.75,11.08,standard,1,10.76,9.97,0.553,51.73,0,51.7,3
R110-16,E110,16,north,21.56,17.24,complex,0,10.76,15.95,0.606,80.64,0,80.16,3
R110-17,E110,17,north,23.2,12.85,standard,1,10.76,11.74,0.653,67.99,0,68.56,4
R110-18,E110,18,north,12.36,13.03,standard,0,10.76,10.88,0.949,57.97,0,56.74,5
R110-19,E110,19,north,20.26,13.71,standard,0,10.76,11.97,0.944,61.89,0,61.74,4
R110-20,E110,20,north,23.98,15.26,standard,0,10.76,12.98,0.664,59.22,0,59.74,3
R110-21,E110,21,north,22.02,15.75,standard,2,10.76,12.98,0.483,66.8,1,66.44,2
R110-22,E110,22,north,10.73,7.19,standard,1,10.76,5.96,0.347,40.13,0,40.21,4
R110-23,E110,23,north,16.68,11.95,standard,5,10.76,9.84,0.691,44.9,0,44.29,5
R111-00,E111,0,east,5.26,11.5,standard,0,2.59,9.1,0.406,46.47,0,46.76,5
R111-01,E111,1,east,24.52,16.0,standard,0,2.59,12.35,0.967,71.36,0,72.16,5
R111-02,E111,2,east,12.17,11.49,standard,0,2.59,9.98,0.97,47.31,0,47.49,5
R111-03,E111,3,east,15.05,13.34,standard,5,2.59,12.04,0.88,56.1,1,56.33,4
R111-04,E111,4,east,8.94,13.02,complex,0,2.59,11.81,0.736,54.41,1,53.77,2
R111-05,E111,5,east,18.94,10.97,standard,1,2.59,8.45,0.796,52.53,0,52.03,4
R111-06,E111,6,east,14.07,9.21,complex,0,2.59,7.3,0.989,54.43,0,53.7,4
R111-07,E111,7,east,23.16,12.23,complex,0,2.59,10.62,0.501,71.6,0,71.23,4
R111-08,E111,8,east,23.03,10.98,standard,0,2.59,9.87,0.456,53.89,0,54.28,3
R111-09,E111,9,east,9.67,14.75,complex,1,2.59,13.6,0.381,41.72,0,41.45,3
R111-10,E111,10,east,13.83,7.62,standard,1,2.59,6.57,0.678,38.35,1,38.42,3
R111-11,E111,11,east,19.08,11.49,complex,2,2.59,9.8,0.891,63.13,1,64.14,3
R111-12,E111,12,east,13.05,10.3,standard,2,2.59,8.25,0.971,44.28,0,43.92,5
R111-13,E111,13,east,17.55,13.51,complex,0,2.59,12.06,0.743,57.3,0,57.16,3
R111-14,E111,14,east,14.86,11.52,standard,0,2.59,9.48,0.551,46.5,0,46.42,5
R111-15,E111,15,east,9.39,10.45,standard,0,2.59,8.8,0.716,34.74,0,34.85,3
R111-16,E111,16,east,11.9,12.11,standard,0,2.59,10.95,0.628,44.9,0,44.03,5
R111-17,E111,17,east,20.01,15.72,complex,1,2.59,12.87,0.814,69.21,0,70.26,5
R111-18,E111,18,east,23.87,13.78,standard,0,2.59,11.14,0.937,67.04,1,67.58,4
R111-19,E111,19,east,14.88,10.48,standard,2,2.59,9.41,0.595,53.56,0,53.47,3
R111-20,E111,20,east,19.82,10.88,complex,0,2.59,10.04,0.651,49.18,1,49.0,4
R111-21,E111,21,east,12.66,11.99,standard,0,2.59,9.87,0.668,39.45,0,39.57,5
R111-22,E111,22,east,19.53,12.01,complex,0,2.59,11.24,0.722,54.57,1,54.25,3
R111-23,E111,23,east,16.17,12.55,complex,0,2.59,11.25,0.947,56.59,0,56.72,3
R112-00,E112,0,west,15.63,11.31,standard,1,3.27,9.53,0.415,48.31,0,47.92,5
R112-01,E112,1,west,19.29,15.11,standard,1,3.27,12.54,0.999,66.63,1,67.4,4
R112-02,E112,2,west,24.37,15.17,standard,0,3.27,13.95,0.626,77.12,0,77.18,5
R112-03,E112,3,west,19.72,12.27,standard,1,3.27,10.52,0.39,56.88,1,56.7,2
R112-04,E112,4,west,17.7,11.44,standard,0,3.27,9.51,0.931,42.66,1,42.48,2
R112-05,E112,5,west,15.53,13.55,standard,0,3.27,11.81,0.362,53.1,0,52.83,5
R112-06,E112,6,west,21.53,11.98,standard,1,3.27,10.42,0.628,48.7,1,49.49,3
R112-07,E112,7,west,17.71,9.94,complex,0,3.27,10.13,0.572,47.91,0,48.0,4
R112-08,E112,8,west,15.17,10.93,standard,0,3.27,9.74,0.515,46.72,0,45.98,3
R112-09,E112,9,west,13.17,9.96,complex,4,3.27,8.57,0.453,50.7,0,50.76,5
R112-10,E112,10,west,18.6,13.22,standard,0,3.27,10.99,0.892,61.74,0,62.4,5
R112-11,E112,11,west,20.27,10.44,standard,0,3.27,8.87,0.912,56.57,0,57.09,4
R112-12,E112,12,west,21.66,14.15,standard,4,3.27,12.38,0.731,66.8,0,67.62,5
R112-13,E112,13,west,26.89,15.1,complex,2,3.27,13.43,0.831,85.27,0,84.99,5
R112-14,E112,14,west,8.11,9.21,standard,1,3.27,6.69,0.459,37.81,0,37.04,4
R112-15,E112,15,west,14.96,14.48,standard,2,3.27,12.57,0.986,60.06,1,60.04,4
R112-16,E112,16,west,22.9,15.68,standard,0,3.27,13.81,0.383,57.71,0,57.56,5
R112-17,E112,17,west,28.43,12.73,complex,1,3.27,10.78,0.853,94.04,0,93.4,5
R112-18,E112,18,west,22.19,17.58,standard,1,3.27,14.36,0.693,68.38,0,68.46,3
R112-19,E112,19,west,22.83,14.04,standard,1,3.27,11.82,0.565,52.46,1,52.36,4
R112-20,E112,20,west,24.78,13.49,standard,1,3.27,10.3,0.908,53.37,0,53.22,4
R112-21,E112,21,west,19.59,14.36,complex,0,3.27,12.45,0.522,78.11,1,78.32,4
R112-22,E112,22,west,19.89,12.87,standard,0,3.27,11.63,0.614,51.2,1,51.7,2
R112-23,E112,23,west,26.88,15.58,complex,0,3.27,12.85,,88.1,1,87.57,4
R113-00,E113,0,north,22.03,13.55,standard,0,10.36,10.35,0.723,55.64,1,55.01,4
R113-01,E113,1,north,14.12,13.12,standard,0,10.36,11.24,0.986,42.49,0,42.56,3
R113-02,E113,2,north,7.83,12.24,standard,0,10.36,9.82,0.377,42.57,0,43.57,4
R113-03,E113,3,north,13.35,11.23,standard,1,10.36,9.73,0.428,42.61,0,42.63,3
R113-04,E113,4,north,10.28,15.41,standard,0,10.36,12.63,0.683,55.21,0,54.97,3
R113-05,E113,5,north,15.0,10.26,standard,1,10.36,9.12,0.537,38.02,0,38.54,4
R113-06,E113,6,north,21.99,12.76,standard,0,10.36,10.94,0.323,55.36,1,55.6,2
R113-07,E113,7,north,16.75,12.48,complex,1,10.36,9.94,0.389,58.37,0,58.14,5
R113-08,E113,8,north,20.74,16.74,standard,0,10.36,13.58,0.382,66.03,0,66.05,5
R113-09,E113,9,north,14.68,12.97,standard,0,10.36,10.44,0.477,53.2,0,52.26,4
R113-10,E113,10,north,17.38,10.84,standard,2,10.36,9.08,0.38,49.8,0,50.12,5
R113-11,E113,11,north,11.61,9.96,standard,0,10.36,8.53,0.427,37.01,0,37.02,4
R113-12,E113,12,north,9.94,8.66,standard,0,10.36,7.93,0.927,38.49,1,38.66,2
R113-13,E113,13,north,14.4,13.35,standard,1,10.36,11.47,0.486,47.46,0,48.14,5
R113-14,E113,14,north,25.83,9.56,complex,1,10.36,8.82,0.544,74.83,0,74.84,5
R113-15,E113,15,north,19.67,13.76,standard,0,10.36,11.11,0.949,45.07,0,45.27,3
R113-16,E113,16,north,13.47,13.14,standard,0,10.36,11.79,0.393,49.27,0,50.44,3
R113-17,E113,17,north,14.26,7.87,standard,4,10.36,6.22,0.466,44.75,0,44.96,4
R113-18,E113,18,north,19.45,11.6,complex,0,10.36,8.94,0.376,65.54,1,65.47,4
R113-19,E113,19,north,17.78,12.18,standard,0,10.36,9.7,0.741,48.13,0,48.32,5
R113-20,E113,20,north,18.76,13.94,complex,0,10.36,11.67,0.73,61.32,1,61.83,4
R113-21,E113,21,north,15.41,11.17,complex,1,10.36,9.87,0.961,51.77,0,51.44,4
R113-22,E113,22,north,20.8,15.63,standard,0,10.36,13.35,0.791,59.72,0,59.57,5
R113-23,E113,23,north,11.37,10.72,complex,1,10.36,8.18,0.914,53.94,0,53.86,4
R114-00,E114,0,east,17.43,14.53,standard,5,8.32,12.7,0.309,55.63,1,55.49,2
R114-01,E114,1,east,14.79,15.24,standard,2,8.32,12.52,0.562,62.56,1,62.49,3
R114-02,E114,2,east,14.99,13.46,standard,1,8.32,11.01,0.517,45.73,0,44.88,3
R114-03,E114,3,east,4.36,9.47,standard,0,8.32,6.71,0.619,36.8,0,36.9,4
R114-04,E114,4,east,9.59,10.11,standard,0,8.32,7.91,0.434,40.78,0,41.81,3
R114-05,E114,5,east,16.73,9.35,standard,2,8.32,8.33,0.535,47.2,0,47.22,4
R114-06,E114,6,east,11.36,8.77,standard,1,8.32,7.98,0.531,39.66,0,39.89,4
R114-07,E114,7,east,17.21,14.59,complex,0,8.32,12.79,0.56,62.94,1,62.99,2
R114-08,E114,8,east,13.81,11.36,standard,1,8.32,9.87,0.842,39.08,0,38.63,3
R114-09,E114,9,east,11.29,12.78,complex,0,8.32,11.34,0.917,49.09,0,49.06,5
R114-10,E114,10,east,12.28,8.29,complex,1,8.32,7.45,0.904,47.09,0,46.75,3
R114-11,E114,11,east,21.06,15.25,standard,0,8.32,14.79,0.543,56.67,0,56.89,3
R114-12,E114,12,east,9.5,10.54,standard,0,8.32,7.52,0.453,47.81,0,48.17,3
R114-13,E114,13,east,21.73,13.16,standard,1,8.32,10.98,0.95,63.74,0,63.48,3
R114-14,E114,14,east,17.85,11.25,complex,0,8.32,9.12,0.421,64.06,0,63.34,5
R114-15,E114,15,east,14.85,6.9,standard,0,8.32,6.18,0.909,34.44,0,34.29,3
R114-16,E114,16,east,21.04,15.95,standard,0,8.32,12.95,0.808,57.96,0,57.21,3
R114-17,E114,17,east,14.58,8.93,standard,1,8.32,5.82,0.333,40.19,0,40.25,3
R114-18,E114,18,east,22.84,11.24,standard,0,8.32,10.58,0.8,51.24,0,50.98,4
R114-19,E114,19,east,24.56,13.88,standard,0,8.32,12.62,0.553,62.78,0,62.08,3
R114-20,E114,20,east,23.89,17.06,standard,1,8.32,13.44,0.973,51.09,0,50.17,4
R114-21,E114,21,east,20.29,10.95,standard,0,8.32,8.78,0.351,57.8,1,57.77,3
R114-22,E114,22,east,9.08,8.19,standard,0,8.32,8.04,0.683,32.6,0,32.19,4
R114-23,E114,23,east,12.39,10.45,complex,0,8.32,8.85,0.468,50.44,0,51.26,3
R115-00,E115,0,west,13.8,9.53,standard,0,12.65,7.36,0.771,41.93,0,42.5,5
R115-01,E115,1,west,13.07,15.55,standard,2,12.65,13.99,0.796,50.03,1,50.39,4
R115-02,E115,2,west,22.13,13.29,complex,1,12.65,12.13,0.981,64.24,1,64.17,4
R115-03,E115,3,west,18.39,16.19,complex,0,12.65,12.92,0.896,69.24,1,68.58,4
R115-04,E115,4,west,19.83,13.66,standard,3,12.65,11.19,0.734,54.45,1,54.82,2
R115-05,E115,5,west,19.45,13.89,complex,0,12.65,11.73,0.612,60.66,1,60.29,3
R115-06,E115,6,west,11.99,10.05,complex,1,12.65,9.39,0.35,42.17,0,41.72,4
R115-07,E115,7,west,18.85,10.63,standard,1,12.65,8.97,0.596,41.39,0,40.81,4
R115-08,E115,8,west,8.53,7.68,complex,1,12.65,6.72,0.367,37.45,0,37.59,3
R115-09,E115,9,west,16.18,13.22,complex,0,12.65,12.05,0.31,53.49,0,52.99,5
R115-10,E115,10,west,19.12,13.19,complex,0,12.65,11.35,0.692,52.48,1,51.6,2
R115-11,E115,11,west,14.83,11.29,complex,1,12.65,9.33,0.434,49.93,0,50.17,4
R115-12,E115,12,west,27.84,19.63,standard,0,12.65,16.19,0.625,71.67,1,71.33,4
R115-13,E115,13,west,19.44,14.94,standard,3,12.65,11.53,0.431,57.45,1,57.71,2
R115-14,E115,14,west,20.89,13.76,complex,0,12.65,12.26,0.845,68.74,0,68.61,5
R115-15,E115,15,west,23.14,12.38,standard,0,12.65,11.2,0.323,54.75,0,55.13,5
R115-16,E115,16,west,14.68,10.24,complex,0,12.65,8.6,0.683,53.12,1,52.65,2
R115-17,E115,17,west,19.16,14.69,standard,2,12.65,11.71,0.372,52.12,0,52.17,4
R115-18,E115,18,west,24.65,14.18,standard,1,12.65,11.6,0.892,60.41,1,60.04,3
R115-19,E115,19,west,25.97,15.5,complex,1,12.65,13.54,0.349,71.97,0,73.24,4
R115-20,E115,20,west,19.91,13.26,complex,0,12.65,11.96,0.562,58.23,1,57.93,2
R115-21,E115,21,west,22.77,11.89,standard,1,12.65,10.12,0.715,52.73,0,54.02,5
R115-22,E115,22,west,19.11,10.53,complex,0,12.65,8.77,0.711,62.49,1,62.31,2
R115-23,E115,23,west,24.14,16.59,complex,0,12.65,14.37,,64.53,1,64.25,3
R116-00,E116,0,north,14.04,15.75,standard,0,10.53,13.03,0.94,61.49,0,61.82,5
R116-01,E116,1,north,11.58,10.29,complex,0,10.53,7.67,0.67,50.35,0,50.07,3
R116-02,E116,2,north,7.88,9.76,standard,1,10.53,8.81,0.969,41.47,0,41.92,3
R116-03,E116,3,north,17.38,10.27,standard,1,10.53,8.67,0.379,57.08,0,57.65,5
R116-04,E116,4,north,6.47,10.83,standard,0,10.53,9.7,0.671,43.54,0,44.56,4
R116-05,E116,5,north,14.11,10.84,standard,3,10.53,10.07,0.497,51.99,0,52.34,4
R116-06,E116,6,north,19.41,11.5,complex,0,10.53,9.82,0.647,62.8,1,63.84,2
R116-07,E116,7,north,15.38,14.97,standard,0,10.53,11.33,0.653,61.12,0,60.49,3
R116-08,E116,8,north,23.2,13.75,standard,1,10.53,12.42,0.454,70.3,0,69.94,5
R116-09,E116,9,north,10.37,11.31,complex,0,10.53,10.5,0.971,57.31,0,57.66,3
R116-10,E116,10,north,16.86,12.72,standard,4,10.53,11.46,0.351,50.93,1,50.27,3
R116-11,E116,11,north,21.79,14.11,complex,3,10.53,11.31,0.41,72.09,1,71.3,4
R116-12,E116,12,north,21.9,10.47,complex,5,10.53,8.28,0.346,82.14,1,81.16,4
R116-13,E116,13,north,12.07,9.25,standard,0,10.53,8.81,0.934,39.13,0,39.31,4
R116-14,E116,14,north,9.14,8.47,complex,0,10.53,7.1,0.927,47.64,0,47.18,4
R116-15,E116,15,north,13.88,14.52,complex,0,10.53,12.26,0.9,62.16,0,62.86,3
R116-16,E116,16,north,22.41,13.77,standard,1,10.53,12.47,0.376,58.0,1,58.0,3
R116-17,E116,17,north,22.46,15.04,complex,0,10.53,13.42,0.876,79.5,0,79.13,3
R116-18,E116,18,north,24.01,15.76,complex,0,10.53,13.76,0.745,76.29,1,76.2,4
R116-19,E116,19,north,25.11,15.59,complex,0,10.53,14.11,0.564,87.12,0,87.67,4
R116-20,E116,20,north,24.77,11.68,complex,1,10.53,8.58,0.76,70.41,0,70.89,4
R116-21,E116,21,north,19.71,13.54,standard,2,10.53,11.71,0.651,53.62,0,53.42,4
R116-22,E116,22,north,15.98,12.01,complex,6,10.53,8.61,0.746,58.14,1,58.85,4
R116-23,E116,23,north,18.65,12.75,complex,1,10.53,12.31,0.787,69.38,0,69.29,4
R117-00,E117,0,east,18.93,13.63,standard,1,11.58,11.14,0.809,57.59,0,57.63,5
R117-01,E117,1,east,14.5,11.47,standard,0,11.58,8.83,0.56,46.89,0,46.29,5
R117-02,E117,2,east,6.32,6.69,standard,1,11.58,5.04,0.94,36.91,0,37.82,3
R117-03,E117,3,east,18.97,11.18,complex,0,11.58,10.6,0.38,49.09,0,49.11,4
R117-04,E117,4,east,11.87,8.68,standard,0,11.58,8.35,0.552,34.44,0,34.35,3
R117-05,E117,5,east,12.42,11.53,standard,0,11.58,9.51,0.922,31.08,0,31.45,5
R117-06,E117,6,east,8.51,12.22,standard,0,11.58,10.92,0.452,36.37,0,37.3,5
R117-07,E117,7,east,13.88,8.39,complex,0,11.58,7.5,0.481,47.39,0,46.92,4
R117-08,E117,8,east,14.14,12.31,standard,0,11.58,10.84,0.836,50.53,0,50.13,5
R117-09,E117,9,east,14.57,5.84,standard,1,11.58,4.84,0.517,36.83,0,36.75,5
R117-10,E117,10,east,21.69,10.2,standard,1,11.58,9.26,0.787,52.63,0,52.33,4
R117-11,E117,11,east,25.87,13.2,standard,0,11.58,10.85,0.32,63.25,0,63.4,3
R117-12,E117,12,east,12.25,11.79,standard,1,11.58,10.19,0.652,36.59,0,36.34,4
R117-13,E117,13,east,11.04,15.09,complex,0,11.58,12.74,0.652,58.81,1,58.24,2
R117-14,E117,14,east,15.97,13.04,standard,0,11.58,10.79,0.976,47.24,0,46.98,5
R117-15,E117,15,east,16.73,14.87,standard,0,11.58,12.59,0.405,57.19,0,57.3,5
R117-16,E117,16,east,29.23,12.74,complex,0,11.58,10.25,0.531,81.8,0,81.99,5
R117-17,E117,17,east,22.67,12.99,complex,0,11.58,12.06,0.96,61.82,0,62.02,4
R117-18,E117,18,east,17.69,11.97,standard,1,11.58,9.81,0.91,44.85,1,44.28,4
R117-19,E117,19,east,25.35,10.54,standard,0,11.58,10.19,0.643,55.27,0,55.4,5
R117-20,E117,20,east,9.94,8.81,standard,1,11.58,7.06,0.795,30.95,0,30.42,5
R117-21,E117,21,east,14.31,12.0,standard,0,11.58,9.87,0.685,57.6,0,57.57,4
R117-22,E117,22,east,21.15,15.09,complex,2,11.58,12.29,0.922,65.01,1,65.49,2
R117-23,E117,23,east,31.04,15.96,standard,0,11.58,13.94,0.911,67.52,0,67.12,5
R118-00,E118,0,west,20.32,14.39,standard,1,3.11,12.84,0.52,63.92,1,63.56,4
R118-01,E118,1,west,22.09,13.12,standard,0,3.11,11.92,0.831,64.46,1,64.21,3
R118-02,E118,2,west,15.71,12.85,standard,1,3.11,10.59,0.335,51.57,0,51.56,5
R118-03,E118,3,west,21.62,14.78,standard,0,3.11,13.26,0.553,73.25,1,73.75,2
R118-04,E118,4,west,25.04,16.85,standard,0,3.11,14.41,0.799,63.44,1,62.91,2
R118-05,E118,5,west,22.89,15.12,standard,0,3.11,12.19,0.722,68.55,0,67.78,5
R118-06,E118,6,west,20.62,12.5,standard,1,3.11,10.76,0.479,50.07,0,50.15,4
R118-07,E118,7,west,14.72,10.22,complex,0,3.11,8.65,0.596,56.54,0,56.41,5
R118-08,E118,8,west,34.2,14.73,standard,0,3.11,13.15,0.534,91.98,0,91.49,5
R118-09,E118,9,west,20.19,8.9,standard,0,3.11,8.21,0.402,49.31,0,48.75,5
R118-10,E118,10,west,18.06,10.38,standard,0,3.11,8.87,0.368,53.54,0,53.45,3
R118-11,E118,11,west,21.89,13.6,standard,1,3.11,11.21,0.373,66.2,1,66.15,2
R118-12,E118,12,west,24.17,11.5,complex,0,3.11,9.1,0.391,69.61,0,69.75,4
R118-13,E118,13,west,23.04,15.08,standard,0,3.11,12.58,0.7,63.48,1,63.19,2
R118-14,E118,14,west,20.28,12.29,complex,1,3.11,10.21,0.885,72.75,0,73.3,4
R118-15,E118,15,west,13.06,12.01,complex,0,3.11,9.41,0.619,58.22,0,58.59,5
R118-16,E118,16,west,24.71,13.69,complex,1,3.11,11.67,0.703,81.34,0,81.59,3
R118-17,E118,17,west,17.85,10.13,standard,0,3.11,8.17,0.572,53.01,0,52.69,4
R118-18,E118,18,west,20.74,14.86,standard,2,3.11,12.29,0.681,65.13,1,65.0,2
R118-19,E118,19,west,27.38,17.28,standard,1,3.11,15.19,0.928,78.94,0,79.09,5
R118-20,E118,20,west,13.57,11.49,complex,0,3.11,10.15,,57.92,0,56.9,4
R118-21,E118,21,west,28.41,17.3,complex,0,3.11,15.71,0.99,99.65,1,99.95,3
R118-22,E118,22,west,23.66,14.52,complex,0,3.11,11.92,,76.9,0,76.91,3
R118-23,E118,23,west,23.57,11.92,complex,1,3.11,9.56,0.413,72.87,1,73.69,3
R119-00,E119,0,north,13.51,10.62,complex,0,6.62,9.47,0.663,52.51,0,52.59,5
R119-01,E119,1,north,9.9,12.93,standard,1,6.62,11.75,0.474,49.41,0,49.02,5
R119-02,E119,2,north,22.49,11.35,standard,0,6.62,8.96,0.661,72.23,0,72.75,4
R119-03,E119,3,north,20.37,16.43,standard,1,6.62,12.36,0.597,65.23,0,65.32,5
R119-04,E119,4,north,17.98,12.27,complex,0,6.62,10.63,0.916,68.87,1,68.7,4
R119-05,E119,5,north,25.61,14.8,standard,0,6.62,12.65,0.67,70.97,0,71.01,4
R119-06,E119,6,north,18.49,11.92,standard,2,6.62,10.34,0.672,52.55,0,52.63,3
R119-07,E119,7,north,20.45,12.24,standard,1,6.62,11.37,0.64,51.9,0,51.95,5
R119-08,E119,8,north,17.49,14.12,complex,0,6.62,12.76,0.592,61.98,0,62.2,4
R119-09,E119,9,north,16.72,10.33,standard,0,6.62,8.34,0.963,42.41,0,41.41,4
R119-10,E119,10,north,17.84,14.14,complex,0,6.62,12.27,0.608,70.7,0,69.98,5
R119-11,E119,11,north,17.6,15.56,standard,1,6.62,12.39,0.848,61.71,0,61.69,4
R119-12,E119,12,north,7.67,12.63,complex,1,6.62,10.18,0.346,52.88,0,51.98,3
R119-13,E119,13,north,15.09,11.57,standard,0,6.62,10.34,0.363,47.85,0,47.59,5
R119-14,E119,14,north,18.59,13.22,standard,0,6.62,11.74,0.574,52.28,0,52.25,3
R119-15,E119,15,north,22.57,15.28,complex,0,6.62,12.44,0.727,66.34,0,67.06,3
R119-16,E119,16,north,16.61,11.39,complex,0,6.62,9.79,0.68,55.38,0,55.05,3
R119-17,E119,17,north,15.51,11.97,complex,0,6.62,11.33,0.856,71.76,0,71.67,4
R119-18,E119,18,north,18.2,13.34,complex,2,6.62,12.32,0.792,51.25,0,51.68,3
R119-19,E119,19,north,15.62,16.39,standard,0,6.62,14.57,0.791,61.02,0,60.71,4
R119-20,E119,20,north,14.62,13.2,complex,0,6.62,10.58,0.802,58.22,0,58.1,4
R119-21,E119,21,north,20.67,13.09,complex,2,6.62,10.35,,59.51,1,60.03,4
R119-22,E119,22,north,23.14,14.9,complex,2,6.62,13.48,0.617,88.82,1,88.93,3
R119-23,E119,23,north,23.82,15.16,complex,0,6.62,12.42,0.796,81.95,1,81.49,3
R120-00,E120,0,east,14.16,9.19,standard,0,14.56,7.36,0.501,40.17,0,40.43,4
R120-01,E120,1,east,16.04,12.52,standard,2,14.56,9.65,0.832,53.45,0,52.79,3
R120-02,E120,2,east,18.9,9.68,standard,0,14.56,8.11,0.996,59.0,0,59.94,5
R120-03,E120,3,east,16.37,13.84,standard,0,14.56,11.91,1.0,50.7,1,51.05,2
R120-04,E120,4,east,11.3,8.94,standard,0,14.56,8.59,0.546,32.16,0,32.7,3
R120-05,E120,5,east,15.38,13.3,complex,3,14.56,11.12,0.68,53.75,1,53.02,3
R120-06,E120,6,east,12.57,13.01,complex,0,14.56,10.52,0.413,54.41,0,53.83,3
R120-07,E120,7,east,18.43,14.09,complex,1,14.56,11.88,0.567,61.52,0,61.59,3
R120-08,E120,8,east,17.79,12.58,standard,0,14.56,10.42,0.353,51.83,0,51.94,5
R120-09,E120,9,east,17.03,12.89,standard,0,14.56,10.45,0.985,52.78,0,52.02,5
R120-10,E120,10,east,12.35,10.84,standard,0,14.56,9.49,0.889,47.52,0,47.89,5
R120-11,E120,11,east,21.11,10.75,complex,2,14.56,9.35,0.608,54.37,0,54.53,5
R120-12,E120,12,east,17.66,13.45,standard,0,14.56,10.61,0.524,54.36,1,54.33,3
R120-13,E120,13,east,18.11,9.42,standard,0,14.56,8.38,0.836,48.25,0,48.28,5
R120-14,E120,14,east,9.96,9.63,standard,1,14.56,7.7,0.784,43.53,1,43.11,4
R120-15,E120,15,east,15.55,11.08,complex,0,14.56,9.7,0.998,57.45,0,57.64,5
R120-16,E120,16,east,6.16,8.8,standard,0,14.56,7.19,0.95,36.93,1,36.06,2
R120-17,E120,17,east,20.15,11.74,standard,0,14.56,10.5,0.85,61.14,0,60.51,5
R120-18,E120,18,east,10.11,10.26,standard,0,14.56,8.29,0.463,50.53,0,50.03,4
R120-19,E120,19,east,16.55,10.93,complex,1,14.56,9.6,0.416,60.69,0,59.94,3
R120-20,E120,20,east,18.98,14.96,complex,0,14.56,12.09,0.759,72.27,0,72.54,3
R120-21,E120,21,east,13.23,11.7,complex,0,14.56,9.83,0.454,54.44,0,54.45,4
R120-22,E120,22,east,11.73,12.97,complex,0,14.56,11.16,,53.77,1,54.2,3
R120-23,E120,23,east,22.34,11.03,complex,1,14.56,9.54,0.586,63.71,0,62.7,4
R121-00,E121,0,west,10.1,12.33,standard,1,10.21,10.37,0.679,39.41,1,38.98,3
R121-01,E121,1,west,23.96,10.68,standard,0,10.21,9.23,0.342,56.84,0,56.59,4
R121-02,E121,2,west,14.96,8.04,standard,0,10.21,6.76,0.623,40.87,0,41.19,3
R121-03,E121,3,west,17.64,12.54,standard,2,10.21,10.81,0.684,51.25,0,51.59,3
R121-04,E121,4,west,14.02,9.67,standard,0,10.21,8.43,0.873,47.46,0,47.45,4
R121-05,E121,5,west,11.23,12.18,standard,1,10.21,10.48,0.541,40.1,0,40.0,4
R121-06,E121,6,west,27.19,14.77,complex,0,10.21,12.17,0.917,80.67,1,80.57,3
R121-07,E121,7,west,12.89,8.31,standard,0,10.21,7.6,0.679,35.2,0,35.67,5
R121-08,E121,8,west,15.95,7.91,complex,0,10.21,7.13,0.763,54.49,0,54.7,3
R121-09,E121,9,west,26.38,11.21,standard,0,10.21,9.93,0.521,73.15,0,73.1,5
R121-10,E121,10,west,19.14,15.35,standard,1,10.21,12.25,0.874,55.7,0,55.25,3
R121-11,E121,11,west,14.68,12.52,standard,0,10.21,9.93,0.736,45.71,0,46.04,4
R121-12,E121,12,west,10.76,8.69,standard,0,10.21,7.6,0.572,41.61,0,40.74,5
R121-13,E121,13,west,20.16,12.79,complex,1,10.21,11.1,0.757,72.39,1,72.51,3
R121-14,E121,14,west,15.88,13.47,complex,1,10.21,11.3,0.495,62.73,0,63.16,4
R121-15,E121,15,west,14.87,10.69,complex,0,10.21,9.53,0.442,56.74,0,56.21,5
R121-16,E121,16,west,21.09,10.87,standard,0,10.21,9.0,0.504,52.38,1,52.38,4
R121-17,E121,17,west,18.62,15.69,standard,0,10.21,13.28,0.472,64.62,1,64.57,2
R121-18,E121,18,west,29.22,10.89,standard,0,10.21,9.78,0.517,73.93,0,73.73,5
R121-19,E121,19,west,28.45,16.58,complex,0,10.21,14.63,0.492,94.93,1,94.8,2
R121-20,E121,20,west,19.82,13.18,standard,1,10.21,10.68,0.685,51.73,0,52.18,4
R121-21,E121,21,west,14.51,10.88,complex,0,10.21,10.11,,49.26,0,48.59,5
R121-22,E121,22,west,22.6,14.95,standard,1,10.21,13.64,0.957,69.8,1,70.15,2
R121-23,E121,23,west,18.89,14.93,complex,3,10.21,11.69,0.72,72.27,1,71.45,3
R122-00,E122,0,north,15.8,12.91,standard,1,2.0,10.72,0.727,56.58,0,56.21,4
R122-01,E122,1,north,14.29,9.84,complex,0,2.0,8.42,0.752,52.17,0,52.15,4
R122-02,E122,2,north,12.8,8.72,standard,0,2.0,7.47,0.796,33.68,0,33.84,4
R122-03,E122,3,north,12.96,12.37,standard,1,2.0,10.94,0.529,48.13,0,47.07,5
R122-04,E122,4,north,13.2,10.09,standard,1,2.0,8.99,0.411,36.68,0,36.03,3
R122-05,E122,5,north,18.66,9.3,standard,0,2.0,8.27,0.896,53.55,0,52.49,4
R122-06,E122,6,north,9.32,6.33,standard,0,2.0,5.63,0.473,29.66,0,29.51,5
R122-07,E122,7,north,24.1,11.15,standard,0,2.0,9.61,0.497,76.2,0,75.47,4
R122-08,E122,8,north,15.03,13.63,complex,0,2.0,10.92,0.592,60.58,0,60.86,4
R122-09,E122,9,north,12.99,9.93,complex,2,2.0,8.28,0.832,47.92,0,47.82,4
R122-10,E122,10,north,19.24,11.47,standard,0,2.0,10.23,0.468,45.14,0,44.79,3
R122-11,E122,11,north,20.16,10.06,complex,0,2.0,9.76,0.617,60.44,0,60.1,5
R122-12,E122,12,north,11.3,12.64,complex,3,2.0,9.96,0.812,38.89,0,38.31,4
R122-13,E122,13,north,11.21,11.62,standard,0,2.0,9.92,0.484,43.91,0,43.9,4
R122-14,E122,14,north,19.51,11.92,complex,1,2.0,11.44,0.304,63.1,0,63.14,5
R122-15,E122,15,north,16.25,15.22,standard,0,2.0,12.65,0.698,49.93,0,50.01,4
R122-16,E122,16,north,14.81,12.55,standard,0,2.0,11.45,0.737,47.9,0,48.02,5
R122-17,E122,17,north,12.46,10.64,standard,1,2.0,8.87,0.768,44.02,0,43.86,3
R122-18,E122,18,north,16.62,11.39,standard,0,2.0,9.23,0.903,44.96,0,45.18,4
R122-19,E122,19,north,19.84,11.86,standard,0,2.0,10.44,0.992,51.09,0,51.19,4
R122-20,E122,20,north,21.25,11.37,standard,0,2.0,8.21,,54.29,1,54.56,2
R122-21,E122,21,north,16.6,10.13,complex,0,2.0,8.16,0.496,55.07,0,55.3,3
R122-22,E122,22,north,17.16,12.04,complex,1,2.0,8.93,,70.02,0,70.43,5
R122-23,E122,23,north,22.72,13.24,complex,0,2.0,10.29,0.701,78.25,0,79.23,5
R123-00,E123,0,east,24.63,10.98,standard,3,2.97,10.08,0.585,55.91,0,54.94,5
R123-01,E123,1,east,23.43,15.86,standard,0,2.97,13.64,0.595,67.22,0,68.07,3
R123-02,E123,2,east,23.26,16.3,standard,1,2.97,13.15,0.836,62.09,1,62.12,4
R123-03,E123,3,east,12.79,13.37,standard,0,2.97,11.88,0.754,58.72,0,58.6,4
R123-04,E123,4,east,8.57,7.45,standard,1,2.97,7.0,0.646,27.7,0,27.42,3
R123-05,E123,5,east,18.74,11.48,complex,1,2.97,9.67,0.473,61.31,0,62.12,3
R123-06,E123,6,east,19.21,8.67,standard,0,2.97,7.54,0.649,54.57,1,55.3,4
R123-07,E123,7,east,19.01,12.64,standard,5,2.97,9.94,0.74,55.23,0,55.25,3
R123-08,E123,8,east,13.27,16.46,complex,1,2.97,13.45,0.965,62.85,1,62.53,4
R123-09,E123,9,east,7.07,9.55,standard,1,2.97,6.74,0.553,38.77,0,38.26,5
R123-10,E123,10,east,22.99,14.16,standard,1,2.97,13.26,0.929,58.23,1,58.27,2
R123-11,E123,11,east,20.49,12.46,standard,1,2.97,10.57,0.425,59.82,0,60.5,4
R123-12,E123,12,east,13.89,8.77,standard,1,2.97,8.76,0.773,51.24,0,50.39,3
R123-13,E123,13,east,12.46,15.49,standard,0,2.97,14.3,0.906,55.03,0,54.75,3
R123-14,E123,14,east,12.43,9.31,standard,1,2.97,8.65,0.445,43.44,0,43.95,5
R123-15,E123,15,east,16.03,17.7,standard,0,2.97,14.58,0.931,53.04,0,53.34,3
R123-16,E123,16,east,12.94,10.11,complex,0,2.97,7.79,0.302,50.66,0,50.13,4
R123-17,E123,17,east,24.61,17.43,standard,1,2.97,14.82,0.858,77.61,0,77.94,5
R123-18,E123,18,east,24.78,15.36,standard,0,2.97,13.19,0.949,71.27,1,71.93,2
R123-19,E123,19,east,12.59,14.9,standard,0,2.97,12.5,0.768,45.82,0,45.31,5
R123-20,E123,20,east,16.17,12.88,complex,1,2.97,10.65,,61.97,1,60.84,4
R123-21,E123,21,east,19.8,11.81,complex,0,2.97,10.13,0.544,69.29,0,68.35,5
R123-22,E123,22,east,20.49,13.56,complex,0,2.97,11.87,0.82,72.27,0,72.76,3
R123-23,E123,23,east,19.05,11.55,complex,0,2.97,10.9,,62.14,0,61.92,3
R124-00,E124,0,west,7.97,14.8,complex,0,8.07,13.21,0.759,58.07,0,57.95,5
R124-01,E124,1,west,21.23,14.31,complex,0,8.07,12.28,0.472,66.67,0,66.43,3
R124-02,E124,2,west,15.24,10.84,standard,0,8.07,8.12,0.514,45.39,0,45.13,4
R124-03,E124,3,west,16.76,15.3,standard,0,8.07,13.25,0.454,53.2,0,53.4,5
R124-04,E124,4,west,20.51,12.2,standard,0,8.07,10.93,0.923,51.14,0,51.01,3
R124-05,E124,5,west,18.97,12.78,standard,0,8.07,10.27,0.377,57.33,0,57.56,3
R124-06,E124,6,west,10.41,6.27,standard,0,8.07,4.91,0.887,28.91,0,29.62,3
R124-07,E124,7,west,25.83,14.36,standard,0,8.07,11.83,0.486,66.55,0,66.63,4
R124-08,E124,8,west,11.28,8.63,complex,0,8.07,6.68,0.932,43.64,0,43.91,3
R124-09,E124,9,west,29.53,16.89,standard,2,8.07,14.72,0.886,91.85,1,92.41,4
R124-10,E124,10,west,16.67,11.66,standard,0,8.07,8.81,0.884,52.83,0,52.23,4
R124-11,E124,11,west,19.54,10.62,standard,0,8.07,9.56,0.58,45.8,0,46.26,5
R124-12,E124,12,west,18.64,14.87,standard,0,8.07,13.17,0.343,62.62,0,62.4,4
R124-13,E124,13,west,25.95,18.02,standard,1,8.07,14.79,0.669,80.53,1,80.21,2
R124-14,E124,14,west,25.7,17.65,complex,1,8.07,14.21,0.406,79.26,1,79.73,2
R124-15,E124,15,west,18.82,14.18,complex,0,8.07,12.31,0.702,58.92,0,59.26,3
R124-16,E124,16,west,24.95,11.96,standard,0,8.07,9.28,0.948,71.03,1,72.01,3
R124-17,E124,17,west,25.06,14.26,standard,0,8.07,11.01,0.585,77.41,0,77.39,5
R124-18,E124,18,west,22.09,13.42,complex,0,8.07,10.76,0.812,67.87,0,67.8,5
R124-19,E124,19,west,20.48,13.65,complex,1,8.07,11.43,0.955,65.75,0,65.64,4
R124-20,E124,20,west,29.93,13.96,complex,0,8.07,12.65,0.492,97.33,0,97.34,4
R124-21,E124,21,west,25.09,15.48,standard,0,8.07,13.62,0.442,71.78,0,71.82,5
R124-22,E124,22,west,24.54,16.5,complex,1,8.07,14.19,0.386,81.19,1,81.2,2
R124-23,E124,23,west,25.24,16.65,standard,0,8.07,15.44,0.798,72.66,1,73.21,2
R125-00,E125,0,north,10.11,14.02,complex,0,5.11,11.42,0.933,56.09,0,55.57,4
R125-01,E125,1,north,14.22,12.59,standard,1,5.11,10.96,0.504,41.41,0,42.03,5
R125-02,E125,2,north,14.65,12.07,standard,1,5.11,10.3,0.899,41.45,0,41.71,3
R125-03,E125,3,north,16.5,9.94,complex,1,5.11,8.96,0.321,61.21,0,61.8,4
R125-04,E125,4,north,9.88,7.44,standard,0,5.11,6.55,0.441,40.88,0,40.76,4
R125-05,E125,5,north,11.49,13.47,standard,1,5.11,11.46,0.55,37.8,0,38.22,5
R125-06,E125,6,north,13.62,8.68,complex,0,5.11,7.59,0.746,58.48,0,58.26,5
R125-07,E125,7,north,16.86,15.1,complex,0,5.11,13.97,0.383,53.29,0,53.74,3
R125-08,E125,8,north,17.23,12.82,complex,0,5.11,10.08,0.397,59.98,0,60.43,3
R125-09,E125,9,north,9.64,9.63,standard,1,5.11,8.56,0.582,33.56,0,33.6,5
R125-10,E125,10,north,10.06,9.48,complex,0,5.11,7.65,0.494,41.89,1,41.9,2
R125-11,E125,11,north,16.7,9.64,standard,0,5.11,7.6,0.91,46.08,0,46.48,5
R125-12,E125,12,north,24.01,13.21,standard,0,5.11,11.96,0.785,61.24,0,61.86,5
R125-13,E125,13,north,9.66,9.25,standard,0,5.11,7.7,0.446,46.5,0,46.4,4
R125-14,E125,14,north,27.86,15.52,standard,2,5.11,14.08,0.988,75.11,1,74.89,4
R125-15,E125,15,north,18.01,11.26,complex,0,5.11,11.51,0.314,59.25,0,60.36,4
R125-16,E125,16,north,17.91,13.38,standard,1,5.11,11.07,0.61,55.63,0,55.94,3
R125-17,E125,17,north,16.75,14.61,standard,0,5.11,11.09,0.818,49.62,0,49.23,5
R125-18,E125,18,north,15.29,8.92,standard,0,5.11,7.92,0.536,49.34,0,49.24,3
R125-19,E125,19,north,16.14,15.17,standard,1,5.11,12.75,0.345,47.8,0,48.13,4
R125-20,E125,20,north,21.98,14.38,standard,1,5.11,12.88,,58.86,0,59.32,4
R125-21,E125,21,north,14.71,13.59,complex,0,5.11,10.01,0.895,61.18,0,61.59,3
R125-22,E125,22,north,23.11,13.96,complex,3,5.11,12.17,0.716,76.99,1,77.1,4
R125-23,E125,23,north,6.89,9.54,complex,1,5.11,7.79,0.65,51.24,0,51.95,5
R126-00,E126,0,east,13.23,12.02,standard,0,4.6,10.6,0.689,47.49,0,46.96,4
R126-01,E126,1,east,21.37,18.13,standard,0,4.6,15.42,0.971,60.72,0,61.11,5
R126-02,E126,2,east,16.05,10.89,complex,0,4.6,9.71,0.552,61.35,0,60.8,5
R126-03,E126,3,east,20.05,11.5,complex,0,4.6,10.09,0.956,67.03,1,67.8,4
R126-04,E126,4,east,12.85,8.78,standard,0,4.6,7.85,0.34,39.99,0,39.69,4
R126-05,E126,5,east,8.22,9.24,standard,0,4.6,8.03,0.628,35.7,0,35.66,3
R126-06,E126,6,east,17.46,13.12,standard,0,4.6,11.76,0.901,61.35,0,61.29,5
R126-07,E126,7,east,10.44,11.41,complex,2,4.6,9.49,0.629,60.41,0,59.73,3
R126-08,E126,8,east,19.13,11.19,standard,0,4.6,9.19,0.688,67.34,0,67.15,3
R126-09,E126,9,east,21.25,16.74,standard,1,4.6,13.94,0.787,52.15,0,52.09,4
R126-10,E126,10,east,18.31,12.84,standard,5,4.6,10.02,0.71,54.27,1,53.04,3
R126-11,E126,11,east,22.6,10.8,complex,0,4.6,10.36,0.627,68.13,0,68.62,5
R126-12,E126,12,east,16.95,10.51,complex,0,4.6,9.44,0.691,59.26,0,59.45,5
R126-13,E126,13,east,9.41,8.33,complex,0,4.6,8.35,0.385,46.52,0,46.12,5
R126-14,E126,14,east,17.49,10.38,standard,1,4.6,9.28,0.462,45.84,1,46.13,4
R126-15,E126,15,east,15.87,14.73,standard,0,4.6,13.57,0.721,54.69,0,53.44,5
R126-16,E126,16,east,22.08,16.26,standard,0,4.6,13.03,0.988,70.93,1,71.54,3
R126-17,E126,17,east,18.45,11.29,standard,2,4.6,10.21,0.724,54.97,1,55.06,3
R126-18,E126,18,east,14.31,10.08,standard,0,4.6,8.15,0.834,45.72,0,44.72,3
R126-19,E126,19,east,17.42,13.79,standard,0,4.6,10.23,0.928,58.0,0,58.55,5
R126-20,E126,20,east,18.42,11.89,complex,1,4.6,11.02,,58.94,0,58.47,3
R126-21,E126,21,east,21.49,11.71,complex,1,4.6,9.34,0.533,67.59,1,67.61,2
R126-22,E126,22,east,10.64,14.14,complex,0,4.6,11.61,,55.22,0,55.14,3
R126-23,E126,23,east,16.68,14.8,standard,1,4.6,11.9,,52.01,0,52.57,4
R127-00,E127,0,west,19.29,13.44,standard,1,9.3,10.73,0.506,48.33,0,49.38,4
R127-01,E127,1,west,9.66,7.43,standard,0,9.3,7.04,0.602,34.99,0,34.56,5
R127-02,E127,2,west,14.57,8.8,standard,0,9.3,8.5,0.817,46.4,0,45.58,3
R127-03,E127,3,west,13.29,9.6,standard,1,9.3,9.03,0.76,39.84,0,40.75,4
R127-04,E127,4,west,15.93,13.52,complex,0,9.3,10.74,0.691,56.16,1,57.38,4
R127-05,E127,5,west,17.67,11.17,standard,2,9.3,10.37,0.626,47.35,0,46.72,4
R127-06,E127,6,west,15.73,12.84,complex,0,9.3,10.83,0.81,54.66,0,54.38,5
R127-07,E127,7,west,15.42,8.74,complex,1,9.3,7.12,0.962,58.31,0,57.63,4
R127-08,E127,8,west,12.3,7.38,standard,1,9.3,7.02,0.866,39.9,0,39.13,5
R127-09,E127,9,west,16.69,9.77,standard,0,9.3,7.8,0.64,51.01,0,51.67,5
R127-10,E127,10,west,20.49,11.81,standard,0,9.3,10.57,0.797,59.76,0,59.57,4
R127-11,E127,11,west,18.11,9.17,standard,0,9.3,8.09,0.642,50.1,1,50.66,3
R127-12,E127,12,west,14.36,8.11,complex,1,9.3,7.48,0.965,44.04,0,44.94,5
R127-13,E127,13,west,21.54,16.66,standard,1,9.3,12.42,0.923,60.82,0,61.81,5
R127-14,E127,14,west,19.1,11.25,standard,3,9.3,9.69,0.879,47.15,1,47.15,3
R127-15,E127,15,west,20.9,14.83,complex,2,9.3,13.0,0.589,64.26,0,64.16,5
R127-16,E127,16,west,14.51,12.02,standard,1,9.3,9.97,0.63,40.19,0,40.88,5
R127-17,E127,17,west,20.44,12.29,standard,0,9.3,10.81,0.476,42.75,1,42.09,3
R127-18,E127,18,west,20.66,11.89,standard,0,9.3,10.53,0.417,52.35,0,52.97,3
R127-19,E127,19,west,20.26,9.57,standard,0,9.3,8.08,0.697,51.83,0,51.55,5
R127-20,E127,20,west,17.19,14.98,complex,0,9.3,12.84,0.317,63.78,0,63.19,5
R127-21,E127,21,west,19.06,10.33,standard,0,9.3,9.19,0.809,49.6,1,49.58,3
R127-22,E127,22,west,24.0,16.84,complex,4,9.3,14.79,0.478,78.62,1,78.66,2
R127-23,E127,23,west,32.59,15.45,complex,0,9.3,13.17,0.931,105.24,1,105.16,3
R128-00,E128,0,north,21.2,13.49,standard,1,6.1,10.13,0.369,56.06,0,56.03,5
R128-01,E128,1,north,13.64,14.68,standard,0,6.1,14.02,0.64,45.49,0,44.6,5
R128-02,E128,2,north,26.24,16.92,standard,1,6.1,13.84,0.749,84.67,0,85.1,3
R128-03,E128,3,north,14.88,12.19,standard,0,6.1,11.08,0.404,45.47,0,45.37,4
R128-04,E128,4,north,19.74,12.04,complex,0,6.1,11.67,0.958,54.23,0,55.07,3
R128-05,E128,5,north,4.94,6.71,standard,0,6.1,5.36,0.827,23.89,0,24.6,5
R128-06,E128,6,north,19.95,14.42,standard,0,6.1,12.76,0.407,57.0,0,57.01,4
R128-07,E128,7,north,17.82,14.74,standard,1,6.1,13.21,0.624,50.95,0,51.27,3
R128-08,E128,8,north,18.12,8.88,standard,1,6.1,7.29,0.548,47.25,0,47.54,4
R128-09,E128,9,north,14.47,7.8,standard,0,6.1,6.24,0.475,37.09,0,36.93,5
R128-10,E128,10,north,13.99,10.71,standard,0,6.1,9.07,0.913,42.56,0,42.41,3
R128-11,E128,11,north,8.59,10.69,standard,2,6.1,8.32,0.895,43.91,0,43.58,5
R128-12,E128,12,north,14.16,13.0,standard,0,6.1,11.81,0.711,50.42,0,49.64,5
R128-13,E128,13,north,14.39,14.93,standard,3,6.1,12.3,0.782,43.84,1,43.57,2
R128-14,E128,14,north,12.52,13.75,complex,0,6.1,11.06,0.661,67.29,0,67.3,5
R128-15,E128,15,north,22.07,12.05,complex,0,6.1,10.45,0.959,70.26,1,70.28,2
R128-16,E128,16,north,21.96,11.85,complex,0,6.1,10.12,0.453,62.22,0,62.84,3
R128-17,E128,17,north,24.02,13.27,complex,1,6.1,10.9,0.643,69.69,1,69.63,2
R128-18,E128,18,north,13.87,11.49,standard,2,6.1,10.18,0.924,49.86,0,49.87,5
R128-19,E128,19,north,18.52,12.74,complex,1,6.1,10.86,0.906,62.64,1,62.5,3
R128-20,E128,20,north,20.54,10.0,standard,0,6.1,8.41,0.864,55.11,0,54.93,3
R128-21,E128,21,north,22.81,12.24,standard,0,6.1,10.33,,56.31,0,55.67,4
R128-22,E128,22,north,17.29,12.69,complex,0,6.1,10.26,0.427,62.84,1,62.99,3
R128-23,E128,23,north,26.73,15.9,complex,5,6.1,12.73,0.397,71.5,1,70.85,3
R129-00,E129,0,east,8.47,9.74,standard,0,4.5,7.66,0.416,30.98,1,31.01,3
R129-01,E129,1,east,11.1,11.34,standard,0,4.5,9.36,0.797,37.72,0,37.6,5
R129-02,E129,2,east,8.48,10.88,complex,0,4.5,8.73,0.412,47.96,0,48.55,5
R129-03,E129,3,east,12.83,10.79,complex,1,4.5,8.97,0.48,53.61,0,53.47,5
R129-04,E129,4,east,9.75,7.95,standard,0,4.5,6.43,0.424,34.75,0,34.48,3
R129-05,E129,5,east,24.09,16.55,standard,1,4.5,14.07,0.469,69.29,0,69.56,3
R129-06,E129,6,east,14.34,9.39,standard,0,4.5,8.26,0.685,43.31,0,43.21,5
R129-07,E129,7,east,9.96,8.36,standard,0,4.5,6.75,0.873,38.37,0,37.18,3
R129-08,E129,8,east,14.35,8.28,standard,2,4.5,7.38,0.872,33.35,0,32.81,3
R129-09,E129,9,east,23.68,14.53,standard,3,4.5,11.59,0.977,53.79,0,53.96,4
R129-10,E129,10,east,15.4,9.29,standard,1,4.5,8.98,0.609,50.68,0,50.56,3
R129-11,E129,11,east,17.78,13.24,standard,3,4.5,11.34,0.939,55.39,0,55.83,5
R129-12,E129,12,east,19.74,12.36,standard,0,4.5,10.26,0.405,53.53,0,53.09,5
R129-13,E129,13,east,15.2,13.51,standard,0,4.5,11.56,0.845,56.1,0,56.81,5
R129-14,E129,14,east,18.21,13.33,standard,3,4.5,10.12,0.831,60.84,1,60.23,3
R129-15,E129,15,east,12.79,12.54,standard,0,4.5,10.89,0.571,49.98,0,49.28,3
R129-16,E129,16,east,18.23,10.13,complex,3,4.5,8.74,0.769,55.65,0,54.84,5
R129-17,E129,17,east,16.37,10.82,complex,0,4.5,9.54,0.979,55.21,0,54.77,4
R129-18,E129,18,east,19.86,14.47,complex,0,4.5,12.91,0.751,63.21,0,63.34,5
R129-19,E129,19,east,17.78,12.35,standard,0,4.5,10.21,0.824,49.45,0,48.59,3
R129-20,E129,20,east,24.63,12.91,standard,0,4.5,11.87,0.793,71.99,0,71.54,5
R129-21,E129,21,east,24.57,14.09,standard,0,4.5,11.93,0.544,57.78,0,58.66,4
R129-22,E129,22,east,19.94,13.15,complex,0,4.5,12.02,,55.43,0,55.83,5
R129-23,E129,23,east,23.71,17.47,complex,0,4.5,14.91,0.615,80.98,0,80.55,3
R130-00,E130,0,west,14.4,15.57,complex,0,14.71,13.74,0.576,58.3,1,59.09,4
R130-01,E130,1,west,15.03,11.61,complex,0,14.71,10.28,0.994,59.14,0,58.91,5
R130-02,E130,2,west,18.78,18.37,complex,0,14.71,16.06,0.892,68.29,1,69.34,3
R130-03,E130,3,west,21.99,13.39,standard,0,14.71,12.1,0.301,63.29,0,63.16,4
R130-04,E130,4,west,16.28,10.74,standard,2,14.71,9.17,0.741,51.49,1,51.35,3
R130-05,E130,5,west,23.3,13.93,standard,0,14.71,12.16,0.802,75.47,1,76.13,2
R130-06,E130,6,west,23.11,14.32,standard,1,14.71,12.41,0.451,61.55,0,61.37,3
R130-07,E130,7,west,28.07,17.04,complex,0,14.71,13.92,0.661,98.47,0,98.82,5
R130-08,E130,8,west,15.33,14.64,complex,0,14.71,12.08,0.389,67.83,0,66.89,3
R130-09,E130,9,west,18.93,11.54,complex,0,14.71,8.32,0.491,54.95,0,54.58,4
R130-10,E130,10,west,32.79,15.86,standard,0,14.71,13.64,0.754,90.63,1,90.29,2
R130-11,E130,11,west,27.23,14.23,standard,0,14.71,11.17,0.891,72.0,0,71.18,5
R130-12,E130,12,west,21.3,9.56,standard,0,14.71,6.52,0.585,57.18,0,57.12,4
R130-13,E130,13,west,15.86,16.86,standard,0,14.71,14.28,0.691,62.34,1,62.65,4
R130-14,E130,14,west,32.48,16.62,standard,1,14.71,14.37,0.597,82.51,1,83.01,4
R130-15,E130,15,west,16.08,9.76,standard,0,14.71,8.47,0.606,42.7,0,41.53,4
R130-16,E130,16,west,22.31,12.17,standard,1,14.71,10.01,0.731,67.17,1,67.73,3
R130-17,E130,17,west,23.57,12.23,standard,0,14.71,11.08,0.417,58.47,0,58.27,3
R130-18,E130,18,west,24.01,14.17,complex,1,14.71,11.03,0.765,74.21,0,74.65,3
R130-19,E130,19,west,15.91,11.74,standard,2,14.71,9.38,0.776,51.14,0,50.49,4
R130-20,E130,20,west,17.26,14.83,complex,0,14.71,13.02,0.374,65.91,0,65.52,5
R130-21,E130,21,west,21.03,13.2,standard,0,14.71,11.38,0.518,60.85,1,60.78,3
R130-22,E130,22,west,17.23,14.14,complex,0,14.71,12.56,,64.91,0,65.0,4
R130-23,E130,23,west,24.76,11.5,standard,0,14.71,10.06,0.792,67.64,0,68.12,4
R131-00,E131,0,north,11.7,8.53,standard,1,8.13,6.87,0.778,28.33,0,27.34,5
R131-01,E131,1,north,12.75,11.05,standard,1,8.13,8.99,0.574,48.24,0,47.36,3
R131-02,E131,2,north,7.9,13.24,standard,0,8.13,11.42,0.834,60.07,0,59.85,3
R131-03,E131,3,north,15.68,9.8,standard,1,8.13,8.59,0.889,49.8,0,49.59,4
R131-04,E131,4,north,5.04,11.17,standard,0,8.13,9.74,0.905,42.29,0,42.1,4
R131-05,E131,5,north,10.17,12.84,standard,0,8.13,11.42,0.646,40.65,0,40.25,5
R131-06,E131,6,north,17.3,10.4,complex,2,8.13,8.73,0.426,53.39,0,53.65,5
R131-07,E131,7,north,14.57,13.69,complex,1,8.13,12.62,0.78,74.32,1,75.21,3
R131-08,E131,8,north,14.73,13.5,standard,0,8.13,11.39,0.656,45.27,0,45.76,5
R131-09,E131,9,north,15.05,10.52,complex,0,8.13,8.35,0.622,54.53,0,55.48,3
R131-10,E131,10,north,5.29,11.24,standard,1,8.13,9.0,0.607,36.66,0,36.53,3
R131-11,E131,11,north,12.58,10.61,standard,1,8.13,8.47,0.618,47.49,0,48.11,5
R131-12,E131,12,north,19.05,8.93,standard,2,8.13,8.14,0.969,58.67,0,59.03,5
R131-13,E131,13,north,13.66,16.11,complex,0,8.13,14.45,0.883,58.55,0,58.41,5
R131-14,E131,14,north,23.43,12.77,standard,0,8.13,11.34,0.866,58.47,0,58.16,5
R131-15,E131,15,north,14.07,13.14,complex,0,8.13,11.77,0.77,51.74,0,51.64,4
R131-16,E131,16,north,13.29,11.21,standard,1,8.13,8.35,0.825,34.74,0,34.14,3
R131-17,E131,17,north,17.15,13.88,complex,0,8.13,10.66,0.977,70.92,0,71.77,5
R131-18,E131,18,north,18.24,12.12,standard,1,8.13,9.3,0.461,56.5,0,56.42,5
R131-19,E131,19,north,23.27,16.53,standard,0,8.13,13.97,0.899,69.59,1,69.17,3
R131-20,E131,20,north,24.43,13.13,complex,1,8.13,12.6,0.997,67.82,1,68.26,4
R131-21,E131,21,north,17.73,14.17,standard,1,8.13,11.16,,59.22,0,60.33,4
R131-22,E131,22,north,10.8,15.4,standard,0,8.13,12.48,0.713,51.81,0,51.56,5
R131-23,E131,23,north,10.57,10.08,standard,1,8.13,8.57,0.483,37.2,0,36.96,4
R132-00,E132,0,east,8.24,10.51,complex,0,14.37,8.88,0.632,44.24,0,44.81,4
R132-01,E132,1,east,15.97,13.8,complex,3,14.37,10.96,0.83,63.27,0,62.26,5
R132-02,E132,2,east,19.06,12.5,complex,0,14.37,9.77,0.52,67.27,0,67.65,5
R132-03,E132,3,east,16.36,11.62,standard,0,14.37,9.5,0.457,55.75,0,55.27,3
R132-04,E132,4,east,12.78,12.84,standard,0,14.37,11.34,0.421,47.02,0,47.34,4
R132-05,E132,5,east,12.87,13.24,standard,1,14.37,11.04,0.728,35.82,0,34.92,5
R132-06,E132,6,east,20.31,13.89,standard,0,14.37,12.26,0.86,54.86,0,54.2,3
R132-07,E132,7,east,15.1,8.6,standard,0,14.37,8.2,0.887,47.36,0,47.74,4
R132-08,E132,8,east,22.91,11.97,standard,2,14.37,10.43,0.468,62.28,0,62.02,4
R132-09,E132,9,east,17.86,12.88,complex,0,14.37,10.21,0.657,50.09,0,49.85,3
R132-10,E132,10,east,18.33,15.95,standard,1,14.37,13.2,0.401,47.13,0,46.5,3
R132-11,E132,11,east,7.4,11.91,standard,0,14.37,8.92,0.93,36.61,0,37.33,3
R132-12,E132,12,east,11.96,10.77,complex,0,14.37,10.06,0.694,49.27,0,49.91,4
R132-13,E132,13,east,17.91,13.73,standard,1,14.37,12.08,0.832,52.99,0,52.76,3
R132-14,E132,14,east,14.29,13.79,complex,0,14.37,10.98,0.95,60.32,0,60.1,3
R132-15,E132,15,east,19.94,12.42,complex,0,14.37,11.52,0.66,61.7,1,61.29,3
R132-16,E132,16,east,23.12,13.63,complex,0,14.37,11.61,0.744,64.38,0,64.53,3
R132-17,E132,17,east,19.41,12.09,standard,1,14.37,10.0,0.401,40.76,0,40.98,3
R132-18,E132,18,east,18.4,17.68,complex,2,14.37,14.62,0.541,60.18,1,60.4,4
R132-19,E132,19,east,24.12,15.53,standard,0,14.37,15.05,0.835,68.64,0,69.08,3
R132-20,E132,20,east,18.71,15.33,complex,1,14.37,13.06,0.456,65.41,0,65.05,4
R132-21,E132,21,east,18.0,10.98,standard,0,14.37,9.89,0.526,47.89,0,47.79,3
R132-22,E132,22,east,14.61,13.16,standard,0,14.37,10.86,0.606,45.33,0,45.33,3
R132-23,E132,23,east,21.9,14.18,standard,0,14.37,11.27,0.56,68.7,0,69.21,5
R133-00,E133,0,west,19.99,13.1,standard,0,12.42,10.07,0.982,54.77,0,53.48,5
R133-01,E133,1,west,3.89,11.98,standard,1,12.42,9.84,0.416,44.06,0,43.33,4
R133-02,E133,2,west,29.02,16.06,standard,1,12.42,14.54,0.352,71.86,1,71.77,4
R133-03,E133,3,west,24.85,13.76,standard,0,12.42,11.14,0.639,61.27,0,61.77,3
R133-04,E133,4,west,13.83,8.64,standard,1,12.42,7.01,0.604,46.07,0,46.51,5
R133-05,E133,5,west,29.45,13.62,standard,1,12.42,10.37,0.34,69.06,1,68.66,4
R133-06,E133,6,west,22.38,11.89,standard,0,12.42,9.83,0.378,54.72,0,55.27,4
R133-07,E133,7,west,25.69,15.07,complex,1,12.42,13.14,0.672,85.98,1,86.64,3
R133-08,E133,8,west,20.67,13.23,standard,1,12.42,11.68,0.348,54.4,1,54.88,2
R133-09,E133,9,west,20.36,11.0,complex,0,12.42,8.14,0.728,65.44,0,65.67,4
R133-10,E133,10,west,14.12,15.29,complex,0,12.42,12.68,0.984,59.79,1,60.01,2
R133-11,E133,11,west,19.26,12.78,standard,0,12.42,10.67,0.71,37.52,0,37.6,5
R133-12,E133,12,west,23.92,13.85,standard,1,12.42,11.35,0.857,58.11,0,58.17,4
R133-13,E133,13,west,13.89,12.01,standard,0,12.42,10.47,0.919,43.47,0,43.24,5
R133-14,E133,14,west,11.59,7.72,standard,0,12.42,6.33,0.813,37.09,0,37.05,5
R133-15,E133,15,west,29.34,15.69,standard,1,12.42,12.57,0.411,75.2,1,74.18,4
R133-16,E133,16,west,25.36,16.63,standard,0,12.42,15.55,0.438,68.68,0,67.83,5
R133-17,E133,17,west,16.12,9.94,standard,0,12.42,8.54,0.95,43.37,0,43.24,3
R133-18,E133,18,west,25.19,17.64,standard,0,12.42,15.47,0.945,66.52,0,67.02,5
R133-19,E133,19,west,20.33,15.4,standard,2,12.42,13.12,0.589,57.61,1,56.92,3
R133-20,E133,20,west,24.96,17.62,complex,0,12.42,14.71,0.999,82.12,1,82.89,4
R133-21,E133,21,west,17.33,13.5,standard,0,12.42,11.49,0.981,57.18,1,57.85,3
R133-22,E133,22,west,26.54,16.02,standard,0,12.42,13.96,0.684,74.07,1,73.44,4
R133-23,E133,23,west,25.16,10.53,standard,0,12.42,8.97,0.563,57.26,1,56.84,3
R134-00,E134,0,north,16.84,11.13,complex,1,5.11,9.69,0.735,58.97,0,58.71,3
R134-01,E134,1,north,11.89,12.55,standard,1,5.11,10.05,0.464,47.88,0,47.43,5
R134-02,E134,2,north,20.11,14.73,standard,0,5.11,12.25,0.736,48.62,0,48.42,3
R134-03,E134,3,north,17.49,14.25,complex,0,5.11,11.86,0.58,59.76,0,59.4,4
R134-04,E134,4,north,18.95,11.77,complex,0,5.11,9.4,0.957,58.81,0,59.06,4
R134-05,E134,5,north,14.22,15.36,complex,0,5.11,12.35,0.673,58.85,0,59.38,3
R134-06,E134,6,north,14.79,13.59,complex,0,5.11,11.41,0.502,62.2,0,61.91,4
R134-07,E134,7,north,20.61,11.73,complex,0,5.11,9.44,0.777,68.7,0,68.69,3
R134-08,E134,8,north,24.58,10.44,standard,2,5.11,10.61,0.364,65.31,1,65.35,2
R134-09,E134,9,north,26.25,18.45,standard,1,5.11,15.69,0.426,72.94,0,72.53,4
R134-10,E134,10,north,24.56,13.81,complex,0,5.11,12.3,0.718,84.4,0,85.2,5
R134-11,E134,11,north,16.49,9.58,standard,0,5.11,8.83,0.412,44.32,0,43.99,5
R134-12,E134,12,north,11.71,11.37,complex,1,5.11,9.6,0.99,63.28,0,62.72,3
R134-13,E134,13,north,13.0,15.06,complex,0,5.11,12.53,0.891,60.81,1,61.32,4
R134-14,E134,14,north,24.31,12.87,standard,1,5.11,11.08,0.642,61.86,1,61.73,2
R134-15,E134,15,north,21.86,13.7,standard,0,5.11,11.49,0.85,57.4,1,56.93,2
R134-16,E134,16,north,17.48,12.84,standard,1,5.11,10.89,0.772,48.36,0,48.62,3
R134-17,E134,17,north,14.92,10.72,complex,1,5.11,8.76,0.79,59.52,0,59.03,4
R134-18,E134,18,north,16.73,12.74,standard,0,5.11,11.7,0.791,58.96,0,59.62,5
R134-19,E134,19,north,15.33,12.01,complex,2,5.11,11.05,0.909,43.94,1,44.52,3
R134-20,E134,20,north,13.91,13.96,complex,0,5.11,13.27,0.723,62.02,0,62.33,4
R134-21,E134,21,north,15.36,11.2,standard,0,5.11,8.99,0.98,40.68,0,41.02,5
R134-22,E134,22,north,29.01,15.32,standard,0,5.11,13.37,0.509,86.99,0,86.93,3
R134-23,E134,23,north,15.84,14.99,complex,0,5.11,12.69,,66.52,0,65.94,3
R135-00,E135,0,east,14.95,11.85,standard,0,7.28,9.46,0.6,47.41,0,47.61,3
R135-01,E135,1,east,13.05,15.56,standard,0,7.28,13.56,0.344,62.2,0,61.78,5
R135-02,E135,2,east,17.47,9.43,standard,0,7.28,9.0,0.999,43.6,0,42.9,5
R135-03,E135,3,east,17.19,12.02,standard,1,7.28,10.93,0.312,52.44,0,52.45,5
R135-04,E135,4,east,11.22,9.53,standard,0,7.28,8.33,0.844,34.21,0,34.01,4
R135-05,E135,5,east,6.88,10.6,standard,0,7.28,8.91,0.911,45.08,0,45.17,5
R135-06,E135,6,east,16.48,10.18,standard,0,7.28,8.7,0.708,50.41,0,50.66,4
R135-07,E135,7,east,18.75,19.94,standard,0,7.28,17.53,0.572,71.66,1,72.08,2
R135-08,E135,8,east,18.89,13.11,complex,2,7.28,10.86,0.471,64.45,0,63.96,4
R135-09,E135,9,east,17.17,10.1,complex,2,7.28,8.93,0.97,50.02,0,50.03,3
R135-10,E135,10,east,18.77,15.0,standard,0,7.28,12.19,0.495,62.37,1,62.15,3
R135-11,E135,11,east,15.03,12.45,complex,1,7.28,11.12,0.323,53.64,1,52.51,2
R135-12,E135,12,east,17.24,14.58,standard,0,7.28,12.63,0.643,61.92,0,61.32,5
R135-13,E135,13,east,23.23,15.51,standard,0,7.28,12.92,0.727,70.45,0,70.54,3
R135-14,E135,14,east,22.91,16.15,standard,1,7.28,14.32,0.846,55.76,0,56.1,4
R135-15,E135,15,east,16.84,10.64,complex,0,7.28,8.96,0.739,47.06,0,46.37,3
R135-16,E135,16,east,16.48,9.65,complex,4,7.28,7.97,0.311,51.17,1,51.72,2
R135-17,E135,17,east,13.49,9.55,complex,1,7.28,8.83,0.369,52.99,0,52.73,5
R135-18,E135,18,east,15.54,15.26,complex,0,7.28,11.62,0.375,64.7,0,64.33,4
R135-19,E135,19,east,17.34,13.09,standard,0,7.28,11.58,0.498,57.62,0,57.26,4
R135-20,E135,20,east,18.2,12.08,complex,0,7.28,9.8,0.788,60.5,0,60.91,3
R135-21,E135,21,east,14.46,11.35,complex,1,7.28,10.25,0.312,38.96,0,38.58,5
R135-22,E135,22,east,26.18,15.28,standard,1,7.28,13.02,0.996,76.11,0,75.61,5
R135-23,E135,23,east,20.54,11.82,standard,0,7.28,8.88,0.663,58.55,0,58.56,5
R136-00,E136,0,west,16.4,10.2,standard,1,2.87,8.34,0.964,50.27,0,50.6,4
R136-01,E136,1,west,12.82,13.66,standard,1,2.87,12.33,0.941,56.83,0,56.55,5
R136-02,E136,2,west,25.45,14.89,standard,0,2.87,12.47,0.523,71.29,0,71.26,5
R136-03,E136,3,west,21.4,11.94,complex,0,2.87,11.74,0.402,75.93,0,76.2,5
R136-04,E136,4,west,8.98,10.47,standard,1,2.87,8.54,0.34,47.41,0,46.99,5
R136-05,E136,5,west,15.35,14.47,standard,3,2.87,11.54,0.967,46.6,0,46.43,3
R136-06,E136,6,west,27.68,13.6,standard,0,2.87,10.96,0.897,81.33,0,81.73,3
R136-07,E136,7,west,23.5,16.83,standard,1,2.87,13.65,0.777,66.92,0,66.68,3
R136-08,E136,8,west,26.04,12.17,standard,1,2.87,9.78,0.929,68.48,0,68.0,3
R136-09,E136,9,west,23.53,14.89,standard,1,2.87,13.11,0.553,63.46,0,63.3,3
R136-10,E136,10,west,20.79,10.42,standard,1,2.87,8.49,0.453,55.29,0,54.35,4
R136-11,E136,11,west,22.76,12.47,standard,0,2.87,10.41,0.599,51.87,0,50.67,4
R136-12,E136,12,west,30.02,15.84,complex,0,2.87,13.84,0.432,103.17,0,102.47,5
R136-13,E136,13,west,25.49,15.72,standard,2,2.87,13.51,0.896,78.01,0,78.3,5
R136-14,E136,14,west,28.51,12.89,standard,1,2.87,10.13,0.399,79.03,0,78.43,4
R136-15,E136,15,west,8.94,7.83,standard,2,2.87,7.09,0.921,41.11,0,41.46,5
R136-16,E136,16,west,24.24,16.17,complex,1,2.87,13.69,0.907,79.29,0,79.24,4
R136-17,E136,17,west,13.05,10.0,standard,1,2.87,9.26,0.63,50.75,0,50.55,4
R136-18,E136,18,west,19.36,9.82,standard,2,2.87,8.27,0.426,43.55,0,43.61,5
R136-19,E136,19,west,14.1,10.64,standard,0,2.87,9.91,0.745,43.08,0,42.68,3
R136-20,E136,20,west,17.45,15.79,complex,0,2.87,13.59,,73.39,0,73.12,4
R136-21,E136,21,west,25.35,14.07,standard,0,2.87,11.46,,71.72,1,71.85,3
R136-22,E136,22,west,27.56,14.95,complex,0,2.87,13.21,0.721,94.52,0,93.45,3
R136-23,E136,23,west,15.67,11.52,complex,0,2.87,10.97,0.545,51.41,1,51.69,4
R137-00,E137,0,north,18.21,14.17,standard,0,5.02,12.51,0.702,57.29,0,57.85,4
R137-01,E137,1,north,17.48,10.76,complex,0,5.02,9.45,0.558,60.13,0,60.94,4
R137-02,E137,2,north,11.79,7.96,standard,0,5.02,6.97,0.303,36.05,1,35.79,2
R137-03,E137,3,north,13.89,10.82,standard,0,5.02,8.06,0.361,50.09,0,50.42,3
R137-04,E137,4,north,11.54,10.45,standard,0,5.02,9.16,0.712,42.56,0,42.98,5
R137-05,E137,5,north,19.34,12.42,complex,0,5.02,9.46,0.938,71.82,0,71.34,3
R137-06,E137,6,north,15.75,13.7,standard,1,5.02,11.91,0.884,53.22,0,53.75,4
R137-07,E137,7,north,20.12,13.52,standard,1,5.02,11.93,0.467,51.63,0,51.5,3
R137-08,E137,8,north,10.2,9.6,standard,0,5.02,7.96,0.615,35.99,0,35.94,4
R137-09,E137,9,north,9.18,8.72,complex,0,5.02,7.55,0.403,42.07,0,42.28,4
R137-10,E137,10,north,14.51,15.01,standard,0,5.02,13.63,0.684,52.77,0,52.01,4
R137-11,E137,11,north,12.46,11.54,standard,0,5.02,9.05,0.595,49.07,0,49.31,4
R137-12,E137,12,north,15.54,10.34,standard,2,5.02,9.13,0.314,44.34,0,43.93,5
R137-13,E137,13,north,15.6,14.4,standard,1,5.02,12.0,0.935,52.85,0,52.27,5
R137-14,E137,14,north,19.14,9.99,standard,1,5.02,8.17,0.876,50.59,0,51.29,3
R137-15,E137,15,north,22.27,14.99,standard,2,5.02,11.82,0.492,64.04,1,65.32,3
R137-16,E137,16,north,22.4,14.55,complex,0,5.02,13.34,0.576,65.05,0,65.32,4
R137-17,E137,17,north,12.46,12.35,standard,0,5.02,11.32,0.567,46.86,0,46.11,5
R137-18,E137,18,north,17.94,11.59,standard,2,5.02,10.43,0.451,53.63,0,53.77,5
R137-19,E137,19,north,16.82,10.98,complex,0,5.02,10.38,0.423,52.67,0,52.19,5
R137-20,E137,20,north,19.4,11.44,standard,0,5.02,8.98,0.804,42.23,0,43.13,3
R137-21,E137,21,north,23.41,16.25,complex,0,5.02,14.07,0.323,66.8,0,66.94,5
R137-22,E137,22,north,20.78,14.66,standard,0,5.02,13.29,,59.11,0,58.6,3
R137-23,E137,23,north,21.06,13.6,standard,1,5.02,12.95,0.784,48.49,0,48.08,3
R138-00,E138,0,east,16.21,13.06,complex,2,3.02,11.39,0.988,60.22,1,60.21,3
R138-01,E138,1,east,9.43,12.0,standard,1,3.02,9.14,0.96,47.34,0,46.54,5
R138-02,E138,2,east,18.49,10.65,standard,2,3.02,9.94,0.696,58.56,0,58.28,3
R138-03,E138,3,east,17.63,8.3,complex,2,3.02,7.37,0.982,50.22,0,49.25,5
R138-04,E138,4,east,13.41,11.44,complex,0,3.02,9.33,0.344,66.44,0,65.43,3
R138-05,E138,5,east,14.57,12.9,standard,0,3.02,10.48,0.942,43.6,0,43.5,3
R138-06,E138,6,east,8.14,8.82,complex,1,3.02,7.47,0.658,44.35,0,43.9,4
R138-07,E138,7,east,18.09,11.45,standard,0,3.02,9.7,0.575,35.42,1,35.73,3
R138-08,E138,8,east,13.16,10.33,standard,1,3.02,8.63,0.617,47.31,0,47.76,3
R138-09,E138,9,east,10.81,12.42,standard,2,3.02,10.55,0.971,40.71,0,41.59,5
R138-10,E138,10,east,15.26,11.44,complex,0,3.02,9.69,0.415,53.8,0,54.05,3
R138-11,E138,11,east,16.69,10.6,standard,0,3.02,9.94,0.844,44.58,1,43.49,2
R138-12,E138,12,east,12.44,9.09,standard,0,3.02,6.94,0.927,31.7,0,31.46,5
R138-13,E138,13,east,14.88,15.25,standard,0,3.02,13.13,0.721,57.77,0,57.77,4
R138-14,E138,14,east,10.63,10.24,complex,0,3.02,8.99,0.375,46.76,0,47.25,5
R138-15,E138,15,east,10.68,11.44,standard,0,3.02,10.42,0.811,47.35,0,47.8,3
R138-16,E138,16,east,14.93,10.64,complex,1,3.02,10.08,0.512,44.83,1,45.63,2
R138-17,E138,17,east,17.33,12.32,standard,2,3.02,10.07,0.846,46.14,0,46.24,3
R138-18,E138,18,east,9.33,11.39,standard,0,3.02,9.89,0.341,38.98,0,39.39,3
R138-19,E138,19,east,20.0,13.39,complex,3,3.02,10.87,0.364,58.85,0,58.19,5
R138-20,E138,20,east,6.23,8.71,standard,1,3.02,6.86,0.437,33.01,0,33.49,5
R138-21,E138,21,east,18.64,10.16,standard,0,3.02,8.57,0.385,50.88,0,51.04,5
R138-22,E138,22,east,18.63,12.43,standard,1,3.02,9.46,,47.39,0,47.28,3
R138-23,E138,23,east,19.23,11.97,complex,0,3.02,10.19,0.898,69.16,0,69.05,3
R139-00,E139,0,west,12.81,12.1,standard,3,1.34,10.17,0.838,44.61,0,44.53,4
R139-01,E139,1,west,11.88,13.22,complex,0,1.34,10.27,0.997,60.8,0,60.45,3
R139-02,E139,2,west,8.67,11.04,standard,0,1.34,9.17,0.55,38.4,0,39.1,4
R139-03,E139,3,west,17.92,13.4,standard,1,1.34,11.65,0.771,48.66,0,49.44,5
R139-04,E139,4,west,19.72,13.48,standard,0,1.34,11.72,0.93,58.41,0,58.75,3
R139-05,E139,5,west,21.92,15.61,standard,3,1.34,12.8,0.614,68.33,1,68.13,3
R139-06,E139,6,west,20.99,15.42,complex,0,1.34,12.9,0.353,64.63,1,64.46,2
R139-07,E139,7,west,12.43,12.41,standard,0,1.34,9.31,0.68,49.48,0,49.1,4
R139-08,E139,8,west,27.15,16.94,standard,2,1.34,13.89,0.644,88.8,1,88.05,2
R139-09,E139,9,west,19.1,17.83,standard,2,1.34,14.54,0.711,60.66,1,60.27,4
R139-10,E139,10,west,25.97,12.12,complex,0,1.34,10.12,0.655,88.97,0,88.89,5
R139-11,E139,11,west,20.47,14.33,complex,2,1.34,13.5,0.554,70.93,0,71.58,5
R139-12,E139,12,west,21.96,14.79,complex,0,1.34,13.7,0.939,73.19,1,73.43,4
R139-13,E139,13,west,11.57,9.5,complex,0,1.34,9.06,0.314,50.74,0,50.76,4
R139-14,E139,14,west,19.55,14.11,standard,0,1.34,12.38,0.44,63.95,0,64.82,3
R139-15,E139,15,west,23.48,12.68,standard,0,1.34,11.37,0.679,69.79,0,70.28,5
R139-16,E139,16,west,18.14,14.03,standard,0,1.34,11.67,0.468,64.09,0,64.49,4
R139-17,E139,17,west,20.81,13.1,complex,1,1.34,10.93,0.828,83.39,0,82.95,4
R139-18,E139,18,west,24.16,12.8,standard,0,1.34,12.2,0.749,68.33,0,67.83,4
R139-19,E139,19,west,13.05,7.92,standard,0,1.34,6.45,0.386,49.32,0,49.52,4
R139-20,E139,20,west,16.96,12.55,standard,1,1.34,10.34,0.788,51.85,1,52.15,4
R139-21,E139,21,west,16.41,11.34,complex,1,1.34,8.9,0.728,62.92,0,62.47,5
R139-22,E139,22,west,19.08,9.51,standard,1,1.34,8.98,0.857,44.99,1,45.34,3
R139-23,E139,23,west,28.34,16.86,complex,1,1.34,14.21,,92.54,0,92.7,4
R140-00,E140,0,north,3.36,8.04,standard,0,5.9,8.33,0.444,40.02,0,40.04,4
R140-01,E140,1,north,5.99,8.48,complex,1,5.9,6.53,0.606,48.98,0,49.06,5
R140-02,E140,2,north,15.74,12.0,complex,1,5.9,10.95,0.421,58.24,0,57.79,4
R140-03,E140,3,north,8.36,10.35,complex,1,5.9,9.11,0.4,48.26,1,48.26,3
R140-04,E140,4,north,17.08,13.79,standard,0,5.9,12.1,0.431,51.13,0,51.34,3
R140-05,E140,5,north,16.11,11.27,standard,2,5.9,8.48,0.434,48.25,0,48.22,5
R140-06,E140,6,north,25.18,13.19,standard,0,5.9,10.86,0.86,68.84,0,68.61,3
R140-07,E140,7,north,12.9,7.83,standard,1,5.9,7.02,0.785,29.41,0,29.49,4
R140-08,E140,8,north,9.16,12.44,standard,0,5.9,10.1,0.673,39.41,0,40.03,4
R140-09,E140,9,north,11.9,8.79,standard,0,5.9,8.3,0.527,39.75,0,39.71,5
R140-10,E140,10,north,14.32,12.18,standard,1,5.9,10.36,0.99,49.08,0,49.05,4
R140-11,E140,11,north,13.95,12.2,complex,0,5.9,10.28,0.354,52.7,0,52.68,5
R140-12,E140,12,north,9.2,10.87,standard,2,5.9,9.52,0.348,47.01,0,47.32,3
R140-13,E140,13,north,15.95,13.68,standard,0,5.9,11.96,0.733,46.56,0,47.28,4
R140-14,E140,14,north,24.35,10.24,standard,0,5.9,8.69,0.355,58.81,0,59.32,3
R140-15,E140,15,north,22.6,12.86,standard,1,5.9,11.93,0.883,52.53,0,52.73,3
R140-16,E140,16,north,10.3,10.93,complex,0,5.9,10.42,0.925,50.51,0,51.16,4
R140-17,E140,17,north,24.85,15.63,complex,0,5.9,13.43,0.718,80.97,0,81.37,4
R140-18,E140,18,north,21.27,16.09,complex,3,5.9,12.81,0.794,79.27,1,79.55,2
R140-19,E140,19,north,9.15,11.1,standard,0,5.9,9.27,0.511,42.74,0,42.58,3
R140-20,E140,20,north,12.36,13.7,complex,0,5.9,12.92,0.316,55.36,0,55.6,5
R140-21,E140,21,north,15.94,10.07,complex,4,5.9,7.76,,47.16,1,46.62,4
R140-22,E140,22,north,25.17,11.14,standard,0,5.9,9.7,0.749,66.44,0,66.61,5
R140-23,E140,23,north,18.88,12.82,complex,1,5.9,11.95,0.702,53.86,0,53.39,4
R141-00,E141,0,east,6.41,10.11,complex,4,9.71,7.93,0.736,47.64,0,47.41,3
R141-01,E141,1,east,6.62,12.46,standard,0,9.71,9.13,0.398,35.11,0,35.32,5
R141-02,E141,2,east,13.8,10.82,standard,0,9.71,9.9,0.97,44.16,0,44.11,5
R141-03,E141,3,east,12.65,13.77,standard,2,9.71,10.6,0.679,46.85,0,47.81,4
R141-04,E141,4,east,16.28,12.43,complex,0,9.71,10.13,0.542,61.79,0,62.12,3
R141-05,E141,5,east,18.02,12.71,complex,0,9.71,10.23,0.769,64.4,0,64.37,5
R141-06,E141,6,east,18.57,14.3,standard,1,9.71,12.74,0.816,56.54,0,57.01,5
R141-07,E141,7,east,15.44,13.3,standard,0,9.71,11.36,0.73,52.39,0,52.57,3
R141-08,E141,8,east,12.76,11.66,complex,2,9.71,11.11,0.669,48.39,0,47.77,5
R141-09,E141,9,east,15.61,11.19,standard,0,9.71,9.75,0.97,47.17,0,47.57,5
R141-10,E141,10,east,14.43,14.43,standard,0,9.71,11.57,0.494,60.51,0,60.61,4
R141-11,E141,11,east,14.48,12.31,standard,0,9.71,10.8,0.712,55.31,1,56.2,4
R141-12,E141,12,east,11.54,10.6,complex,0,9.71,10.0,0.443,53.97,0,54.02,4
R141-13,E141,13,east,7.15,10.17,standard,2,9.71,7.98,0.573,41.78,0,41.97,3
R141-14,E141,14,east,21.06,13.29,standard,2,9.71,10.79,0.662,56.95,1,57.04,3
R141-15,E141,15,east,22.71,12.65,standard,0,9.71,10.14,0.369,68.22,0,67.71,3
R141-16,E141,16,east,15.57,10.46,standard,0,9.71,8.53,0.956,38.94,0,38.35,4
R141-17,E141,17,east,10.66,12.01,standard,1,9.71,9.68,0.565,36.21,0,35.99,4
R141-18,E141,18,east,18.99,13.25,standard,0,9.71,10.55,0.571,57.3,0,56.77,3
R141-19,E141,19,east,20.67,14.67,complex,0,9.71,12.6,0.794,56.81,1,57.21,3
R141-20,E141,20,east,18.14,16.71,standard,0,9.71,13.47,,65.58,1,64.98,3
R141-21,E141,21,east,22.66,13.03,standard,0,9.71,11.2,0.349,60.73,0,60.03,4
R141-22,E141,22,east,19.84,12.45,complex,1,9.71,10.29,0.497,67.8,0,67.78,3
R141-23,E141,23,east,17.91,12.96,standard,1,9.71,11.9,0.837,53.01,0,52.71,3
R142-00,E142,0,west,19.51,11.32,standard,1,12.48,10.55,0.948,45.32,1,44.66,2
R142-01,E142,1,west,15.28,11.34,standard,1,12.48,9.19,0.974,49.06,1,49.02,4
R142-02,E142,2,west,4.99,7.46,standard,1,12.48,6.85,0.623,34.47,0,34.54,5
R142-03,E142,3,west,22.92,12.84,complex,0,12.48,11.01,0.695,78.25,1,78.6,3
R142-04,E142,4,west,12.94,8.71,complex,3,12.48,7.39,0.933,49.7,0,50.07,4
R142-05,E142,5,west,14.6,12.31,complex,4,12.48,11.15,0.773,54.71,0,55.01,5
R142-06,E142,6,west,13.7,11.59,complex,5,12.48,9.8,0.73,59.95,0,60.84,5
R142-07,E142,7,west,21.71,16.48,standard,4,12.48,13.46,0.76,62.05,1,61.84,3
R142-08,E142,8,west,17.71,13.63,standard,1,12.48,11.43,0.883,53.57,0,53.86,4
R142-09,E142,9,west,8.86,9.1,standard,3,12.48,8.69,0.799,39.63,1,40.14,4
R142-10,E142,10,west,23.86,12.74,standard,0,12.48,10.79,0.895,64.92,0,65.2,4
R142-11,E142,11,west,19.95,8.76,standard,2,12.48,6.64,0.973,57.06,1,58.21,2
R142-12,E142,12,west,16.38,11.57,standard,0,12.48,10.99,0.958,50.03,0,49.94,5
R142-13,E142,13,west,13.18,12.24,complex,0,12.48,11.1,0.312,62.42,0,61.4,3
R142-14,E142,14,west,24.35,15.33,standard,0,12.48,12.76,0.842,65.38,0,65.86,3
R142-15,E142,15,west,22.82,15.52,standard,1,12.48,13.66,0.536,57.65,0,56.94,5
R142-16,E142,16,west,16.77,13.34,complex,1,12.48,11.55,0.673,69.51,0,69.11,4
R142-17,E142,17,west,22.21,14.09,complex,0,12.48,12.66,0.687,78.15,0,77.75,4
R142-18,E142,18,west,7.05,10.82,standard,0,12.48,8.56,0.846,34.39,0,34.36,5
R142-19,E142,19,west,18.55,12.82,complex,0,12.48,10.57,0.365,61.94,0,61.76,4
R142-20,E142,20,west,23.96,13.06,complex,2,12.48,11.04,0.696,71.08,1,70.8,2
R142-21,E142,21,west,18.66,14.43,standard,0,12.48,12.93,0.765,59.12,1,59.7,4
R142-22,E142,22,west,24.22,14.11,complex,3,12.48,11.77,,78.5,1,77.95,4
R142-23,E142,23,west,22.39,13.32,standard,0,12.48,11.3,0.542,66.17,1,66.64,4
R143-00,E143,0,north,11.32,14.49,standard,1,14.62,11.52,0.658,44.88,0,44.47,4
R143-01,E143,1,north,6.95,12.35,standard,2,14.62,11.37,0.836,41.94,0,42.43,5
R143-02,E143,2,north,14.86,10.31,complex,0,14.62,8.4,0.663,60.63,0,60.7,5
R143-03,E143,3,north,14.45,12.05,complex,0,14.62,11.26,0.315,48.75,0,48.03,4
R143-04,E143,4,north,5.03,7.44,complex,0,14.62,5.71,0.976,35.92,1,35.72,4
R143-05,E143,5,north,18.24,9.21,standard,4,14.62,7.46,0.732,41.3,1,41.18,4
R143-06,E143,6,north,13.17,10.77,complex,2,14.62,8.92,0.809,45.48,0,46.0,5
R143-07,E143,7,north,20.75,15.4,complex,1,14.62,12.12,0.722,60.64,0,60.89,4
R143-08,E143,8,north,9.08,9.6,complex,0,14.62,9.1,0.564,45.6,0,45.26,3
R143-09,E143,9,north,18.61,13.58,standard,0,14.62,10.93,0.554,54.51,0,55.55,4
R143-10,E143,10,north,20.88,10.08,standard,1,14.62,6.97,0.406,51.28,0,51.59,5
R143-11,E143,11,north,17.35,13.7,standard,0,14.62,11.57,0.436,46.27,0,46.66,4
R143-12,E143,12,north,10.02,12.39,complex,2,14.62,10.25,0.915,48.33,0,48.24,5
R143-13,E143,13,north,16.42,13.53,standard,2,14.62,10.95,0.992,48.04,0,47.51,5
R143-14,E143,14,north,12.36,12.79,complex,1,14.62,11.01,0.565,54.69,0,54.28,5
R143-15,E143,15,north,19.39,11.67,complex,4,14.62,8.18,0.573,55.99,0,55.39,3
R143-16,E143,16,north,12.08,9.23,complex,1,14.62,7.79,0.744,50.25,0,50.1,5
R143-17,E143,17,north,16.57,12.66,complex,0,14.62,10.07,0.439,61.21,0,61.52,5
R143-18,E143,18,north,11.83,11.12,complex,0,14.62,8.48,0.88,45.38,0,45.16,5
R143-19,E143,19,north,12.03,10.98,standard,0,14.62,9.85,0.393,38.86,0,38.96,5
R143-20,E143,20,north,18.82,12.74,standard,0,14.62,10.29,0.886,51.94,0,52.16,5
R143-21,E143,21,north,23.06,13.85,complex,0,14.62,11.07,,76.81,0,76.37,4
R143-22,E143,22,north,23.9,12.05,complex,1,14.62,9.21,0.597,62.46,1,63.02,2
R143-23,E143,23,north,19.75,14.45,standard,0,14.62,13.05,0.345,57.37,0,58.26,5
R144-00,E144,0,east,14.96,9.35,standard,0,8.64,7.11,0.656,50.71,0,50.86,3
R144-01,E144,1,east,10.39,13.38,standard,0,8.64,12.38,0.763,51.07,0,50.34,3
R144-02,E144,2,east,18.94,13.63,standard,1,8.64,11.69,0.746,56.86,1,57.22,4
R144-03,E144,3,east,13.32,8.64,complex,1,8.64,7.45,0.352,51.23,0,50.93,3
R144-04,E144,4,east,14.91,13.63,standard,1,8.64,10.69,0.428,53.99,0,54.23,3
R144-05,E144,5,east,11.85,11.04,standard,0,8.64,9.08,0.983,44.72,0,44.59,4
R144-06,E144,6,east,17.31,10.56,standard,0,8.64,7.97,0.79,45.54,0,45.01,3
R144-07,E144,7,east,14.48,15.89,standard,0,8.64,13.76,0.55,59.34,0,59.33,3
R144-08,E144,8,east,16.79,14.06,standard,0,8.64,12.13,0.602,68.94,0,69.11,4
R144-09,E144,9,east,16.72,14.18,standard,0,8.64,12.24,0.968,55.89,0,56.22,3
R144-10,E144,10,east,13.23,10.8,standard,0,8.64,9.23,0.559,42.67,0,42.81,4
R144-11,E144,11,east,20.54,16.18,standard,0,8.64,12.7,0.972,64.99,0,65.13,3
R144-12,E144,12,east,22.87,13.5,standard,0,8.64,11.19,0.332,63.11,0,62.83,4
R144-13,E144,13,east,7.13,9.17,complex,0,8.64,6.79,0.353,53.45,0,53.17,3
R144-14,E144,14,east,21.1,12.07,standard,0,8.64,10.17,0.785,63.92,0,63.9,5
R144-15,E144,15,east,10.7,15.8,standard,0,8.64,13.88,0.923,56.16,0,55.64,3
R144-16,E144,16,east,24.73,14.82,standard,0,8.64,14.63,0.502,67.25,0,67.15,3
R144-17,E144,17,east,11.7,13.45,complex,0,8.64,10.73,0.327,64.01,1,64.41,2
R144-18,E144,18,east,27.9,12.23,standard,0,8.64,11.87,0.421,58.58,0,58.81,5
R144-19,E144,19,east,12.71,9.37,standard,3,8.64,7.57,0.832,44.91,0,44.57,5
R144-20,E144,20,east,20.59,9.48,complex,0,8.64,8.88,0.326,63.7,0,64.13,3
R144-21,E144,21,east,26.55,13.7,complex,3,8.64,12.25,,92.57,0,92.4,3
R144-22,E144,22,east,12.74,14.9,complex,0,8.64,11.98,,65.89,0,66.11,4
R144-23,E144,23,east,12.5,6.32,complex,1,8.64,5.66,0.624,54.29,0,54.72,4
R145-00,E145,0,west,18.75,12.65,standard,0,10.98,10.2,0.804,54.8,0,55.19,3
R145-01,E145,1,west,9.92,11.02,complex,0,10.98,9.67,0.329,51.86,0,52.46,5
R145-02,E145,2,west,12.12,13.18,standard,0,10.98,10.66,0.932,53.94,0,53.73,3
R145-03,E145,3,west,14.15,12.81,complex,0,10.98,10.74,0.968,61.82,1,62.15,2
R145-04,E145,4,west,16.81,10.7,complex,0,10.98,8.24,0.667,58.78,0,57.8,5
R145-05,E145,5,west,18.71,11.34,standard,2,10.98,10.17,0.478,52.21,0,52.58,3
R145-06,E145,6,west,19.22,13.19,complex,2,10.98,10.05,0.597,65.61,1,65.53,4
R145-07,E145,7,west,16.97,14.69,standard,4,10.98,12.63,0.795,57.17,1,57.57,4
R145-08,E145,8,west,12.7,12.59,standard,1,10.98,10.59,0.627,48.94,0,49.22,3
R145-09,E145,9,west,9.7,11.54,standard,1,10.98,8.87,0.351,52.53,0,51.93,5
R145-10,E145,10,west,7.59,10.98,standard,0,10.98,10.19,0.651,50.03,0,49.6,5
R145-11,E145,11,west,18.99,13.73,standard,1,10.98,11.63,0.317,57.19,1,57.5,4
R145-12,E145,12,west,11.13,7.59,complex,0,10.98,5.74,0.422,50.18,0,50.27,4
R145-13,E145,13,west,23.16,11.63,standard,0,10.98,10.0,0.714,63.61,1,63.53,2
R145-14,E145,14,west,21.98,12.85,standard,0,10.98,10.06,0.668,72.7,1,73.72,4
R145-15,E145,15,west,24.66,17.25,complex,1,10.98,14.28,0.561,71.59,1,71.07,2
R145-16,E145,16,west,24.25,15.29,standard,1,10.98,11.98,0.625,60.68,0,60.48,3
R145-17,E145,17,west,19.57,14.38,standard,0,10.98,11.84,0.306,66.61,0,66.06,3
R145-18,E145,18,west,26.55,15.92,standard,0,10.98,14.0,0.924,63.91,0,64.67,4
R145-19,E145,19,west,19.98,7.35,complex,1,10.98,5.99,0.456,59.37,0,59.2,5
R145-20,E145,20,west,18.5,13.58,complex,1,10.98,10.39,0.521,63.71,1,65.09,3
R145-21,E145,21,west,23.25,15.18,complex,0,10.98,12.68,0.825,70.71,0,70.53,3
R145-22,E145,22,west,15.86,6.77,complex,3,10.98,5.3,0.577,55.35,1,56.19,2
R145-23,E145,23,west,15.29,10.84,complex,0,10.98,8.81,0.961,60.04,0,59.87,4
R146-00,E146,0,north,15.58,8.99,complex,2,12.31,7.4,0.546,56.94,1,57.07,3
R146-01,E146,1,north,13.42,11.75,standard,0,12.31,10.24,0.618,49.26,0,48.22,4
R146-02,E146,2,north,11.69,5.85,complex,1,12.31,5.0,0.517,51.69,0,52.02,4
R146-03,E146,3,north,18.17,10.3,complex,2,12.31,8.85,0.905,48.73,0,48.88,3
R146-04,E146,4,north,15.38,9.6,standard,0,12.31,9.49,0.42,50.49,0,50.48,5
R146-05,E146,5,north,14.62,11.95,standard,0,12.31,11.49,0.331,43.97,0,43.92,4
R146-06,E146,6,north,12.08,9.37,standard,0,12.31,8.19,0.449,39.23,0,37.72,5
R146-07,E146,7,north,12.25,9.13,complex,0,12.31,6.72,0.594,52.92,0,52.46,4
R146-08,E146,8,north,19.07,15.27,complex,0,12.31,12.81,0.954,70.25,1,70.1,2
R146-09,E146,9,north,18.88,9.68,standard,1,12.31,8.74,0.384,45.0,0,45.15,5
R146-10,E146,10,north,25.75,14.85,standard,1,12.31,11.86,0.643,75.75,0,75.91,5
R146-11,E146,11,north,25.29,13.84,complex,0,12.31,11.67,0.498,79.8,0,79.22,3
R146-12,E146,12,north,14.47,10.76,standard,1,12.31,8.9,0.31,41.66,0,40.87,5
R146-13,E146,13,north,23.97,12.75,standard,2,12.31,11.56,0.41,67.38,0,67.42,5
R146-14,E146,14,north,18.93,14.26,standard,0,12.31,11.83,0.774,48.3,0,47.57,3
R146-15,E146,15,north,14.76,11.02,standard,0,12.31,10.05,0.734,47.62,0,46.89,4
R146-16,E146,16,north,14.4,14.69,standard,1,12.31,11.19,0.689,48.33,0,49.04,4
R146-17,E146,17,north,20.06,17.37,complex,1,12.31,14.56,0.58,70.33,1,70.63,2
R146-18,E146,18,north,22.2,15.45,standard,0,12.31,13.08,0.656,66.37,0,65.97,5
R146-19,E146,19,north,14.88,13.7,standard,0,12.31,11.33,0.676,38.55,0,37.99,3
R146-20,E146,20,north,18.34,13.91,standard,0,12.31,12.42,0.715,53.67,0,53.25,5
R146-21,E146,21,north,14.49,10.34,standard,1,12.31,8.53,0.361,46.67,0,47.62,5
R146-22,E146,22,north,20.76,12.16,complex,1,12.31,10.81,0.5,63.44,0,63.84,4
R146-23,E146,23,north,19.21,14.94,complex,2,12.31,13.28,0.893,70.87,0,70.75,4
R147-00,E147,0,east,12.25,10.12,complex,3,9.24,9.18,0.501,49.22,1,48.8,2
R147-01,E147,1,east,15.75,11.96,standard,1,9.24,11.64,0.517,43.91,0,44.0,4
R147-02,E147,2,east,13.78,11.74,standard,1,9.24,9.05,0.847,34.04,0,34.3,3
R147-03,E147,3,east,9.78,10.43,complex,1,9.24,10.55,0.395,47.56,0,48.45,3
R147-04,E147,4,east,23.41,11.74,standard,1,9.24,9.87,0.522,52.27,0,52.62,3
R147-05,E147,5,east,17.86,13.04,standard,1,9.24,11.15,0.486,54.59,0,54.04,3
R147-06,E147,6,east,22.42,13.8,complex,3,9.24,11.07,0.597,61.34,1,61.52,2
R147-07,E147,7,east,25.01,13.9,complex,0,9.24,11.47,0.997,77.46,1,76.88,4
R147-08,E147,8,east,20.68,12.18,complex,0,9.24,10.77,0.633,61.31,0,61.51,5
R147-09,E147,9,east,17.32,12.41,complex,1,9.24,11.98,0.44,57.34,0,57.76,3
R147-10,E147,10,east,14.03,13.45,standard,0,9.24,10.15,0.638,43.2,0,43.43,5
R147-11,E147,11,east,17.48,11.49,complex,0,9.24,9.78,0.972,53.78,0,52.88,5
R147-12,E147,12,east,17.04,12.3,standard,1,9.24,9.73,0.632,46.99,0,46.97,3
R147-13,E147,13,east,16.63,11.84,standard,0,9.24,10.62,0.477,39.04,0,39.04,5
R147-14,E147,14,east,14.96,13.36,standard,2,9.24,11.07,0.434,41.46,0,40.84,4
R147-15,E147,15,east,22.27,12.75,complex,0,9.24,10.96,0.862,60.65,1,59.54,4
R147-16,E147,16,east,7.79,6.67,standard,0,9.24,4.93,0.542,26.86,0,25.59,5
R147-17,E147,17,east,14.34,10.56,standard,2,9.24,8.75,0.416,40.86,1,40.44,2
R147-18,E147,18,east,11.99,9.33,standard,3,9.24,7.64,0.839,39.8,0,39.94,4
R147-19,E147,19,east,15.07,11.14,standard,0,9.24,10.08,0.908,40.42,0,40.05,4
R147-20,E147,20,east,20.54,15.08,complex,1,9.24,11.65,0.928,58.93,1,58.42,4
R147-21,E147,21,east,9.42,8.06,complex,2,9.24,7.4,0.426,42.89,1,42.85,4
R147-22,E147,22,east,16.87,13.94,complex,0,9.24,11.99,0.52,61.03,0,60.08,3
R147-23,E147,23,east,19.25,13.52,complex,0,9.24,10.9,,51.92,0,51.24,4
R148-00,E148,0,west,23.85,18.22,standard,0,10.71,15.44,0.338,70.66,0,70.77,4
R148-01,E148,1,west,10.38,8.13,complex,1,10.71,7.28,0.646,49.62,1,49.31,4
R148-02,E148,2,west,21.28,13.35,standard,0,10.71,11.03,0.564,69.24,0,69.88,3
R148-03,E148,3,west,22.39,10.64,standard,1,10.71,9.54,0.901,55.03,0,54.54,4
R148-04,E148,4,west,18.95,11.07,standard,0,10.71,9.61,0.907,46.47,0,46.88,4
R148-05,E148,5,west,25.27,15.43,complex,1,10.71,14.1,0.381,69.11,1,68.48,2
R148-06,E148,6,west,8.41,10.94,standard,0,10.71,9.77,0.662,39.72,0,39.78,3
R148-07,E148,7,west,23.27,15.53,standard,0,10.71,13.79,0.818,71.26,0,70.24,5
R148-08,E148,8,west,30.32,13.59,standard,0,10.71,11.11,0.549,77.17,0,77.56,5
R148-09,E148,9,west,15.24,14.18,standard,1,10.71,13.01,0.518,60.11,0,59.71,3
R148-10,E148,10,west,18.4,15.83,complex,0,10.71,12.27,0.878,62.77,0,62.39,5
R148-11,E148,11,west,18.77,14.74,standard,1,10.71,13.38,0.725,62.89,0,62.23,4
R148-12,E148,12,west,23.87,14.67,complex,0,10.71,13.53,0.842,61.28,1,60.63,2
R148-13,E148,13,west,8.93,10.68,standard,0,10.71,8.89,0.53,43.65,0,44.31,3
R148-14,E148,14,west,25.15,17.24,standard,0,10.71,14.45,0.69,68.85,1,68.55,4
R148-15,E148,15,west,16.04,10.78,complex,0,10.71,9.14,0.724,60.71,1,61.14,4
R148-16,E148,16,west,20.84,13.65,standard,0,10.71,11.71,0.779,55.28,1,54.88,3
R148-17,E148,17,west,13.71,6.42,standard,0,10.71,4.91,0.977,38.56,0,38.43,4
R148-18,E148,18,west,29.2,13.43,standard,0,10.71,12.11,0.691,80.09,1,80.21,4
R148-19,E148,19,west,23.82,14.15,standard,0,10.71,10.9,0.862,71.73,0,71.38,5
R148-20,E148,20,west,23.59,13.23,complex,0,10.71,11.54,0.573,68.82,0,69.34,5
R148-21,E148,21,west,15.4,10.97,standard,0,10.71,9.14,0.515,48.49,0,48.39,5
R148-22,E148,22,west,35.31,18.23,complex,1,10.71,14.95,0.571,99.04,1,99.49,3
R148-23,E148,23,west,14.27,8.34,standard,0,10.71,7.01,0.651,45.93,0,45.94,3
R149-00,E149,0,north,19.8,9.55,standard,0,7.0,8.59,0.331,48.68,0,48.23,4
R149-01,E149,1,north,9.33,9.64,complex,0,7.0,7.0,0.844,43.86,0,44.77,4
R149-02,E149,2,north,14.66,12.69,complex,0,7.0,9.9,0.553,56.66,0,56.82,4
R149-03,E149,3,north,16.1,14.26,complex,0,7.0,11.89,0.581,68.28,0,68.82,3
R149-04,E149,4,north,14.33,12.55,standard,0,7.0,10.89,0.342,37.79,0,37.53,4
R149-05,E149,5,north,17.87,10.18,standard,1,7.0,9.93,0.55,39.63,0,39.45,4
R149-06,E149,6,north,4.38,13.57,complex,0,7.0,11.35,0.57,54.53,0,54.64,5
R149-07,E149,7,north,26.19,11.21,standard,1,7.0,10.05,0.538,65.55,0,64.94,5
R149-08,E149,8,north,16.79,8.53,standard,2,7.0,6.98,0.564,37.12,1,37.42,3
R149-09,E149,9,north,12.73,11.15,standard,0,7.0,9.38,0.616,43.05,0,42.82,4
R149-10,E149,10,north,15.06,12.89,standard,0,7.0,12.14,0.679,41.35,0,41.24,5
R149-11,E149,11,north,14.68,12.4,standard,1,7.0,9.53,0.938,48.43,0,47.64,5
R149-12,E149,12,north,18.52,13.34,standard,0,7.0,11.67,0.966,47.75,0,47.9,3
R149-13,E149,13,north,8.3,6.69,standard,0,7.0,4.58,0.314,37.67,0,37.89,5
R149-14,E149,14,north,13.57,13.84,complex,2,7.0,11.97,0.81,50.23,0,49.98,3
R149-15,E149,15,north,20.58,15.93,standard,0,7.0,14.15,0.422,61.55,0,61.59,3
R149-16,E149,16,north,14.73,15.98,complex,0,7.0,14.48,0.525,61.75,1,62.5,2
R149-17,E149,17,north,23.48,14.4,complex,0,7.0,11.81,0.526,57.64,0,58.61,3
R149-18,E149,18,north,16.15,16.44,standard,0,7.0,15.29,0.383,56.92,0,57.3,5
R149-19,E149,19,north,15.73,14.04,standard,2,7.0,11.17,0.839,45.35,1,44.06,3
R149-20,E149,20,north,16.51,13.47,standard,0,7.0,11.84,0.777,52.74,0,52.07,3
R149-21,E149,21,north,26.54,12.7,complex,0,7.0,11.8,,73.77,0,74.35,5
R149-22,E149,22,north,10.72,11.18,complex,1,7.0,10.44,0.731,57.05,1,56.57,3
R149-23,E149,23,north,26.21,14.13,complex,2,7.0,12.39,,78.22,0,78.93,5
R150-00,E150,0,east,8.72,9.41,standard,0,2.15,8.04,0.437,30.1,0,30.0,5
R150-01,E150,1,east,16.07,11.87,standard,0,2.15,9.87,0.86,48.29,1,48.14,4
R150-02,E150,2,east,19.46,14.52,standard,0,2.15,11.7,0.34,60.76,0,60.77,3
R150-03,E150,3,east,19.33,11.3,complex,0,2.15,9.72,0.313,56.31,0,55.63,5
R150-04,E150,4,east,15.94,13.49,standard,1,2.15,10.52,0.784,41.32,0,41.53,5
R150-05,E150,5,east,21.14,11.71,complex,3,2.15,10.16,0.694,82.47,1,82.41,3
R150-06,E150,6,east,14.43,12.29,standard,0,2.15,10.46,0.66,48.21,0,47.53,4
R150-07,E150,7,east,16.86,8.55,complex,0,2.15,6.24,0.698,54.31,1,54.77,4
R150-08,E150,8,east,16.35,12.1,standard,0,2.15,9.83,0.496,60.85,0,60.82,3
R150-09,E150,9,east,12.63,14.55,standard,2,2.15,12.16,0.499,46.78,0,47.04,4
R150-10,E150,10,east,17.88,11.25,standard,0,2.15,9.25,0.936,49.28,0,49.53,3
R150-11,E150,11,east,10.54,12.14,standard,1,2.15,11.23,0.552,44.58,0,44.78,3
R150-12,E150,12,east,14.19,11.53,complex,2,2.15,9.43,0.776,55.59,0,56.03,3
R150-13,E150,13,east,19.42,11.96,complex,0,2.15,9.81,0.885,60.02,0,60.09,5
R150-14,E150,14,east,17.99,10.3,standard,0,2.15,9.34,0.901,43.26,0,44.03,5
R150-15,E150,15,east,15.7,10.08,standard,0,2.15,8.73,0.932,51.17,0,51.47,5
R150-16,E150,16,east,17.93,12.02,complex,0,2.15,11.26,0.516,60.56,0,60.66,3
R150-17,E150,17,east,22.44,13.83,standard,3,2.15,10.56,0.443,62.75,0,62.47,3
R150-18,E150,18,east,21.22,10.04,complex,0,2.15,7.52,0.82,55.14,0,55.1,5
R150-19,E150,19,east,23.24,14.86,complex,0,2.15,11.93,0.546,82.34,1,82.34,3
R150-20,E150,20,east,19.99,9.75,complex,2,2.15,7.96,,56.01,0,56.57,4
R150-21,E150,21,east,1.79,7.75,standard,0,2.15,6.53,0.767,35.12,0,34.22,4
R150-22,E150,22,east,5.45,9.66,complex,0,2.15,7.73,0.72,52.97,0,53.1,4
R150-23,E150,23,east,20.95,14.37,complex,0,2.15,12.61,,64.57,0,63.95,4
R151-00,E151,0,west,6.76,11.41,standard,0,7.64,8.15,0.799,46.63,0,46.25,3
R151-01,E151,1,west,21.13,15.3,standard,0,7.64,13.74,0.968,56.68,0,55.91,5
R151-02,E151,2,west,12.45,10.27,standard,0,7.64,8.89,0.798,36.72,0,37.52,5
R151-03,E151,3,west,22.14,11.41,complex,0,7.64,10.4,0.899,69.63,0,69.77,5
R151-04,E151,4,west,18.27,15.07,complex,2,7.64,13.47,0.464,64.87,1,64.88,4
R151-05,E151,5,west,17.92,13.05,standard,1,7.64,11.28,0.93,50.81,0,51.03,5
R151-06,E151,6,west,7.58,13.17,standard,0,7.64,12.44,0.7,36.54,0,36.67,3
R151-07,E151,7,west,16.12,11.39,standard,0,7.64,9.24,0.71,42.4,0,41.5,4
R151-08,E151,8,west,17.16,12.49,standard,0,7.64,11.15,0.317,47.96,0,47.28,3
R151-09,E151,9,west,17.98,12.55,standard,0,7.64,10.66,0.329,53.61,1,53.0,2
R151-10,E151,10,west,16.39,11.48,complex,0,7.64,9.67,0.561,51.74,0,52.07,4
R151-11,E151,11,west,30.76,17.43,standard,1,7.64,14.49,0.72,83.6,1,83.78,4
R151-12,E151,12,west,16.22,13.01,complex,2,7.64,11.05,0.836,60.21,1,60.03,4
R151-13,E151,13,west,13.74,13.15,complex,0,7.64,11.07,0.64,56.94,0,57.33,5
R151-14,E151,14,west,19.37,13.61,complex,1,7.64,11.27,0.349,64.59,1,65.5,3
R151-15,E151,15,west,9.12,9.39,complex,0,7.64,9.13,0.978,49.98,0,50.28,3
R151-16,E151,16,west,22.33,14.35,complex,0,7.64,12.21,0.31,77.39,1,77.87,4
R151-17,E151,17,west,19.02,13.06,complex,0,7.64,10.8,0.802,54.57,1,54.78,4
R151-18,E151,18,west,19.86,12.22,standard,3,7.64,10.41,0.809,55.73,1,56.02,4
R151-19,E151,19,west,17.8,15.96,complex,0,7.64,14.47,0.324,64.95,0,64.54,5
R151-20,E151,20,west,21.2,12.22,complex,1,7.64,11.12,0.472,59.01,0,59.02,5
R151-21,E151,21,west,24.73,10.52,standard,0,7.64,8.49,0.375,53.33,1,54.08,2
R151-22,E151,22,west,27.07,12.79,standard,0,7.64,11.82,,74.55,0,75.55,4
R151-23,E151,23,west,24.53,13.55,standard,0,7.64,10.54,0.686,58.99,1,58.96,3
R152-00,E152,0,north,6.96,7.94,complex,0,11.79,7.59,0.72,39.47,0,39.38,4
R152-01,E152,1,north,7.0,10.94,complex,0,11.79,9.49,0.478,51.06,0,50.53,4
R152-02,E152,2,north,6.95,10.47,complex,2,11.79,9.1,0.977,48.94,0,48.81,4
R152-03,E152,3,north,14.09,10.85,complex,0,11.79,9.06,0.978,50.97,0,50.57,3
R152-04,E152,4,north,20.82,12.96,complex,1,11.79,11.15,0.733,76.13,0,76.92,5
R152-05,E152,5,north,8.17,11.89,standard,1,11.79,9.9,0.511,48.16,0,48.38,4
R152-06,E152,6,north,8.65,11.56,complex,0,11.79,8.86,0.52,43.39,0,43.98,3
R152-07,E152,7,north,17.76,11.05,standard,0,11.79,8.02,0.916,54.75,0,54.47,3
R152-08,E152,8,north,15.06,8.04,standard,1,11.79,6.38,0.456,34.08,1,35.37,4
R152-09,E152,9,north,18.64,16.57,standard,1,11.79,14.1,0.371,61.05,0,61.62,5
R152-10,E152,10,north,11.44,11.19,complex,0,11.79,9.12,0.587,59.78,0,59.7,3
R152-11,E152,11,north,15.51,12.79,complex,0,11.79,11.55,0.92,65.12,0,65.62,3
R152-12,E152,12,north,6.28,8.99,standard,0,11.79,7.13,0.645,37.31,0,37.92,3
R152-13,E152,13,north,11.62,8.31,complex,0,11.79,7.45,0.684,51.04,0,51.38,3
R152-14,E152,14,north,23.67,13.15,standard,2,11.79,9.53,0.809,56.09,0,55.67,3
R152-15,E152,15,north,20.41,12.1,complex,1,11.79,10.46,0.339,68.95,0,68.94,3
R152-16,E152,16,north,15.78,11.48,standard,0,11.79,9.69,0.64,47.85,0,46.95,4
R152-17,E152,17,north,21.02,12.87,complex,0,11.79,11.16,0.726,59.77,0,59.5,5
R152-18,E152,18,north,19.82,11.02,standard,0,11.79,10.43,0.744,42.34,0,42.35,5
R152-19,E152,19,north,20.5,14.9,complex,0,11.79,13.82,0.313,62.31,0,62.05,4
R152-20,E152,20,north,20.84,12.07,complex,1,11.79,11.11,0.745,62.24,0,61.98,5
R152-21,E152,21,north,19.13,18.02,complex,0,11.79,15.12,,69.85,0,70.26,4
R152-22,E152,22,north,23.09,13.81,standard,1,11.79,11.3,0.413,68.2,0,67.61,4
R152-23,E152,23,north,17.03,16.05,standard,0,11.79,14.4,0.666,63.63,1,63.1,2
R153-00,E153,0,east,11.25,10.44,standard,1,7.3,8.61,0.544,36.91,0,37.09,3
R153-01,E153,1,east,20.18,13.16,standard,3,7.3,10.74,0.301,56.71,1,55.68,4
R153-02,E153,2,east,15.05,8.92,standard,0,7.3,8.34,0.796,44.02,0,42.94,4
R153-03,E153,3,east,14.55,8.3,standard,1,7.3,5.76,0.843,38.73,0,39.16,3
R153-04,E153,4,east,5.59,7.88,standard,0,7.3,6.8,0.365,33.14,0,32.31,4
R153-05,E153,5,east,19.31,17.03,complex,0,7.3,12.63,0.937,70.24,0,70.36,5
R153-06,E153,6,east,10.96,9.55,standard,0,7.3,8.04,0.383,40.84,0,41.27,4
R153-07,E153,7,east,13.6,9.47,standard,0,7.3,8.46,0.629,38.16,0,38.47,4
R153-08,E153,8,east,13.88,9.81,standard,0,7.3,8.4,0.56,46.48,0,46.06,5
R153-09,E153,9,east,11.23,10.69,complex,2,7.3,8.66,0.993,51.05,0,51.43,5
R153-10,E153,10,east,13.67,14.03,standard,0,7.3,11.34,0.96,47.76,1,46.96,4
R153-11,E153,11,east,16.54,9.14,standard,0,7.3,7.24,0.434,36.81,0,36.46,3
R153-12,E153,12,east,21.12,10.91,standard,2,7.3,9.02,0.832,41.24,0,40.44,3
R153-13,E153,13,east,13.97,10.7,complex,0,7.3,8.85,0.644,53.66,0,53.87,3
R153-14,E153,14,east,18.28,15.81,complex,1,7.3,13.25,0.714,63.95,0,63.54,4
R153-15,E153,15,east,13.73,13.15,standard,0,7.3,11.07,0.398,49.47,0,49.82,5
R153-16,E153,16,east,17.83,12.79,complex,0,7.3,11.22,0.856,53.33,0,53.16,5
R153-17,E153,17,east,15.5,8.24,complex,0,7.3,6.97,0.642,36.6,0,36.78,4
R153-18,E153,18,east,19.07,15.95,complex,0,7.3,13.38,0.946,66.56,0,65.75,5
R153-19,E153,19,east,11.58,9.21,complex,0,7.3,6.78,0.748,46.31,0,45.53,3
R153-20,E153,20,east,10.71,14.25,standard,4,7.3,13.0,0.422,43.76,0,44.71,5
R153-21,E153,21,east,10.6,7.9,complex,0,7.3,5.85,,44.51,0,44.76,4
R153-22,E153,22,east,21.37,16.43,standard,0,7.3,13.4,,66.58,0,66.36,3
R153-23,E153,23,east,11.55,8.2,complex,0,7.3,7.16,0.532,51.22,0,52.0,4
R154-00,E154,0,west,13.61,7.63,standard,0,12.96,7.45,0.315,32.23,0,31.61,4
R154-01,E154,1,west,12.64,13.02,standard,0,12.96,12.56,0.369,50.89,0,51.0,5
R154-02,E154,2,west,11.73,10.54,complex,1,12.96,9.28,0.329,53.27,1,53.43,4
R154-03,E154,3,west,23.14,15.77,complex,0,12.96,15.63,0.333,70.65,1,70.92,4
R154-04,E154,4,west,24.91,14.48,standard,1,12.96,11.96,0.649,69.25,0,69.76,5
R154-05,E154,5,west,16.07,12.43,complex,0,12.96,11.04,0.724,57.17,0,56.27,5
R154-06,E154,6,west,12.87,10.21,standard,0,12.96,8.15,0.773,40.31,0,40.74,3
R154-07,E154,7,west,19.81,13.02,standard,0,12.96,9.93,0.611,57.15,0,58.03,4
R154-08,E154,8,west,19.93,12.25,standard,0,12.96,9.72,0.495,54.87,0,54.75,5
R154-09,E154,9,west,14.51,8.04,standard,0,12.96,7.49,0.581,44.46,0,43.85,5
R154-10,E154,10,west,17.41,12.44,standard,0,12.96,9.46,0.494,50.66,0,49.86,4
R154-11,E154,11,west,15.59,12.94,standard,0,12.96,10.54,0.511,49.3,0,49.14,5
R154-12,E154,12,west,18.96,11.4,standard,0,12.96,9.76,0.566,54.47,1,54.16,2
R154-13,E154,13,west,20.97,14.41,standard,0,12.96,13.16,0.625,61.47,0,62.24,4
R154-14,E154,14,west,25.5,14.51,standard,0,12.96,13.1,0.323,62.39,0,62.33,4
R154-15,E154,15,west,26.0,12.27,complex,0,12.96,10.4,0.499,76.98,0,77.15,3
R154-16,E154,16,west,19.88,11.53,standard,0,12.96,9.8,0.331,50.94,1,51.0,4
R154-17,E154,17,west,20.25,12.09,standard,0,12.96,9.67,0.349,68.32,1,68.65,4
R154-18,E154,18,west,17.42,14.33,standard,0,12.96,12.82,0.985,53.85,1,54.09,3
R154-19,E154,19,west,24.33,10.33,standard,0,12.96,9.04,0.915,74.6,0,74.35,5
R154-20,E154,20,west,9.39,6.33,standard,0,12.96,6.23,0.662,37.09,0,36.8,3
R154-21,E154,21,west,26.82,12.94,complex,0,12.96,10.35,0.86,75.97,1,76.23,3
R154-22,E154,22,west,27.81,16.25,complex,0,12.96,14.67,0.995,98.2,1,98.23,4
R154-23,E154,23,west,11.89,9.28,complex,1,12.96,7.89,0.631,51.09,0,51.82,4
R155-00,E155,0,north,12.93,7.78,complex,1,13.46,6.44,0.39,50.11,0,50.02,5
R155-01,E155,1,north,12.51,12.44,standard,0,13.46,10.05,0.311,44.0,0,44.56,3
R155-02,E155,2,north,11.29,8.26,complex,0,13.46,6.64,0.807,45.47,0,45.39,4
R155-03,E155,3,north,26.12,12.56,standard,0,13.46,11.09,0.631,79.98,0,80.79,4
R155-04,E155,4,north,12.19,11.39,standard,3,13.46,10.62,0.434,52.56,0,51.39,4
R155-05,E155,5,north,15.46,8.58,complex,0,13.46,6.56,0.333,45.51,0,45.35,4
R155-06,E155,6,north,10.95,10.91,standard,0,13.46,7.88,0.998,41.92,1,41.58,2
R155-07,E155,7,north,19.65,15.8,complex,0,13.46,13.45,0.444,79.39,0,79.92,5
R155-08,E155,8,north,29.83,13.09,standard,0,13.46,10.97,0.865,87.01,0,86.49,4
R155-09,E155,9,north,14.94,13.23,complex,0,13.46,11.19,0.813,66.81,0,67.79,3
R155-10,E155,10,north,17.21,13.69,standard,1,13.46,11.65,0.848,60.56,0,61.38,4
R155-11,E155,11,north,22.15,10.45,complex,2,13.46,9.01,0.394,61.87,1,61.95,3
R155-12,E155,12,north,17.23,11.18,complex,1,13.46,9.18,0.87,62.18,0,62.3,5
R155-13,E155,13,north,20.06,14.33,standard,0,13.46,10.79,0.358,70.46,0,70.9,5
R155-14,E155,14,north,19.72,10.14,complex,0,13.46,7.93,0.525,59.32,0,58.42,5
R155-15,E155,15,north,8.82,9.32,standard,3,13.46,8.26,0.957,43.76,0,43.17,3
R155-16,E155,16,north,19.15,10.12,standard,1,13.46,9.46,0.581,60.87,0,61.13,4
R155-17,E155,17,north,23.41,13.04,standard,0,13.46,11.7,0.732,60.19,0,60.67,4
R155-18,E155,18,north,15.28,15.07,standard,0,13.46,13.55,0.355,51.35,0,52.09,4
R155-19,E155,19,north,13.72,10.64,complex,0,13.46,7.68,0.455,63.18,1,62.9,3
R155-20,E155,20,north,10.88,12.05,standard,0,13.46,10.31,0.898,50.09,1,49.83,2
R155-21,E155,21,north,14.05,16.09,standard,0,13.46,13.22,,54.26,1,55.15,3
R155-22,E155,22,north,15.42,12.93,complex,0,13.46,10.08,0.754,56.17,0,56.35,3
R155-23,E155,23,north,8.16,10.05,standard,1,13.46,8.11,0.852,41.39,0,41.44,4
R156-00,E156,0,east,8.94,12.89,standard,1,12.44,11.58,0.699,50.14,0,51.71,5
R156-01,E156,1,east,13.77,11.29,standard,2,12.44,8.46,0.482,44.71,0,44.87,4
R156-02,E156,2,east,19.49,13.43,standard,1,12.44,11.16,0.478,59.39,0,59.54,3
R156-03,E156,3,east,20.17,15.02,complex,0,12.44,12.92,0.956,66.66,0,67.69,4
R156-04,E156,4,east,12.51,9.5,standard,0,12.44,7.97,0.826,41.46,1,41.37,3
R156-05,E156,5,east,13.22,12.62,standard,0,12.44,11.05,0.644,39.95,0,40.19,5
R156-06,E156,6,east,13.04,11.21,complex,0,12.44,10.33,0.745,56.21,0,55.37,5
R156-07,E156,7,east,11.58,9.12,standard,1,12.44,7.75,0.498,35.13,0,35.89,4
R156-08,E156,8,east,14.68,9.33,standard,3,12.44,8.1,0.729,38.33,0,38.65,3
R156-09,E156,9,east,17.74,17.32,standard,1,12.44,13.3,0.48,62.33,1,62.05,4
R156-10,E156,10,east,16.03,10.68,complex,1,12.44,9.04,0.796,51.24,0,51.74,5
R156-11,E156,11,east,20.29,13.35,complex,1,12.44,12.9,0.309,66.61,0,66.61,3
R156-12,E156,12,east,10.75,11.42,standard,3,12.44,10.3,0.887,48.64,1,49.07,3
R156-13,E156,13,east,16.56,14.26,complex,0,12.44,12.39,0.308,60.96,0,60.3,3
R156-14,E156,14,east,16.15,13.08,standard,0,12.44,10.39,0.904,53.55,0,54.14,3
R156-15,E156,15,east,24.55,13.47,standard,1,12.44,11.74,0.681,61.99,0,61.99,5
R156-16,E156,16,east,16.23,19.8,standard,1,12.44,17.41,0.828,69.54,0,69.88,3
R156-17,E156,17,east,20.21,14.92,standard,0,12.44,12.84,0.412,65.22,1,64.29,3
R156-18,E156,18,east,19.03,13.2,standard,1,12.44,10.78,0.318,53.7,0,54.12,4
R156-19,E156,19,east,11.97,10.45,complex,1,12.44,9.62,0.922,51.35,0,51.06,3
R156-20,E156,20,east,11.03,10.44,standard,0,12.44,9.67,0.606,41.96,0,42.02,4
R156-21,E156,21,east,14.84,12.84,standard,1,12.44,9.65,0.658,39.48,0,39.23,5
R156-22,E156,22,east,29.26,18.8,complex,0,12.44,15.36,0.434,85.22,0,85.9,5
R156-23,E156,23,east,15.2,10.83,standard,4,12.44,9.22,0.646,50.36,0,51.1,5
R157-00,E157,0,west,19.88,15.42,complex,0,3.87,13.1,0.722,67.13,0,66.56,4
R157-01,E157,1,west,24.89,14.92,complex,0,3.87,12.92,0.404,62.11,0,61.1,4
R157-02,E157,2,west,20.29,11.94,standard,1,3.87,9.7,0.384,46.22,0,45.75,4
R157-03,E157,3,west,17.66,8.24,standard,0,3.87,5.12,0.984,38.0,0,37.69,5
R157-04,E157,4,west,23.76,16.48,complex,0,3.87,14.15,0.778,79.34,0,78.83,5
R157-05,E157,5,west,18.82,15.42,standard,0,3.87,12.0,0.88,53.46,1,53.17,3
R157-06,E157,6,west,18.25,13.04,complex,1,3.87,11.35,0.929,54.49,0,55.3,4
R157-07,E157,7,west,12.24,10.98,standard,0,3.87,10.06,0.756,28.92,0,28.95,3
R157-08,E157,8,west,25.62,13.92,standard,0,3.87,11.07,0.508,64.03,0,63.73,3
R157-09,E157,9,west,24.64,12.77,complex,0,3.87,10.45,0.394,64.64,1,65.09,4
R157-10,E157,10,west,26.04,16.06,standard,0,3.87,12.25,0.984,75.46,0,76.29,3
R157-11,E157,11,west,23.14,12.89,standard,2,3.87,11.62,0.594,61.36,0,61.5,5
R157-12,E157,12,west,17.14,10.17,complex,0,3.87,8.13,0.691,56.05,1,56.59,4
R157-13,E157,13,west,29.76,13.42,complex,0,3.87,12.3,0.9,79.34,0,78.61,4
R157-14,E157,14,west,18.29,10.97,standard,0,3.87,9.2,0.42,43.3,0,43.79,5
R157-15,E157,15,west,15.33,13.78,standard,3,3.87,10.88,0.688,44.54,1,44.14,2
R157-16,E157,16,west,10.22,12.76,complex,0,3.87,10.51,0.858,49.84,0,49.29,5
R157-17,E157,17,west,13.1,7.68,standard,0,3.87,5.99,0.721,42.4,0,42.26,3
R157-18,E157,18,west,26.87,15.48,standard,2,3.87,14.26,0.736,70.02,0,69.86,3
R157-19,E157,19,west,20.55,15.72,complex,2,3.87,12.99,0.516,63.23,0,62.99,3
R157-20,E157,20,west,15.91,14.62,complex,0,3.87,11.77,,56.94,0,56.9,3
R157-21,E157,21,west,24.86,13.79,standard,0,3.87,11.53,0.872,72.34,0,72.16,5
R157-22,E157,22,west,20.5,13.41,complex,0,3.87,10.47,0.378,54.25,0,54.94,3
R157-23,E157,23,west,15.95,10.42,standard,1,3.87,9.03,0.379,33.18,0,33.12,4
R158-00,E158,0,north,19.14,8.55,complex,0,3.54,7.06,0.611,58.95,0,59.69,5
R158-01,E158,1,north,7.45,7.65,standard,1,3.54,6.15,0.916,41.91,0,42.07,4
R158-02,E158,2,north,19.52,9.98,standard,2,3.54,8.77,0.374,49.43,0,49.37,5
R158-03,E158,3,north,20.18,13.28,standard,1,3.54,11.21,0.382,58.15,0,57.77,4
R158-04,E158,4,north,21.18,14.44,standard,0,3.54,12.03,0.72,60.26,0,60.09,4
R158-05,E158,5,north,19.26,12.33,standard,0,3.54,10.91,0.887,59.12,0,58.53,5
R158-06,E158,6,north,18.48,14.94,standard,0,3.54,11.33,0.58,66.99,0,67.23,4
R158-07,E158,7,north,21.4,14.44,standard,0,3.54,11.05,0.432,55.15,0,54.63,5
R158-08,E158,8,north,20.77,11.54,complex,0,3.54,11.37,0.653,71.59,1,71.25,3
R158-09,E158,9,north,16.31,12.01,complex,0,3.54,9.6,0.755,68.79,0,68.66,5
R158-10,E158,10,north,24.45,10.7,standard,3,3.54,10.41,0.558,61.59,0,62.09,5
R158-11,E158,11,north,14.24,16.4,standard,0,3.54,15.06,0.81,53.99,1,55.26,2
R158-12,E158,12,north,11.05,8.68,standard,1,3.54,6.39,0.784,32.81,0,32.6,3
R158-13,E158,13,north,14.31,13.19,standard,0,3.54,12.22,0.316,53.42,0,52.18,3
R158-14,E158,14,north,14.86,11.0,standard,1,3.54,9.76,0.843,45.57,0,45.12,4
R158-15,E158,15,north,19.94,12.59,standard,0,3.54,11.26,0.564,57.76,0,58.3,3
R158-16,E158,16,north,23.93,11.75,complex,0,3.54,8.36,0.518,65.52,1,65.19,3
R158-17,E158,17,north,15.39,11.01,standard,3,3.54,9.85,0.705,41.51,0,41.09,3
R158-18,E158,18,north,12.3,10.9,complex,1,3.54,9.38,0.478,57.15,0,56.29,5
R158-19,E158,19,north,7.62,8.04,complex,0,3.54,5.86,0.863,41.4,0,41.45,5
R158-20,E158,20,north,12.89,11.69,complex,0,3.54,10.6,0.572,52.2,0,52.5,5
R158-21,E158,21,north,21.14,16.15,standard,0,3.54,14.12,0.586,62.36,0,61.99,4
R158-22,E158,22,north,18.83,9.63,standard,0,3.54,6.91,,47.43,0,47.17,3
R158-23,E158,23,north,30.91,18.9,complex,2,3.54,16.56,0.959,108.94,1,109.5,2
R159-00,E159,0,east,12.6,16.49,complex,0,11.52,13.53,0.619,60.85,1,61.28,4
R159-01,E159,1,east,10.03,9.26,complex,1,11.52,7.14,0.743,41.29,0,41.04,5
R159-02,E159,2,east,10.91,10.07,standard,0,11.52,8.97,0.638,36.83,0,36.8,3
R159-03,E159,3,east,17.42,11.83,standard,1,11.52,11.37,0.764,52.01,1,51.76,3
R159-04,E159,4,east,22.32,15.09,standard,1,11.52,12.84,0.769,60.04,0,59.72,4
R159-05,E159,5,east,7.24,11.84,standard,1,11.52,9.45,0.47,38.58,0,38.28,4
R159-06,E159,6,east,18.22,11.97,standard,0,11.52,10.32,0.781,45.91,0,45.87,3
R159-07,E159,7,east,18.1,13.92,standard,0,11.52,11.32,0.548,53.35,0,54.11,3
R159-08,E159,8,east,8.99,6.84,standard,0,11.52,5.43,0.463,38.5,0,38.11,5
R159-09,E159,9,east,7.76,8.71,complex,2,11.52,8.37,0.473,40.26,0,40.18,3
R159-10,E159,10,east,28.44,19.91,standard,0,11.52,16.79,0.765,86.71,0,86.51,4
R159-11,E159,11,east,22.76,15.18,standard,0,11.52,11.67,0.749,59.47,0,59.11,5
R159-12,E159,12,east,16.42,11.14,standard,1,11.52,9.5,0.768,43.05,0,43.44,5
R159-13,E159,13,east,24.83,15.18,standard,0,11.52,13.1,0.762,68.38,0,68.98,5
R159-14,E159,14,east,14.63,8.95,standard,1,11.52,7.16,0.937,38.73,0,38.44,5
R159-15,E159,15,east,13.12,9.63,standard,0,11.52,9.17,0.493,39.29,0,39.78,3
R159-16,E159,16,east,21.28,12.78,standard,0,11.52,10.76,0.384,47.35,0,47.12,5
R159-17,E159,17,east,15.62,8.82,standard,0,11.52,7.96,0.633,42.82,0,42.42,5
R159-18,E159,18,east,12.74,12.36,standard,0,11.52,10.67,0.651,29.68,0,30.5,3
R159-19,E159,19,east,29.34,10.45,complex,2,11.52,9.34,0.377,75.99,0,76.34,4
R159-20,E159,20,east,8.42,11.69,standard,0,11.52,10.33,,37.44,0,36.77,3
R159-21,E159,21,east,18.68,13.13,complex,4,11.52,10.65,0.63,55.73,0,56.23,5
R159-22,E159,22,east,23.45,13.71,complex,3,11.52,9.9,0.367,73.27,0,73.26,4
R159-23,E159,23,east,14.35,11.94,complex,0,11.52,10.4,0.779,61.22,0,61.38,5
R160-00,E160,0,west,19.0,12.6,complex,0,3.72,10.89,0.945,56.82,0,56.9,5
R160-01,E160,1,west,24.39,13.33,standard,0,3.72,10.3,0.75,75.49,0,74.59,5
R160-02,E160,2,west,23.08,15.74,standard,0,3.72,12.15,0.381,65.98,1,65.62,2
R160-03,E160,3,west,15.74,11.16,standard,1,3.72,9.09,0.635,49.15,0,48.98,4
R160-04,E160,4,west,14.48,6.36,complex,1,3.72,4.78,0.439,52.07,0,51.11,4
R160-05,E160,5,west,15.24,9.17,complex,1,3.72,6.96,0.625,53.45,0,53.57,5
R160-06,E160,6,west,23.13,13.37,complex,0,3.72,12.0,0.884,76.44,1,76.34,3
R160-07,E160,7,west,18.11,12.52,standard,2,3.72,10.52,0.433,52.14,0,51.96,3
R160-08,E160,8,west,20.76,11.91,complex,1,3.72,10.05,0.376,63.55,0,63.06,4
R160-09,E160,9,west,22.82,12.95,complex,0,3.72,11.53,0.787,74.9,1,74.67,4
R160-10,E160,10,west,18.08,13.31,standard,1,3.72,11.31,0.509,62.91,1,62.74,3
R160-11,E160,11,west,22.89,10.95,standard,0,3.72,9.01,0.46,51.98,0,53.13,3
R160-12,E160,12,west,22.57,14.87,standard,0,3.72,12.54,0.734,66.74,0,66.39,3
R160-13,E160,13,west,18.22,9.09,standard,1,3.72,8.2,0.679,45.67,1,45.53,4
R160-14,E160,14,west,11.64,12.37,standard,0,3.72,10.78,0.399,43.21,0,43.52,5
R160-15,E160,15,west,20.13,13.01,standard,1,3.72,11.39,0.556,52.11,1,51.33,2
R160-16,E160,16,west,27.05,18.82,standard,2,3.72,16.24,0.77,91.44,0,91.75,4
R160-17,E160,17,west,24.49,13.41,standard,1,3.72,11.41,0.971,64.13,0,63.98,3
R160-18,E160,18,west,26.3,13.59,standard,0,3.72,12.03,0.569,67.04,0,67.2,5
R160-19,E160,19,west,19.34,9.49,standard,0,3.72,8.55,0.421,48.7,0,48.77,4
R160-20,E160,20,west,18.04,13.07,complex,0,3.72,11.2,0.785,65.87,0,65.13,5
R160-21,E160,21,west,32.11,13.61,standard,6,3.72,11.54,0.641,82.06,0,81.77,5
R160-22,E160,22,west,18.19,13.83,standard,0,3.72,11.58,0.84,57.13,0,57.78,3
R160-23,E160,23,west,23.11,12.36,complex,0,3.72,10.4,0.575,61.33,0,60.61,3
R161-00,E161,0,north,18.52,11.07,complex,1,7.15,8.64,0.364,63.2,0,63.52,4
R161-01,E161,1,north,14.84,12.82,standard,0,7.15,11.27,0.422,45.91,0,45.88,4
R161-02,E161,2,north,1.11,7.19,standard,3,7.15,6.01,0.885,35.35,0,35.06,3
R161-03,E161,3,north,14.08,11.18,complex,0,7.15,9.23,0.623,63.76,0,64.2,5
R161-04,E161,4,north,17.37,12.68,standard,2,7.15,10.96,0.403,46.99,0,46.59,3
R161-05,E161,5,north,20.26,14.98,standard,2,7.15,13.77,0.371,76.43,0,76.0,3
R161-06,E161,6,north,19.7,13.06,standard,1,7.15,10.57,0.306,73.54,0,73.75,5
R161-07,E161,7,north,13.61,11.31,complex,0,7.15,9.9,0.435,62.33,0,61.98,3
R161-08,E161,8,north,17.16,14.91,standard,0,7.15,11.56,0.715,62.87,0,63.1,5
R161-09,E161,9,north,14.15,10.04,standard,0,7.15,8.54,0.724,54.04,0,53.19,5
R161-10,E161,10,north,11.56,7.98,complex,1,7.15,7.46,0.471,44.81,0,44.41,3
R161-11,E161,11,north,21.98,12.86,standard,0,7.15,10.49,0.518,69.89,1,70.31,4
R161-12,E161,12,north,20.74,13.23,complex,0,7.15,12.07,0.732,72.29,0,71.64,5
R161-13,E161,13,north,15.99,12.23,standard,1,7.15,10.82,0.727,58.91,1,59.22,3
R161-14,E161,14,north,27.44,12.39,complex,0,7.15,10.0,0.374,89.31,1,89.83,4
R161-15,E161,15,north,16.04,8.56,standard,0,7.15,6.96,0.995,41.02,0,41.85,3
R161-16,E161,16,north,22.94,16.08,complex,1,7.15,12.91,0.894,70.79,0,71.53,3
R161-17,E161,17,north,31.15,12.06,complex,1,7.15,8.94,0.878,109.38,1,109.55,3
R161-18,E161,18,north,9.26,8.74,standard,0,7.15,7.64,0.896,38.47,0,38.12,4
R161-19,E161,19,north,24.26,16.07,standard,1,7.15,12.36,0.31,67.41,0,66.85,4
R161-20,E161,20,north,14.94,12.24,standard,1,7.15,9.21,,52.38,0,51.28,5
R161-21,E161,21,north,16.05,11.99,standard,1,7.15,10.79,0.588,45.45,0,45.38,3
R161-22,E161,22,north,17.09,15.05,complex,1,7.15,12.28,0.398,70.88,1,70.78,4
R161-23,E161,23,north,11.99,10.7,standard,0,7.15,8.76,0.642,44.19,0,44.39,5
R162-00,E162,0,east,8.82,9.71,complex,0,12.14,7.7,0.348,46.92,0,46.51,4
R162-01,E162,1,east,17.6,12.85,complex,0,12.14,11.31,0.845,68.31,0,68.06,3
R162-02,E162,2,east,13.44,11.94,standard,0,12.14,10.5,0.468,38.73,0,38.23,3
R162-03,E162,3,east,16.87,13.82,standard,0,12.14,11.55,0.42,51.73,0,51.78,3
R162-04,E162,4,east,13.08,10.93,standard,1,12.14,9.78,0.442,45.12,0,44.35,5
R162-05,E162,5,east,4.87,11.14,standard,0,12.14,8.96,0.454,31.57,0,32.01,5
R162-06,E162,6,east,17.54,11.14,standard,1,12.14,10.79,0.865,46.25,0,45.84,4
R162-07,E162,7,east,27.59,12.43,standard,0,12.14,10.49,0.41,76.66,0,77.35,5
R162-08,E162,8,east,17.62,17.2,standard,2,12.14,15.28,0.441,55.03,0,54.39,3
R162-09,E162,9,east,19.86,13.36,complex,0,12.14,12.22,0.836,65.4,1,65.62,2
R162-10,E162,10,east,18.11,16.14,standard,0,12.14,13.4,0.684,54.75,0,54.99,5
R162-11,E162,11,east,13.3,12.36,complex,0,12.14,10.29,0.547,50.92,1,50.48,4
R162-12,E162,12,east,8.35,11.39,complex,2,12.14,9.46,0.795,48.22,0,48.55,5
R162-13,E162,13,east,15.3,12.87,standard,0,12.14,10.14,0.918,42.9,0,42.55,4
R162-14,E162,14,east,17.27,14.26,standard,0,12.14,12.62,0.537,56.67,0,57.24,4
R162-15,E162,15,east,15.67,13.03,complex,3,12.14,9.76,0.533,46.28,0,46.29,4
R162-16,E162,16,east,18.35,15.07,standard,1,12.14,12.64,0.952,57.71,0,57.86,4
R162-17,E162,17,east,13.84,11.68,standard,1,12.14,10.57,0.879,52.26,0,52.78,3
R162-18,E162,18,east,23.01,14.96,standard,1,12.14,12.47,0.534,64.81,0,64.96,5
R162-19,E162,19,east,21.51,11.82,complex,0,12.14,9.44,0.582,61.67,0,61.96,3
R162-20,E162,20,east,19.18,12.22,complex,0,12.14,10.27,0.356,67.51,0,66.7,4
R162-21,E162,21,east,16.84,11.02,standard,0,12.14,7.7,0.692,42.75,0,42.81,4
R162-22,E162,22,east,16.6,9.13,complex,0,12.14,7.4,0.465,56.66,0,56.25,4
R162-23,E162,23,east,24.58,15.8,standard,0,12.14,13.78,0.996,66.46,0,66.16,3
R163-00,E163,0,west,14.93,10.3,standard,0,11.0,8.21,0.378,46.2,0,46.01,3
R163-01,E163,1,west,20.33,13.98,standard,0,11.0,12.1,0.471,42.85,0,42.36,4
R163-02,E163,2,west,20.55,12.82,standard,0,11.0,11.02,0.991,48.47,0,49.47,3
R163-03,E163,3,west,11.66,11.44,complex,0,11.0,11.44,0.477,42.58,0,42.15,4
R163-04,E163,4,west,16.59,13.73,complex,2,11.0,10.86,0.839,64.55,0,64.17,4
R163-05,E163,5,west,15.68,15.67,standard,0,11.0,13.77,0.503,55.56,0,55.52,3
R163-06,E163,6,west,19.42,11.75,standard,0,11.0,10.07,0.424,50.25,1,50.71,2
R163-07,E163,7,west,20.33,10.0,complex,2,11.0,8.79,0.571,51.2,0,52.21,3
R163-08,E163,8,west,13.86,10.32,complex,1,11.0,9.58,0.309,44.57,1,44.45,2
R163-09,E163,9,west,14.57,12.14,standard,0,11.0,10.61,0.316,47.19,0,47.36,3
R163-10,E163,10,west,21.57,15.01,complex,2,11.0,12.78,0.817,60.5,0,61.0,3
R163-11,E163,11,west,14.91,11.75,complex,0,11.0,10.1,0.531,58.41,0,58.02,3
R163-12,E163,12,west,10.88,10.3,standard,1,11.0,8.99,0.829,47.77,0,47.1,4
R163-13,E163,13,west,16.75,10.75,complex,1,11.0,8.81,0.484,57.51,0,57.06,4
R163-14,E163,14,west,20.14,13.14,complex,2,11.0,11.78,0.854,66.25,0,66.71,5
R163-15,E163,15,west,19.04,11.5,complex,0,11.0,9.86,0.346,53.87,0,53.77,4
R163-16,E163,16,west,22.85,13.52,standard,0,11.0,11.59,0.593,61.18,0,61.45,5
R163-17,E163,17,west,22.7,13.45,standard,2,11.0,11.48,0.712,58.41,0,58.61,3
R163-18,E163,18,west,27.3,12.22,complex,3,11.0,10.44,0.892,85.76,1,85.6,3
R163-19,E163,19,west,28.13,18.52,standard,2,11.0,15.46,0.415,72.29,1,72.63,2
R163-20,E163,20,west,25.04,16.72,complex,0,11.0,12.8,,85.61,1,86.24,3
R163-21,E163,21,west,20.66,13.89,complex,1,11.0,12.76,0.817,50.29,1,49.37,2
R163-22,E163,22,west,24.92,12.42,standard,0,11.0,10.47,0.34,69.11,0,68.98,4
R163-23,E163,23,west,7.81,10.58,complex,0,11.0,8.83,,48.04,1,48.46,3
R164-00,E164,0,north,18.94,15.84,complex,0,8.81,13.23,0.638,65.24,0,65.42,4
R164-01,E164,1,north,16.58,9.68,complex,0,8.81,8.71,0.865,49.83,0,49.61,5
R164-02,E164,2,north,9.97,8.42,complex,1,8.81,8.07,0.56,43.91,0,43.53,3
R164-03,E164,3,north,18.77,15.26,standard,1,8.81,13.88,0.42,62.62,0,62.59,4
R164-04,E164,4,north,15.67,8.63,complex,0,8.81,7.89,0.429,51.58,0,50.97,3
R164-05,E164,5,north,14.7,8.22,complex,0,8.81,7.41,0.769,49.76,0,49.48,3
R164-06,E164,6,north,14.86,11.28,standard,0,8.81,10.44,0.736,43.55,0,43.57,4
R164-07,E164,7,north,11.37,9.82,standard,0,8.81,7.99,0.819,41.73,0,41.46,3
R164-08,E164,8,north,20.02,12.63,complex,0,8.81,10.97,0.592,65.37,0,64.97,4
R164-09,E164,9,north,19.53,14.24,standard,0,8.81,11.6,0.461,53.79,0,54.25,5
R164-10,E164,10,north,14.79,11.55,complex,0,8.81,9.72,0.755,39.53,0,39.51,3
R164-11,E164,11,north,7.03,10.37,standard,0,8.81,7.98,0.498,31.7,0,31.06,3
R164-12,E164,12,north,8.59,12.25,complex,0,8.81,9.58,0.66,60.63,0,60.64,5
R164-13,E164,13,north,16.71,9.13,standard,2,8.81,8.14,0.337,38.47,0,38.25,3
R164-14,E164,14,north,11.06,9.72,complex,0,8.81,7.54,0.959,41.89,0,41.89,4
R164-15,E164,15,north,12.76,9.4,complex,0,8.81,6.99,0.871,42.43,0,42.17,5
R164-16,E164,16,north,16.92,10.38,standard,1,8.81,9.08,0.765,39.71,0,39.79,3
R164-17,E164,17,north,15.31,13.15,standard,1,8.81,12.18,0.902,49.0,0,48.69,4
R164-18,E164,18,north,16.68,11.68,standard,2,8.81,9.44,0.852,50.25,0,50.4,3
R164-19,E164,19,north,17.32,13.99,standard,0,8.81,11.78,0.912,60.6,0,60.35,5
R164-20,E164,20,north,24.5,12.68,complex,0,8.81,10.34,0.917,82.41,0,82.35,5
R164-21,E164,21,north,24.04,14.71,complex,0,8.81,12.12,0.631,79.11,1,79.37,3
R164-22,E164,22,north,28.64,14.59,complex,1,8.81,12.16,,90.98,1,90.71,2
R164-23,E164,23,north,20.9,12.05,complex,0,8.81,9.8,0.82,54.56,0,54.45,4
R165-00,E165,0,east,15.19,8.69,standard,0,3.6,7.36,0.365,46.43,0,45.87,3
R165-01,E165,1,east,19.11,13.58,standard,0,3.6,11.15,0.459,55.03,0,54.33,3
R165-02,E165,2,east,12.21,11.2,standard,0,3.6,9.44,0.491,40.52,0,40.03,5
R165-03,E165,3,east,11.06,12.83,complex,1,3.6,11.53,0.373,56.44,0,56.84,3
R165-04,E165,4,east,12.75,11.23,standard,0,3.6,9.17,0.564,46.86,0,47.49,5
R165-05,E165,5,east,16.22,14.41,standard,2,3.6,12.54,0.385,42.61,0,43.49,5
R165-06,E165,6,east,12.98,13.35,standard,0,3.6,11.11,0.565,43.16,0,43.71,3
R165-07,E165,7,east,10.79,11.24,complex,0,3.6,10.06,0.642,53.96,1,53.29,4
R165-08,E165,8,east,16.78,10.02,complex,1,3.6,9.04,0.978,50.44,0,51.43,5
R165-09,E165,9,east,11.13,9.3,complex,1,3.6,6.08,0.606,57.61,0,57.04,5
R165-10,E165,10,east,20.98,10.29,complex,0,3.6,7.97,0.406,61.38,0,61.98,3
R165-11,E165,11,east,21.1,14.32,standard,0,3.6,12.65,0.751,55.26,0,54.48,5
R165-12,E165,12,east,21.81,13.33,complex,1,3.6,10.92,0.764,62.05,0,62.25,3
R165-13,E165,13,east,12.92,14.1,complex,2,3.6,12.26,0.745,61.45,0,61.97,4
R165-14,E165,14,east,21.49,14.49,standard,1,3.6,11.46,0.368,65.63,0,66.17,5
R165-15,E165,15,east,21.14,13.06,standard,0,3.6,10.89,0.311,65.08,0,64.96,5
R165-16,E165,16,east,23.09,19.3,standard,0,3.6,17.19,0.749,73.27,0,73.72,3
R165-17,E165,17,east,23.36,13.95,complex,0,3.6,11.8,0.713,72.72,0,72.58,3
R165-18,E165,18,east,13.89,11.76,standard,0,3.6,11.52,0.649,38.83,1,38.69,4
R165-19,E165,19,east,18.78,13.25,standard,2,3.6,11.05,0.496,58.73,0,59.47,4
R165-20,E165,20,east,19.99,14.29,standard,0,3.6,11.82,0.865,61.95,0,62.64,4
R165-21,E165,21,east,18.73,14.0,complex,0,3.6,11.89,,69.2,1,68.57,3
R165-22,E165,22,east,18.41,14.51,standard,2,3.6,12.43,0.989,44.72,0,45.2,3
R165-23,E165,23,east,16.11,11.02,complex,0,3.6,9.06,,54.71,0,55.37,5
R166-00,E166,0,west,17.08,13.27,standard,1,11.07,10.82,0.824,50.33,0,50.93,4
R166-01,E166,1,west,15.83,11.12,standard,2,11.07,9.6,0.994,50.46,0,51.05,3
R166-02,E166,2,west,14.58,10.52,complex,0,11.07,10.3,0.9,60.17,0,60.88,4
R166-03,E166,3,west,24.37,11.46,standard,0,11.07,9.72,0.51,66.23,0,67.12,5
R166-04,E166,4,west,17.23,10.53,standard,1,11.07,8.19,0.341,42.4,0,42.86,5
R166-05,E166,5,west,14.92,15.94,standard,0,11.07,13.67,0.363,49.0,0,48.65,4
R166-06,E166,6,west,18.65,12.07,standard,0,11.07,9.85,0.351,55.97,0,55.73,3
R166-07,E166,7,west,22.66,10.51,standard,0,11.07,6.69,0.7,58.87,0,58.41,5
R166-08,E166,8,west,10.25,12.21,complex,0,11.07,10.45,0.76,46.71,1,46.41,3
R166-09,E166,9,west,26.8,15.84,standard,0,11.07,13.59,0.548,71.09,0,71.05,5
R166-10,E166,10,west,21.39,13.13,standard,0,11.07,11.07,0.64,61.49,0,61.25,5
R166-11,E166,11,west,24.6,12.88,standard,0,11.07,11.37,0.544,73.56,0,73.48,3
R166-12,E166,12,west,27.26,13.74,complex,1,11.07,11.33,0.977,84.7,0,84.32,3
R166-13,E166,13,west,21.1,11.8,standard,0,11.07,9.72,0.922,60.31,0,60.03,3
R166-14,E166,14,west,27.9,18.39,standard,0,11.07,15.04,0.444,85.03,1,84.79,4
R166-15,E166,15,west,25.82,11.88,standard,0,11.07,9.53,0.487,56.19,1,56.32,2
R166-16,E166,16,west,17.72,13.73,complex,1,11.07,12.29,0.366,68.64,1,68.7,2
R166-17,E166,17,west,13.97,12.14,standard,0,11.07,10.51,0.397,48.8,0,49.1,3
R166-18,E166,18,west,15.87,12.59,complex,0,11.07,10.76,0.339,65.86,0,65.75,5
R166-19,E166,19,west,29.23,16.15,standard,0,11.07,13.62,0.696,85.87,1,85.69,3
R166-20,E166,20,west,21.48,11.68,complex,0,11.07,10.59,,63.37,0,63.51,3
R166-21,E166,21,west,21.9,14.06,complex,0,11.07,11.47,0.917,61.27,1,60.4,2
R166-22,E166,22,west,22.14,15.11,standard,1,11.07,13.38,0.683,64.56,1,64.94,4
R166-23,E166,23,west,26.66,14.0,complex,1,11.07,12.07,,84.07,0,84.16,4
R167-00,E167,0,north,9.5,9.45,complex,2,14.67,8.6,0.891,45.15,0,44.1,4
R167-01,E167,1,north,12.6,10.07,complex,0,14.67,8.57,0.655,52.58,0,52.99,4
R167-02,E167,2,north,4.89,6.53,complex,0,14.67,5.34,0.784,41.0,0,41.8,4
R167-03,E167,3,north,22.64,15.28,standard,0,14.67,12.65,0.847,64.52,0,64.76,5
R167-04,E167,4,north,20.37,12.17,complex,0,14.67,9.56,0.993,60.6,0,60.83,5
R167-05,E167,5,north,4.89,10.47,standard,0,14.67,9.06,0.574,37.42,0,36.89,4
R167-06,E167,6,north,16.71,12.76,standard,1,14.67,11.0,0.8,51.85,0,52.65,3
R167-07,E167,7,north,16.75,10.61,standard,0,14.67,9.26,0.78,44.85,0,44.55,3
R167-08,E167,8,north,24.16,14.02,standard,1,14.67,11.61,0.634,64.79,0,65.36,4
R167-09,E167,9,north,17.09,9.47,complex,0,14.67,8.3,0.983,51.18,0,51.3,3
R167-10,E167,10,north,27.06,14.9,standard,1,14.67,13.24,0.355,80.61,0,81.1,5
R167-11,E167,11,north,16.05,9.32,standard,0,14.67,8.41,0.391,53.56,0,53.62,5
R167-12,E167,12,north,14.14,12.88,complex,1,14.67,12.44,0.623,65.39,0,65.07,5
R167-13,E167,13,north,18.11,10.94,standard,2,14.67,10.21,0.383,39.38,0,39.5,5
R167-14,E167,14,north,13.64,11.35,complex,3,14.67,10.27,0.587,54.14,1,53.33,3
R167-15,E167,15,north,15.79,12.57,complex,2,14.67,10.42,0.392,54.14,0,54.68,5
R167-16,E167,16,north,19.17,13.59,standard,0,14.67,11.12,0.685,53.41,0,53.71,5
R167-17,E167,17,north,12.91,9.61,standard,0,14.67,8.18,0.873,45.98,1,46.97,3
R167-18,E167,18,north,22.08,13.29,standard,0,14.67,11.33,0.743,63.52,0,64.03,3
R167-19,E167,19,north,22.84,7.93,standard,0,14.67,5.6,0.53,51.23,0,51.16,3
R167-20,E167,20,north,8.04,9.61,complex,1,14.67,8.35,0.685,51.61,1,51.39,2
R167-21,E167,21,north,21.86,13.28,complex,0,14.67,12.28,0.998,64.03,1,63.11,3
R167-22,E167,22,north,12.68,9.68,complex,0,14.67,8.37,0.578,41.27,0,42.02,4
R167-23,E167,23,north,24.39,13.78,complex,0,14.67,11.64,,64.6,1,65.06,4
R168-00,E168,0,east,15.74,8.36,standard,1,9.95,6.97,0.741,52.12,0,52.03,3
R168-01,E168,1,east,13.66,11.08,complex,0,9.95,9.38,0.539,45.36,0,45.44,4
R168-02,E168,2,east,12.09,12.24,complex,0,9.95,9.84,0.858,46.87,0,46.64,3
R168-03,E168,3,east,14.6,14.45,standard,3,9.95,12.73,0.394,50.95,0,51.36,4
R168-04,E168,4,east,16.46,14.8,complex,0,9.95,11.87,0.73,63.75,0,63.83,3
R168-05,E168,5,east,5.63,7.92,standard,1,9.95,7.65,0.73,38.42,0,38.1,5
R168-06,E168,6,east,13.04,14.39,standard,3,9.95,11.96,0.429,54.11,1,55.02,4
R168-07,E168,7,east,12.11,9.57,standard,0,9.95,8.18,0.529,43.49,0,42.45,4
R168-08,E168,8,east,14.65,12.83,standard,1,9.95,10.57,0.906,50.72,0,51.54,5
R168-09,E168,9,east,14.7,13.9,standard,1,9.95,11.18,0.994,50.42,0,50.98,4
R168-10,E168,10,east,14.39,13.01,complex,1,9.95,10.74,0.301,51.02,0,51.72,5
R168-11,E168,11,east,12.91,10.39,standard,0,9.95,8.65,0.92,51.32,0,51.32,5
R168-12,E168,12,east,14.3,11.31,standard,1,9.95,9.56,0.463,44.72,0,45.65,3
R168-13,E168,13,east,11.23,9.62,complex,0,9.95,8.84,0.843,55.51,0,55.83,5
R168-14,E168,14,east,16.71,10.98,standard,0,9.95,8.58,0.371,57.37,0,56.32,4
R168-15,E168,15,east,21.15,12.59,standard,1,9.95,10.66,0.479,53.11,0,53.53,5
R168-16,E168,16,east,19.13,14.1,standard,2,9.95,11.91,0.907,60.18,0,60.62,3
R168-17,E168,17,east,23.25,12.2,standard,1,9.95,10.55,0.557,53.58,0,54.4,5
R168-18,E168,18,east,18.45,12.59,complex,0,9.95,10.55,0.725,53.59,0,53.2,4
R168-19,E168,19,east,23.18,13.05,standard,0,9.95,10.54,0.783,60.9,0,61.03,3
R168-20,E168,20,east,17.08,13.73,complex,0,9.95,12.32,,62.55,1,62.82,4
R168-21,E168,21,east,22.05,13.02,standard,1,9.95,11.35,0.928,57.35,0,57.87,4
R168-22,E168,22,east,19.28,10.82,standard,1,9.95,9.45,,43.44,0,43.94,4
R168-23,E168,23,east,17.01,9.88,complex,0,9.95,8.1,,61.08,0,60.24,3
R169-00,E169,0,west,18.41,16.1,complex,0,11.97,13.52,0.654,76.53,1,76.64,3
R169-01,E169,1,west,24.67,16.45,standard,0,11.97,14.44,0.542,74.18,1,73.68,2
R169-02,E169,2,west,20.25,10.27,standard,0,11.97,8.52,0.536,54.94,0,56.25,3
R169-03,E169,3,west,18.87,9.98,complex,0,11.97,8.04,0.47,68.95,0,69.63,5
R169-04,E169,4,west,21.59,20.0,standard,0,11.97,18.27,0.943,81.0,0,80.63,3
R169-05,E169,5,west,18.19,12.01,standard,0,11.97,9.38,0.379,54.15,1,54.19,3
R169-06,E169,6,west,14.75,11.58,standard,1,11.97,9.23,0.735,50.67,0,50.28,4
R169-07,E169,7,west,17.35,11.96,complex,0,11.97,9.77,0.804,60.86,1,60.65,2
R169-08,E169,8,west,34.12,14.75,standard,0,11.97,11.95,0.744,93.93,0,93.63,5
R169-09,E169,9,west,16.9,10.2,standard,0,11.97,8.4,0.966,40.43,0,41.05,4
R169-10,E169,10,west,24.34,19.05,standard,0,11.97,16.26,0.572,77.78,0,78.0,5
R169-11,E169,11,west,11.13,8.33,standard,1,11.97,7.13,0.639,41.24,0,42.02,4
R169-12,E169,12,west,22.03,9.96,standard,0,11.97,8.43,0.566,45.72,0,45.62,4
R169-13,E169,13,west,12.93,9.03,complex,1,11.97,7.95,0.758,49.52,0,49.22,5
R169-14,E169,14,west,26.28,16.49,standard,0,11.97,14.55,0.419,78.23,0,78.49,3
R169-15,E169,15,west,24.17,16.02,standard,0,11.97,14.66,0.916,61.51,0,61.93,4
R169-16,E169,16,west,19.01,10.32,complex,0,11.97,9.55,0.915,52.49,0,52.64,3
R169-17,E169,17,west,22.95,16.86,standard,0,11.97,14.48,0.524,60.34,0,61.25,3
R169-18,E169,18,west,22.81,13.82,standard,0,11.97,12.25,0.759,57.9,0,57.99,4
R169-19,E169,19,west,23.74,11.73,complex,0,11.97,10.68,0.687,71.74,1,71.99,2
R169-20,E169,20,west,23.33,12.39,complex,0,11.97,10.96,,65.92,0,66.3,4
R169-21,E169,21,west,22.87,12.85,complex,3,11.97,10.68,0.951,71.6,1,71.29,4
R169-22,E169,22,west,22.05,10.75,standard,3,11.97,9.05,0.707,75.93,0,75.37,5
R169-23,E169,23,west,17.45,14.49,standard,2,11.97,11.83,0.499,53.94,1,53.07,3
R170-00,E170,0,north,15.25,13.51,complex,2,5.64,11.54,0.73,56.34,0,56.8,5
R170-01,E170,1,north,12.48,13.16,complex,0,5.64,11.56,0.563,64.05,0,64.46,3
R170-02,E170,2,north,11.97,12.83,standard,1,5.64,10.67,0.941,45.83,1,46.03,2
R170-03,E170,3,north,8.06,10.35,complex,0,5.64,9.04,0.836,46.35,0,45.6,4
R170-04,E170,4,north,14.25,11.59,standard,0,5.64,10.03,0.561,49.3,0,49.5,5
R170-05,E170,5,north,20.89,17.22,standard,2,5.64,14.0,0.633,59.64,0,59.49,4
R170-06,E170,6,north,21.2,16.14,standard,0,5.64,14.76,0.984,60.98,0,60.81,3
R170-07,E170,7,north,11.4,12.22,complex,0,5.64,9.7,0.32,60.77,0,60.93,5
R170-08,E170,8,north,9.69,10.33,standard,1,5.64,9.07,0.301,40.19,0,40.45,4
R170-09,E170,9,north,20.65,14.89,standard,1,5.64,12.69,0.952,57.52,0,57.43,5
R170-10,E170,10,north,23.93,11.98,standard,1,5.64,11.38,0.961,65.22,0,64.0,4
R170-11,E170,11,north,17.3,13.25,standard,0,5.64,10.95,0.416,57.0,0,56.18,3
R170-12,E170,12,north,21.92,15.69,complex,0,5.64,13.02,0.704,66.08,0,65.26,5
R170-13,E170,13,north,17.35,13.27,complex,1,5.64,11.4,0.864,53.64,0,53.18,4
R170-14,E170,14,north,12.17,15.29,standard,0,5.64,12.87,0.315,48.63,0,49.23,3
R170-15,E170,15,north,23.91,13.61,complex,0,5.64,11.86,0.486,79.49,0,78.82,5
R170-16,E170,16,north,19.31,15.17,standard,1,5.64,14.11,0.965,58.26,0,58.95,5
R170-17,E170,17,north,25.24,16.35,standard,0,5.64,14.32,0.607,81.81,0,81.65,5
R170-18,E170,18,north,19.0,13.27,complex,0,5.64,11.77,0.965,62.08,0,62.8,4
R170-19,E170,19,north,14.51,9.86,standard,1,5.64,7.74,0.84,40.3,0,39.42,3
R170-20,E170,20,north,25.79,16.34,complex,1,5.64,13.76,,66.14,0,66.62,5
R170-21,E170,21,north,26.9,14.35,complex,0,5.64,11.92,0.905,78.78,1,78.57,2
R170-22,E170,22,north,27.5,14.86,standard,0,5.64,13.38,0.732,69.68,0,69.43,3
R170-23,E170,23,north,23.66,15.49,complex,1,5.64,13.15,0.802,81.25,0,81.78,3
R171-00,E171,0,east,13.49,8.55,standard,0,10.64,7.51,0.953,39.79,1,40.2,2
R171-01,E171,1,east,6.85,9.02,standard,2,10.64,8.15,0.3,43.03,0,41.95,4
R171-02,E171,2,east,18.73,11.33,standard,0,10.64,10.6,0.379,55.59,0,55.87,5
R171-03,E171,3,east,18.7,11.58,standard,0,10.64,10.55,0.918,57.66,0,58.02,4
R171-04,E171,4,east,18.62,11.81,complex,0,10.64,8.87,0.603,67.05,0,66.68,3
R171-05,E171,5,east,21.59,11.46,complex,0,10.64,9.44,0.76,59.82,0,59.61,5
R171-06,E171,6,east,21.78,14.74,standard,0,10.64,12.57,0.848,59.2,0,59.08,5
R171-07,E171,7,east,18.11,13.87,standard,1,10.64,11.7,0.833,60.18,0,60.58,3
R171-08,E171,8,east,22.3,11.3,standard,2,10.64,10.04,0.439,53.2,0,52.55,3
R171-09,E171,9,east,14.22,11.41,standard,0,10.64,9.73,0.924,43.04,0,43.95,5
R171-10,E171,10,east,17.02,11.34,complex,2,10.64,9.89,0.662,61.46,0,61.43,4
R171-11,E171,11,east,19.52,12.02,complex,0,10.64,9.92,0.822,55.58,1,55.53,2
R171-12,E171,12,east,13.52,9.4,standard,0,10.64,8.18,0.533,43.25,0,42.94,5
R171-13,E171,13,east,24.15,14.26,standard,0,10.64,12.81,0.761,63.19,0,63.08,5
R171-14,E171,14,east,13.48,7.85,standard,1,10.64,6.44,0.481,41.55,0,40.97,5
R171-15,E171,15,east,16.65,14.19,standard,2,10.64,12.15,0.422,51.4,0,50.58,5
R171-16,E171,16,east,14.34,16.08,standard,1,10.64,13.79,0.367,57.66,0,58.1,4
R171-17,E171,17,east,13.38,7.87,complex,1,10.64,6.8,0.518,41.65,0,41.07,4
R171-18,E171,18,east,12.46,13.01,complex,0,10.64,12.52,0.519,66.49,0,66.43,3
R171-19,E171,19,east,25.55,11.34,complex,0,10.64,9.69,0.465,77.37,0,77.31,3
R171-20,E171,20,east,18.59,14.54,complex,1,10.64,13.07,0.392,73.57,1,73.97,4
R171-21,E171,21,east,20.12,9.77,standard,2,10.64,9.03,,46.82,0,46.08,4
R171-22,E171,22,east,19.63,13.71,complex,3,10.64,10.6,0.5,58.61,1,59.18,4
R171-23,E171,23,east,11.9,8.53,complex,2,10.64,6.84,0.761,49.29,1,50.37,3
R172-00,E172,0,west,14.8,11.65,standard,1,5.25,10.53,0.889,52.58,0,52.19,3
R172-01,E172,1,west,13.76,13.35,standard,2,5.25,10.86,0.754,43.81,0,43.49,4
R172-02,E172,2,west,11.52,10.58,standard,2,5.25,9.19,0.916,53.63,0,53.58,4
R172-03,E172,3,west,16.63,14.59,complex,0,5.25,11.59,0.943,62.36,0,61.6,3
R172-04,E172,4,west,13.89,11.97,standard,2,5.25,10.65,0.913,48.99,0,49.31,5
R172-05,E172,5,west,18.72,12.84,standard,0,5.25,11.1,0.514,65.15,0,65.37,3
R172-06,E172,6,west,15.98,12.95,complex,4,5.25,10.82,0.645,67.01,1,67.4,4
R172-07,E172,7,west,22.13,16.49,standard,0,5.25,14.13,0.958,67.15,0,67.38,3
R172-08,E172,8,west,29.27,13.24,standard,1,5.25,11.77,0.524,87.08,0,87.51,5
R172-09,E172,9,west,17.46,11.24,complex,1,5.25,9.08,0.758,67.02,0,67.83,3
R172-10,E172,10,west,24.49,12.12,standard,0,5.25,9.51,0.644,69.73,0,69.36,4
R172-11,E172,11,west,21.71,13.33,complex,0,5.25,11.46,0.51,79.82,1,79.76,3
R172-12,E172,12,west,18.92,16.83,complex,0,5.25,13.78,0.718,67.29,0,67.55,5
R172-13,E172,13,west,19.15,11.68,standard,0,5.25,11.53,0.966,52.77,1,52.45,4
R172-14,E172,14,west,22.48,10.43,complex,1,5.25,8.2,0.908,64.28,1,65.07,4
R172-15,E172,15,west,20.15,13.5,standard,0,5.25,11.22,0.643,55.55,0,54.94,5
R172-16,E172,16,west,19.87,10.55,standard,1,5.25,9.05,0.394,54.57,0,53.69,5
R172-17,E172,17,west,19.28,12.06,complex,0,5.25,10.06,0.812,54.24,1,54.11,3
R172-18,E172,18,west,18.11,10.08,standard,2,5.25,7.04,0.405,51.19,0,50.43,3
R172-19,E172,19,west,21.82,12.29,standard,0,5.25,9.91,0.325,63.25,0,63.49,5
R172-20,E172,20,west,23.65,13.07,complex,2,5.25,10.53,0.791,66.17,0,66.42,4
R172-21,E172,21,west,25.45,15.57,standard,1,5.25,13.99,0.742,67.97,1,68.57,3
R172-22,E172,22,west,22.73,14.37,standard,0,5.25,12.51,0.885,70.63,1,70.12,4
R172-23,E172,23,west,18.51,12.54,standard,1,5.25,10.42,0.541,63.4,0,63.31,4
R173-00,E173,0,north,12.98,9.71,standard,0,11.98,9.07,0.793,41.67,0,42.5,5
R173-01,E173,1,north,17.93,9.92,standard,0,11.98,7.65,0.708,40.29,0,40.15,5
R173-02,E173,2,north,9.36,10.98,complex,0,11.98,9.61,0.692,58.62,0,58.56,3
R173-03,E173,3,north,22.49,15.85,complex,4,11.98,12.63,0.547,78.8,0,77.87,4
R173-04,E173,4,north,2.93,8.19,complex,0,11.98,7.86,0.751,53.22,0,53.31,4
R173-05,E173,5,north,12.85,11.41,standard,0,11.98,10.01,0.61,42.79,0,42.56,5
R173-06,E173,6,north,16.17,11.21,complex,1,11.98,10.14,0.594,55.37,0,55.8,3
R173-07,E173,7,north,16.79,12.8,standard,0,11.98,10.88,0.898,51.99,0,51.94,3
R173-08,E173,8,north,4.0,9.02,standard,1,11.98,8.31,0.379,40.8,0,41.52,5
R173-09,E173,9,north,14.63,11.48,standard,0,11.98,9.18,0.662,54.79,0,55.11,5
R173-10,E173,10,north,18.0,14.61,standard,0,11.98,12.46,0.633,55.75,0,56.29,5
R173-11,E173,11,north,16.33,12.16,standard,1,11.98,10.23,0.599,45.34,0,45.8,3
R173-12,E173,12,north,16.83,12.59,standard,7,11.98,11.02,0.598,52.16,1,51.97,4
R173-13,E173,13,north,26.49,16.36,complex,0,11.98,13.44,0.475,106.6,0,106.76,5
R173-14,E173,14,north,20.05,9.55,complex,1,11.98,9.45,0.396,60.12,0,60.51,3
R173-15,E173,15,north,16.87,12.73,standard,2,11.98,10.34,0.469,55.98,0,56.04,3
R173-16,E173,16,north,16.6,11.1,standard,1,11.98,9.86,0.623,39.98,0,40.38,5
R173-17,E173,17,north,19.55,14.07,standard,0,11.98,10.26,0.43,58.28,0,58.13,5
R173-18,E173,18,north,22.41,12.45,standard,1,11.98,10.22,0.916,62.29,0,61.81,5
R173-19,E173,19,north,20.67,14.21,complex,1,11.98,11.93,0.682,71.23,1,71.32,4
R173-20,E173,20,north,17.02,11.41,complex,0,11.98,10.14,,65.21,0,65.07,3
R173-21,E173,21,north,19.17,12.45,complex,0,11.98,10.13,0.725,65.12,0,64.76,3
R173-22,E173,22,north,27.57,13.01,complex,0,11.98,11.42,,84.04,1,84.16,4
R173-23,E173,23,north,19.47,10.96,standard,1,11.98,8.67,0.62,58.25,0,57.35,5
R174-00,E174,0,east,17.34,8.23,standard,0,11.2,7.39,0.556,45.88,0,45.82,3
R174-01,E174,1,east,18.33,14.95,standard,0,11.2,12.78,0.413,57.82,0,58.57,4
R174-02,E174,2,east,15.88,13.08,standard,0,11.2,10.62,0.554,48.55,0,48.21,3
R174-03,E174,3,east,20.75,13.52,complex,2,11.2,11.26,0.708,60.06,0,59.71,3
R174-04,E174,4,east,26.41,15.69,standard,0,11.2,13.76,0.949,64.94,0,64.89,4
R174-05,E174,5,east,15.22,11.13,standard,0,11.2,9.2,0.336,48.58,1,48.9,3
R174-06,E174,6,east,15.54,10.69,standard,2,11.2,9.45,0.786,37.87,1,38.27,3
R174-07,E174,7,east,9.91,11.23,standard,1,11.2,10.24,0.341,46.01,0,46.75,4
R174-08,E174,8,east,16.72,9.63,complex,2,11.2,8.2,0.623,52.84,1,53.27,2
R174-09,E174,9,east,16.26,11.57,complex,2,11.2,9.49,0.867,63.77,0,64.37,4
R174-10,E174,10,east,12.67,10.87,standard,0,11.2,8.54,0.799,37.46,0,37.32,5
R174-11,E174,11,east,8.94,8.92,complex,0,11.2,9.09,0.836,44.45,0,44.2,4
R174-12,E174,12,east,6.01,9.42,standard,1,11.2,9.38,0.688,41.13,0,41.6,5
R174-13,E174,13,east,24.35,15.74,complex,1,11.2,13.54,0.548,74.99,0,74.46,4
R174-14,E174,14,east,19.03,11.12,standard,1,11.2,9.38,0.962,46.32,0,45.64,3
R174-15,E174,15,east,19.84,13.53,standard,0,11.2,11.67,0.367,57.27,0,56.57,3
R174-16,E174,16,east,21.12,13.85,standard,0,11.2,11.48,0.755,66.76,0,66.45,5
R174-17,E174,17,east,17.52,11.56,standard,0,11.2,9.36,0.709,43.63,1,43.04,4
R174-18,E174,18,east,17.99,9.43,standard,1,11.2,8.06,0.656,42.4,0,42.39,3
R174-19,E174,19,east,12.97,13.77,complex,0,11.2,11.79,0.376,59.73,0,59.25,4
R174-20,E174,20,east,23.22,13.32,standard,5,11.2,13.21,,62.88,0,62.68,4
R174-21,E174,21,east,10.04,9.08,complex,0,11.2,8.63,,51.86,0,51.94,4
R174-22,E174,22,east,19.75,9.96,standard,0,11.2,8.99,0.758,49.6,0,49.85,5
R174-23,E174,23,east,17.9,14.82,complex,3,11.2,13.29,,64.05,0,63.89,4
R175-00,E175,0,west,18.04,12.78,standard,0,10.58,12.02,0.712,56.57,0,56.34,5
R175-01,E175,1,west,21.96,14.9,standard,0,10.58,12.39,0.886,64.42,0,64.72,3
R175-02,E175,2,west,18.04,13.44,standard,0,10.58,11.6,0.765,53.13,0,53.14,3
R175-03,E175,3,west,20.61,15.57,standard,0,10.58,13.62,0.556,71.79,1,72.29,2
R175-04,E175,4,west,23.73,14.8,standard,0,10.58,11.21,0.416,61.58,1,61.35,2
R175-05,E175,5,west,20.23,15.0,standard,0,10.58,12.76,0.872,52.37,0,53.33,5
R175-06,E175,6,west,19.34,12.96,complex,1,10.58,10.29,0.375,56.97,1,57.08,4
R175-07,E175,7,west,6.87,8.97,standard,0,10.58,8.71,0.949,33.74,0,33.5,4
R175-08,E175,8,west,15.2,14.25,standard,0,10.58,12.45,0.624,54.48,0,54.39,5
R175-09,E175,9,west,19.88,10.91,complex,0,10.58,8.78,0.327,50.3,0,50.91,4
R175-10,E175,10,west,20.96,13.03,complex,0,10.58,10.78,0.977,63.68,0,64.06,4
R175-11,E175,11,west,26.25,17.26,complex,0,10.58,15.18,0.892,78.65,0,78.92,5
R175-12,E175,12,west,19.54,10.36,standard,0,10.58,9.04,0.444,47.76,0,47.76,4
R175-13,E175,13,west,25.03,15.56,standard,0,10.58,12.5,0.592,64.24,0,65.83,3
R175-14,E175,14,west,27.88,12.49,standard,0,10.58,10.68,0.785,68.59,0,68.03,5
R175-15,E175,15,west,16.18,15.44,standard,0,10.58,13.85,0.657,48.47,0,48.37,5
R175-16,E175,16,west,26.63,15.33,complex,0,10.58,14.22,0.89,81.69,0,81.72,3
R175-17,E175,17,west,27.79,13.11,standard,1,10.58,9.92,0.524,76.94,0,76.7,5
R175-18,E175,18,west,26.79,14.46,standard,1,10.58,13.41,0.914,63.47,0,63.77,3
R175-19,E175,19,west,25.24,13.38,standard,1,10.58,11.96,0.616,57.41,1,58.13,4
R175-20,E175,20,west,13.51,13.1,complex,0,10.58,11.15,0.729,47.45,1,48.15,2
R175-21,E175,21,west,25.84,15.3,standard,0,10.58,13.13,0.307,67.91,0,68.31,5
R175-22,E175,22,west,23.25,12.87,complex,2,10.58,10.34,0.558,67.54,0,67.72,5
R175-23,E175,23,west,28.38,13.15,complex,1,10.58,11.28,0.517,93.35,1,92.92,4
R176-00,E176,0,north,11.88,6.04,complex,1,12.45,5.17,0.966,37.47,0,36.89,4
R176-01,E176,1,north,22.54,13.16,standard,0,12.45,10.93,0.886,69.38,0,69.39,4
R176-02,E176,2,north,3.5,10.3,complex,0,12.45,8.68,0.569,49.1,0,49.85,4
R176-03,E176,3,north,13.71,14.9,standard,0,12.45,12.68,0.823,51.24,0,51.0,5
R176-04,E176,4,north,18.88,13.05,complex,3,12.45,10.72,0.929,71.03,0,71.19,3
R176-05,E176,5,north,19.56,16.24,complex,0,12.45,15.08,0.633,80.32,0,79.74,4
R176-06,E176,6,north,19.36,14.72,standard,0,12.45,11.45,0.321,52.84,0,52.99,4
R176-07,E176,7,north,22.87,10.33,standard,0,12.45,9.87,0.779,72.21,0,71.9,5
R176-08,E176,8,north,21.5,16.48,standard,0,12.45,15.25,0.303,68.07,1,68.46,3
R176-09,E176,9,north,14.99,14.96,complex,0,12.45,12.4,0.429,72.12,0,71.94,4
R176-10,E176,10,north,13.52,13.17,standard,3,12.45,12.36,0.715,48.76,0,48.01,4
R176-11,E176,11,north,13.74,7.23,complex,0,12.45,5.08,0.575,46.59,1,46.35,3
R176-12,E176,12,north,19.11,10.45,complex,1,12.45,8.1,0.547,61.02,0,61.81,3
R176-13,E176,13,north,16.38,14.0,standard,1,12.45,10.68,0.488,44.29,0,43.44,5
R176-14,E176,14,north,16.14,12.22,complex,3,12.45,11.44,0.921,57.17,1,56.73,4
R176-15,E176,15,north,9.54,9.49,standard,0,12.45,8.38,0.549,37.92,0,37.27,4
R176-16,E176,16,north,29.16,19.41,standard,2,12.45,15.09,0.985,73.24,0,73.95,5
R176-17,E176,17,north,14.5,9.63,complex,0,12.45,8.22,0.332,55.73,0,56.14,3
R176-18,E176,18,north,8.84,9.69,standard,2,12.45,8.92,0.311,33.47,0,32.67,5
R176-19,E176,19,north,17.0,14.11,complex,0,12.45,12.07,0.701,63.83,0,63.33,4
R176-20,E176,20,north,16.7,13.17,standard,0,12.45,12.28,0.647,51.48,0,51.49,3
R176-21,E176,21,north,28.35,16.75,standard,0,12.45,14.85,0.998,82.08,0,82.79,5
R176-22,E176,22,north,21.84,12.89,standard,2,12.45,10.17,,60.2,1,60.44,3
R176-23,E176,23,north,18.13,12.77,standard,0,12.45,12.01,0.443,63.12,0,63.33,5
R177-00,E177,0,east,11.2,11.71,complex,0,1.96,10.33,0.648,49.14,0,50.41,4
R177-01,E177,1,east,18.0,13.6,standard,0,1.96,12.14,0.751,50.04,0,50.38,3
R177-02,E177,2,east,15.9,14.99,standard,0,1.96,12.26,0.506,50.25,0,49.88,4
R177-03,E177,3,east,12.7,11.24,complex,1,1.96,9.89,0.727,48.79,1,49.03,2
R177-04,E177,4,east,16.41,10.87,standard,0,1.96,8.67,0.696,48.55,0,48.18,4
R177-05,E177,5,east,11.29,9.35,standard,0,1.96,8.53,0.832,40.61,0,40.23,5
R177-06,E177,6,east,13.6,10.41,standard,0,1.96,7.97,0.435,36.54,0,37.13,5
R177-07,E177,7,east,15.1,11.97,complex,0,1.96,10.01,0.706,59.59,0,59.01,4
R177-08,E177,8,east,10.91,13.36,standard,0,1.96,12.24,0.422,39.08,0,38.96,3
R177-09,E177,9,east,14.2,10.62,standard,1,1.96,9.06,0.724,37.36,0,35.95,4
R177-10,E177,10,east,24.1,13.31,standard,0,1.96,10.09,0.438,76.39,0,76.26,5
R177-11,E177,11,east,17.77,14.93,standard,1,1.96,13.22,0.981,59.89,0,59.26,4
R177-12,E177,12,east,15.44,10.94,standard,0,1.96,9.18,0.793,46.38,0,47.12,3
R177-13,E177,13,east,12.1,6.72,standard,1,1.96,5.1,0.806,36.48,0,37.01,4
R177-14,E177,14,east,20.34,14.05,standard,0,1.96,11.44,0.952,59.9,0,59.65,3
R177-15,E177,15,east,12.67,13.73,standard,0,1.96,12.48,0.394,45.1,0,44.92,3
R177-16,E177,16,east,26.85,11.1,standard,4,1.96,10.14,0.705,57.8,0,57.55,5
R177-17,E177,17,east,25.4,13.81,standard,0,1.96,11.12,0.76,73.99,0,73.9,4
R177-18,E177,18,east,23.34,12.81,complex,0,1.96,9.45,0.737,66.23,0,66.23,4
R177-19,E177,19,east,9.75,9.37,complex,0,1.96,8.42,0.924,42.7,0,42.31,3
R177-20,E177,20,east,24.52,13.44,complex,0,1.96,11.64,0.309,60.76,1,59.89,3
R177-21,E177,21,east,17.44,10.86,complex,0,1.96,9.29,,50.29,0,49.55,3
R177-22,E177,22,east,23.21,15.36,standard,0,1.96,13.17,0.614,52.59,0,52.63,4
R177-23,E177,23,east,20.69,13.43,standard,0,1.96,12.29,0.993,56.9,0,57.05,5
R178-00,E178,0,west,9.59,10.15,standard,0,9.74,8.64,0.659,38.44,0,38.04,3
R178-01,E178,1,west,24.55,13.04,standard,1,9.74,10.99,0.331,60.86,0,61.12,3
R178-02,E178,2,west,10.73,12.2,complex,1,9.74,11.16,0.437,48.1,1,47.37,2
R178-03,E178,3,west,13.23,10.87,standard,1,9.74,8.92,0.4,44.84,0,43.77,4
R178-04,E178,4,west,11.51,7.92,standard,0,9.74,7.79,0.422,36.16,0,36.81,5
R178-05,E178,5,west,17.93,13.91,standard,1,9.74,11.79,0.41,61.61,0,61.52,3
R178-06,E178,6,west,11.88,5.98,standard,0,9.74,5.02,0.461,37.8,0,37.48,4
R178-07,E178,7,west,24.1,11.78,standard,0,9.74,9.59,0.605,68.41,0,69.32,5
R178-08,E178,8,west,12.07,12.88,standard,0,9.74,10.74,0.938,41.04,0,41.15,5
R178-09,E178,9,west,21.17,12.43,standard,0,9.74,11.42,0.885,49.26,0,48.55,3
R178-10,E178,10,west,13.93,11.55,complex,0,9.74,9.35,0.966,43.22,0,43.2,4
R178-11,E178,11,west,16.75,13.98,standard,1,9.74,10.96,0.477,41.16,1,40.22,2
R178-12,E178,12,west,22.59,11.36,standard,0,9.74,9.61,0.321,59.27,0,59.52,4
R178-13,E178,13,west,4.82,7.93,standard,0,9.74,6.54,0.656,29.99,0,30.22,5
R178-14,E178,14,west,14.89,11.32,standard,0,9.74,11.72,0.706,34.5,0,33.6,4
R178-15,E178,15,west,18.62,12.46,standard,1,9.74,10.52,0.846,57.15,0,57.23,3
R178-16,E178,16,west,16.75,10.68,standard,1,9.74,8.37,0.573,52.97,0,53.26,5
R178-17,E178,17,west,23.78,10.83,standard,0,9.74,9.09,0.729,48.03,1,49.11,3
R178-18,E178,18,west,31.57,19.25,standard,1,9.74,15.38,0.644,90.14,1,90.71,4
R178-19,E178,19,west,27.5,16.78,complex,0,9.74,14.63,0.843,64.25,1,64.12,3
R178-20,E178,20,west,16.38,13.67,standard,0,9.74,11.25,0.757,56.27,1,55.34,3
R178-21,E178,21,west,21.96,12.73,standard,2,9.74,10.52,0.631,52.0,1,51.65,2
R178-22,E178,22,west,24.77,13.37,complex,0,9.74,11.87,0.597,56.85,1,56.5,3
R178-23,E178,23,west,29.09,17.5,complex,2,9.74,14.46,,99.32,1,99.14,4
R179-00,E179,0,north,7.64,10.75,standard,3,8.31,8.74,0.678,36.89,0,36.03,4
R179-01,E179,1,north,19.7,14.99,standard,3,8.31,13.51,0.984,61.39,0,61.29,4
R179-02,E179,2,north,23.07,11.55,complex,0,8.31,9.38,0.346,63.21,1,63.84,3
R179-03,E179,3,north,11.99,10.89,complex,1,8.31,9.6,0.884,46.51,1,45.97,4
R179-04,E179,4,north,11.71,6.73,complex,0,8.31,5.52,0.697,42.21,0,41.78,5
R179-05,E179,5,north,16.16,11.69,standard,2,8.31,8.88,0.41,49.52,1,49.8,4
R179-06,E179,6,north,21.21,15.38,standard,2,8.31,13.95,0.423,58.87,1,58.79,2
R179-07,E179,7,north,9.34,10.98,standard,0,8.31,9.62,0.344,46.57,0,46.28,4
R179-08,E179,8,north,22.62,11.67,standard,0,8.31,10.47,0.671,62.28,1,62.47,3
R179-09,E179,9,north,20.97,12.7,standard,0,8.31,10.62,0.356,53.84,0,54.38,3
R179-10,E179,10,north,20.36,12.41,standard,0,8.31,9.54,0.694,48.42,0,49.32,5
R179-11,E179,11,north,11.68,9.3,standard,1,8.31,8.41,0.771,42.21,0,40.93,5
R179-12,E179,12,north,19.07,9.79,complex,1,8.31,8.65,0.568,63.67,0,63.84,3
R179-13,E179,13,north,13.23,8.81,standard,2,8.31,7.4,0.673,35.74,0,35.92,5
R179-14,E179,14,north,21.4,15.4,complex,2,8.31,12.3,0.35,77.89,0,78.03,3
R179-15,E179,15,north,18.37,12.66,complex,2,8.31,11.08,0.964,68.21,0,67.79,3
R179-16,E179,16,north,21.35,10.46,complex,1,8.31,9.07,0.881,66.12,1,65.47,2
R179-17,E179,17,north,25.11,14.22,standard,0,8.31,13.28,0.674,65.63,0,66.02,4
R179-18,E179,18,north,22.68,12.02,standard,0,8.31,8.82,0.681,65.6,0,65.7,3
R179-19,E179,19,north,27.25,14.53,standard,0,8.31,12.75,0.339,78.33,1,78.41,4
R179-20,E179,20,north,27.07,16.71,standard,0,8.31,14.53,0.887,74.05,0,74.59,5
R179-21,E179,21,north,15.61,14.83,standard,1,8.31,11.65,,62.66,1,62.93,3
R179-22,E179,22,north,23.34,13.38,complex,0,8.31,12.82,0.413,75.24,0,75.9,5
R179-23,E179,23,north,18.26,14.07,complex,0,8.31,11.65,0.399,69.86,1,69.54,3
R180-00,E180,0,east,14.33,9.49,complex,0,12.72,8.84,0.337,59.63,1,59.49,3
R180-01,E180,1,east,19.14,14.11,standard,0,12.72,11.65,0.967,63.66,0,63.74,5
R180-02,E180,2,east,17.74,13.02,standard,1,12.72,10.22,0.751,44.91,0,45.39,4
R180-03,E180,3,east,21.54,11.26,complex,0,12.72,8.89,0.437,64.15,0,64.18,4
R180-04,E180,4,east,19.95,12.01,standard,0,12.72,10.1,0.951,55.15,0,54.68,5
R180-05,E180,5,east,20.51,13.93,standard,2,12.72,12.53,0.336,62.53,1,62.25,3
R180-06,E180,6,east,17.7,9.05,standard,0,12.72,7.57,0.333,40.78,0,40.95,3
R180-07,E180,7,east,4.69,10.34,standard,0,12.72,8.34,0.455,39.21,0,39.97,5
R180-08,E180,8,east,13.02,10.87,standard,0,12.72,9.64,0.524,50.3,0,50.44,4
R180-09,E180,9,east,6.68,11.36,standard,1,12.72,10.06,0.896,47.71,0,47.82,5
R180-10,E180,10,east,18.07,12.75,standard,0,12.72,10.07,0.905,59.96,0,59.78,3
R180-11,E180,11,east,20.31,13.24,complex,0,12.72,10.54,0.54,66.07,0,66.66,5
R180-12,E180,12,east,4.55,7.5,standard,1,12.72,5.89,0.944,39.02,0,39.01,5
R180-13,E180,13,east,14.19,14.35,standard,0,12.72,12.03,0.327,49.24,0,49.26,5
R180-14,E180,14,east,22.47,12.79,standard,0,12.72,11.22,0.709,64.66,0,65.07,3
R180-15,E180,15,east,9.09,9.97,standard,0,12.72,8.52,0.317,44.62,0,44.81,4
R180-16,E180,16,east,23.77,14.59,standard,5,12.72,11.71,0.495,63.94,1,63.64,2
R180-17,E180,17,east,17.79,11.73,standard,1,12.72,8.85,0.767,65.75,0,65.59,4
R180-18,E180,18,east,14.63,11.09,complex,0,12.72,10.39,0.445,48.6,0,49.42,3
R180-19,E180,19,east,18.72,14.93,standard,0,12.72,13.11,0.563,63.49,0,63.97,5
R180-20,E180,20,east,32.22,15.58,standard,1,12.72,13.18,0.553,89.81,1,90.31,3
R180-21,E180,21,east,17.7,9.99,standard,0,12.72,8.3,0.624,41.69,1,41.78,3
R180-22,E180,22,east,17.3,14.68,standard,0,12.72,12.09,0.723,53.29,0,53.05,3
R180-23,E180,23,east,21.13,12.87,complex,0,12.72,11.46,,63.55,1,64.48,4
R181-00,E181,0,west,15.11,8.29,standard,0,1.14,6.93,0.68,41.24,0,41.58,4
R181-01,E181,1,west,22.72,12.89,standard,0,1.14,11.95,0.312,51.0,0,51.24,4
R181-02,E181,2,west,17.11,9.97,standard,0,1.14,8.89,0.712,46.94,0,46.79,3
R181-03,E181,3,west,17.61,11.88,standard,0,1.14,10.59,0.598,43.42,0,43.19,5
R181-04,E181,4,west,16.4,13.9,standard,0,1.14,11.33,0.488,48.11,1,47.8,3
R181-05,E181,5,west,6.95,8.64,complex,0,1.14,6.17,0.616,41.51,0,41.72,3
R181-06,E181,6,west,25.02,14.98,standard,0,1.14,12.72,0.679,59.93,0,60.4,5
R181-07,E181,7,west,19.85,16.82,standard,1,1.14,12.99,0.341,67.56,0,67.46,4
R181-08,E181,8,west,16.97,10.54,complex,2,1.14,9.2,0.657,57.87,0,57.54,3
R181-09,E181,9,west,29.14,15.81,standard,0,1.14,13.37,0.369,73.38,1,73.85,2
R181-10,E181,10,west,22.42,12.98,standard,0,1.14,11.58,0.482,51.67,0,51.56,3
R181-11,E181,11,west,26.57,15.05,complex,3,1.14,14.77,0.504,84.34,1,84.38,3
R181-12,E181,12,west,27.73,12.33,complex,0,1.14,9.77,0.762,95.47,0,95.59,4
R181-13,E181,13,west,19.92,16.63,complex,0,1.14,13.94,0.587,72.61,0,72.05,4
R181-14,E181,14,west,13.02,12.82,standard,0,1.14,10.97,0.867,48.27,0,48.27,3
R181-15,E181,15,west,20.74,12.99,standard,3,1.14,11.48,0.761,53.45,1,53.05,4
R181-16,E181,16,west,31.44,16.15,standard,0,1.14,14.82,0.43,91.4,0,91.41,4
R181-17,E181,17,west,18.87,9.62,standard,2,1.14,7.71,0.333,45.54,0,45.68,4
R181-18,E181,18,west,21.25,11.67,complex,0,1.14,9.19,0.7,56.92,0,56.43,5
R181-19,E181,19,west,14.66,8.04,standard,0,1.14,7.12,0.466,33.92,1,33.99,3
R181-20,E181,20,west,23.59,17.16,complex,1,1.14,14.41,,81.27,1,80.57,2
R181-21,E181,21,west,20.51,12.32,standard,2,1.14,9.83,0.97,41.46,0,41.27,3
R181-22,E181,22,west,25.13,14.15,complex,0,1.14,12.68,0.713,67.14,1,68.08,2
R181-23,E181,23,west,23.32,14.93,complex,0,1.14,12.89,0.726,75.62,1,75.53,3
R182-00,E182,0,north,15.66,9.26,complex,1,10.89,6.92,0.943,45.32,0,46.28,5
R182-01,E182,1,north,16.59,11.81,standard,1,10.89,9.49,0.855,55.2,0,55.11,4
R182-02,E182,2,north,8.67,8.53,complex,0,10.89,6.99,0.478,41.6,0,42.14,5
R182-03,E182,3,north,13.79,12.69,complex,0,10.89,11.45,0.543,56.14,1,56.4,2
R182-04,E182,4,north,23.37,13.67,standard,1,10.89,11.86,0.499,67.35,0,67.75,5
R182-05,E182,5,north,22.34,15.17,complex,2,10.89,12.8,0.438,71.88,0,71.17,5
R182-06,E182,6,north,19.76,10.22,complex,0,10.89,8.16,0.853,57.66,0,57.75,5
R182-07,E182,7,north,12.3,12.43,complex,0,10.89,10.29,0.731,44.8,0,44.9,3
R182-08,E182,8,north,23.08,16.08,standard,0,10.89,13.48,0.676,79.09,0,79.69,3
R182-09,E182,9,north,14.98,9.47,standard,0,10.89,7.98,0.87,40.02,0,39.49,3
R182-10,E182,10,north,7.12,8.07,standard,2,10.89,6.08,0.392,28.97,0,28.94,4
R182-11,E182,11,north,15.23,13.8,standard,0,10.89,11.84,0.898,43.64,1,45.11,4
R182-12,E182,12,north,17.8,10.84,standard,3,10.89,9.8,0.942,44.39,0,43.36,3
R182-13,E182,13,north,24.45,18.11,standard,0,10.89,16.39,0.625,74.01,0,74.26,3
R182-14,E182,14,north,7.3,8.25,complex,1,10.89,5.7,0.56,40.77,1,40.84,3
R182-15,E182,15,north,18.9,11.81,complex,1,10.89,9.48,0.385,65.9,0,65.51,5
R182-16,E182,16,north,13.7,9.83,standard,1,10.89,8.23,0.908,43.33,0,43.25,3
R182-17,E182,17,north,7.59,8.51,standard,0,10.89,8.53,0.779,33.37,0,33.37,3
R182-18,E182,18,north,22.93,13.27,standard,0,10.89,12.21,0.822,49.25,0,49.57,5
R182-19,E182,19,north,14.18,14.52,complex,3,10.89,12.86,0.674,58.12,0,58.25,5
R182-20,E182,20,north,20.43,12.91,standard,0,10.89,11.23,0.385,55.09,1,54.63,3
R182-21,E182,21,north,19.43,12.89,complex,0,10.89,11.86,0.73,58.46,0,58.34,5
R182-22,E182,22,north,22.04,15.55,standard,1,10.89,13.26,0.406,63.26,0,63.3,3
R182-23,E182,23,north,13.81,10.74,complex,0,10.89,8.19,0.927,63.6,0,63.87,5
R183-00,E183,0,east,16.97,11.57,complex,3,5.87,9.42,0.821,69.57,1,69.32,4
R183-01,E183,1,east,14.8,12.26,complex,0,5.87,10.28,0.759,69.36,0,69.49,5
R183-02,E183,2,east,12.07,9.44,standard,0,5.87,7.96,0.336,47.73,0,47.91,4
R183-03,E183,3,east,14.79,13.17,standard,0,5.87,12.0,0.941,59.39,0,59.26,3
R183-04,E183,4,east,15.91,9.02,complex,1,5.87,7.69,0.868,57.91,0,56.69,3
R183-05,E183,5,east,24.71,15.5,standard,0,5.87,12.89,0.896,68.0,0,68.46,5
R183-06,E183,6,east,9.89,12.94,standard,0,5.87,10.23,0.831,51.46,0,51.65,4
R183-07,E183,7,east,9.92,9.12,complex,0,5.87,8.02,0.798,54.08,0,54.41,4
R183-08,E183,8,east,15.66,13.68,complex,0,5.87,10.64,0.504,60.09,0,59.74,5
R183-09,E183,9,east,18.2,13.59,complex,0,5.87,10.82,0.909,56.94,0,56.8,3
R183-10,E183,10,east,14.36,12.07,standard,1,5.87,10.6,0.318,41.65,0,41.03,3
R183-11,E183,11,east,16.8,9.95,complex,0,5.87,9.06,0.677,49.72,0,49.25,3
R183-12,E183,12,east,5.92,9.63,standard,4,5.87,6.88,0.727,33.34,0,33.48,5
R183-13,E183,13,east,18.92,14.91,standard,0,5.87,11.68,0.8,58.47,0,58.84,3
R183-14,E183,14,east,7.9,10.07,standard,0,5.87,7.88,0.879,42.11,0,42.33,5
R183-15,E183,15,east,23.48,13.96,standard,0,5.87,11.03,0.764,71.6,0,71.32,5
R183-16,E183,16,east,18.46,14.33,standard,0,5.87,12.22,0.504,62.93,0,63.52,4
R183-17,E183,17,east,20.96,11.63,standard,0,5.87,10.17,0.469,64.42,0,64.34,4
R183-18,E183,18,east,22.13,14.58,standard,0,5.87,12.3,0.898,60.51,0,61.4,3
R183-19,E183,19,east,14.28,8.73,standard,3,5.87,8.06,0.839,49.87,0,48.94,4
R183-20,E183,20,east,13.17,7.49,complex,0,5.87,6.62,,51.87,0,51.97,4
R183-21,E183,21,east,5.81,9.33,standard,0,5.87,8.16,0.556,39.01,0,38.81,4
R183-22,E183,22,east,19.63,10.6,standard,0,5.87,8.97,0.907,58.33,0,58.69,5
R183-23,E183,23,east,10.25,11.06,standard,2,5.87,9.12,0.841,45.1,0,44.56,5
R184-00,E184,0,west,25.61,14.33,standard,1,12.26,12.67,0.625,72.89,0,72.83,5
R184-01,E184,1,west,10.51,11.83,complex,0,12.26,9.66,0.43,51.43,0,52.02,3
R184-02,E184,2,west,23.8,15.18,complex,0,12.26,12.78,0.602,80.42,1,80.62,3
R184-03,E184,3,west,18.36,12.55,complex,0,12.26,9.75,0.472,63.77,1,64.66,4
R184-04,E184,4,west,22.0,13.39,standard,2,12.26,11.78,0.78,65.82,0,66.59,5
R184-05,E184,5,west,12.26,9.33,standard,0,12.26,9.39,0.784,44.91,0,45.87,5
R184-06,E184,6,west,15.06,12.68,complex,0,12.26,11.99,0.363,58.87,0,59.41,3
R184-07,E184,7,west,19.55,14.06,complex,0,12.26,13.02,0.831,68.18,1,69.01,3
R184-08,E184,8,west,23.3,16.54,standard,0,12.26,13.15,0.327,60.89,0,60.43,5
R184-09,E184,9,west,17.26,12.58,standard,0,12.26,11.05,0.459,48.06,0,47.82,5
R184-10,E184,10,west,10.98,9.11,standard,3,12.26,8.72,0.645,42.44,0,42.15,3
R184-11,E184,11,west,6.16,14.45,standard,1,12.26,11.54,0.552,45.99,0,45.7,4
R184-12,E184,12,west,21.44,14.71,standard,0,12.26,11.98,0.709,56.57,0,56.73,3
R184-13,E184,13,west,25.73,15.22,standard,0,12.26,12.92,0.564,66.68,1,65.95,2
R184-14,E184,14,west,21.29,12.28,standard,0,12.26,9.56,0.385,56.92,0,57.36,5
R184-15,E184,15,west,20.14,14.83,standard,0,12.26,12.7,0.434,54.23,1,54.3,4
R184-16,E184,16,west,22.44,13.97,standard,0,12.26,11.14,0.483,64.21,0,64.19,5
R184-17,E184,17,west,28.45,14.73,standard,3,12.26,12.81,0.583,84.96,0,85.09,3
R184-18,E184,18,west,20.62,9.97,standard,0,12.26,8.95,0.427,51.54,0,52.09,5
R184-19,E184,19,west,16.2,13.5,standard,2,12.26,10.05,0.865,45.88,1,45.47,2
R184-20,E184,20,west,30.74,16.89,standard,1,12.26,14.32,0.779,82.16,1,81.89,2
R184-21,E184,21,west,24.46,14.82,standard,1,12.26,13.07,0.305,72.81,0,72.51,5
R184-22,E184,22,west,26.12,16.06,complex,2,12.26,14.09,0.358,74.72,1,75.13,2
R184-23,E184,23,west,22.8,15.56,complex,0,12.26,13.4,,74.26,1,74.1,4
R185-00,E185,0,north,13.41,13.02,standard,0,11.67,11.11,0.748,42.13,0,42.1,5
R185-01,E185,1,north,13.37,8.84,complex,1,11.67,7.42,0.839,43.95,0,43.63,4
R185-02,E185,2,north,23.42,14.76,standard,0,11.67,12.75,0.622,75.55,1,76.09,3
R185-03,E185,3,north,10.27,11.62,standard,0,11.67,10.85,0.537,41.08,0,41.35,3
R185-04,E185,4,north,10.41,10.77,complex,0,11.67,8.28,0.727,52.35,0,52.64,4
R185-05,E185,5,north,14.08,13.32,complex,0,11.67,11.09,0.384,59.07,0,59.88,4
R185-06,E185,6,north,11.5,9.88,complex,0,11.67,8.58,0.577,49.8,0,49.96,4
R185-07,E185,7,north,23.81,15.7,standard,0,11.67,13.11,0.931,65.14,1,64.64,3
R185-08,E185,8,north,22.64,11.85,standard,0,11.67,10.49,0.827,68.02,0,67.56,3
R185-09,E185,9,north,13.79,11.02,standard,0,11.67,10.22,0.667,43.37,0,43.14,3
R185-10,E185,10,north,5.22,12.4,standard,1,11.67,10.67,0.807,38.17,0,38.74,4
R185-11,E185,11,north,20.75,15.1,complex,0,11.67,12.89,0.47,73.13,0,73.37,5
R185-12,E185,12,north,12.04,13.67,standard,1,11.67,10.08,0.635,46.03,0,45.12,5
R185-13,E185,13,north,16.31,10.24,standard,3,11.67,8.34,0.469,50.79,1,49.53,4
R185-14,E185,14,north,12.17,8.18,standard,0,11.67,6.51,0.96,39.93,0,39.37,3
R185-15,E185,15,north,11.9,12.2,standard,1,11.67,10.6,0.559,43.36,0,43.09,4
R185-16,E185,16,north,14.92,11.76,standard,1,11.67,9.28,0.723,53.57,0,53.87,4
R185-17,E185,17,north,18.5,16.11,standard,1,11.67,13.25,0.387,70.28,0,70.21,4
R185-18,E185,18,north,18.35,13.82,standard,0,11.67,11.31,0.977,52.45,0,51.98,5
R185-19,E185,19,north,20.75,11.94,standard,1,11.67,10.7,0.347,63.82,0,64.24,4
R185-20,E185,20,north,18.68,15.18,complex,0,11.67,13.28,0.875,61.56,0,62.13,5
R185-21,E185,21,north,21.11,15.91,complex,5,11.67,13.12,0.999,70.52,1,70.58,2
R185-22,E185,22,north,23.93,16.24,standard,1,11.67,13.55,,68.74,0,68.79,3
R185-23,E185,23,north,22.34,11.89,standard,0,11.67,10.38,,52.35,0,52.89,5
R186-00,E186,0,east,11.12,7.84,complex,3,13.73,7.3,0.946,48.76,1,49.31,4
R186-01,E186,1,east,18.68,10.92,standard,0,13.73,8.74,0.984,49.37,0,48.61,3
R186-02,E186,2,east,16.27,12.5,complex,0,13.73,10.9,0.7,63.1,0,63.13,5
R186-03,E186,3,east,13.45,9.37,standard,0,13.73,8.96,0.792,41.16,0,42.26,3
R186-04,E186,4,east,23.39,14.46,standard,0,13.73,12.1,0.976,77.67,0,77.83,4
R186-05,E186,5,east,17.2,9.86,standard,0,13.73,8.9,0.787,49.13,0,48.79,4
R186-06,E186,6,east,17.16,14.7,standard,0,13.73,12.3,0.574,55.35,0,55.22,5
R186-07,E186,7,east,10.66,8.82,standard,0,13.73,6.62,0.905,37.67,0,37.29,4
R186-08,E186,8,east,10.94,10.32,standard,0,13.73,8.88,0.792,55.57,0,56.28,3
R186-09,E186,9,east,15.09,8.8,complex,0,13.73,7.42,0.655,61.27,0,60.82,5
R186-10,E186,10,east,26.63,13.09,standard,0,13.73,10.48,0.565,77.85,0,77.42,4
R186-11,E186,11,east,19.26,14.75,standard,0,13.73,12.24,0.934,74.4,0,74.8,4
R186-12,E186,12,east,12.22,11.13,standard,0,13.73,10.01,0.853,48.13,0,48.32,4
R186-13,E186,13,east,19.2,14.02,standard,2,13.73,12.38,0.548,66.63,0,65.73,4
R186-14,E186,14,east,17.98,13.85,complex,0,13.73,12.19,0.811,58.92,0,58.9,3
R186-15,E186,15,east,24.76,15.66,standard,0,13.73,12.71,0.893,65.88,0,65.7,3
R186-16,E186,16,east,9.96,11.87,standard,0,13.73,10.87,0.714,47.21,0,48.14,3
R186-17,E186,17,east,12.29,9.35,standard,0,13.73,7.79,0.542,46.71,0,46.4,4
R186-18,E186,18,east,18.9,15.71,complex,0,13.73,12.89,0.636,72.06,0,72.16,3
R186-19,E186,19,east,25.62,17.22,complex,1,13.73,13.87,0.343,84.51,1,83.38,4
R186-20,E186,20,east,8.24,4.83,complex,0,13.73,4.26,0.859,45.78,1,46.11,3
R186-21,E186,21,east,19.01,10.16,complex,1,13.73,8.49,0.998,59.18,1,59.6,2
R186-22,E186,22,east,14.65,11.28,standard,3,13.73,10.03,0.695,46.15,0,46.03,5
R186-23,E186,23,east,15.76,11.81,complex,1,13.73,9.12,0.888,54.48,0,53.42,3
R187-00,E187,0,west,21.95,11.28,standard,2,6.37,9.3,0.729,68.04,0,68.18,4
R187-01,E187,1,west,8.54,8.13,standard,1,6.37,7.43,0.485,35.74,0,36.15,4
R187-02,E187,2,west,12.51,7.3,complex,0,6.37,6.16,0.317,50.03,0,49.51,4
R187-03,E187,3,west,14.95,14.76,standard,0,6.37,13.12,0.535,42.23,1,41.99,2
R187-04,E187,4,west,12.45,12.99,standard,0,6.37,10.79,0.754,56.94,0,56.53,5
R187-05,E187,5,west,11.6,7.51,complex,1,6.37,6.77,0.963,52.92,0,53.06,5
R187-06,E187,6,west,15.82,10.69,standard,0,6.37,8.71,0.493,45.75,0,45.44,3
R187-07,E187,7,west,12.86,10.92,complex,0,6.37,9.6,0.713,55.3,0,55.82,5
R187-08,E187,8,west,17.8,12.54,complex,0,6.37,10.16,0.497,73.43,0,73.35,5
R187-09,E187,9,west,18.79,13.64,standard,0,6.37,11.32,0.817,59.19,0,58.67,3
R187-10,E187,10,west,22.89,11.67,standard,0,6.37,9.64,0.982,50.85,1,50.88,4
R187-11,E187,11,west,18.85,11.25,complex,0,6.37,8.87,0.359,49.92,0,49.64,3
R187-12,E187,12,west,13.79,6.9,complex,0,6.37,6.39,0.857,39.15,0,39.3,4
R187-13,E187,13,west,13.49,10.11,complex,0,6.37,8.09,0.995,45.28,0,44.91,3
R187-14,E187,14,west,24.42,15.23,standard,1,6.37,13.49,0.596,72.89,0,73.15,3
R187-15,E187,15,west,20.65,14.96,standard,2,6.37,12.84,0.977,71.67,1,71.74,4
R187-16,E187,16,west,19.17,10.07,standard,2,6.37,8.81,0.985,57.43,1,57.21,3
R187-17,E187,17,west,25.09,9.96,standard,0,6.37,8.67,0.631,59.57,1,59.79,2
R187-18,E187,18,west,29.2,17.57,standard,0,6.37,15.61,0.86,78.16,0,79.05,5
R187-19,E187,19,west,17.44,13.29,standard,0,6.37,10.91,0.591,55.89,1,55.63,3
R187-20,E187,20,west,12.41,10.04,standard,0,6.37,8.73,0.758,47.95,0,48.09,5
R187-21,E187,21,west,18.95,13.96,complex,0,6.37,11.54,0.975,74.48,0,74.37,5
R187-22,E187,22,west,20.42,13.14,standard,0,6.37,11.06,0.553,55.62,0,54.71,3
R187-23,E187,23,west,17.33,11.4,standard,1,6.37,10.8,0.562,44.96,0,45.21,3
R188-00,E188,0,north,10.07,8.72,complex,2,10.26,8.23,0.895,45.11,1,45.65,4
R188-01,E188,1,north,8.4,9.12,standard,0,10.26,8.36,0.98,41.08,0,41.54,3
R188-02,E188,2,north,17.56,12.57,standard,0,10.26,11.31,0.481,45.19,0,44.63,5
R188-03,E188,3,north,16.46,14.44,standard,0,10.26,11.75,0.695,52.82,0,53.04,5
R188-04,E188,4,north,11.92,13.28,complex,0,10.26,10.52,0.779,51.61,0,51.84,4
R188-05,E188,5,north,11.59,12.23,complex,0,10.26,10.35,0.606,54.89,0,55.12,5
R188-06,E188,6,north,24.34,16.85,standard,0,10.26,14.0,0.926,72.54,0,72.5,5
R188-07,E188,7,north,14.73,13.89,standard,0,10.26,11.73,0.768,57.47,0,58.17,5
R188-08,E188,8,north,18.5,16.6,standard,0,10.26,14.49,0.63,56.95,0,57.02,3
R188-09,E188,9,north,12.62,11.18,complex,1,10.26,8.82,0.942,56.92,0,56.87,5
R188-10,E188,10,north,16.39,11.06,complex,0,10.26,9.16,0.443,50.29,0,49.82,4
R188-11,E188,11,north,16.16,9.48,standard,0,10.26,7.28,0.909,46.27,0,45.85,3
R188-12,E188,12,north,19.01,16.22,complex,0,10.26,14.2,0.879,69.7,0,69.85,5
R188-13,E188,13,north,20.79,15.5,complex,0,10.26,13.59,0.601,64.23,0,63.56,3
R188-14,E188,14,north,18.3,14.84,complex,0,10.26,12.56,0.774,74.04,0,73.03,5
R188-15,E188,15,north,13.31,10.85,complex,1,10.26,9.66,0.532,50.0,0,50.07,3
R188-16,E188,16,north,22.21,14.97,standard,6,10.26,13.84,0.875,63.8,0,64.43,3
R188-17,E188,17,north,17.3,12.86,standard,1,10.26,11.85,0.468,45.01,0,45.34,4
R188-18,E188,18,north,9.07,9.83,standard,1,10.26,8.61,0.337,28.46,0,29.18,5
R188-19,E188,19,north,15.06,9.38,complex,0,10.26,6.9,0.605,46.25,0,46.63,4
R188-20,E188,20,north,23.57,13.84,standard,0,10.26,12.26,0.824,65.57,0,65.88,4
R188-21,E188,21,north,19.34,12.82,complex,1,10.26,11.09,0.631,58.82,0,58.15,3
R188-22,E188,22,north,21.08,14.76,complex,0,10.26,13.91,0.669,69.36,1,68.94,4
R188-23,E188,23,north,24.55,14.57,complex,3,10.26,11.76,0.403,77.58,1,77.32,4
R189-00,E189,0,east,15.7,10.3,standard,2,1.43,9.49,0.738,50.89,0,50.51,5
R189-01,E189,1,east,12.27,11.88,standard,0,1.43,9.7,0.356,44.14,0,44.11,3
R189-02,E189,2,east,4.15,8.18,standard,1,1.43,6.91,0.585,37.99,0,38.32,3
R189-03,E189,3,east,28.76,18.52,standard,1,1.43,15.64,0.945,71.06,0,70.54,3
R189-04,E189,4,east,8.77,12.51,complex,1,1.43,11.39,0.3,48.44,0,48.03,4
R189-05,E189,5,east,16.66,14.66,standard,1,1.43,11.87,0.521,64.24,0,64.67,3
R189-06,E189,6,east,15.49,8.03,standard,1,1.43,7.76,0.902,46.04,0,46.6,3
R189-07,E189,7,east,19.2,12.61,complex,1,1.43,11.44,0.427,58.21,0,58.32,4
R189-08,E189,8,east,15.55,11.2,complex,0,1.43,10.49,0.755,60.63,0,60.47,5
R189-09,E189,9,east,18.32,11.07,standard,1,1.43,10.14,0.63,52.5,0,52.32,3
R189-10,E189,10,east,20.9,12.33,standard,1,1.43,10.32,0.633,67.23,0,67.22,4
R189-11,E189,11,east,10.24,10.23,standard,0,1.43,8.27,0.583,41.19,0,41.54,4
R189-12,E189,12,east,14.17,10.77,standard,0,1.43,10.36,0.348,52.22,0,52.75,5
R189-13,E189,13,east,11.89,9.61,standard,1,1.43,9.12,0.515,45.62,0,46.24,5
R189-14,E189,14,east,17.19,10.24,standard,0,1.43,7.29,0.518,35.78,0,34.99,5
R189-15,E189,15,east,17.49,11.93,complex,0,1.43,10.67,0.47,54.76,0,54.17,3
R189-16,E189,16,east,20.86,15.01,complex,0,1.43,13.32,0.458,65.37,0,64.79,4
R189-17,E189,17,east,18.75,13.28,standard,4,1.43,12.66,0.546,57.45,1,57.5,4
R189-18,E189,18,east,24.74,13.31,standard,3,1.43,12.05,0.899,77.83,0,78.02,3
R189-19,E189,19,east,21.52,10.43,standard,1,1.43,8.92,0.811,54.08,0,53.71,4
R189-20,E189,20,east,18.58,10.13,complex,1,1.43,8.35,0.743,65.81,0,65.79,5
R189-21,E189,21,east,19.12,15.87,standard,6,1.43,12.99,,57.33,1,57.99,2
R189-22,E189,22,east,30.66,16.91,complex,0,1.43,14.33,0.59,102.62,0,102.94,4
R189-23,E189,23,east,15.86,13.56,standard,2,1.43,12.37,0.805,55.89,0,56.02,5
R190-00,E190,0,west,20.4,14.35,standard,1,12.87,12.95,0.752,53.72,0,53.8,4
R190-01,E190,1,west,18.29,12.16,complex,0,12.87,9.74,0.648,62.78,0,61.95,4
R190-02,E190,2,west,16.92,15.16,standard,1,12.87,12.56,0.558,56.03,1,55.04,4
R190-03,E190,3,west,10.55,9.41,standard,1,12.87,6.77,0.909,30.09,0,30.56,4
R190-04,E190,4,west,13.07,9.31,standard,0,12.87,7.55,0.413,43.95,0,44.56,3
R190-05,E190,5,west,11.38,4.57,standard,3,12.87,3.71,0.813,34.62,0,34.01,3
R190-06,E190,6,west,16.13,14.99,complex,1,12.87,13.25,0.662,51.41,1,51.73,4
R190-07,E190,7,west,26.52,13.84,standard,0,12.87,11.59,0.967,67.17,0,67.43,4
R190-08,E190,8,west,21.16,15.21,complex,1,12.87,13.48,0.672,73.17,1,73.75,4
R190-09,E190,9,west,24.68,13.84,standard,0,12.87,11.59,0.457,72.67,1,72.87,2
R190-10,E190,10,west,18.79,9.19,standard,0,12.87,6.41,0.89,43.57,0,44.52,5
R190-11,E190,11,west,21.87,16.08,standard,2,12.87,13.65,0.936,55.34,0,54.33,5
R190-12,E190,12,west,16.05,12.54,standard,0,12.87,10.42,0.863,48.29,0,48.11,4
R190-13,E190,13,west,25.95,13.5,standard,0,12.87,11.58,0.573,63.62,1,63.35,4
R190-14,E190,14,west,19.55,10.88,complex,0,12.87,7.97,0.555,53.16,0,52.93,5
R190-15,E190,15,west,26.19,12.16,standard,0,12.87,10.36,0.481,61.51,0,60.96,3
R190-16,E190,16,west,21.06,12.52,standard,0,12.87,10.36,0.403,47.0,0,47.13,3
R190-17,E190,17,west,11.8,10.82,standard,0,12.87,9.61,0.65,36.49,0,37.24,4
R190-18,E190,18,west,27.33,11.86,complex,1,12.87,8.93,0.418,84.08,1,84.94,3
R190-19,E190,19,west,20.69,15.02,standard,1,12.87,13.45,0.433,52.11,1,51.98,4
R190-20,E190,20,west,14.59,10.21,standard,0,12.87,7.61,,50.61,1,49.99,2
R190-21,E190,21,west,21.73,15.53,complex,0,12.87,14.74,0.367,66.99,1,67.32,4
R190-22,E190,22,west,23.32,12.03,standard,0,12.87,9.91,0.498,72.87,0,73.61,5
R190-23,E190,23,west,26.84,14.81,standard,0,12.87,12.03,,60.3,1,60.63,3
R191-00,E191,0,north,20.14,14.96,complex,0,10.79,13.33,0.544,54.75,1,54.36,2
R191-01,E191,1,north,15.93,10.97,standard,2,10.79,8.85,0.976,48.9,1,49.02,2
R191-02,E191,2,north,18.43,16.46,complex,0,10.79,14.98,0.87,63.26,0,62.88,5
R191-03,E191,3,north,17.96,11.78,standard,2,10.79,11.46,0.68,48.61,0,48.93,4
R191-04,E191,4,north,16.11,11.85,standard,1,10.79,10.76,0.629,47.76,0,47.31,4
R191-05,E191,5,north,25.16,18.81,standard,0,10.79,15.67,0.493,78.19,0,78.19,5
R191-06,E191,6,north,19.69,9.89,standard,4,10.79,7.57,0.3,57.66,1,57.67,2
R191-07,E191,7,north,18.46,16.56,complex,0,10.79,14.65,0.624,77.35,1,77.25,2
R191-08,E191,8,north,13.66,11.28,standard,1,10.79,10.21,0.588,42.73,0,42.15,5
R191-09,E191,9,north,20.28,12.97,complex,0,10.79,12.13,0.621,55.85,0,55.73,4
R191-10,E191,10,north,8.82,11.66,complex,2,10.79,8.54,0.962,47.37,1,46.94,2
R191-11,E191,11,north,12.3,10.1,complex,3,10.79,7.87,0.79,47.48,0,46.7,3
R191-12,E191,12,north,22.09,14.7,complex,1,10.79,11.97,0.521,77.11,0,76.7,5
R191-13,E191,13,north,20.55,14.09,standard,0,10.79,12.21,0.582,52.55,0,52.33,5
R191-14,E191,14,north,9.07,8.67,standard,2,10.79,7.91,0.588,29.54,0,29.48,5
R191-15,E191,15,north,17.9,12.07,complex,0,10.79,9.46,0.405,59.83,0,59.79,3
R191-16,E191,16,north,26.3,16.67,standard,0,10.79,13.43,0.632,67.49,0,68.1,4
R191-17,E191,17,north,11.84,11.95,standard,0,10.79,10.94,0.62,45.56,0,46.11,3
R191-18,E191,18,north,19.22,16.23,standard,0,10.79,13.27,0.861,62.17,0,61.84,5
R191-19,E191,19,north,22.41,12.98,standard,0,10.79,11.58,0.525,66.83,0,66.73,4
R191-20,E191,20,north,21.12,13.69,standard,0,10.79,10.96,0.444,55.15,1,54.95,3
R191-21,E191,21,north,31.66,16.31,complex,2,10.79,13.0,0.627,95.9,1,96.13,3
R191-22,E191,22,north,17.57,12.29,complex,0,10.79,9.94,0.901,58.97,0,58.49,5
R191-23,E191,23,north,14.38,9.82,complex,0,10.79,8.02,0.729,46.18,0,46.04,3
R192-00,E192,0,east,15.41,12.25,complex,0,1.25,10.53,0.998,59.53,1,59.6,4
R192-01,E192,1,east,18.34,13.87,complex,0,1.25,11.68,0.814,65.66,0,66.43,4
R192-02,E192,2,east,10.48,10.88,standard,0,1.25,8.4,0.595,44.99,0,44.98,5
R192-03,E192,3,east,11.84,11.82,complex,0,1.25,9.78,0.587,53.47,0,53.72,3
R192-04,E192,4,east,12.19,7.69,complex,0,1.25,7.35,0.885,52.82,0,52.83,5
R192-05,E192,5,east,11.45,11.85,standard,0,1.25,10.27,0.504,47.65,0,47.57,5
R192-06,E192,6,east,13.83,10.63,standard,0,1.25,9.71,0.747,40.44,0,40.84,4
R192-07,E192,7,east,16.5,11.45,standard,0,1.25,10.64,0.85,41.93,0,41.21,5
R192-08,E192,8,east,16.88,12.87,standard,0,1.25,10.88,0.398,52.86,0,52.83,3
R192-09,E192,9,east,18.98,12.2,standard,1,1.25,10.41,0.49,44.94,0,44.74,3
R192-10,E192,10,east,18.06,8.13,standard,2,1.25,7.94,0.393,46.27,0,46.17,3
R192-11,E192,11,east,24.77,15.75,complex,0,1.25,12.99,0.338,90.64,1,90.39,2
R192-12,E192,12,east,11.85,9.34,complex,0,1.25,8.25,0.759,52.41,0,51.7,5
R192-13,E192,13,east,12.9,5.53,standard,0,1.25,5.45,0.644,37.68,0,37.14,3
R192-14,E192,14,east,17.03,12.8,standard,1,1.25,11.26,0.615,45.4,0,45.65,3
R192-15,E192,15,east,24.07,16.92,standard,0,1.25,15.59,0.843,72.94,0,73.35,3
R192-16,E192,16,east,18.35,13.84,standard,0,1.25,12.09,0.963,57.84,0,57.75,4
R192-17,E192,17,east,10.25,9.89,standard,4,1.25,8.42,0.722,42.54,0,42.42,5
R192-18,E192,18,east,24.14,16.45,complex,1,1.25,13.64,0.914,79.9,0,79.9,4
R192-19,E192,19,east,20.69,16.14,standard,0,1.25,13.64,0.739,60.13,0,60.11,3
R192-20,E192,20,east,6.72,9.2,standard,0,1.25,7.7,,40.59,0,40.92,5
R192-21,E192,21,east,16.79,10.78,complex,1,1.25,8.95,0.658,49.79,0,50.18,4
R192-22,E192,22,east,14.4,11.07,complex,0,1.25,7.81,0.462,55.6,0,55.57,5
R192-23,E192,23,east,12.65,13.25,complex,0,1.25,11.82,0.686,59.89,0,60.26,5
R193-00,E193,0,west,21.03,16.11,standard,0,1.97,14.29,0.539,70.06,0,69.55,3
R193-01,E193,1,west,8.79,7.35,complex,0,1.97,5.49,0.674,44.72,0,44.27,3
R193-02,E193,2,west,8.99,8.36,standard,0,1.97,6.81,0.648,35.19,0,35.5,5
R193-03,E193,3,west,15.14,10.86,standard,5,1.97,10.15,0.333,42.83,1,43.2,4
R193-04,E193,4,west,14.23,11.32,standard,1,1.97,9.55,0.626,52.7,0,53.26,3
R193-05,E193,5,west,15.69,9.12,complex,0,1.97,7.76,0.728,62.69,0,62.09,5
R193-06,E193,6,west,15.63,15.7,complex,1,1.97,13.11,0.401,58.7,0,59.11,4
R193-07,E193,7,west,14.63,10.53,complex,0,1.97,8.53,0.748,55.5,0,55.48,5
R193-08,E193,8,west,15.53,14.47,standard,0,1.97,11.93,0.395,41.08,0,40.46,4
R193-09,E193,9,west,17.21,10.06,complex,1,1.97,7.64,0.816,55.58,0,55.67,5
R193-10,E193,10,west,14.55,9.21,complex,1,1.97,8.12,0.761,52.1,0,52.95,4
R193-11,E193,11,west,15.19,11.18,standard,0,1.97,9.22,0.41,52.85,0,52.74,4
R193-12,E193,12,west,11.38,12.59,standard,0,1.97,10.63,0.766,54.28,0,54.27,3
R193-13,E193,13,west,16.1,14.72,complex,0,1.97,12.62,0.617,59.61,0,60.85,3
R193-14,E193,14,west,14.39,8.12,standard,4,1.97,6.91,0.917,35.28,0,35.26,4
R193-15,E193,15,west,19.85,12.11,complex,0,1.97,10.42,0.331,65.36,0,64.44,3
R193-16,E193,16,west,23.45,16.02,standard,4,1.97,14.55,0.589,68.58,1,68.05,3
R193-17,E193,17,west,26.87,15.46,standard,0,1.97,12.77,0.821,73.73,1,72.74,4
R193-18,E193,18,west,25.09,15.26,standard,0,1.97,12.74,0.325,76.34,1,75.65,2
R193-19,E193,19,west,15.21,12.28,complex,3,1.97,10.34,0.699,60.26,1,59.92,3
R193-20,E193,20,west,18.06,12.42,standard,0,1.97,10.22,,57.27,0,57.82,3
R193-21,E193,21,west,14.37,11.72,standard,0,1.97,9.78,0.427,51.13,0,51.52,3
R193-22,E193,22,west,25.94,12.34,standard,2,1.97,9.61,0.906,70.67,0,71.05,3
R193-23,E193,23,west,22.67,14.52,standard,0,1.97,12.66,0.721,76.68,0,75.93,4
R194-00,E194,0,north,13.0,12.98,standard,2,11.56,11.2,0.962,39.84,0,38.93,3
R194-01,E194,1,north,10.25,6.47,standard,0,11.56,5.57,0.669,35.85,0,35.52,4
R194-02,E194,2,north,19.14,15.25,standard,0,11.56,13.95,0.426,57.6,0,57.48,4
R194-03,E194,3,north,13.53,12.88,complex,2,11.56,11.82,0.739,51.72,0,50.86,3
R194-04,E194,4,north,14.82,12.69,complex,0,11.56,10.29,0.319,53.71,0,53.81,3
R194-05,E194,5,north,27.45,14.43,complex,2,11.56,12.16,0.572,81.41,0,81.22,5
R194-06,E194,6,north,9.74,11.72,complex,0,11.56,9.6,0.752,55.25,1,55.42,3
R194-07,E194,7,north,12.21,12.56,complex,0,11.56,11.5,0.443,56.68,0,56.05,3
R194-08,E194,8,north,18.82,16.76,standard,0,11.56,14.7,0.837,57.55,0,58.04,5
R194-09,E194,9,north,11.5,9.65,standard,0,11.56,8.41,0.916,41.35,0,41.82,3
R194-10,E194,10,north,16.13,15.03,standard,1,11.56,13.08,0.678,50.43,0,50.64,3
R194-11,E194,11,north,14.94,9.87,complex,1,11.56,7.66,0.48,54.66,0,54.91,5
R194-12,E194,12,north,10.95,12.13,complex,0,11.56,9.29,0.592,48.14,1,48.03,2
R194-13,E194,13,north,23.36,11.8,standard,0,11.56,11.07,0.44,57.66,0,56.93,3
R194-14,E194,14,north,24.22,13.88,standard,1,11.56,11.47,0.337,71.11,0,71.99,3
R194-15,E194,15,north,14.5,12.04,standard,0,11.56,10.34,0.771,42.42,0,43.38,3
R194-16,E194,16,north,20.48,10.67,standard,0,11.56,9.35,0.313,49.0,0,49.52,4
R194-17,E194,17,north,13.95,12.07,standard,2,11.56,9.47,0.437,39.93,0,39.99,5
R194-18,E194,18,north,16.41,13.5,standard,0,11.56,11.95,0.489,55.97,0,56.34,4
R194-19,E194,19,north,20.48,16.6,standard,1,11.56,14.52,0.955,58.94,1,59.45,3
R194-20,E194,20,north,20.15,11.68,standard,1,11.56,11.39,0.659,52.78,1,52.66,4
R194-21,E194,21,north,12.35,13.98,standard,1,11.56,11.48,,48.59,0,48.14,4
R194-22,E194,22,north,22.96,14.74,complex,2,11.56,12.78,0.585,66.92,0,67.17,4
R194-23,E194,23,north,20.28,10.17,standard,0,11.56,8.66,0.528,46.02,0,46.35,4
R195-00,E195,0,east,12.83,10.75,complex,0,2.05,9.33,0.75,48.15,0,48.9,3
R195-01,E195,1,east,7.13,11.12,standard,0,2.05,10.91,0.659,46.8,0,46.17,3
R195-02,E195,2,east,9.41,10.89,standard,0,2.05,9.17,0.597,46.06,1,46.64,4
R195-03,E195,3,east,10.51,7.48,complex,0,2.05,5.82,0.697,51.24,0,51.87,4
R195-04,E195,4,east,18.6,12.5,standard,2,2.05,11.55,0.605,59.98,1,59.6,4
R195-05,E195,5,east,22.82,12.83,standard,1,2.05,11.31,0.524,63.9,0,63.95,5
R195-06,E195,6,east,19.12,15.98,standard,1,2.05,14.62,0.986,67.38,0,67.22,3
R195-07,E195,7,east,16.88,14.38,standard,0,2.05,11.58,0.985,52.93,0,52.91,3
R195-08,E195,8,east,23.0,15.51,complex,1,2.05,12.95,0.993,76.38,0,76.4,5
R195-09,E195,9,east,6.94,9.83,standard,1,2.05,7.92,0.799,41.45,0,41.35,3
R195-10,E195,10,east,13.05,11.23,complex,2,2.05,9.73,0.72,62.26,0,62.18,5
R195-11,E195,11,east,24.58,13.49,complex,1,2.05,12.94,0.687,86.83,0,87.25,4
R195-12,E195,12,east,12.17,11.41,standard,0,2.05,10.46,0.774,47.19,1,47.42,4
R195-13,E195,13,east,20.63,13.14,standard,0,2.05,10.69,0.387,68.78,0,69.2,4
R195-14,E195,14,east,11.66,7.61,standard,1,2.05,7.11,0.565,33.41,0,32.8,3
R195-15,E195,15,east,19.39,10.34,complex,0,2.05,8.88,0.887,55.75,0,55.71,4
R195-16,E195,16,east,22.89,13.91,complex,3,2.05,11.58,0.462,69.9,0,69.29,5
R195-17,E195,17,east,22.88,13.81,standard,0,2.05,11.42,0.416,74.98,0,75.39,4
R195-18,E195,18,east,20.24,12.87,complex,0,2.05,10.63,0.378,66.38,0,66.62,5
R195-19,E195,19,east,26.13,13.66,standard,3,2.05,11.79,0.821,76.15,0,76.13,4
R195-20,E195,20,east,22.55,15.17,standard,0,2.05,12.07,0.582,66.0,0,65.71,4
R195-21,E195,21,east,19.88,14.8,complex,2,2.05,14.27,0.903,57.35,1,57.07,2
R195-22,E195,22,east,16.63,11.07,complex,0,2.05,9.2,0.818,48.91,0,48.7,5
R195-23,E195,23,east,26.27,20.91,complex,0,2.05,17.87,,94.35,0,93.74,3
R196-00,E196,0,west,13.88,10.37,standard,1,6.82,8.24,0.562,46.02,0,45.43,4
R196-01,E196,1,west,15.7,13.73,standard,0,6.82,12.96,0.791,56.48,0,55.38,3
R196-02,E196,2,west,31.0,14.27,standard,0,6.82,10.45,0.536,79.75,1,79.94,4
R196-03,E196,3,west,21.83,15.39,complex,0,6.82,12.45,0.493,85.91,0,86.42,4
R196-04,E196,4,west,18.54,14.48,standard,1,6.82,12.88,0.864,53.08,0,52.67,3
R196-05,E196,5,west,17.8,12.89,complex,0,6.82,11.71,0.521,57.86,0,57.24,3
R196-06,E196,6,west,21.84,10.08,complex,0,6.82,8.56,0.437,62.19,0,62.87,5
R196-07,E196,7,west,24.16,11.78,standard,0,6.82,10.6,0.717,54.01,0,54.19,3
R196-08,E196,8,west,18.12,13.29,complex,3,6.82,10.42,0.702,72.11,0,72.03,5
R196-09,E196,9,west,19.31,11.89,complex,2,6.82,9.7,0.382,58.74,1,58.49,3
R196-10,E196,10,west,18.34,11.88,standard,0,6.82,10.71,0.936,65.94,0,65.75,3
R196-11,E196,11,west,25.97,12.37,standard,1,6.82,10.7,0.766,79.93,1,79.81,3
R196-12,E196,12,west,19.44,10.67,standard,2,6.82,9.16,0.497,56.38,0,55.93,5
R196-13,E196,13,west,8.53,9.8,standard,0,6.82,8.86,0.639,42.43,0,42.74,3
R196-14,E196,14,west,25.04,13.38,complex,0,6.82,11.47,0.742,73.21,1,73.4,2
R196-15,E196,15,west,19.09,14.81,complex,1,6.82,13.46,0.87,69.47,1,69.52,2
R196-16,E196,16,west,10.38,7.57,complex,1,6.82,6.29,0.515,47.74,0,47.52,4
R196-17,E196,17,west,8.04,6.61,standard,0,6.82,6.12,0.507,39.46,0,39.49,3
R196-18,E196,18,west,25.92,13.18,standard,2,6.82,10.82,0.691,78.56,0,78.05,5
R196-19,E196,19,west,25.47,14.37,standard,0,6.82,13.17,0.463,83.95,0,84.34,4
R196-20,E196,20,west,25.11,16.38,standard,1,6.82,12.55,0.969,73.97,1,74.3,3
R196-21,E196,21,west,17.41,15.17,standard,0,6.82,13.38,0.374,60.98,0,60.93,5
R196-22,E196,22,west,22.18,14.83,standard,0,6.82,12.29,0.985,70.54,0,70.08,3
R196-23,E196,23,west,15.37,8.8,complex,0,6.82,6.91,0.879,55.58,0,56.02,3
R197-00,E197,0,north,13.57,11.58,standard,0,12.95,10.37,0.781,39.43,0,39.33,3
R197-01,E197,1,north,17.92,13.31,complex,1,12.95,11.56,0.95,57.37,0,56.8,4
R197-02,E197,2,north,14.65,13.35,standard,0,12.95,12.09,0.406,44.51,0,44.48,3
R197-03,E197,3,north,22.98,12.44,complex,2,12.95,10.75,0.929,61.9,1,60.67,4
R197-04,E197,4,north,16.84,14.66,complex,1,12.95,13.15,0.549,64.54,0,64.32,4
R197-05,E197,5,north,11.26,11.13,complex,3,12.95,9.66,0.847,38.7,0,38.92,4
R197-06,E197,6,north,19.72,10.55,standard,2,12.95,9.32,0.309,48.05,0,47.67,4
R197-07,E197,7,north,10.26,12.4,standard,0,12.95,10.63,0.41,45.81,1,46.25,2
R197-08,E197,8,north,23.19,14.09,complex,3,12.95,11.21,0.608,63.49,0,62.52,4
R197-09,E197,9,north,14.82,9.42,standard,1,12.95,7.98,0.352,37.81,1,38.28,2
R197-10,E197,10,north,15.09,11.64,standard,0,12.95,9.51,0.812,35.67,0,35.31,4
R197-11,E197,11,north,16.69,14.4,complex,0,12.95,12.93,0.905,57.41,0,56.46,3
R197-12,E197,12,north,18.15,13.32,standard,0,12.95,11.05,0.366,50.7,0,50.33,5
R197-13,E197,13,north,12.79,12.34,standard,0,12.95,9.99,0.4,48.55,0,48.12,4
R197-14,E197,14,north,18.72,15.09,complex,2,12.95,12.73,0.393,66.44,0,66.52,3
R197-15,E197,15,north,15.02,9.37,standard,1,12.95,7.51,0.406,43.71,0,43.25,5
R197-16,E197,16,north,14.42,11.42,complex,0,12.95,10.31,0.458,57.47,0,58.03,4
R197-17,E197,17,north,14.18,11.09,standard,1,12.95,9.48,0.764,42.88,0,43.32,5
R197-18,E197,18,north,20.48,11.6,standard,2,12.95,9.47,0.785,55.34,0,55.28,3
R197-19,E197,19,north,19.75,13.89,standard,0,12.95,10.99,0.909,51.1,0,51.06,3
R197-20,E197,20,north,19.61,14.91,complex,0,12.95,13.19,,57.78,0,57.79,3
R197-21,E197,21,north,24.41,12.93,complex,0,12.95,10.86,0.9,68.25,0,67.77,5
R197-22,E197,22,north,17.22,14.46,standard,0,12.95,12.58,0.845,49.09,0,48.52,3
R197-23,E197,23,north,15.52,14.06,complex,1,12.95,11.83,0.661,59.27,0,59.76,4
R198-00,E198,0,east,22.92,15.27,standard,1,5.04,13.76,0.856,67.43,0,67.18,3
R198-01,E198,1,east,22.23,18.42,standard,1,5.04,16.46,0.85,81.05,0,81.11,5
R198-02,E198,2,east,18.89,13.61,complex,0,5.04,12.07,0.8,65.4,0,65.46,4
R198-03,E198,3,east,13.67,10.26,standard,2,5.04,9.35,0.521,39.71,0,40.06,5
R198-04,E198,4,east,14.62,11.94,standard,1,5.04,10.43,0.406,50.53,0,49.86,3
R198-05,E198,5,east,19.83,9.63,complex,0,5.04,7.19,0.319,69.39,0,69.34,3
R198-06,E198,6,east,15.19,13.15,standard,0,5.04,10.87,0.446,54.13,0,54.62,4
R198-07,E198,7,east,21.51,9.19,complex,4,5.04,8.5,0.414,64.96,0,64.63,3
R198-08,E198,8,east,11.57,14.47,complex,0,5.04,12.59,0.393,53.44,0,53.2,4
R198-09,E198,9,east,12.32,8.49,standard,0,5.04,6.76,0.727,45.17,0,45.55,3
R198-10,E198,10,east,12.85,10.38,complex,2,5.04,8.9,0.799,53.05,0,52.43,3
R198-11,E198,11,east,20.03,11.94,complex,0,5.04,10.53,0.494,71.25,0,70.68,5
R198-12,E198,12,east,13.9,8.69,standard,0,5.04,7.36,0.857,42.93,0,42.85,3
R198-13,E198,13,east,20.09,10.09,standard,1,5.04,9.13,0.899,46.55,0,46.05,5
R198-14,E198,14,east,11.55,13.44,standard,1,5.04,11.54,0.714,58.14,0,57.62,4
R198-15,E198,15,east,14.6,13.74,complex,0,5.04,12.0,0.376,53.86,0,54.35,5
R198-16,E198,16,east,13.92,11.68,standard,0,5.04,9.34,0.598,51.59,0,51.36,4
R198-17,E198,17,east,24.51,17.0,complex,1,5.04,15.38,0.977,72.67,0,72.57,5
R198-18,E198,18,east,17.15,12.11,standard,0,5.04,10.34,0.714,58.7,0,59.14,3
R198-19,E198,19,east,20.73,9.86,standard,0,5.04,8.11,0.961,58.35,0,58.62,5
R198-20,E198,20,east,19.54,14.09,complex,0,5.04,13.37,0.857,73.35,1,72.68,3
R198-21,E198,21,east,19.75,13.99,standard,0,5.04,12.68,,64.82,0,65.08,5
R198-22,E198,22,east,17.4,10.58,complex,2,5.04,9.31,0.826,57.21,0,56.57,3
R198-23,E198,23,east,14.61,8.2,complex,1,5.04,6.89,0.395,44.79,0,44.07,3
R199-00,E199,0,west,22.72,14.08,standard,0,10.62,12.4,0.465,65.43,0,65.77,5
R199-01,E199,1,west,16.61,9.52,standard,0,10.62,8.1,0.384,47.15,0,47.17,4
R199-02,E199,2,west,20.85,13.81,standard,0,10.62,11.04,0.311,58.25,0,57.98,4
R199-03,E199,3,west,12.63,12.75,complex,0,10.62,9.46,0.786,54.53,0,53.86,5
R199-04,E199,4,west,13.89,15.47,complex,1,10.62,12.39,0.449,64.65,0,65.1,4
R199-05,E199,5,west,16.89,13.41,complex,2,10.62,11.48,0.798,68.62,1,69.15,3
R199-06,E199,6,west,13.37,13.01,complex,3,10.62,9.79,0.8,53.33,0,53.39,5
R199-07,E199,7,west,21.18,9.24,standard,0,10.62,7.72,0.357,36.92,0,37.04,4
R199-08,E199,8,west,23.56,15.19,complex,0,10.62,14.54,0.33,71.57,1,71.65,2
R199-09,E199,9,west,21.7,13.74,complex,0,10.62,11.99,0.72,76.97,0,77.26,3
R199-10,E199,10,west,23.51,15.25,standard,0,10.62,12.47,0.79,73.41,0,73.59,5
R199-11,E199,11,west,22.72,14.43,standard,0,10.62,11.99,0.873,74.69,0,74.19,3
R199-12,E199,12,west,24.37,13.45,standard,1,10.62,12.46,0.759,71.2,1,70.0,2
R199-13,E199,13,west,22.63,13.79,complex,2,10.62,11.34,0.951,77.49,1,77.02,4
R199-14,E199,14,west,17.84,11.32,standard,1,10.62,9.88,0.616,52.51,0,51.95,5
R199-15,E199,15,west,15.99,9.54,standard,3,10.62,8.38,0.484,56.6,0,56.28,3
R199-16,E199,16,west,11.36,11.82,standard,0,10.62,8.69,0.683,45.4,0,45.42,4
R199-17,E199,17,west,20.53,13.26,standard,0,10.62,11.0,0.541,57.15,0,56.97,4
R199-18,E199,18,west,20.06,14.01,complex,0,10.62,11.15,0.323,73.12,1,73.29,2
R199-19,E199,19,west,20.38,11.17,standard,0,10.62,11.02,0.903,52.82,0,54.1,3
R199-20,E199,20,west,20.59,13.84,standard,0,10.62,12.14,0.683,68.13,0,68.8,5
R199-21,E199,21,west,22.59,15.13,complex,0,10.62,11.99,0.374,78.69,1,78.95,2
R199-22,E199,22,west,12.44,9.42,standard,0,10.62,7.53,,44.71,0,44.39,4
R199-23,E199,23,west,21.27,15.0,standard,0,10.62,13.4,0.629,67.33,0,67.02,5
R200-12,E200,12,north,11.45,8.22,standard,0,1.28,6.19,0.508,43.6,0,43.76,5
R200-13,E200,13,north,23.63,12.62,standard,0,1.28,10.28,0.82,61.46,0,61.1,3
R200-14,E200,14,north,17.68,10.32,standard,5,1.28,9.44,0.382,55.77,1,56.37,4
R200-15,E200,15,north,14.33,14.62,standard,6,1.28,11.17,0.72,49.24,0,48.16,5
R200-16,E200,16,north,33.8,13.34,complex,0,1.28,11.28,0.443,97.5,0,97.5,5
R200-17,E200,17,north,22.25,12.9,standard,1,1.28,10.67,0.542,55.78,0,55.51,3
R200-18,E200,18,north,19.7,15.31,standard,0,1.28,14.55,0.397,56.86,0,57.01,5
R200-19,E200,19,north,10.25,14.7,standard,0,1.28,13.11,0.383,48.72,0,49.51,5
R200-20,E200,20,north,25.88,15.87,complex,0,1.28,13.03,0.457,76.86,1,77.38,3
R200-21,E200,21,north,30.1,10.99,complex,0,1.28,7.95,,80.98,1,80.71,4
R200-22,E200,22,north,16.33,11.34,standard,3,1.28,9.35,0.614,52.81,0,53.08,4
R200-23,E200,23,north,15.63,12.25,standard,2,1.28,10.04,0.704,49.79,0,49.48,4
R201-12,E201,12,east,16.93,11.4,standard,0,6.29,10.03,0.847,47.63,0,47.82,3
R201-13,E201,13,east,7.1,6.84,complex,1,6.29,5.69,0.467,42.74,0,43.06,5
R201-14,E201,14,east,16.08,12.03,complex,1,6.29,9.76,0.805,64.73,1,64.67,2
R201-15,E201,15,east,16.64,11.14,standard,2,6.29,9.52,0.729,49.23,0,49.89,4
R201-16,E201,16,east,19.91,13.9,standard,1,6.29,12.75,0.824,62.15,0,62.41,4
R201-17,E201,17,east,18.67,13.12,standard,0,6.29,10.2,0.528,56.54,0,57.12,3
R201-18,E201,18,east,21.05,16.82,complex,0,6.29,14.08,0.323,79.2,0,78.54,3
R201-19,E201,19,east,12.82,10.62,standard,0,6.29,7.74,0.507,50.64,0,50.91,3
R201-20,E201,20,east,17.43,10.03,standard,0,6.29,8.32,,43.29,0,42.97,5
R201-21,E201,21,east,26.78,10.56,complex,0,6.29,8.42,0.824,85.19,0,85.42,4
R201-22,E201,22,east,25.0,14.13,standard,0,6.29,11.22,0.523,61.23,0,61.24,4
R201-23,E201,23,east,13.22,10.68,complex,0,6.29,10.0,0.311,51.05,0,51.54,4
R202-12,E202,12,west,16.27,15.06,standard,0,12.22,13.22,0.586,52.24,1,52.67,2
R202-13,E202,13,west,13.73,12.06,complex,1,12.22,10.9,0.361,59.15,0,59.45,4
R202-14,E202,14,west,23.43,12.38,complex,3,12.22,10.32,0.31,67.57,0,67.3,5
R202-15,E202,15,west,21.17,12.53,complex,1,12.22,10.11,0.413,59.61,0,59.68,3
R202-16,E202,16,west,19.99,14.47,standard,1,12.22,12.4,0.402,57.12,0,57.75,5
R202-17,E202,17,west,20.17,12.01,complex,2,12.22,11.17,0.367,71.65,0,71.74,3
R202-18,E202,18,west,10.97,9.75,standard,1,12.22,8.09,0.854,49.33,0,48.56,5
R202-19,E202,19,west,19.55,13.1,complex,3,12.22,11.27,0.779,57.64,1,57.53,4
R202-20,E202,20,west,16.86,9.26,complex,1,12.22,6.85,0.655,51.6,1,51.32,2
R202-21,E202,21,west,21.13,12.28,complex,0,12.22,9.93,0.551,59.03,1,58.82,4
R202-22,E202,22,west,23.89,16.03,complex,0,12.22,13.32,0.638,81.15,0,80.87,5
R202-23,E202,23,west,22.92,15.55,standard,2,12.22,12.36,0.781,60.53,0,60.57,5
R203-12,E203,12,north,24.57,15.68,complex,0,6.92,14.35,0.595,84.42,1,84.29,3
R203-13,E203,13,north,23.73,12.3,standard,0,6.92,10.79,0.837,62.58,0,62.14,4
R203-14,E203,14,north,18.2,9.31,standard,0,6.92,8.91,0.982,46.98,0,47.22,5
R203-15,E203,15,north,15.37,9.01,standard,0,6.92,7.68,0.34,44.26,0,44.31,4
R203-16,E203,16,north,23.25,11.78,complex,0,6.92,9.64,0.667,66.58,0,66.82,5
R203-17,E203,17,north,21.88,11.47,standard,0,6.92,9.3,0.874,66.58,0,66.16,4
R203-18,E203,18,north,27.2,14.91,complex,0,6.92,11.53,0.898,89.24,0,89.43,5
R203-19,E203,19,north,26.16,14.83,standard,0,6.92,11.84,0.688,72.8,0,72.93,3
R203-20,E203,20,north,24.97,12.01,standard,0,6.92,10.34,,58.23,0,58.91,4
R203-21,E203,21,north,16.81,10.13,standard,0,6.92,8.69,,44.35,0,45.03,4
R203-22,E203,22,north,17.17,11.18,complex,0,6.92,10.03,0.756,64.4,0,63.86,4
R203-23,E203,23,north,27.36,12.24,complex,0,6.92,10.39,,77.58,0,77.88,5
R204-12,E204,12,east,20.11,11.96,standard,0,13.68,9.47,0.742,49.96,1,49.5,2
R204-13,E204,13,east,23.18,13.4,standard,0,13.68,12.08,0.981,48.62,0,48.58,3
R204-14,E204,14,east,25.37,13.98,standard,0,13.68,12.36,0.722,59.81,0,60.49,5
R204-15,E204,15,east,18.04,14.63,complex,2,13.68,12.54,0.484,62.16,1,61.93,3
R204-16,E204,16,east,24.56,10.64,complex,0,13.68,8.42,0.512,81.51,0,81.49,4
R204-17,E204,17,east,26.3,15.92,standard,0,13.68,13.4,0.676,70.95,0,70.32,5
R204-18,E204,18,east,25.96,15.64,standard,0,13.68,14.12,0.591,57.8,0,57.8,5
R204-19,E204,19,east,18.85,12.68,complex,0,13.68,10.29,0.747,61.9,1,63.04,3
R204-20,E204,20,east,19.28,14.9,standard,0,13.68,13.23,0.898,58.87,0,59.08,3
R204-21,E204,21,east,20.55,14.77,standard,2,13.68,13.24,0.654,81.23,1,81.02,2
R204-22,E204,22,east,12.88,11.56,complex,0,13.68,10.3,,49.62,0,49.54,3
R204-23,E204,23,east,19.31,14.35,complex,1,13.68,12.08,0.402,58.16,1,57.6,4
R205-12,E205,12,west,19.27,10.78,standard,1,9.81,8.61,0.598,50.23,1,49.79,2
R205-13,E205,13,west,23.94,12.11,standard,0,9.81,10.11,0.944,48.44,0,48.27,4
R205-14,E205,14,west,20.29,11.3,standard,1,9.81,9.14,0.973,57.45,0,57.72,5
R205-15,E205,15,west,28.18,16.65,complex,0,9.81,12.93,0.856,93.39,1,93.76,3
R205-16,E205,16,west,15.8,12.2,standard,0,9.81,10.21,0.917,50.76,1,50.53,3
R205-17,E205,17,west,19.77,10.97,standard,1,9.81,8.96,0.494,48.83,0,48.83,5
R205-18,E205,18,west,19.91,10.02,standard,2,9.81,8.75,0.595,51.47,0,51.64,4
R205-19,E205,19,west,22.57,16.31,complex,0,9.81,13.16,0.578,70.48,0,70.22,3
R205-20,E205,20,west,24.56,14.4,complex,0,9.81,12.09,0.674,62.68,1,62.3,4
R205-21,E205,21,west,16.53,13.13,standard,1,9.81,11.03,,49.92,1,50.55,2
R205-22,E205,22,west,15.35,13.4,standard,0,9.81,11.03,0.389,45.41,0,45.16,3
R205-23,E205,23,west,19.44,9.3,standard,2,9.81,7.69,0.738,47.14,0,47.19,5
R206-12,E206,12,north,14.62,12.28,complex,0,4.49,11.09,0.479,57.97,1,57.68,3
R206-13,E206,13,north,16.24,13.94,complex,0,4.49,12.3,0.792,58.95,0,59.37,3
R206-14,E206,14,north,19.99,16.81,complex,0,4.49,13.53,0.841,76.32,0,76.84,3
R206-15,E206,15,north,6.66,9.55,standard,0,4.49,7.64,0.841,36.27,0,35.18,4
R206-16,E206,16,north,8.46,7.9,standard,0,4.49,6.37,0.506,43.08,0,44.12,5
R206-17,E206,17,north,15.55,12.55,standard,1,4.49,11.69,0.723,54.12,0,54.45,3
R206-18,E206,18,north,13.26,13.05,standard,1,4.49,11.87,0.952,48.55,0,48.95,3
R206-19,E206,19,north,14.99,11.91,standard,2,4.49,10.62,0.561,53.9,0,52.99,5
R206-20,E206,20,north,16.85,13.15,standard,4,4.49,10.27,0.947,51.14,0,50.52,4
R206-21,E206,21,north,24.46,12.04,standard,0,4.49,10.01,0.658,58.21,1,58.3,3
R206-22,E206,22,north,19.52,12.93,standard,1,4.49,12.89,0.336,57.11,0,57.31,4
R206-23,E206,23,north,11.99,12.68,complex,0,4.49,11.0,0.889,57.35,1,57.15,3
R207-12,E207,12,east,12.91,10.08,complex,0,6.59,8.7,0.931,48.84,0,49.48,5
R207-13,E207,13,east,21.46,15.67,complex,1,6.59,13.52,0.617,70.63,0,70.31,3
R207-14,E207,14,east,8.07,8.03,complex,0,6.59,7.29,0.407,52.18,0,51.83,3
R207-15,E207,15,east,19.11,13.78,standard,0,6.59,12.31,0.339,53.22,0,53.12,4
R207-16,E207,16,east,20.86,15.85,complex,0,6.59,13.45,0.866,75.19,0,75.57,5
R207-17,E207,17,east,21.89,10.68,standard,0,6.59,8.43,0.339,47.29,0,47.22,3
R207-18,E207,18,east,19.62,8.15,standard,0,6.59,6.45,0.503,50.82,1,49.9,2
R207-19,E207,19,east,14.29,8.8,standard,0,6.59,7.15,0.871,36.09,0,35.45,4
R207-20,E207,20,east,21.5,15.4,complex,1,6.59,13.04,0.927,75.91,1,75.35,3
R207-21,E207,21,east,19.48,15.05,complex,2,6.59,13.14,0.431,73.49,0,72.99,3
R207-22,E207,22,east,15.36,14.59,standard,0,6.59,12.21,0.789,56.05,0,56.78,3
R207-23,E207,23,east,19.2,11.45,complex,0,6.59,9.06,0.993,61.41,0,61.73,5
R208-12,E208,12,west,20.64,12.73,standard,0,13.46,12.05,0.892,47.61,0,47.41,5
R208-13,E208,13,west,16.23,10.93,standard,0,13.46,9.64,0.915,49.55,0,49.38,3
R208-14,E208,14,west,21.47,14.04,standard,0,13.46,12.19,0.484,49.64,0,50.44,3
R208-15,E208,15,west,18.52,13.4,standard,2,13.46,10.84,0.964,52.39,1,51.87,2
R208-16,E208,16,west,13.17,14.82,standard,0,13.46,13.15,0.318,47.6,1,47.92,4
R208-17,E208,17,west,15.01,12.39,standard,2,13.46,11.13,0.433,47.3,0,47.47,4
R208-18,E208,18,west,15.2,9.65,complex,0,13.46,8.13,0.702,56.76,0,56.16,5
R208-19,E208,19,west,13.61,10.1,standard,0,13.46,9.46,0.77,40.93,0,40.85,5
R208-20,E208,20,west,27.69,13.69,complex,0,13.46,11.79,0.829,82.79,1,82.11,3
R208-21,E208,21,west,30.42,16.21,standard,0,13.46,14.65,0.334,90.7,1,90.65,3
R208-22,E208,22,west,27.19,14.73,complex,1,13.46,12.41,,89.3,0,90.0,4
R208-23,E208,23,west,22.94,11.09,standard,1,13.46,8.32,0.622,55.31,1,54.76,2
R209-12,E209,12,north,12.85,12.97,standard,0,13.74,9.91,0.798,37.43,0,37.98,4
R209-13,E209,13,north,23.58,15.46,complex,1,13.74,13.7,0.386,83.15,0,81.1,4
R209-14,E209,14,north,9.34,11.94,standard,0,13.74,9.71,0.359,43.87,0,44.3,5
R209-15,E209,15,north,9.5,11.61,complex,1,13.74,8.79,0.747,48.66,0,48.97,5
R209-16,E209,16,north,17.22,9.28,complex,0,13.74,9.08,1.0,47.43,0,47.16,4
R209-17,E209,17,north,24.74,15.19,complex,1,13.74,13.05,0.762,71.13,0,70.66,3
R209-18,E209,18,north,21.47,11.87,standard,1,13.74,9.46,0.838,58.96,1,58.88,4
R209-19,E209,19,north,21.47,14.06,standard,2,13.74,11.89,0.957,61.2,1,61.31,4
R209-20,E209,20,north,13.11,11.97,complex,5,13.74,9.34,0.575,57.65,1,57.47,4
R209-21,E209,21,north,16.73,8.35,standard,0,13.74,7.0,0.706,46.34,0,46.44,4
R209-22,E209,22,north,18.56,11.62,standard,0,13.74,9.16,0.369,64.1,1,64.73,3
R209-23,E209,23,north,15.71,12.22,complex,0,13.74,11.92,,58.82,0,58.67,5
R210-12,E210,12,east,12.34,9.29,complex,0,7.34,8.73,0.676,45.09,0,46.38,5
R210-13,E210,13,east,22.59,15.36,standard,2,7.34,12.6,0.761,58.11,0,57.89,5
R210-14,E210,14,east,13.13,12.81,complex,2,7.34,11.08,0.55,53.52,0,53.7,4
R210-15,E210,15,east,19.65,10.12,standard,0,7.34,8.29,0.506,49.95,0,50.48,3
R210-16,E210,16,east,13.32,12.74,standard,0,7.34,11.26,0.369,48.01,0,48.94,3
R210-17,E210,17,east,14.42,14.52,standard,0,7.34,12.41,0.882,45.66,0,45.14,4
R210-18,E210,18,east,13.75,9.68,standard,2,7.34,8.39,0.904,46.69,0,46.84,5
R210-19,E210,19,east,17.47,15.62,complex,2,7.34,12.34,0.407,67.0,1,66.56,2
R210-20,E210,20,east,19.4,11.78,complex,0,7.34,10.7,0.355,57.29,0,57.85,3
R210-21,E210,21,east,25.86,10.95,complex,0,7.34,9.89,,73.53,0,73.84,3
R210-22,E210,22,east,17.51,10.88,standard,1,7.34,9.23,0.769,48.64,1,49.3,2
R210-23,E210,23,east,17.22,13.86,complex,1,7.34,12.13,0.882,56.68,1,57.03,3
R211-12,E211,12,west,13.97,5.91,standard,4,13.82,5.05,0.71,35.56,0,35.92,5
R211-13,E211,13,west,15.31,11.04,standard,0,13.82,8.8,0.911,46.32,0,46.53,3
R211-14,E211,14,west,12.39,10.2,complex,0,13.82,8.71,0.303,57.74,0,56.8,4
R211-15,E211,15,west,14.14,11.84,standard,0,13.82,10.04,0.889,59.2,0,58.86,5
R211-16,E211,16,west,27.51,16.61,standard,0,13.82,13.96,0.332,85.34,1,85.37,3
R211-17,E211,17,west,29.69,16.52,standard,0,13.82,14.61,0.792,89.52,1,89.22,4
R211-18,E211,18,west,25.15,14.18,standard,0,13.82,12.68,0.322,70.95,1,69.93,4
R211-19,E211,19,west,21.49,15.28,complex,0,13.82,13.43,0.912,74.0,0,74.56,5
R211-20,E211,20,west,23.6,15.64,standard,0,13.82,13.38,0.977,59.43,0,58.61,3
R211-21,E211,21,west,21.1,12.75,complex,0,13.82,10.8,0.429,65.23,0,65.77,3
R211-22,E211,22,west,25.08,12.79,standard,1,13.82,9.67,0.747,67.33,0,67.41,4
R211-23,E211,23,west,22.26,14.93,complex,0,13.82,12.85,0.49,74.95,1,74.31,3
R212-12,E212,12,north,12.23,13.12,standard,0,2.03,11.38,0.746,57.44,1,57.51,4
R212-13,E212,13,north,16.67,11.52,standard,0,2.03,10.03,0.861,43.43,1,43.73,3
R212-14,E212,14,north,15.47,13.39,complex,1,2.03,11.23,0.825,55.38,1,56.46,2
R212-15,E212,15,north,20.72,9.6,complex,1,2.03,7.78,0.611,57.81,0,58.05,4
R212-16,E212,16,north,15.82,13.77,standard,0,2.03,10.97,0.636,44.46,0,44.55,3
R212-17,E212,17,north,19.65,13.03,standard,4,2.03,11.81,0.813,49.97,1,50.06,4
R212-18,E212,18,north,20.76,15.13,standard,0,2.03,13.41,0.319,56.27,0,55.96,3
R212-19,E212,19,north,18.89,13.82,standard,1,2.03,11.46,0.672,48.73,0,49.43,3
R212-20,E212,20,north,22.41,13.58,complex,2,2.03,10.64,0.821,67.38,0,66.0,4
R212-21,E212,21,north,19.17,13.1,complex,1,2.03,9.94,0.355,57.58,1,57.73,2
R212-22,E212,22,north,12.04,11.75,standard,0,2.03,10.08,0.692,37.8,0,38.17,5
R212-23,E212,23,north,10.41,12.58,complex,0,2.03,10.99,0.465,60.53,0,60.26,5
R213-12,E213,12,east,16.54,11.46,complex,2,9.31,8.66,0.679,56.49,1,56.92,3
R213-13,E213,13,east,18.98,14.95,standard,1,9.31,13.13,0.87,50.52,0,51.15,5
R213-14,E213,14,east,10.1,7.83,complex,0,9.31,5.78,0.902,49.36,0,49.13,5
R213-15,E213,15,east,13.35,11.65,standard,0,9.31,10.16,0.864,45.49,0,45.41,3
R213-16,E213,16,east,18.44,15.35,standard,0,9.31,13.98,0.879,62.45,0,62.84,4
R213-17,E213,17,east,12.24,11.1,standard,0,9.31,9.34,0.876,41.02,0,40.9,5
R213-18,E213,18,east,25.67,14.65,standard,0,9.31,12.04,0.422,63.08,0,62.46,4
R213-19,E213,19,east,27.5,17.95,complex,0,9.31,16.17,0.64,79.5,0,79.74,4
R213-20,E213,20,east,24.78,14.66,complex,0,9.31,13.19,0.879,88.14,0,88.07,5
R213-21,E213,21,east,21.22,11.58,complex,0,9.31,9.54,0.775,67.18,0,66.97,3
R213-22,E213,22,east,22.69,11.72,complex,0,9.31,9.96,0.745,70.27,0,71.3,4
R213-23,E213,23,east,7.24,7.54,complex,0,9.31,5.73,,43.76,0,43.96,5
R214-12,E214,12,west,23.31,16.08,standard,2,1.63,13.67,0.396,71.48,1,71.73,3
R214-13,E214,13,west,16.89,15.14,standard,1,1.63,12.27,0.787,63.71,1,64.58,2
R214-14,E214,14,west,26.97,16.31,complex,0,1.63,13.67,0.486,96.21,0,96.11,4
R214-15,E214,15,west,20.22,11.91,standard,1,1.63,10.31,0.906,68.58,1,68.85,2
R214-16,E214,16,west,19.98,10.76,standard,0,1.63,9.0,0.359,51.55,0,51.37,4
R214-17,E214,17,west,22.4,17.25,standard,0,1.63,14.28,0.463,74.86,1,74.19,3
R214-18,E214,18,west,16.55,15.3,complex,0,1.63,12.97,0.951,60.04,0,60.9,5
R214-19,E214,19,west,17.25,10.77,standard,2,1.63,9.63,0.861,53.6,0,53.87,4
R214-20,E214,20,west,24.4,14.84,complex,0,1.63,13.29,,73.47,0,73.57,5
R214-21,E214,21,west,25.58,8.86,standard,0,1.63,7.75,0.977,62.83,1,63.29,4
R214-22,E214,22,west,24.44,14.74,standard,0,1.63,11.8,0.574,66.4,1,65.98,3
R214-23,E214,23,west,30.46,14.78,complex,0,1.63,11.96,0.343,90.61,1,91.43,4
R215-12,E215,12,north,20.66,16.38,complex,0,3.64,14.95,0.693,87.37,0,86.95,5
R215-13,E215,13,north,15.34,12.68,complex,0,3.64,9.94,0.899,63.97,0,63.9,3
R215-14,E215,14,north,18.84,12.18,complex,1,3.64,10.44,0.354,63.07,0,62.97,3
R215-15,E215,15,north,6.07,7.34,standard,0,3.64,5.89,0.397,36.45,0,36.77,4
R215-16,E215,16,north,23.7,17.91,standard,0,3.64,15.73,0.93,70.59,0,70.76,5
R215-17,E215,17,north,17.7,11.56,complex,0,3.64,8.71,0.73,59.75,0,59.91,4
R215-18,E215,18,north,15.23,9.65,standard,0,3.64,8.69,0.821,41.83,0,41.53,4
R215-19,E215,19,north,24.54,11.13,standard,1,3.64,8.71,0.85,55.18,0,55.74,3
R215-20,E215,20,north,17.97,11.05,complex,4,3.64,9.95,0.304,57.71,1,57.42,3
R215-21,E215,21,north,13.28,12.7,complex,2,3.64,10.2,,55.88,0,56.03,4
R215-22,E215,22,north,26.45,13.4,complex,3,3.64,10.56,,71.62,1,72.1,4
R215-23,E215,23,north,14.95,10.86,complex,1,3.64,8.69,0.862,61.26,0,61.47,5
R216-12,E216,12,east,22.76,11.53,standard,1,13.43,9.26,0.586,66.04,0,65.85,3
R216-13,E216,13,east,15.17,13.85,complex,0,13.43,10.38,0.712,73.46,0,73.52,4
R216-14,E216,14,east,12.35,6.61,complex,0,13.43,6.21,0.453,43.78,0,44.25,4
R216-15,E216,15,east,17.0,14.78,standard,0,13.43,12.89,0.411,49.06,0,48.89,5
R216-16,E216,16,east,8.71,6.13,standard,0,13.43,5.0,0.371,32.5,0,32.94,3
R216-17,E216,17,east,20.58,8.79,complex,1,13.43,7.15,0.957,52.47,0,52.91,4
R216-18,E216,18,east,15.07,12.33,standard,4,13.43,11.49,0.518,53.99,0,54.24,4
R216-19,E216,19,east,6.87,11.13,standard,0,13.43,9.73,0.431,41.0,0,40.89,3
R216-20,E216,20,east,18.22,14.32,complex,2,13.43,12.54,0.587,69.37,0,69.16,4
R216-21,E216,21,east,18.1,17.63,complex,2,13.43,15.25,,66.44,0,67.1,3
R216-22,E216,22,east,7.22,8.9,complex,1,13.43,7.35,0.788,39.61,0,39.18,5
R216-23,E216,23,east,9.69,6.61,complex,1,13.43,4.65,0.426,40.39,0,39.65,4
R217-12,E217,12,west,19.89,13.9,complex,4,3.57,10.91,0.535,67.56,1,67.59,4
R217-13,E217,13,west,18.23,12.19,standard,2,3.57,10.79,0.793,51.88,0,52.85,3
R217-14,E217,14,west,19.75,15.44,standard,1,3.57,11.96,0.802,49.41,1,49.12,4
R217-15,E217,15,west,24.45,15.58,standard,0,3.57,12.17,0.309,65.59,1,65.84,2
R217-16,E217,16,west,18.16,11.96,standard,0,3.57,10.23,0.875,55.52,0,56.38,5
R217-17,E217,17,west,21.87,11.18,standard,1,3.57,8.89,0.765,58.91,1,58.61,2
R217-18,E217,18,west,21.39,18.86,standard,0,3.57,15.44,0.421,61.65,0,61.3,3
R217-19,E217,19,west,25.96,15.87,standard,0,3.57,13.92,0.693,67.37,0,67.73,4
R217-20,E217,20,west,13.28,13.66,standard,2,3.57,11.66,0.954,45.24,0,44.81,3
R217-21,E217,21,west,24.22,15.3,complex,1,3.57,13.66,,71.26,1,71.47,4
R217-22,E217,22,west,20.88,12.33,complex,0,3.57,11.35,,66.96,0,66.65,4
R217-23,E217,23,west,17.41,11.52,complex,1,3.57,9.98,0.582,71.16,0,70.71,5
R218-12,E218,12,north,16.88,12.29,standard,0,7.13,11.0,0.413,49.66,0,49.09,4
R218-13,E218,13,north,15.46,13.73,complex,0,7.13,11.6,0.799,53.65,0,52.97,4
R218-14,E218,14,north,10.12,9.07,complex,0,7.13,7.45,0.881,47.67,0,46.88,5
R218-15,E218,15,north,14.8,13.82,standard,0,7.13,12.7,0.325,51.61,0,51.7,4
R218-16,E218,16,north,17.67,11.31,standard,4,7.13,10.04,0.639,53.26,0,52.95,3
R218-17,E218,17,north,14.1,6.76,complex,0,7.13,5.02,0.512,49.55,1,49.86,3
R218-18,E218,18,north,12.04,11.41,standard,0,7.13,10.58,0.5,47.69,0,48.33,5
R218-19,E218,19,north,27.3,13.07,standard,0,7.13,10.81,0.973,68.14,0,68.67,3
R218-20,E218,20,north,14.36,9.0,standard,0,7.13,7.02,,41.02,0,40.83,3
R218-21,E218,21,north,6.32,7.43,complex,0,7.13,6.32,0.5,40.16,0,40.77,4
R218-22,E218,22,north,29.8,17.65,standard,1,7.13,14.98,,72.57,0,72.57,3
R218-23,E218,23,north,15.44,12.13,standard,0,7.13,9.39,0.784,59.26,0,58.68,3
R219-12,E219,12,east,21.15,14.94,complex,1,7.84,12.53,0.977,69.2,1,69.27,3
R219-13,E219,13,east,20.53,14.7,standard,3,7.84,12.78,0.754,62.97,1,63.23,2
R219-14,E219,14,east,13.2,12.89,standard,1,7.84,11.03,0.855,48.87,0,47.96,3
R219-15,E219,15,east,25.62,12.69,complex,0,7.84,10.86,0.9,73.72,0,72.83,3
R219-16,E219,16,east,18.66,12.27,standard,1,7.84,11.15,0.4,69.75,1,68.89,2
R219-17,E219,17,east,14.68,7.68,complex,0,7.84,6.79,0.491,51.36,0,51.5,5
R219-18,E219,18,east,18.38,10.68,standard,1,7.84,8.91,0.363,48.64,0,48.21,4
R219-19,E219,19,east,18.16,9.38,complex,0,7.84,8.68,0.643,49.4,0,49.99,4
R219-20,E219,20,east,19.11,12.73,complex,0,7.84,10.59,0.463,62.28,1,61.46,3
R219-21,E219,21,east,15.65,7.84,complex,0,7.84,6.54,,54.01,0,53.34,5
R219-22,E219,22,east,18.23,12.65,complex,0,7.84,9.86,0.599,52.5,0,52.35,4
R219-23,E219,23,east,18.68,9.39,standard,0,7.84,8.2,0.316,59.25,0,58.28,3
R220-12,E220,12,west,13.1,10.62,standard,2,1.66,10.43,0.795,47.36,0,47.4,5
R220-13,E220,13,west,20.61,13.14,standard,0,1.66,12.06,0.783,62.44,0,62.55,4
R220-14,E220,14,west,18.94,13.97,standard,1,1.66,11.53,0.966,51.69,0,51.74,3
R220-15,E220,15,west,11.86,14.31,standard,0,1.66,13.14,0.905,44.97,0,44.63,5
R220-16,E220,16,west,30.1,13.45,standard,0,1.66,12.37,0.57,81.6,0,81.17,5
R220-17,E220,17,west,20.31,16.84,standard,1,1.66,14.3,0.738,59.6,0,59.61,5
R220-18,E220,18,west,22.59,12.42,standard,0,1.66,11.01,0.954,55.93,0,56.14,5
R220-19,E220,19,west,17.64,15.26,standard,0,1.66,12.86,0.577,54.34,0,54.47,4
R220-20,E220,20,west,29.04,13.1,complex,1,1.66,11.25,0.713,81.51,0,81.74,4
R220-21,E220,21,west,10.2,11.44,complex,0,1.66,9.03,0.624,51.31,0,51.95,4
R220-22,E220,22,west,15.52,13.53,complex,1,1.66,11.97,0.981,48.59,1,47.59,3
R220-23,E220,23,west,15.07,11.45,standard,2,1.66,8.35,,45.88,0,45.61,5
R221-12,E221,12,north,13.23,12.18,standard,0,14.43,10.11,0.547,45.02,0,44.23,4
R221-13,E221,13,north,20.1,14.44,standard,4,14.43,12.25,0.66,63.63,1,63.82,2
R221-14,E221,14,north,25.38,12.95,standard,1,14.43,9.49,0.745,65.97,0,66.08,3
R221-15,E221,15,north,15.63,12.75,standard,5,14.43,10.67,0.97,51.02,1,50.97,3
R221-16,E221,16,north,15.9,13.78,standard,1,14.43,11.83,0.79,51.94,0,51.35,3
R221-17,E221,17,north,16.07,13.35,standard,2,14.43,10.29,0.51,51.17,0,51.7,4
R221-18,E221,18,north,11.82,9.86,standard,1,14.43,8.76,0.759,39.12,0,39.17,4
R221-19,E221,19,north,10.14,10.42,standard,3,14.43,8.65,0.666,39.61,0,40.02,3
R221-20,E221,20,north,4.16,5.69,standard,0,14.43,3.93,0.942,24.43,0,24.33,4
R221-21,E221,21,north,19.31,14.86,complex,0,14.43,12.92,0.955,60.86,0,61.58,5
R221-22,E221,22,north,13.88,11.18,standard,0,14.43,10.13,0.779,46.07,0,46.1,3
R221-23,E221,23,north,18.79,13.61,standard,1,14.43,12.14,0.989,57.43,0,56.88,3
R222-12,E222,12,east,11.2,10.45,standard,1,5.05,8.29,0.324,42.94,0,43.21,5
R222-13,E222,13,east,22.93,15.28,complex,0,5.05,12.98,0.346,81.74,1,80.96,4
R222-14,E222,14,east,15.72,11.72,complex,1,5.05,10.77,0.395,52.97,0,53.02,4
R222-15,E222,15,east,11.85,11.74,standard,1,5.05,8.82,0.957,52.37,0,51.42,5
R222-16,E222,16,east,13.91,9.0,standard,0,5.05,7.17,0.335,42.97,1,42.58,4
R222-17,E222,17,east,19.75,14.1,standard,1,5.05,12.86,0.937,52.93,0,53.23,4
R222-18,E222,18,east,16.76,11.63,standard,0,5.05,10.07,0.883,41.87,0,41.12,5
R222-19,E222,19,east,15.35,15.49,standard,1,5.05,13.68,0.629,45.5,0,45.61,4
R222-20,E222,20,east,20.53,11.49,complex,6,5.05,9.47,,58.66,1,57.95,2
R222-21,E222,21,east,20.17,10.78,standard,1,5.05,9.12,,57.24,0,56.84,5
R222-22,E222,22,east,14.93,11.54,complex,0,5.05,9.52,0.734,65.2,1,65.23,4
R222-23,E222,23,east,13.14,8.99,standard,0,5.05,7.73,0.649,44.43,0,44.41,5
R223-12,E223,12,west,19.72,12.82,standard,0,9.81,11.11,0.894,57.99,0,57.75,5
R223-13,E223,13,west,18.15,11.63,complex,0,9.81,10.0,0.361,58.76,0,58.79,5
R223-14,E223,14,west,19.74,12.59,standard,0,9.81,9.92,0.69,49.57,0,49.53,3
R223-15,E223,15,west,24.66,15.09,complex,1,9.81,12.14,0.955,76.71,1,76.93,4
R223-16,E223,16,west,25.94,13.72,complex,0,9.81,12.76,0.511,80.89,1,79.83,3
R223-17,E223,17,west,10.31,13.66,complex,0,9.81,11.08,0.692,59.6,0,58.53,5
R223-18,E223,18,west,23.0,13.79,standard,1,9.81,11.34,0.77,71.49,0,71.01,3
R223-19,E223,19,west,32.66,17.73,standard,0,9.81,15.31,0.969,97.66,1,96.85,2
R223-20,E223,20,west,24.32,17.15,complex,0,9.81,15.38,0.96,82.62,1,81.88,3
R223-21,E223,21,west,20.81,12.91,standard,1,9.81,10.24,0.355,58.45,0,58.53,3
R223-22,E223,22,west,19.49,6.7,complex,5,9.81,4.96,,53.13,1,52.58,2
R223-23,E223,23,west,23.3,11.44,standard,2,9.81,10.02,0.485,62.33,1,62.14,4
R224-12,E224,12,north,18.1,12.64,standard,0,10.19,12.26,0.978,58.96,0,58.27,5
R224-13,E224,13,north,22.76,12.56,complex,0,10.19,9.9,0.732,81.16,1,81.24,3
R224-14,E224,14,north,18.92,13.08,standard,0,10.19,12.09,0.973,52.48,1,51.93,3
R224-15,E224,15,north,15.48,11.76,standard,0,10.19,10.05,0.694,53.59,0,54.67,5
R224-16,E224,16,north,20.07,14.44,standard,1,10.19,13.38,0.8,56.81,0,56.89,4
R224-17,E224,17,north,14.64,11.97,complex,0,10.19,10.88,0.679,59.68,0,59.16,3
R224-18,E224,18,north,12.43,10.12,complex,1,10.19,7.82,0.75,58.96,0,59.32,4
R224-19,E224,19,north,18.06,13.91,complex,0,10.19,12.1,0.948,66.14,0,66.41,4
R224-20,E224,20,north,16.77,13.03,complex,0,10.19,11.94,0.31,65.03,0,65.63,5
R224-21,E224,21,north,22.16,12.24,standard,0,10.19,9.8,0.587,60.26,0,60.72,5
R224-22,E224,22,north,19.91,13.1,standard,0,10.19,10.98,0.419,53.13,0,53.15,5
R224-23,E224,23,north,14.99,15.23,complex,1,10.19,12.43,0.498,61.52,1,61.36,2
R225-12,E225,12,east,21.87,13.47,standard,1,9.12,12.44,0.377,62.97,0,62.91,4
R225-13,E225,13,east,14.74,12.71,complex,0,9.12,10.54,0.684,54.91,0,54.8,4
R225-14,E225,14,east,14.36,14.31,complex,1,9.12,11.98,0.712,66.2,0,65.88,5
R225-15,E225,15,east,19.88,12.62,complex,0,9.12,10.66,0.393,66.32,0,66.08,5
R225-16,E225,16,east,18.26,13.52,complex,0,9.12,10.74,0.706,67.34,0,66.78,3
R225-17,E225,17,east,22.94,14.26,standard,0,9.12,12.08,0.573,69.8,0,70.26,5
R225-18,E225,18,east,15.2,16.21,complex,0,9.12,13.55,0.549,71.42,0,71.7,3
R225-19,E225,19,east,19.23,12.52,standard,0,9.12,10.53,0.478,48.14,0,48.4,3
R225-20,E225,20,east,15.23,13.47,standard,0,9.12,10.38,0.844,56.01,1,54.78,4
R225-21,E225,21,east,23.13,13.19,standard,0,9.12,12.19,0.876,70.24,0,70.85,3
R225-22,E225,22,east,13.93,7.8,complex,0,9.12,5.49,0.47,52.8,1,52.81,2
R225-23,E225,23,east,20.46,15.17,standard,1,9.12,13.44,0.991,62.87,0,62.72,3
R226-12,E226,12,west,17.78,16.34,standard,0,13.36,14.03,0.733,58.21,0,58.96,5
R226-13,E226,13,west,15.81,11.71,complex,1,13.36,9.56,0.944,53.8,1,53.45,4
R226-14,E226,14,west,22.14,15.79,standard,0,13.36,13.7,0.51,66.3,1,66.69,4
R226-15,E226,15,west,18.38,12.98,complex,0,13.36,12.02,0.963,61.45,0,62.29,4
R226-16,E226,16,west,23.36,10.89,standard,0,13.36,10.19,0.869,40.38,0,40.67,5
R226-17,E226,17,west,22.46,16.67,complex,1,13.36,13.78,0.677,76.88,1,77.41,2
R226-18,E226,18,west,16.11,12.71,standard,1,13.36,10.46,0.993,39.53,1,38.82,3
R226-19,E226,19,west,22.17,14.48,complex,0,13.36,12.08,0.387,71.88,1,72.58,2
R226-20,E226,20,west,17.43,10.99,complex,0,13.36,10.32,,66.65,0,66.52,4
R226-21,E226,21,west,19.8,12.23,standard,0,13.36,10.93,0.889,50.7,1,50.87,2
R226-22,E226,22,west,22.71,12.43,standard,1,13.36,10.24,,59.88,0,60.3,4
R226-23,E226,23,west,24.67,13.9,standard,0,13.36,11.79,0.46,65.19,1,65.06,4
R227-12,E227,12,north,17.0,10.86,standard,0,7.26,9.29,0.561,40.37,0,40.36,5
R227-13,E227,13,north,29.5,15.27,complex,0,7.26,13.36,0.306,85.25,0,85.76,5
R227-14,E227,14,north,8.08,10.09,standard,1,7.26,9.15,0.774,41.52,0,40.65,4
R227-15,E227,15,north,13.99,8.93,standard,1,7.26,8.27,0.995,41.24,0,41.89,4
R227-16,E227,16,north,14.95,12.16,standard,1,7.26,10.0,0.445,46.34,0,46.14,5
R227-17,E227,17,north,20.93,13.09,standard,0,7.26,11.99,0.498,57.35,1,56.59,3
R227-18,E227,18,north,21.69,13.22,standard,1,7.26,11.49,0.571,54.51,1,55.92,4
R227-19,E227,19,north,19.22,14.68,standard,1,7.26,13.31,0.889,55.15,0,55.18,4
R227-20,E227,20,north,20.82,10.37,complex,0,7.26,8.6,0.613,61.51,0,62.28,4
R227-21,E227,21,north,19.92,14.68,standard,0,7.26,12.44,0.938,62.89,0,62.8,3
R227-22,E227,22,north,9.68,10.28,complex,0,7.26,8.56,0.998,47.68,0,48.04,3
R227-23,E227,23,north,17.67,14.02,standard,0,7.26,12.38,,46.9,0,46.68,3
R228-12,E228,12,east,9.7,11.7,standard,3,5.22,9.92,0.373,41.52,0,41.59,5
R228-13,E228,13,east,18.03,14.9,standard,0,5.22,13.01,0.977,49.29,0,49.07,3
R228-14,E228,14,east,6.42,9.43,standard,0,5.22,7.28,0.779,39.73,0,39.46,3
R228-15,E228,15,east,16.64,11.77,complex,0,5.22,8.7,0.476,60.42,0,59.48,3
R228-16,E228,16,east,29.53,15.67,standard,3,5.22,13.29,0.56,86.9,0,86.15,4
R228-17,E228,17,east,16.91,12.25,standard,0,5.22,10.27,0.934,55.58,0,56.05,5
R228-18,E228,18,east,22.15,17.83,standard,2,5.22,15.19,0.579,62.81,0,62.84,4
R228-19,E228,19,east,17.97,11.29,standard,0,5.22,9.88,0.415,54.87,0,55.1,3
R228-20,E228,20,east,16.95,13.55,standard,1,5.22,11.94,0.977,45.73,0,45.32,3
R228-21,E228,21,east,13.62,9.37,complex,0,5.22,8.87,,42.23,1,41.65,3
R228-22,E228,22,east,24.35,15.29,standard,1,5.22,13.78,0.592,67.03,0,67.55,5
R228-23,E228,23,east,14.0,11.63,standard,0,5.22,10.16,0.924,46.6,0,46.47,5
R229-12,E229,12,west,21.69,11.06,standard,2,4.02,9.55,0.492,51.19,0,50.85,4
R229-13,E229,13,west,24.79,13.24,standard,0,4.02,11.1,0.866,59.66,0,59.58,4
R229-14,E229,14,west,17.03,13.38,standard,2,4.02,11.4,0.306,48.43,1,48.38,2
R229-15,E229,15,west,20.24,11.23,standard,1,4.02,8.85,0.892,58.01,0,57.58,5
R229-16,E229,16,west,27.47,16.86,standard,0,4.02,14.29,0.636,81.12,0,81.62,4
R229-17,E229,17,west,21.87,14.09,standard,1,4.02,12.8,0.512,67.05,0,67.44,5
R229-18,E229,18,west,24.8,16.09,complex,2,4.02,13.79,0.34,74.27,0,74.42,3
R229-19,E229,19,west,26.99,14.15,standard,0,4.02,11.98,0.723,81.11,1,81.02,3
R229-20,E229,20,west,26.31,11.93,standard,0,4.02,9.79,0.505,63.32,0,62.76,3
R229-21,E229,21,west,17.36,10.61,complex,0,4.02,9.16,0.973,47.8,0,47.81,4
R229-22,E229,22,west,23.99,17.11,complex,0,4.02,14.56,0.667,74.46,1,74.62,4
R229-23,E229,23,west,18.66,12.96,complex,1,4.02,10.97,0.935,64.46,1,63.82,2
R230-12,E230,12,north,14.22,11.17,complex,0,4.38,9.09,0.785,62.63,0,63.21,4
R230-13,E230,13,north,19.08,11.6,standard,1,4.38,9.62,0.622,49.29,0,48.32,3
R230-14,E230,14,north,23.49,15.67,standard,0,4.38,13.4,0.614,78.99,1,78.9,3
R230-15,E230,15,north,16.47,9.54,standard,0,4.38,8.22,0.995,56.18,0,56.52,3
R230-16,E230,16,north,19.16,14.24,complex,0,4.38,11.7,0.7,74.98,0,75.29,3
R230-17,E230,17,north,15.52,10.21,standard,0,4.38,8.89,0.766,47.35,0,47.86,3
R230-18,E230,18,north,17.58,14.1,standard,0,4.38,11.46,0.346,60.63,0,60.37,5
R230-19,E230,19,north,13.66,12.46,standard,0,4.38,10.68,0.983,53.25,0,53.63,4
R230-20,E230,20,north,22.44,16.87,complex,1,4.38,14.08,0.349,69.57,0,69.78,4
R230-21,E230,21,north,16.16,7.7,standard,0,4.38,6.31,,40.03,0,40.08,3
R230-22,E230,22,north,20.5,11.7,complex,3,4.38,8.53,,61.74,0,61.2,3
R230-23,E230,23,north,18.06,12.31,complex,0,4.38,9.94,,64.37,0,64.72,3
R231-12,E231,12,east,20.91,17.44,complex,0,6.83,15.5,0.907,71.27,1,70.79,4
R231-13,E231,13,east,16.36,14.83,standard,2,6.83,13.07,0.547,53.1,0,53.26,4
R231-14,E231,14,east,18.62,10.45,standard,1,6.83,7.91,0.871,36.81,1,36.18,4
R231-15,E231,15,east,16.0,12.44,complex,0,6.83,11.56,0.772,56.1,0,56.65,3
R231-16,E231,16,east,22.77,15.26,standard,0,6.83,13.07,0.69,58.64,0,58.67,4
R231-17,E231,17,east,6.64,10.34,standard,1,6.83,8.88,0.4,30.45,0,30.28,3
R231-18,E231,18,east,14.83,12.84,standard,0,6.83,9.83,0.556,43.77,0,43.62,3
R231-19,E231,19,east,25.87,12.75,complex,0,6.83,10.73,0.824,75.57,0,76.09,5
R231-20,E231,20,east,10.04,4.94,complex,1,6.83,5.14,0.462,39.71,0,39.62,3
R231-21,E231,21,east,21.8,11.82,standard,0,6.83,11.41,,53.56,0,53.28,4
R231-22,E231,22,east,30.68,14.91,standard,0,6.83,12.7,0.714,76.23,1,76.59,2
R231-23,E231,23,east,12.38,8.33,complex,2,6.83,7.57,,43.02,1,43.21,3
R232-12,E232,12,west,18.34,11.52,standard,0,9.14,9.33,0.648,57.05,0,56.93,3
R232-13,E232,13,west,11.9,11.72,complex,0,9.14,9.64,0.896,49.64,0,49.33,5
R232-14,E232,14,west,8.5,12.32,standard,0,9.14,10.07,0.933,43.03,0,43.26,5
R232-15,E232,15,west,26.44,17.58,standard,0,9.14,15.09,0.661,77.15,1,77.76,3
R232-16,E232,16,west,31.1,18.87,complex,0,9.14,16.45,0.549,106.69,1,106.65,2
R232-17,E232,17,west,18.7,9.64,standard,3,9.14,8.36,0.799,47.66,0,47.2,4
R232-18,E232,18,west,21.55,17.55,standard,0,9.14,14.85,0.441,61.6,0,60.96,4
R232-19,E232,19,west,12.13,10.49,complex,0,9.14,9.49,0.401,48.59,0,48.12,4
R232-20,E232,20,west,23.43,14.3,complex,0,9.14,11.59,0.683,79.64,1,80.16,2
R232-21,E232,21,west,20.78,13.5,standard,2,9.14,11.87,0.657,57.13,0,57.45,5
R232-22,E232,22,west,26.9,16.72,complex,0,9.14,13.52,,92.43,1,93.1,4
R232-23,E232,23,west,21.44,14.43,standard,0,9.14,11.71,0.774,54.77,0,54.26,4
R233-12,E233,12,north,17.75,11.76,complex,0,12.77,9.96,0.614,60.1,0,61.2,4
R233-13,E233,13,north,12.23,13.27,standard,2,12.77,11.34,0.811,54.37,0,55.03,3
R233-14,E233,14,north,25.71,13.94,complex,1,12.77,11.5,0.844,80.22,0,80.36,4
R233-15,E233,15,north,14.76,14.35,standard,0,12.77,12.33,0.316,67.34,0,68.31,4
R233-16,E233,16,north,12.79,7.8,standard,0,12.77,7.08,0.6,36.81,0,36.98,5
R233-17,E233,17,north,17.32,13.0,standard,0,12.77,11.61,0.735,55.44,0,55.31,3
R233-18,E233,18,north,11.41,9.93,standard,2,12.77,8.3,0.722,40.49,0,39.9,5
R233-19,E233,19,north,21.63,15.85,standard,1,12.77,14.17,0.94,73.21,0,73.14,4
R233-20,E233,20,north,19.09,12.05,standard,0,12.77,10.53,0.865,53.43,0,52.93,4
R233-21,E233,21,north,16.35,13.45,standard,1,12.77,10.48,,49.71,0,49.54,5
R233-22,E233,22,north,10.66,11.89,complex,0,12.77,9.67,,55.91,0,55.33,3
R233-23,E233,23,north,13.12,11.21,standard,0,12.77,9.7,,48.96,0,49.71,3
R234-12,E234,12,east,13.15,12.11,complex,0,13.36,9.49,0.925,46.09,1,46.42,4
R234-13,E234,13,east,15.25,16.44,standard,0,13.36,14.27,0.378,55.99,0,55.83,5
R234-14,E234,14,east,10.66,12.95,standard,0,13.36,10.59,0.729,43.29,0,43.26,3
R234-15,E234,15,east,17.95,13.42,standard,0,13.36,10.97,0.786,52.76,0,52.03,3
R234-16,E234,16,east,18.78,11.55,standard,0,13.36,10.63,0.605,58.46,0,58.27,5
R234-17,E234,17,east,17.88,12.14,standard,1,13.36,9.3,0.612,53.42,0,53.07,5
R234-18,E234,18,east,5.78,10.09,standard,1,13.36,9.3,0.947,42.2,0,42.36,5
R234-19,E234,19,east,20.54,13.4,complex,0,13.36,10.84,0.946,70.05,0,69.82,3
R234-20,E234,20,east,23.62,16.12,complex,0,13.36,13.72,,72.66,0,73.17,5
R234-21,E234,21,east,17.73,10.65,complex,0,13.36,8.65,0.398,57.36,0,57.37,4
R234-22,E234,22,east,14.72,13.71,complex,0,13.36,11.1,,60.72,0,60.83,3
R234-23,E234,23,east,23.76,11.5,complex,0,13.36,9.25,,58.85,1,60.56,3
R235-12,E235,12,west,23.74,14.47,complex,0,10.37,13.83,0.76,67.47,0,67.25,3
R235-13,E235,13,west,31.31,14.79,complex,0,10.37,12.75,0.919,82.12,0,81.78,5
R235-14,E235,14,west,12.44,9.23,complex,1,10.37,8.21,0.365,47.91,1,48.34,3
R235-15,E235,15,west,17.06,12.75,standard,0,10.37,10.54,0.903,47.48,0,47.45,4
R235-16,E235,16,west,19.91,11.42,complex,0,10.37,9.68,0.5,57.47,0,57.06,4
R235-17,E235,17,west,13.81,11.34,standard,1,10.37,9.42,0.667,42.78,0,43.1,5
R235-18,E235,18,west,23.43,16.03,standard,0,10.37,14.41,0.736,57.47,0,57.54,5
R235-19,E235,19,west,23.52,12.68,standard,7,10.37,10.63,0.58,62.2,1,62.23,3
R235-20,E235,20,west,23.94,15.27,standard,0,10.37,12.49,0.434,67.0,0,67.56,5
R235-21,E235,21,west,17.84,13.62,complex,0,10.37,10.82,0.505,61.22,0,60.71,4
R235-22,E235,22,west,27.72,15.97,complex,1,10.37,14.11,0.648,90.42,1,90.26,4
R235-23,E235,23,west,17.42,14.48,standard,2,10.37,11.48,,49.09,1,49.16,3
R236-12,E236,12,north,17.01,14.46,standard,0,12.39,12.09,0.969,59.15,0,58.89,5
R236-13,E236,13,north,17.98,12.36,complex,1,12.39,9.54,0.997,64.75,1,65.04,4
R236-14,E236,14,north,16.75,15.44,standard,0,12.39,13.25,0.456,58.76,1,58.8,2
R236-15,E236,15,north,9.14,11.52,standard,0,12.39,9.65,0.607,39.04,0,39.14,3
R236-16,E236,16,north,20.19,9.42,standard,0,12.39,8.51,0.512,50.88,0,50.95,3
R236-17,E236,17,north,19.56,14.01,standard,0,12.39,11.75,0.616,59.71,0,59.75,3
R236-18,E236,18,north,17.48,16.03,complex,1,12.39,13.56,0.687,65.66,0,65.48,3
R236-19,E236,19,north,14.26,10.47,complex,0,12.39,8.21,0.972,56.64,1,56.14,3
R236-20,E236,20,north,19.02,10.54,complex,1,12.39,9.68,0.362,66.51,0,65.47,4
R236-21,E236,21,north,12.26,9.39,complex,3,12.39,8.72,0.872,54.57,0,53.93,3
R236-22,E236,22,north,14.64,9.26,standard,1,12.39,7.46,,40.72,1,40.25,2
R236-23,E236,23,north,16.04,11.29,complex,0,12.39,9.8,0.411,63.44,0,63.13,3
R237-12,E237,12,east,14.7,12.43,complex,0,2.86,10.18,0.597,64.21,1,63.99,4
R237-13,E237,13,east,21.37,11.97,complex,0,2.86,11.12,0.839,61.46,1,60.97,2
R237-14,E237,14,east,16.09,12.39,standard,1,2.86,11.79,0.908,41.17,0,41.37,4
R237-15,E237,15,east,19.63,15.88,standard,1,2.86,13.55,0.675,48.17,0,48.61,5
R237-16,E237,16,east,17.95,12.0,standard,0,2.86,9.45,0.36,49.08,0,49.47,4
R237-17,E237,17,east,21.67,10.79,complex,1,2.86,8.54,0.336,54.02,0,53.94,3
R237-18,E237,18,east,10.44,12.95,standard,0,2.86,10.63,0.447,48.2,0,48.55,3
R237-19,E237,19,east,29.25,15.71,complex,1,2.86,13.61,0.631,90.6,0,91.13,4
R237-20,E237,20,east,10.13,12.17,complex,2,2.86,10.27,0.595,47.78,0,46.48,3
R237-21,E237,21,east,12.47,11.77,standard,3,2.86,9.92,,45.85,1,45.88,4
R237-22,E237,22,east,21.52,14.02,complex,0,2.86,11.54,0.571,60.65,0,61.02,3
R237-23,E237,23,east,26.73,12.24,standard,1,2.86,9.52,0.959,62.35,0,63.05,3
R238-12,E238,12,west,19.28,12.44,standard,0,9.64,11.62,0.976,53.72,0,53.48,5
R238-13,E238,13,west,20.6,15.14,standard,0,9.64,12.06,0.889,59.04,0,58.43,5
R238-14,E238,14,west,21.9,13.51,standard,0,9.64,12.61,0.7,67.58,0,67.32,3
R238-15,E238,15,west,18.26,10.97,standard,4,9.64,9.46,0.387,63.25,0,62.86,4
R238-16,E238,16,west,21.07,9.61,complex,0,9.64,8.31,0.395,58.06,1,57.76,2
R238-17,E238,17,west,22.7,12.02,standard,0,9.64,9.72,0.846,64.2,0,65.4,4
R238-18,E238,18,west,20.89,10.61,standard,0,9.64,9.45,0.336,52.15,0,52.45,4
R238-19,E238,19,west,8.6,13.32,complex,0,9.64,10.96,0.569,58.68,1,59.68,2
R238-20,E238,20,west,32.4,19.91,standard,0,9.64,16.81,,94.61,0,95.31,4
R238-21,E238,21,west,28.46,14.35,standard,0,9.64,12.21,0.917,69.8,0,70.3,3
R238-22,E238,22,west,25.93,11.42,standard,0,9.64,9.77,0.391,56.16,0,56.31,3
R238-23,E238,23,west,25.26,14.56,standard,0,9.64,12.05,,81.98,0,81.08,5
R239-12,E239,12,north,14.16,9.76,complex,1,11.79,8.52,0.987,57.35,0,57.89,4
R239-13,E239,13,north,7.95,9.19,standard,0,11.79,8.13,0.648,41.37,0,41.09,4
R239-14,E239,14,north,21.39,11.45,standard,0,11.79,9.76,0.626,60.36,0,59.85,3
R239-15,E239,15,north,12.32,10.6,complex,0,11.79,8.81,0.801,53.33,0,53.52,5
R239-16,E239,16,north,17.52,10.93,standard,0,11.79,9.3,0.42,54.86,0,54.83,4
R239-17,E239,17,north,23.3,16.61,standard,1,11.79,14.46,0.877,72.5,0,73.03,4
R239-18,E239,18,north,23.77,13.73,complex,0,11.79,12.06,0.82,67.37,0,67.47,3
R239-19,E239,19,north,14.5,12.08,standard,3,11.79,9.68,0.751,56.27,1,56.68,4
R239-20,E239,20,north,18.53,15.18,standard,0,11.79,11.88,0.917,61.52,0,62.51,5
R239-21,E239,21,north,19.77,10.75,complex,0,11.79,9.42,,67.89,0,67.96,4
R239-22,E239,22,north,11.57,9.26,complex,1,11.79,8.2,0.534,44.28,0,44.49,3
R239-23,E239,23,north,19.26,12.66,complex,0,11.79,11.04,0.831,58.56,0,58.2,4
